Title,Vendor
5 STAR 3D CHOCOLATE 45GM,JAGAT SINGH & SONS AGENCIES
5 STAR CHOCOLATE 10.5GM,JAGAT SINGH & SONS AGENCIES
5 STAR CHOCOLATE 22GM,JAGAT SINGH & SONS AGENCIES
5 STAR CHOCOLATE 40GM,JAGAT SINGH & SONS AGENCIES
7UP CAN 250ML,CHIRANJIT LAL GUPTA & SONS (P) LTD
7UP NIMBOOZ 350ML,CHIRANJIT LAL GUPTA & SONS (P) LTD
7UP NIMBOOZ MASALA SODA 500ML,CHIRANJIT LAL GUPTA & SONS (P) LTD
AASHIRVAAD MULTIGRAIN ATTA 5KG,ESS ENN MARKETING
AASHIRVAAD SELECT ATTA 5KG,ESS ENN MARKETING
AASHIRVAAD SUGAR RELEASE CONTROL AATA 5KG,ESS ENN MARKETING
AASHIRVAAD WHOLE WHEAT ATTA 10KG,ESS ENN MARKETING
AASHIRVAAD WHOLE WHEAT ATTA 5KG,ESS ENN MARKETING
ACT II BUTTER FLAVOUR 33GM,JAGDAMBA ENTERPRISES
ACT II BUTTER FLAVOUR 99GM,JAGDAMBA ENTERPRISES
ACT II BUTTER LOVERS FLAVOUR 33GM,JAGDAMBA ENTERPRISES
ACT II BUTTER LOVERS FLAVOUR 99GM,JAGDAMBA ENTERPRISES
ACT II CLASSIC SALTED 30GM,JAGDAMBA ENTERPRISES
ACT II GOLDEN SIZZEL 30GM,JAGDAMBA ENTERPRISES
ACT II MAGIC BUTTER FLAVOUR 40GM,JAGDAMBA ENTERPRISES
ACT II NACHOZ CHEESE CRISPY N CRUNCHY 150GM,JAGDAMBA ENTERPRISES
ACT II NACHOZ JALAPENO FLAVOR 150GM,JAGDAMBA ENTERPRISES
ACT II NACHOZ SALTED 150GM,JAGDAMBA ENTERPRISES
ACT II NACHOZ TOMATO CRISPY N CRUNCHY 150GM,JAGDAMBA ENTERPRISES
ACT II NATURAL 33GM,JAGDAMBA ENTERPRISES
ACT II NATURAL 99GM,JAGDAMBA ENTERPRISES
ACT II POPCORN BUTTER DELIGHT 70GM,JAGDAMBA ENTERPRISES
ACT II POPCORN BUTTER PEPPER 70GM,JAGDAMBA ENTERPRISES
AIR WICK AIR FRESHENER SPRAY AROMAS OF KASHMIR ROSE & SAFFRON 200GM,GR ENTERPRISES
AIR WICK AIR FRESHENER SPRAY HILL OF MUNNAR LAVENDER & LOTUS 200GM,GR ENTERPRISES
AIR WICK AIR FRESHENER SPRAY HIMALAYAN MOUNTAIN MIST 200GM,GR ENTERPRISES
AIR WICK AIR FRESHENER SPRAY LEMON & ORANGE BLOSSOM NAGPUR NARANGI 245ML,GR ENTERPRISES
AIR WICK AIR FRESHENER SPRAY MADURAI INCENSE CHANDAN & MARGO 200GM,GR ENTERPRISES
AIR WICK FRESHMATIC AND REFILL LAVENDER DEW 250ML,GR ENTERPRISES
AIR WICK FRESHMATIC AUTOMATIC REFILL SPRAY CITRUS SPICE 250ML,GR ENTERPRISES
AIR WICK FRESHMATIC AUTOMATIC REFILL SPRAY ORANGE BLOSSOM 250ML,GR ENTERPRISES
AIR WICK FRESHMATIC AUTOMATIC REFILL SPRAY VELVET ROSE 250ML,GR ENTERPRISES
AIR WICK FRESHMATIC AUTOMATIC SPRAY LAVENDER AND CHAMOMILE COMBI PACK,GR ENTERPRISES
AIR WICK GEL LAVENDER DEW 50GM,GR ENTERPRISES
AIR WICK GEL VELVET ROSE 50GM,GR ENTERPRISES
AIR WICK LIFE SCENTS CITRUS SPICE  REFILL AND GADGET 1N,GR ENTERPRISES
AIR WICK LIFE SCENTS COSY BY THE FIRE FRESHMATIC REFILL 250ML,GR ENTERPRISES
AIR WICK LIFE SCENTS MELON VANILA REFILL AND GADGET 1N,GR ENTERPRISES
AIR WICK LIFE SCENTS SUMMER DELIGHTS 250ML,GR ENTERPRISES
AIR WICK LIFE SCENTS TURQUOISE OASIS SPRAY 250ML,GR ENTERPRISES
AJAY BLACK SALT 100GM,KHALSA STORE
AKARSHIT CHEESE BALL 70GM,DUGGAL TRADING CO
AKARSHIT DIET CHIPS 70GM,DUGGAL TRADING CO
AKARSHIT DIET CHIPS LOW FAT 70GM,DUGGAL TRADING CO
AKARSHIT DIET MIXTURE CURRY PATTA 170GM,DUGGAL TRADING CO
AKARSHIT GUJIA 400GM,DUGGAL TRADING CO
AKARSHIT SOYA KATORI 120GM,DUGGAL TRADING CO
AKHROT GIRI 200GM,KHALSA STORE
ALFA PLUS NAPHTHALENE BALL 100GM,KRISHNA AGENCIES
ALL OUT ULTRA BEDTIME PROTECTION REFILL 45ML,KANWAL AGENCIES
ALLOUT ALL NIGHT MOSQUITO AND FLY SPRAY 30ML,KANWAL AGENCIES
ALLOUT KILLS DENGUE MOSQUITOES ULTRA,KANWAL AGENCIES
ALLOUT MULTI INSECT KILLER 250ML,KANWAL AGENCIES
ALLOUT ULTRA LIQUID ELECTRIC POWER SLIDER,KANWAL AGENCIES
ALLOUT ULTRA REFFIL 2X45ML,KANWAL AGENCIES
ALLOUT ULTRA REFFIL 45ML,KANWAL AGENCIES
ALMOND CAKE,EMPIRE STORES
ALO FRUT ALOEVERA AND JAMUN 200ML,JAGDAMBA ENTERPRISES
ALO FRUT ALOEVERA+ POMEGRANATE 200ML,JAGDAMBA ENTERPRISES
ALO FRUT BERRIES ALOEVERA+BERRIES 200ML,JAGDAMBA ENTERPRISES
ALO FRUT GUAVA ALOEVERA+GUAVA 200ML,JAGDAMBA ENTERPRISES
ALO FRUT KIWI ALOEVERA+KIWI FRUIT 200ML,JAGDAMBA ENTERPRISES
ALO FRUT LITCHI ALOEVERA+LITCHI 200ML,JAGDAMBA ENTERPRISES
ALO FRUT MANGO ALOEVERA+MANGO 200ML,JAGDAMBA ENTERPRISES
ALO FRUT MIXED FRUIT ALOEVERA+FRUITS 200ML,JAGDAMBA ENTERPRISES
ALO FRUT ORANGE ALOEVERA+ORANGE 200ML,JAGDAMBA ENTERPRISES
ALPENLIEBE CREAM STRABERRY FLAVOUR,NARULA AGENCY
ALPENLIEBE GOLD RICH MILKY CARAMEL TOFFEE 30.6GM,NARULA AGENCY
ALPENLIEBE GOLD RICH MILKY CARAMEL TOFFEE 340GM,NARULA AGENCY
ALPENLIEBE JUZT JELLY,NARULA AGENCY
ALPENLIEBE JUZT JELLY COLA BOTTLES 25GM,NARULA AGENCY
ALPENLIEBE JUZT JELLY FRUITY BEARS 25GM,NARULA AGENCY
ALPENLIEBE JUZT JELLY MANGO BOTTLES 25GM,NARULA AGENCY
ALPENLIEBE MILKIER & ADDED CALCIUM 8GM,NARULA AGENCY
ALPENLIEBE POP 8GM,NARULA AGENCY
ALPENLIEBE RICH MILKY CARAMEL TOFFEE,NARULA AGENCY
AMBI PUR AIR EFFECTS ROSE & BLOSSOM 275GM,NIRMAN ASSOCIATES
AMBI PUR AIR EFFECTS SANDALWOOD 275GM,NIRMAN ASSOCIATES
AMBI PUR AIR EFFECTS SWEET CITRUS & ZEST 275GM,NIRMAN ASSOCIATES
AMBI PUR LAVENDER SPA  ULTRA CONTROL 7.5ML,NIRMAN ASSOCIATES
AMBI PUR REFILL AQUA 7.5ML,NIRMAN ASSOCIATES
AMBI PUR REFILL EXOTIC JASMINE 7.5ML,NIRMAN ASSOCIATES
AMBI PUR REFILL LAVENDER SPA 7.5ML,NIRMAN ASSOCIATES
AMBI PUR REFILL VANILLA BOUQUET 7.5ML,NIRMAN ASSOCIATES
AMBI PUR SPRAY EXOTIC JASMINE 275GM,NIRMAN ASSOCIATES
AMBI PUR SPRAY LAVENER BOUQUET 275GM,NIRMAN ASSOCIATES
AMBI PUR SPRAY SWEET BERRIES 275GM,NIRMAN ASSOCIATES
AMBI PUR SPRAY VANILLA & SPICY 275GM,NIRMAN ASSOCIATES
AMBI PUR ULTRA CONTROL EXOTIC JASMINE 7.5ML,NIRMAN ASSOCIATES
AMRITSARI SPECIAL MAA WARRIAN 200GM,KHALSA STORE
AMRITSARI SPECIAL PAPAD 200GM,SWADESHI GRAM ODYOG
AMUL BITTER CHOCOLATE 150GM,AGGARWAL ENTERPRISES
AMUL BUTTER 10 UNITS 100GM,AGGARWAL ENTERPRISES
AMUL BUTTER 100GM,AGGARWAL ENTERPRISES
,COMMERCIAL POINT
AMUL BUTTER 100GM Total,
AMUL BUTTER 500GM,AGGARWAL ENTERPRISES
,COMMERCIAL POINT
AMUL BUTTER 500GM Total,
AMUL BUTTER GARLIC & HERBS 100GM,AGGARWAL ENTERPRISES
,COMMERCIAL POINT
AMUL BUTTER GARLIC & HERBS 100GM Total,
AMUL BUTTER LITE 100GM,AGGARWAL ENTERPRISES
AMUL BUTTER UNSALTED 100GM,AGGARWAL ENTERPRISES
AMUL BUTTER UNSALTED 500GM,AGGARWAL ENTERPRISES
AMUL CHEESE CUBEE 200GM,AGGARWAL ENTERPRISES
,COMMERCIAL POINT
AMUL CHEESE CUBEE 200GM Total,
AMUL CHEESE SLICES 200GM,AGGARWAL ENTERPRISES
,COMMERCIAL POINT
AMUL CHEESE SLICES 200GM Total,
AMUL CHEESE SLICES 400GM,COMMERCIAL POINT
AMUL CHEESE SLICES 750GM,AGGARWAL ENTERPRISES
AMUL CHEESE SPREAD CREAMI 200GM,AGGARWAL ENTERPRISES
AMUL CHEESE SPREAD PLAIN 200GM,AGGARWAL ENTERPRISES
,COMMERCIAL POINT
AMUL CHEESE SPREAD PLAIN 200GM Total,
AMUL CHEESE SPREAD PUNCHY PEPPER 200GM,AGGARWAL ENTERPRISES
AMUL CHEESE SPREAD SPICY GARLIC 200GM,AGGARWAL ENTERPRISES
AMUL CHEESE TIN 400GM,AGGARWAL ENTERPRISES
,COMMERCIAL POINT
AMUL CHEESE TIN 400GM Total,
AMUL CHOCO BUTTERY SPREAD 200GM,AGGARWAL ENTERPRISES
AMUL CHOCOMINIS 250GM,AGGARWAL ENTERPRISES
AMUL CHOCOZOO CHOCOLATE 500GM,AGGARWAL ENTERPRISES
AMUL COLOMBIA CLASSIQUE BLACK DARK CHOCOLATE 125GM,AGGARWAL ENTERPRISES
AMUL COW GHEE 1LTR,AGGARWAL ENTERPRISES
,COMMERCIAL POINT
AMUL COW GHEE 1LTR Total,
AMUL DARK CHOCOLATE 150GM,AGGARWAL ENTERPRISES
AMUL ECUADOR TROPICAL DUSK DARK CHOCOLATE 125GM,AGGARWAL ENTERPRISES
AMUL FRESH CREAM 1LTR,AGGARWAL ENTERPRISES
,COMMERCIAL POINT
AMUL FRESH CREAM 1LTR Total,
AMUL FRESH CREAM 250ML,AGGARWAL ENTERPRISES
,COMMERCIAL POINT
AMUL FRESH CREAM 250ML Total,
AMUL FROZEN CHEESE ONION PARATHA 500GM,GRACE SALES PVT LTD
AMUL FROZEN CHEESE ONION POCKET 260GM,GRACE SALES PVT LTD
AMUL FROZEN CHEESE POPPONS 260GM,GRACE SALES PVT LTD
AMUL FROZEN MASALA PANEER NUGGETS 260GM,GRACE SALES PVT LTD
AMUL FROZEN MASTI DAHI TIKKI 260GM,GRACE SALES PVT LTD
AMUL FRUIT N NUT SMOOTH AND CREAMY 150GM,AGGARWAL ENTERPRISES
AMUL GOLD MILK 1LTR,AGGARWAL ENTERPRISES
,COMMERCIAL POINT
AMUL GOLD MILK 1LTR Total,
AMUL GREEN -T CHOCOLATE 150GM,AGGARWAL ENTERPRISES
AMUL ICE CREAM 2 IN 1 2LTR,GRACE SALES PVT LTD
AMUL ICE CREAM ALPHONSO MARVEL 2LTR,GRACE SALES PVT LTD
AMUL ICE CREAM ASLI AAM 80ML,GRACE SALES PVT LTD
AMUL ICE CREAM BUTTER SCOTCH 1.25LTR,GRACE SALES PVT LTD
AMUL ICE CREAM BUTTER SCOTCH 2LTR,GRACE SALES PVT LTD
AMUL ICE CREAM BUTTER SCOTCH BLISS 1LTR,GRACE SALES PVT LTD
AMUL ICE CREAM BUTTER SCOTCH CUP 100ML,GRACE SALES PVT LTD
AMUL ICE CREAM CHOCO CHIPS 1.25LTR,GRACE SALES PVT LTD
AMUL ICE CREAM CHOCO CHIPS TUB 1LTR,GRACE SALES PVT LTD
AMUL ICE CREAM CHOCOLATE MAGIC SUNDAE 1LTR,GRACE SALES PVT LTD
AMUL ICE CREAM CONE BUTTER SCOTCH 125ML,GRACE SALES PVT LTD
AMUL ICE CREAM CONE CHOCO CRUNCH 120ML,GRACE SALES PVT LTD
AMUL ICE CREAM CONE PISTA BADAM 120ML,GRACE SALES PVT LTD
AMUL ICE CREAM DUETZ MANGO BAR 60ML,GRACE SALES PVT LTD
AMUL ICE CREAM FROSTICK BAR 70ML,GRACE SALES PVT LTD
AMUL ICE CREAM FRUIT N NUT FANTASY 2LTR,GRACE SALES PVT LTD
AMUL ICE CREAM FRUIT NUT FANTACY TUB 1LTR,GRACE SALES PVT LTD
AMUL ICE CREAM KAJU KISMIS 2LTR,GRACE SALES PVT LTD
AMUL ICE CREAM KASHMIRI KULFI KESAR 60ML,GRACE SALES PVT LTD
AMUL ICE CREAM ORANGE 50ML,GRACE SALES PVT LTD
AMUL ICE CREAM ORANGE SALSA 1LTR TUB,GRACE SALES PVT LTD
AMUL ICE CREAM PAN NAWABI TUB 1LTR,GRACE SALES PVT LTD
AMUL ICE CREAM PISTA MALAI KULFI 60ML,GRACE SALES PVT LTD
AMUL ICE CREAM PROBIOTIC CHOCO BAR 60ML,GRACE SALES PVT LTD
AMUL ICE CREAM RAJ BHOG KULFI 60ML,GRACE SALES PVT LTD
AMUL ICE CREAM RAJASTHANI KULFI KEWDA 60ML,GRACE SALES PVT LTD
AMUL ICE CREAM RAJBHOG TUB 1LTR,GRACE SALES PVT LTD
AMUL ICE CREAM RASMALAI 500GM,GRACE SALES PVT LTD
AMUL ICE CREAM ROASTED ALMOND TUB 1LTR,GRACE SALES PVT LTD
AMUL ICE CREAM SHAHI ANJIR ROYALE FIG 1LTR,GRACE SALES PVT LTD
AMUL ICE CREAM SHAHISTA PISTA KULFI TUB 1LTR,GRACE SALES PVT LTD
AMUL ICE CREAM STRAWBERRY 1.25LTR,GRACE SALES PVT LTD
AMUL ICE CREAM STRAWBERRY CUP 75ML,GRACE SALES PVT LTD
AMUL ICE CREAM STRAWBERRY TUB 1LTR,GRACE SALES PVT LTD
AMUL ICE CREAM SUNDAE CHOCOLATE 125ML,GRACE SALES PVT LTD
AMUL ICE CREAM VANILLA 1.25LTR,GRACE SALES PVT LTD
AMUL ICE CREAM VANILLA MAGIC TUB 1LTR,GRACE SALES PVT LTD
AMUL ICE CREAM VANILLA ROYAL 65ML,GRACE SALES PVT LTD
AMUL ICE CREAM VANILLA ROYALE 2LTR,GRACE SALES PVT LTD
AMUL IVORY COAST GRANED NUIT DARK CHOCOLATE 125GM,AGGARWAL ENTERPRISES
AMUL KOOL BADAM DRINK 200ML,COMMERCIAL POINT
AMUL KOOL BADAM SHAKER 200ML,COMMERCIAL POINT
AMUL KOOL CAFE MILK N COFFEE CAN 200ML,AGGARWAL ENTERPRISES
,COMMERCIAL POINT
AMUL KOOL CAFE MILK N COFFEE CAN 200ML Total,
AMUL KOOL ELAICHI 200ML,COMMERCIAL POINT
AMUL KOOL KESAR BTL 200ML,COMMERCIAL POINT
AMUL KOOL PREMIUM KESAR 200ML,AGGARWAL ENTERPRISES
,COMMERCIAL POINT
AMUL KOOL PREMIUM KESAR 200ML Total,
AMUL KOOL ROYAL ELAICHI 200ML,AGGARWAL ENTERPRISES
AMUL LACTOSE FREE MILK 250ML,COMMERCIAL POINT
AMUL LASSI 250ML,COMMERCIAL POINT
AMUL LASSI TETRA 200ML,COMMERCIAL POINT
AMUL MADAGASCAR NORI DE CACAO DARK CHOCOLATE 125GM,AGGARWAL ENTERPRISES
AMUL MASTI SPICED BUTTER MILK 200ML,AGGARWAL ENTERPRISES
,COMMERCIAL POINT
AMUL MASTI SPICED BUTTER MILK 200ML Total,
AMUL MILK GOLD MILKY MILK 500ML,ARYA SALES 
AMUL MILK SHAKTI MILKY MILK 500ML,ARYA SALES 
AMUL MILK SLIM N TRIM MILK 500ML,ARYA SALES 
AMUL MILK TAAZA HOMOGENISED TONED 1LTR,AGGARWAL ENTERPRISES
,COMMERCIAL POINT
AMUL MILK TAAZA HOMOGENISED TONED 1LTR Total,
AMUL MOTI MILK 500ML,AGGARWAL ENTERPRISES
AMUL MYSTIC MOCHA 150GM,AGGARWAL ENTERPRISES
,COMMERCIAL POINT
AMUL MYSTIC MOCHA 150GM Total,
AMUL PERU DARK AMAZON DARK CHOCOLATE 125GM,AGGARWAL ENTERPRISES
AMUL PIZZA CHEESE 200GM,AGGARWAL ENTERPRISES
,COMMERCIAL POINT
AMUL PIZZA CHEESE 200GM Total,
AMUL PURE GHEE 1LTR,AGGARWAL ENTERPRISES
,COMMERCIAL POINT
AMUL PURE GHEE 1LTR Total,
AMUL PURE GHEE 500ML,AGGARWAL ENTERPRISES
AMUL TANZANIA CHOCOLATE NORI DARK CHOCOLATE 125GM,AGGARWAL ENTERPRISES
AMUL VENEZUELA EBONY TWIST DARK CHOCOLATE 125GM,AGGARWAL ENTERPRISES
ANARDANA 100GM,KHALSA STORE
ANJIR 250GM,KHALSA STORE
ANNE FRENCH ALOE HAIR REMOVER CREAM 40GM,KANWAL AGENCIES
ANNE FRENCH CREAM HAIR REMOVAL ORIENTAL ROSE 25GM,KANWAL AGENCIES
ANNE FRENCH CREAM HAIR REMOVER REFRESHING LEMON 40GM,KANWAL AGENCIES
ANNE FRENCH CREAM HAIR REMOVER SENSUAL SANDAL 25GM,KANWAL AGENCIES
ANNE FRENCH CREAM HAIR REMOVER SOOTHING ALOE 25GM,KANWAL AGENCIES
ANNE FRENCH ORIENTAL ROSE HAIR REMOVER CREAM 40GM,KANWAL AGENCIES
ANNE FRENCH SENSUAL SANDAL HAIR REMOVER CREAM 40GM,KANWAL AGENCIES
APPLE WALNUT CAKE SLICE,EMPIRE STORES
APPY APPLE JUICE DRINK 160ML,NEELKANTH TRADING CO.
APPY FIZZ 1LTR,NEELKANTH TRADING CO.
APPY FIZZ 250ML,NEELKANTH TRADING CO.
APPY FIZZ 600ML,NEELKANTH TRADING CO.
AQUAFINA WATER 1LTR,CHIRANJIT LAL GUPTA & SONS (P) LTD
ARAMUSK SOAP MUSK MEN BATH 3X125GM,KANWAL AGENCIES
ARAROOT 250GM,KHALSA STORE
ARIEL BRILLIANT CLEANING IN 1 WASH 1KG+200GM FREE,NIRMAN ASSOCIATES
ARIEL BRILLIANT CLEANING IN 1 WASH 24HOUR FRESH 1KG,NIRMAN ASSOCIATES
ARIEL BRILLIANT CLEANING IN 1 WASH 3KG,NIRMAN ASSOCIATES
ARIEL BRILLIANT CLEANING IN 1 WASH 500GM,NIRMAN ASSOCIATES
ARIEL BRILLIANT CLEANING IN 1 WASH COLOUR 1KG,NIRMAN ASSOCIATES
ARIEL BRILLIANT CLEANING IN 1 WASH COLOUR 2KG,NIRMAN ASSOCIATES
ARIEL MATIC CONCENTRATED LIQUID DETERGENT 750ML,NIRMAN ASSOCIATES
ARIEL MATIC FRONT LOAD BOX 1KG,NIRMAN ASSOCIATES
ARIEL MATIC FRONT LOAD BOX 2KG,NIRMAN ASSOCIATES
ARIEL MATIC TOP LOAD 2KG,NIRMAN ASSOCIATES
ARIEL MATIC TOP LOAD BOX 1KG,NIRMAN ASSOCIATES
AUTHENTIC GRGANIC BLACK CHIA SEEDS 150GM,PAM AGENICES
AUTHENTIC GRGANIC WHITE CHIA SEEDS 150GM,PAM AGENICES
AXE DEO DARK TEMPTATION 150ML,GUPTA SONS
AXE DEO GOLD TEMPTATION 150ML,GUPTA SONS
AXE DEO MARINE SPLASH AQUA 150ML,GUPTA SONS
AXE DEO OCEAN BREEZE AQUA 150ML,GUPTA SONS
AXE DEO PULSE 150ML,GUPTA SONS
AXE DEO RECHARGE 24X7 150ML,GUPTA SONS
AXE DEO RECHARGE GAMEFACE 150ML,GUPTA SONS
AXE DEO RECHARGE MIDNIGHT 150ML,GUPTA SONS
AXE DEO SIGNATURE BODY PERFUME CHAMPION 122ML,GUPTA SONS
AXE DEO SIGNATURE BODY PERFUME CORPORATE 122ML,GUPTA SONS
AXE DEO SIGNATURE BODY PERFUME INTENSE 125ML,GUPTA SONS
AXE DEO SIGNATURE BODY PERFUME ROGUE 122ML,GUPTA SONS
AXE DEO SIGNATURE BODY PERFUME SPORT 122ML,GUPTA SONS
AXE DEO SIGNATURE BODY PERFUME SUAVE 125ML,GUPTA SONS
AXE DEO SIGNATURE GOLD ICED VETIVER 80ML,GUPTA SONS
AXE DEO SIGNATURE GOLD ITALIAN BERGAMOT & AMBER WOOD EAU DE TOILETTE 80ML,GUPTA SONS
AXE SIGNATURE AFTERSHAVE LOTION DENIM 100ML,GUPTA SONS
AXE SIGNATURE AFTERSHAVE LOTION DENIM 50ML,GUPTA SONS
AXE SIGNATURE SHAVING CREAM DENIM 30GM,GUPTA SONS
AXE SIGNATURE SHAVING CREAM DENIM 60GM,GUPTA SONS
AXE SIGNATURE TALC DENIM 300GM,GUPTA SONS
AXE SIGNATURE TALC PULSE 300GM,GUPTA SONS
AXE TALC SIGNATURE DENIM 100GM,GUPTA SONS
AXE TALC SIGNATURE PULSE 100GM,GUPTA SONS
AXE TALC SIGNATURE TEMPTATION COLOGNE 100GM,GUPTA SONS
AYUSH SHAMPOO THIK & LONG GROWTH SHIKAKAI 175ML,GUPTA SONS
AYUSH SOAP MOISTURISING COWS GHEE SOAP FOR SOFT SMOOTH SKIN 100GM,GUPTA SONS
AYUSH SOAP NATURAL FAIRNESS SAFFRON SOAP FOR FAIR GLOWING SKIN 100GM,GUPTA SONS
AYUSH SOAP PURIFYING TURMERIC FOR CLEAR GLOWING SKIN 4X100GM,GUPTA SONS
AYUSH SOAP PURIFYING TURMERIC SOAP FOR CLEAR GLOWING SKIN 100GM,GUPTA SONS
AYUSH TOOTH PASTE ANTI CAVITY CLOVE OIL 150GM,GUPTA SONS
AYUSH TOOTH PASTE ANTI CAVITY CLOVE OIL 80GM,GUPTA SONS
AYUSH TOOTH PASTE FRESHNESS GEL 150GM,GUPTA SONS
AYUSH TOOTH PASTE FRESHNESS GEL 80GM,GUPTA SONS
AYUSH TOOTH PASTE WHITENING WITH ROCK SALT 150GM,GUPTA SONS
AYUSH TOOTH PASTE WHITENING WITH ROCK SALT 80GM,GUPTA SONS
BABY BRAND SAFFRON 1GM,MISHRA TRADING CO. 
BADAM BUGGA BURFI 500GM,KHALSA STORE
BADAM BURFI 500GM,KHALSA STORE
BADAM GIRI 250GM,GLOBAL MARKETING 
,KHALSA STORE
BADAM GIRI 250GM Total,
BADAM GIRI ROASTED 250GM,KHALSA STORE
BAGRRYS B SPECIAL SLIM MUESLI 400GM,MK TRADING CO.
BAGRRYS CHOCO DELIGHT MUESLI ALMONDS N RAISINS JAR 1KG,MK TRADING CO.
BAGRRYS CORN FLAKES ALMOND & HONEY 360GM,MK TRADING CO.
BAGRRYS CORN FLAKES ORGINAL & HEALTHIER 475GM,MK TRADING CO.
BAGRRYS CORN FLAKES ORIGINAL & HEALTHIER 880GM,MK TRADING CO.
BAGRRYS CORNFLAKES ORGINAL & HEALTHIER 300GM,MK TRADING CO.
BAGRRYS CORNFLAKES WITH REAL HONEY 360GM,MK TRADING CO.
BAGRRYS CRUNCHY MUESLI ALMONDS RAISINS & HONEY 500GM,MK TRADING CO.
BAGRRYS CRUNCHY MUESLI ALMONDS RAISINS N HONEY JAR 1KG,MK TRADING CO.
BAGRRYS CRUNCHY MUESLI FRUIT & NUT CRANBERRIES JAR 750GM,MK TRADING CO.
BAGRRYS CRUNCHY MUESLI FRUIT & NUT WITH CRANBERRIES 400GM,MK TRADING CO.
BAGRRYS CRUNCHY MUESLI NO ADDED SUGAR DIET 500GM,MK TRADING CO.
BAGRRYS CRUNCHY MUESLI SUGARFREE JAR 1KG,MK TRADING CO.
BAGRRYS FRUIT &  FIBRE MUESLI APPLE JAR 1KG,MK TRADING CO.
BAGRRYS FRUIT N  FIBRE MUESLI MIXED FRUIT JAR 1KG,MK TRADING CO.
BAGRRYS FRUIT N FIBRE MUESLI MIXED FRUIT 500GM,MK TRADING CO.
BAGRRYS FRUIT N FIBRE MUESLI STRAWBERRY JAR 1KG,MK TRADING CO.
BAGRRYS HEALTHY CRUNCH MUESLI  ALMOND RAISIN 400GM,MK TRADING CO.
BAGRRYS MUESLI CHOCO DELIGHT WITH ALMONDS AND RAISINS 400GM,MK TRADING CO.
BAGRRYS MUESLI STRAWBERRY ALMOND & RAISINGS 500GM,MK TRADING CO.
BAGRRYS OAT BRAN 200GM,MK TRADING CO.
BAGRRYS OATS FOR ATTA BLENDS 500GM,MK TRADING CO.
BAGRRYS ORGANICE QUINOA 500GM,MK TRADING CO.
BAGRRYS ORGANICS CHIA 150GM,MK TRADING CO.
BAGRRYS PROTEIN MUESLI WITH WHEY PROTEIN ALMOND&OATS 500GM,MK TRADING CO.
BAGRRYS STEEL CUT OATS 500GM,MK TRADING CO.
"BAGRRYS SWISS STYLE MUESLI ALMONDS,RAISINS & DATES 500GM",MK TRADING CO.
BAGRRYS WHEAT BRAN 500GM,MK TRADING CO.
BAGRRYS WHITE OAT POUCH 1KG,MK TRADING CO.
BAGRRYS WHITE OAT POUCH 500GM,MK TRADING CO.
BAGRRYS WHITE OATS 200GM,MK TRADING CO.
BAJAJ HAIR OIL ALMOND DROPS 100ML,KANWAL AGENCIES
BAJAJ HAIR OIL ALMOND DROPS 200ML,KANWAL AGENCIES
BAJAJ HAIR OIL ALMOND DROPS 300ML,KANWAL AGENCIES
BAJAJ HAIR OIL ALMOND DROPS 500ML,KANWAL AGENCIES
BAJAJ HAIR OIL ALMOND DROPS 50ML,KANWAL AGENCIES
BAJRA 1KG,KHALSA STORE
BAJRA ATTA 1KG,KHALSA STORE
BAKING SODA 100GM,KHALSA STORE
BAMBINO MACARONI ELBOWS 200GM,SUMIT TRADING CO.
BAMBINO MACARONI ELBOWS 450GM,SUMIT TRADING CO.
BAMBINO PASTA PENNE 250GM,SUMIT TRADING CO.
BAMBINO PASTA PENNE 500GM,SUMIT TRADING CO.
BAMBINO PASTA SPIRALI 250GM,SUMIT TRADING CO.
BAMBINO PASTA SPIRALI 500GM,SUMIT TRADING CO.
BAMBINO ROASTED VERMICELLI 425GM,SUMIT TRADING CO.
BAMBINO VERMICELLI 500GM,SUMIT TRADING CO.
BANANA CHIPS 200GM,DUGGAL TRADING CO
BASIC AYURVEDA APPLE CIDER VINEGAR 450ML,MEHAR ENTERPRISES
BASIC AYURVEDA CARDINA LIFE OK 500ML,MEHAR ENTERPRISES
BATTERY WATER 1LTR,ANAND HYGIENE PRODUCTS
BATTERY WATER 2LTR,ANAND HYGIENE PRODUCTS
BATTERY WATER 5LTR,ANAND HYGIENE PRODUCTS
BESAN PAKODA 250GM,KHALSA STORE
BHUIRA APRICOT JAM 500GM,EMPIRE STORES
BHUIRA BITTER ORANGE MRMALADE 475GM,EMPIRE STORES
BHUIRA BLACK CHERRY PRESERVE JAM 470GM,EMPIRE STORES
BHUIRA CAPE GOOSEBERRY PRESERVE 470GM,EMPIRE STORES
BHUIRA MANGO JAM 470GM,EMPIRE STORES
BHUIRA STRAWBERRY PRESERVE JAM 470GM,EMPIRE STORES
BHUIRA THREE FRUIT MARMALADE JAM 470GM,EMPIRE STORES
BHUIRA TOMATO CHUTNEY 460GM,EMPIRE STORES
BHUSHA PLAIN BURFI 500GM,KHALSA STORE
BIGEN MEN NATURAL BLACK BEARD COLOUR 101,HARI TRADERS
BIGEN MENS BEARD COLOR BROWN BLACK 102,HARI TRADERS
BIGEN MENS BEARD COLOR DARK BROWN 103,HARI TRADERS
BIGEN MENS SPEEDY COLOR 102 BROWN BLACK,HARI TRADERS
BIGEN MENS SPEEDY COLOR 103 DARK BROWN,HARI TRADERS
BINGO MAD ANGLES ACHAARI MASTI 45GM,ESS ENN MARKETING
BINGO MAD ANGLES ACHAARI MASTI 90GM,ESS ENN MARKETING
BINGO MAD ANGLES CHAAT MASTI 90GM,ESS ENN MARKETING
BINGO MAD ANGLES MASALA MADNESS 90GM,ESS ENN MARKETING
BINGO MAD ANGLES TOMATO MADNESS 90GM,ESS ENN MARKETING
BINGO TEDHE MEDHE MASALA TADKA 135GM,ESS ENN MARKETING
BINGO TEDHE MEDHE MASALA TADKA 54GM,ESS ENN MARKETING
BINGO YUMITOS INTERNATIONAL CREAM AND ONION 66GM,ESS ENN MARKETING
BINGO YUMITOS JUICY TOMATO KETCHUP 66GM,ESS ENN MARKETING
BINGO YUMITOS MASALA REMIX 66GM,ESS ENN MARKETING
BINGO YUMITOS PREMIUM SALTED 66GM,ESS ENN MARKETING
BIOTIQUE BIO ALMOND OIL NOURISHING BODY SOAP 150GM,SINGLA ENTERPRISES
BIOTIQUE BIO APRICOT REFRESHING BODY WASH 190ML,SINGLA ENTERPRISES
BIOTIQUE BIO AVOCADO STRESS RELIFE BODY MASSAGE OIL 200ML,SINGLA ENTERPRISES
BIOTIQUE BIO BASIL & PARSLEY REVITALIZING BODY SOAP 150GM,SINGLA ENTERPRISES
BIOTIQUE BIO BERBERRY HYDRATING CLEANSER FOR ALL SKIN 120ML,SINGLA ENTERPRISES
BIOTIQUE BIO BHRINAGRAJ THERAPEUTIC OIL FOR FALLING HAIR 120ML,SINGLA ENTERPRISES
BIOTIQUE BIO CARROT SEED ANTI AGING AFTER BATH BODY OIL 120ML,SINGLA ENTERPRISES
BIOTIQUE BIO COCONUT WHITENING & BRIGHTENING CREAM FOR ALL SKIN 50GM,SINGLA ENTERPRISES
BIOTIQUE BIO FRUIT WHITENING & DEPIGMENTATION FACE PACK 75GM,SINGLA ENTERPRISES
BIOTIQUE BIO GREEN APPLE FRESH DAILY PURIFYING SHAMPOO & CONDITIONER 190ML,SINGLA ENTERPRISES
BIOTIQUE BIO GREEN APPLE FRESH DAILY PURIFYING SHAMPOO & CONDITIONER 200ML,SINGLA ENTERPRISES
BIOTIQUE BIO GREEN APPLE FRESH DAILY PURIFYING SHAMPOO & CONDITIONER 400ML,SINGLA ENTERPRISES
BIOTIQUE BIO HENNA LEAF FRESH TEXTURE SHAMPOO & CONDITIONER 190ML,SINGLA ENTERPRISES
BIOTIQUE BIO HIMALAYAN PLUM REFRESHING BODY SOAP 150GM,SINGLA ENTERPRISES
BIOTIQUE BIO HONEY CREAM REJUVENATING BODY WASH 190ML,SINGLA ENTERPRISES
BIOTIQUE BIO HONEY GEL REFRESHING FOAMING FACE CLEANSER FOR ALL SKIN 120ML,SINGLA ENTERPRISES
BIOTIQUE BIO HONEY GEL REFRESHING FOAMING FACE WASH 100ML,SINGLA ENTERPRISES
BIOTIQUE BIO HONEY GEL REFRESHING FOAMING FACE WASH FOR ALL SKIN 150ML,SINGLA ENTERPRISES
BIOTIQUE BIO HONEY WATER 120ML,SINGLA ENTERPRISES
BIOTIQUE BIO KELP FRESH GROWTH PROTEIN SHAMPOO 190ML,SINGLA ENTERPRISES
BIOTIQUE BIO KELP PROTEIN SHAMPOO FOR FALLING HAIR 400ML,SINGLA ENTERPRISES
BIOTIQUE BIO MARGOSA ANTI-DANDRUFF SHAMPOO & CONDITIONER 200ML,SINGLA ENTERPRISES
BIOTIQUE BIO MARGOSA ANTI-DANDRUFF SHAMPOO 190ML,SINGLA ENTERPRISES
BIOTIQUE BIO MILK PROTEIN WHITENING & REJUVENATING FACE PACK 50GM,SINGLA ENTERPRISES
BIOTIQUE BIO MORNING EBONY VITALIZING SERUM 120ML,SINGLA ENTERPRISES
BIOTIQUE BIO MORNING NECTAR 30+SPF UVA/UVB SUNSCREEN ULTRA SMOOTHING FACE LOTION 120ML,SINGLA ENTERPRISES
BIOTIQUE BIO MORNING NECTAR FLAWLESS SKIN LOTION 120ML,SINGLA ENTERPRISES
BIOTIQUE BIO MORNING NECTAR FLAWLESS SKIN LOTION 190ML,SINGLA ENTERPRISES
BIOTIQUE BIO MUD YOUTHFUL FIRMING & REVITALIZING FACE PACK 75GM,SINGLA ENTERPRISES
BIOTIQUE BIO NEEM PURIFYING FACE WASH 100ML,SINGLA ENTERPRISES
BIOTIQUE BIO ORANGE PEEL REVITALIZING BODY SOAP 150GM,SINGLA ENTERPRISES
BIOTIQUE BIO PAPAYA EXFOLIATING FACE WASH 100ML,SINGLA ENTERPRISES
BIOTIQUE BIO PAPAYA REVITALIZING TANG REMOVAL SCRUB 75GM,SINGLA ENTERPRISES
BIOTIQUE BIO PAPAYA VISIBLY AGELESS SCRUB WASH 150ML,SINGLA ENTERPRISES
BIOTIQUE BIO PINEAPPLE OIL CCONTROL FOAMING FACE CLEANSER 120ML,SINGLA ENTERPRISES
BIOTIQUE BIO PINEAPPLE OIL CONTROL FOAMING FACE WASH 100ML,SINGLA ENTERPRISES
BIOTIQUE BIO SEA KELP FRESH GROWTH REVITALIZING CONDITIONER 120ML,SINGLA ENTERPRISES
BIOTIQUE BIO THYME VOLUME CONDITIONER 200ML,SINGLA ENTERPRISES
BIOTIQUE BIO TOOTHPASTE COMPLETE CARE CLOVE & TULSI 140GM,SINGLA ENTERPRISES
BIOTIQUE BIO WALNUT BARK BODY BUILDING SHAMPOO 190ML,SINGLA ENTERPRISES
BIOTIQUE BIO WALNUT PURIFYING & POLISHING SCRUB 50GM,SINGLA ENTERPRISES
BIOTIQUE BIO WHEAT GERM YOUTHFUL NOURISHING NIGHT CREAM 50GM,SINGLA ENTERPRISES
BIOTIQUE BIO WHITE DAVANCED FAIRNESS FACE WASH 100ML,SINGLA ENTERPRISES
BIOTIQUE BIO WINTER CHERRY REJUVENATING BODY NOURISHER 190ML,SINGLA ENTERPRISES
BIRTHDAY CANDLES 40,JEWELS ELEVEN 
BIRTHDAY CANDLES 58,JEWELS ELEVEN 
BIRTHDAY CANDLES RS.12,JEWELS ELEVEN 
BISLERI WATER 1LTR,RAMESH KHANDELWAL & SONS
BISLERI WATER 500ML,RAMESH KHANDELWAL & SONS
BLACK SALT 200GM,KHALSA STORE
BLUE BERRY 100GM,KHALSA STORE
BLUE FLAME CHICKEN RESHMI KEBABS 240GM,FOOD GALLERY 
BLUE FLAME CHICKEN SAMOSAS 240GM,FOOD GALLERY 
BLUE FLAME CHICKEN SPRING ROLLS 280GM,FOOD GALLERY 
BODYGUARD SELF DEFENCE SPRAY,PUJA AGENCIES
BOMBAY AJWAIN 100GM,KHALSA STORE
BOMBAY SAUNF 100GM,KHALSA STORE
BOOMER FRESH MINT 18.6GM,KANWAL AGENCIES
BOOMER STRAWBERRY FLAVOURED 18GM,KANWAL AGENCIES
BOONDI 170GM,KHALSA STORE
BOOST 3X MORE STAMINA 200GM,KANWAL AGENCIES
BOOST 3X MORE STAMINA 75GM,KANWAL AGENCIES
BOOST 3X MORE STAMINA JAR 450GM,KANWAL AGENCIES
BORO PLUS ANTISEPTIC CREAM  40GM,PREM AGENCIES
BORO PLUS ANTISEPTIC CREAM 14GM,PREM AGENCIES
BORO PLUS ANTISEPTIC CREAM 80ML,PREM AGENCIES
BORO PLUS COCOA SOFT MOISTURISING LOTION 100ML,PREM AGENCIES
BORO PLUS FACE WASH ZERO OIL ZERO PIMPLE DUO 80ML,PREM AGENCIES
BORO PLUS FACEWASH ALOE VERA & COCONUT 50ML,PREM AGENCIES
BORO PLUS HEALTHY WHITE 7-IN-ONE FAIRNESS CREAM 25GM,PREM AGENCIES
BOROLINE ANTISEPTIC AYURVEDIC CREAM 20GM,JOHAR ENTERPRISES
BOUNTY CHOCOLATE 150GM,KANWAL AGENCIES
BOUNTY CHOCOLATE 57GM,KANWAL AGENCIES
BOURN VITA CRUNCHIE CHOCOLATE COOKIES 46GM,JAGAT SINGH & SONS AGENCIES
BOURN VITA CRUNCHIE CHOCOLATE COOKIES BISCUITS 120GM,JAGAT SINGH & SONS AGENCIES
BOURN VITA JAR 200GM,JAGAT SINGH & SONS AGENCIES
BOURN VITA LIL CHAMPS JAR 200GM,JAGAT SINGH & SONS AGENCIES
BOURN VITA LIL CHAMPS JAR 500GM,JAGAT SINGH & SONS AGENCIES
BOURN VITA SHAKTI JAR 1KG,JAGAT SINGH & SONS AGENCIES
BOURN VITA SHAKTI JAR 500GM,JAGAT SINGH & SONS AGENCIES
BOURN VITA SHAKTI POUCH 500GM,JAGAT SINGH & SONS AGENCIES
BOURN VITA SHAKTI POUCH 5STAR 500GM,JAGAT SINGH & SONS AGENCIES
BOURN VITA SHAKTI POUCH 75GM,JAGAT SINGH & SONS AGENCIES
BREAD CRUMBS 200GM,KHALSA STORE
BRITANNIA 50 50 100GM,GRACE DRINKS PRIVATE LIMITED
BRITANNIA 50-50 BISCUITS 40GM,GRACE DRINKS PRIVATE LIMITED
BRITANNIA 50-50 MASKA CHASKA 120GM,GRACE DRINKS PRIVATE LIMITED
BRITANNIA 50-50 MASKA CHASKA 55GM,GRACE DRINKS PRIVATE LIMITED
BRITANNIA 50-50 MATHRI MASTI 50GM,GRACE DRINKS PRIVATE LIMITED
BRITANNIA 50-50 TIME PASS SIMPLY SALTED 75GM,GRACE DRINKS PRIVATE LIMITED
BRITANNIA BAKE RUSK 200GM,GRACE DRINKS PRIVATE LIMITED
BRITANNIA BAKE RUSK 63GM,GRACE DRINKS PRIVATE LIMITED
BRITANNIA BOURBON THE ORIGINAL 120GM,GRACE DRINKS PRIVATE LIMITED
BRITANNIA BOURBON THE ORIGINAL 150GM,GRACE DRINKS PRIVATE LIMITED
BRITANNIA BOURBON THE ORIGINAL 60GM,GRACE DRINKS PRIVATE LIMITED
BRITANNIA CAKE CHOCO CHILL 150GM,GRACE DRINKS PRIVATE LIMITED
BRITANNIA CAKE CHOCO CHILL 65GM,GRACE DRINKS PRIVATE LIMITED
BRITANNIA CAKE FRUITY FUN 150GM,GRACE DRINKS PRIVATE LIMITED
BRITANNIA CAKE FRUITY FUN 65GM,GRACE DRINKS PRIVATE LIMITED
BRITANNIA CAKE NUT & RAISIN ROMANCE 160GM,GRACE DRINKS PRIVATE LIMITED
BRITANNIA CAKE NUT & RAISIN ROMANCE 65GM,GRACE DRINKS PRIVATE LIMITED
BRITANNIA CAKE ORANGE BITES 65GM,GRACE DRINKS PRIVATE LIMITED
BRITANNIA CAKE PINEAPPLE PLUNGE 65GM,GRACE DRINKS PRIVATE LIMITED
BRITANNIA CAKE VEG CHOCO CHILL 75GM,GRACE DRINKS PRIVATE LIMITED
BRITANNIA CAKE VEG FRUITY FUN 75GM,GRACE DRINKS PRIVATE LIMITED
BRITANNIA CHEESE BLOCK 200GM,GRACE DRINKS PRIVATE LIMITED
BRITANNIA CHEESE BLOCK 400GM,GRACE DRINKS PRIVATE LIMITED
BRITANNIA CHEESE CUBES CLASSIC 200GM,GRACE DRINKS PRIVATE LIMITED
BRITANNIA CHEESE PIZZA 200GM,GRACE DRINKS PRIVATE LIMITED
BRITANNIA CHEESE PIZZA 400GM,GRACE DRINKS PRIVATE LIMITED
BRITANNIA CHEESE PROCESSED TIN 400GM,GRACE DRINKS PRIVATE LIMITED
BRITANNIA CHEESE SLICES 100GM,GRACE DRINKS PRIVATE LIMITED
BRITANNIA CHEESE SLICES 200GM,GRACE DRINKS PRIVATE LIMITED
BRITANNIA CHEESE SPREADZ ASLI PEPPER 180GM,GRACE DRINKS PRIVATE LIMITED
BRITANNIA CHEESE SPREADZ CLASSIC TUB 180GM,GRACE DRINKS PRIVATE LIMITED
BRITANNIA CHEESE SPREADZ FOUR PEPPER TANGO 180GM,GRACE DRINKS PRIVATE LIMITED
BRITANNIA CHEESE SPREADZ MEXICAN CHILLI 180GM,GRACE DRINKS PRIVATE LIMITED
BRITANNIA DAHI 80GM,SHIVAM MARKETING
BRITANNIA DAHI PLAIN 150GM,SHIVAM MARKETING
BRITANNIA DAHI PLAIN 400GM,SHIVAM MARKETING
BRITANNIA GHEE DANEDAR 1LTR,GRACE DRINKS PRIVATE LIMITED
BRITANNIA GOOD DAY BUTTER 66GM,GRACE DRINKS PRIVATE LIMITED
BRITANNIA GOOD DAY CASHEW COOKIES 58GM,GRACE DRINKS PRIVATE LIMITED
BRITANNIA GOOD DAY CHOCO CHUNKIES 100GM,GRACE DRINKS PRIVATE LIMITED
BRITANNIA GOOD DAY CHOCO NUT COOKIES 150GM,GRACE DRINKS PRIVATE LIMITED
BRITANNIA GOOD DAY CHOCO NUT COOKIES 75GM,GRACE DRINKS PRIVATE LIMITED
BRITANNIA GOOD DAY CHOCOCHIP COOKIES 120GM,GRACE DRINKS PRIVATE LIMITED
BRITANNIA GOOD DAY CHOCOCHIP COOKIES 44GM,GRACE DRINKS PRIVATE LIMITED
BRITANNIA GOOD DAY CHUNKIES 60GM,GRACE DRINKS PRIVATE LIMITED
BRITANNIA GOOD DAY NUTS COOKIE PISTA CASHEW ALMOND 200GM,GRACE DRINKS PRIVATE LIMITED
BRITANNIA GOOD DAY RICH BUTTER COOKIES 150GM,GRACE DRINKS PRIVATE LIMITED
BRITANNIA GOOD DAY RICH BUTTER COOKIES 250GM,GRACE DRINKS PRIVATE LIMITED
BRITANNIA GOOD DAY RICH CASHEW COOKIES 200GM,GRACE DRINKS PRIVATE LIMITED
BRITANNIA LITTLE HEARTS CLASSIC 39GM,GRACE DRINKS PRIVATE LIMITED
BRITANNIA MARIE GOLD BISCUITS 250GM,GRACE DRINKS PRIVATE LIMITED
BRITANNIA MARIE GOLD BISCUITS 68GM,GRACE DRINKS PRIVATE LIMITED
BRITANNIA MILK BIKIES BISCUITS 200GM,GRACE DRINKS PRIVATE LIMITED
BRITANNIA MILK BIKIS MILKY SANDWICH 200GM,GRACE DRINKS PRIVATE LIMITED
BRITANNIA MILK RUSK TASTY CRUNCHY 200GM,GRACE DRINKS PRIVATE LIMITED
BRITANNIA NICE TIME BISCUITS 150GM,GRACE DRINKS PRIVATE LIMITED
BRITANNIA NICE TIME BISCUITS 73GM,GRACE DRINKS PRIVATE LIMITED
BRITANNIA NUTRI CHOICE CRACKER SIMPLY LITE 100GM,GRACE DRINKS PRIVATE LIMITED
BRITANNIA NUTRI CHOICE CRACKER SIMPLY LITE 300GM,GRACE DRINKS PRIVATE LIMITED
BRITANNIA NUTRI CHOICE DIGESTIVE ZERO 100GM,GRACE DRINKS PRIVATE LIMITED
BRITANNIA NUTRI CHOICE DIGESTIVES 5 GRAIN 250GM,GRACE DRINKS PRIVATE LIMITED
BRITANNIA NUTRI CHOICE DIGESTIVES HI FIBER 250GM,GRACE DRINKS PRIVATE LIMITED
BRITANNIA NUTRI CHOICE DIGESTIVES HI FIBRE 50GM,GRACE DRINKS PRIVATE LIMITED
BRITANNIA NUTRI CHOICE DIGESTIVES HI-FIBER 120GM,GRACE DRINKS PRIVATE LIMITED
BRITANNIA NUTRI CHOICE ESSENTIALS OAT COOKIES 150GM,GRACE DRINKS PRIVATE LIMITED
BRITANNIA NUTRI CHOICE ESSENTIALS RAGI COOKIES 150GM,GRACE DRINKS PRIVATE LIMITED
BRITANNIA NUTRI CHOICE HEAVENS OATS ALMOND & MILK 75GM,GRACE DRINKS PRIVATE LIMITED
BRITANNIA NUTRI CHOICE OATS ALMOND AND MILK 75GM,GRACE DRINKS PRIVATE LIMITED
BRITANNIA NUTRI CHOICE OATS ORANGE 75GM,GRACE DRINKS PRIVATE LIMITED
BRITANNIA PREMIUM BAKE RUSK 300GM,GRACE DRINKS PRIVATE LIMITED
BRITANNIA PURE COW GHEE 1LTR,GRACE DRINKS PRIVATE LIMITED
BRITANNIA SLIMZ CHEESY SLICE 200GM,GRACE DRINKS PRIVATE LIMITED
BRITANNIA TIGER COCONUT KRUNCH BISCUITS 103GM,GRACE DRINKS PRIVATE LIMITED
BRITANNIA TIGER CREEMZ ELAICHI 43GM,GRACE DRINKS PRIVATE LIMITED
BRITANNIA TIGER CREEMZ STRAWBERRY 50GM,GRACE DRINKS PRIVATE LIMITED
BRITANNIA TIGER GLUCOSE 124GM,GRACE DRINKS PRIVATE LIMITED
BRITANNIA TIGER GLUCOSE 37GM,GRACE DRINKS PRIVATE LIMITED
BRITANNIA TIGER GLUCOSE BISCUIT 66GM,GRACE DRINKS PRIVATE LIMITED
BRITANNIA TIGER KREEMZ CHOCO 100GM,GRACE DRINKS PRIVATE LIMITED
BRITANNIA TIGER KREEMZ CHOCO 50GM,GRACE DRINKS PRIVATE LIMITED
BRITANNIA TIGER KREEMZ ORANGE BISCUITS 100GM,GRACE DRINKS PRIVATE LIMITED
BRITANNIA TIGER KREEMZ ORANGE BISCUITS 43GM,GRACE DRINKS PRIVATE LIMITED
BRITANNIA TIGER KREEMZ PINEAPPLE BISCUIT 43GM,GRACE DRINKS PRIVATE LIMITED
BRITANNIA TIGER KRUNCH CHOCOCHIP 36GM,GRACE DRINKS PRIVATE LIMITED
BRITANNIA TIGER KRUNCH CHOCOCHIP 64GM,GRACE DRINKS PRIVATE LIMITED
BRITANNIA TREAT FUNKY CHOCO 60GM,GRACE DRINKS PRIVATE LIMITED
BRITANNIA TREAT JIM JAM 100GM,GRACE DRINKS PRIVATE LIMITED
BRITANNIA TREAT JIM JAM 150GM,GRACE DRINKS PRIVATE LIMITED
BRITANNIA TREAT JIM JAM 62GM,GRACE DRINKS PRIVATE LIMITED
BRITANNIA TREAT KOOL VANILLA 60GM,GRACE DRINKS PRIVATE LIMITED
BRITANNIA TREAT OSOM ORANGE 64GM,GRACE DRINKS PRIVATE LIMITED
BRITANNIA TREAT PINEAPPLE 64GM,GRACE DRINKS PRIVATE LIMITED
BRITANNIA VITA MARIE GOLD 150GM,GRACE DRINKS PRIVATE LIMITED
BRITANNIA VITA MARIE GOLD 75GM,GRACE DRINKS PRIVATE LIMITED
BROOKE BOND RED LABEL NATURAL CARE TEA 100GM,GUPTA SONS
BROOKE BOND RED LABEL NATURAL CARE TEA 250GM,GUPTA SONS
BROOKE BOND RED LABEL NATURAL CARE TEA 500GM,GUPTA SONS
BROOKE BOND RED LABEL TEA 100GM,GUPTA SONS
BROOKE BOND RED LABEL TEA 31GM,GUPTA SONS
BROOKE BOND RED LABEL TEA 500GM,GUPTA SONS
BROOKE BOND RED LABEL TEA BOX 250GM,GUPTA SONS
BROOKE BOND RED LABEL ZIP LOCK 1KG,GUPTA SONS
BROOKE BOND TAAZA 100GM,GUPTA SONS
BROOKE BOND TAAZA 31GM,GUPTA SONS
BROOKE BOND TAAZA 500GM,GUPTA SONS
BROOKE BOND TAAZA MASALA CHASKA 100GM,GUPTA SONS
BROOKE BOND TAAZA MASALA CHASKA 250GM,GUPTA SONS
BROOKE BOND TAAZA TEA 15GM,GUPTA SONS
BROOKE BOND TAAZA TEA 250GM,GUPTA SONS
BROOKE BOND TAJ MAHAL BOX TEA 500GM,GUPTA SONS
BROOKE BOND TAJ MAHAL TEA 100BAGS,GUPTA SONS
BROOKE BOND TAJ MAHAL TEA 100GM,GUPTA SONS
BROOKE BOND TAJ MAHAL TEA 250GM,GUPTA SONS
BROOKE BOND TAJ MAHAL TEA 25BAGS,GUPTA SONS
BROOKE BOND TAJ MAHAL TEA BOX 1KG,GUPTA SONS
BROOKE BOND TEA GREEN TEA HONEY & LEMON 25BAHS,GUPTA SONS
BROOKSIDE BLUEBERRY & ACAI CENTER CHOCOLATE 33.3GM,RJ ENTERPRISES
BROOKSIDE DARK BLUEBERRY & ACAI CENTER CHOCOLATE 100GM,RJ ENTERPRISES
BROOKSIDE DARK POMEGRANATE CENTER CHOCOLATE 100GM,RJ ENTERPRISES
BROOKSIDE POMEGRANATE CENTER CHOCOLATE 33.3GM,RJ ENTERPRISES
BROOKSIDE RASPBERRY & GOJI CENTER CHOCOLATE 100GM,RJ ENTERPRISES
BROOKSIDE RASPBERRY & GOJI CENTER CHOCOLATE 33.3GM,RJ ENTERPRISES
BROWN & POLSON CORNFLOUR 100GM,GUPTA SONS
BROWN & POLSON CORNFLOUR 500GM,GUPTA SONS
BROWN & POLSON CUSTARD POWDER VANILLA 100GM,GUPTA SONS
BROWN & POLSON CUSTARD POWDER VANILLA 500GM,GUPTA SONS
BRU GOLD 50GM,GUPTA SONS
BRU GOLD 7GM,GUPTA SONS
BRU GOLD JAR 100GM,GUPTA SONS
BRU GOLD JAR 25GM,GUPTA SONS
BRU GOLD JAR 50GM,GUPTA SONS
BRU INSTANT COFFEE 100GM,GUPTA SONS
BRU INSTANT COFFEE 10GM,GUPTA SONS
BRU INSTANT COFFEE 1GM,GUPTA SONS
BRU INSTANT COFFEE 200GM,GUPTA SONS
BRU INSTANT COFFEE 50GM,GUPTA SONS
BRYLCREEM DANDRUFF PROTECT HAIR CREAM 75GM,GUPTA SONS
BRYLCREEM DRI DAMAGE PROTECT HAIR GEL 75GM,GUPTA SONS
BRYLCREEM HAIR FALL PROTECT HAIR CREAM 75GM,GUPTA SONS
BRYLCREEM SHINE PROTECT HAIR GEL 75GM,GUPTA SONS
BURA 1KG,KHALSA STORE
BUSH VANILLA FLAVOURING 20ML,PEE KAY PLASTIC INDUSTRIES
CADBURY BOURNVILLE CRANBERRY CHOCOLATE 80GM,JAGAT SINGH & SONS AGENCIES
CADBURY BOURNVILLE RAISIN & NUT CHOCHOLATE 31GM,JAGAT SINGH & SONS AGENCIES
CADBURY BOURNVILLE RAISIN & NUT CHOCOLATE 80GM,JAGAT SINGH & SONS AGENCIES
CADBURY BOURNVILLE RICH COCOA 33GM,JAGAT SINGH & SONS AGENCIES
CADBURY BOURNVILLE RICH COCOA DARK 80GM,JAGAT SINGH & SONS AGENCIES
CADBURY CHOCLAIRS GOLD 25X5.7GM,JAGAT SINGH & SONS AGENCIES
CADBURY CHOCLAIRS GOLD 5.7GM,JAGAT SINGH & SONS AGENCIES
CADBURY CHOCLAIRS GOLD BIRTHDAY PACK 632GM,JAGAT SINGH & SONS AGENCIES
CADBURY CHOCOLAIRS GOLD POUCH 341GM,JAGAT SINGH & SONS AGENCIES
CADBURY COCOA 150GM,JAGAT SINGH & SONS AGENCIES
CADBURY DAIRY MILK CHOCOLATE 14GM,JAGAT SINGH & SONS AGENCIES
CADBURY DAIRY MILK CHOCOLATE 23GM,JAGAT SINGH & SONS AGENCIES
CADBURY DAIRY MILK CHOCOLATE 40GM,JAGAT SINGH & SONS AGENCIES
CADBURY DAIRY MILK CHOCOLATE 8.1GM,JAGAT SINGH & SONS AGENCIES
CADBURY DAIRY MILK CRACKLE CHOCOLATE 38GM,JAGAT SINGH & SONS AGENCIES
CADBURY DAIRY MILK FRUIT & NUT 40GM,JAGAT SINGH & SONS AGENCIES
CADBURY DAIRY MILK FRUIT & NUT 80GM,JAGAT SINGH & SONS AGENCIES
CADBURY DAIRY MILK HOME TREATS 140GM,JAGAT SINGH & SONS AGENCIES
CADBURY DAIRY MILK LICKABLES 20GM,JAGAT SINGH & SONS AGENCIES
CADBURY DAIRY MILK MARVELLOUS CREATIONS COOKIE NUT CRUNCH 75GM,JAGAT SINGH & SONS AGENCIES
CADBURY DAIRY MILK MARVELLOUS CRETIONS JELLY POPPING CANDY 35GM,JAGAT SINGH & SONS AGENCIES
CADBURY DAIRY MILK MARVELLOUS CRETIONS JELLY POPPING CANDY 75GM,JAGAT SINGH & SONS AGENCIES
CADBURY DAIRY MILK ROAST ALMOND 42GM,JAGAT SINGH & SONS AGENCIES
CADBURY DAIRY MILK SHOTS 14.4GM,JAGAT SINGH & SONS AGENCIES
CADBURY DAIRY MILK SHOTS 4GM,JAGAT SINGH & SONS AGENCIES
CADBURY DAIRY MILK SILK BUBBLY 120GM,JAGAT SINGH & SONS AGENCIES
CADBURY DAIRY MILK SILK BUBBLY 50GM,JAGAT SINGH & SONS AGENCIES
CADBURY DAIRY MILK SILK CARAMELLO 136GM,JAGAT SINGH & SONS AGENCIES
CADBURY DAIRY MILK SILK CARAMELLO MOCHA 136GM,JAGAT SINGH & SONS AGENCIES
CADBURY DAIRY MILK SILK CARAMELLO MOCHA 60GM,JAGAT SINGH & SONS AGENCIES
CADBURY DAIRY MILK SILK CHOCOLATE 150GM,JAGAT SINGH & SONS AGENCIES
CADBURY DAIRY MILK SILK CHOCOLATE 60GM,JAGAT SINGH & SONS AGENCIES
CADBURY DAIRY MILK SILK FRUIT & NUT 137GM,JAGAT SINGH & SONS AGENCIES
CADBURY DAIRY MILK SILK FRUIT & NUT 60GM,JAGAT SINGH & SONS AGENCIES
CADBURY DAIRY MILK SILK OREO 130GM,JAGAT SINGH & SONS AGENCIES
CADBURY DAIRY MILK SILK OREO 60GM,JAGAT SINGH & SONS AGENCIES
CADBURY DAIRY MILK SILK ROAST ALMOND 137GM,JAGAT SINGH & SONS AGENCIES
CADBURY DAIRY MILK SILK ROAST ALMOND 55GM,JAGAT SINGH & SONS AGENCIES
CADBURY DAIRY MILK SILK SPECIAL EDITION 250GM,JAGAT SINGH & SONS AGENCIES
CADBURY FUSE A DELICIOUS CHOCOLATY FEAST 25GM,JAGAT SINGH & SONS AGENCIES
CADBURY FUSE A DELICIOUS CHOCOLATY FEAST 45GM,JAGAT SINGH & SONS AGENCIES
CADBURY GEMS BALL 17.8GM,JAGAT SINGH & SONS AGENCIES
CADBURY GEMS POUCH 10GM,JAGAT SINGH & SONS AGENCIES
CADBURY GEMS POUCH 20.47GM,JAGAT SINGH & SONS AGENCIES
CADBURY MONSTAR GEMS 39.9GM,JAGAT SINGH & SONS AGENCIES
CADBURY NUTTIES FAVOURITES FOREVER 30GM,JAGAT SINGH & SONS AGENCIES
CADBURY PERK XTRA CHOCOLATY 13GM,JAGAT SINGH & SONS AGENCIES
CADBURY PERK XTRA CHOCOLATY 28GM,JAGAT SINGH & SONS AGENCIES
CADBURY TEMPTATIONS ALMOND TREAT 72GM,JAGAT SINGH & SONS AGENCIES
CADBURY TEMPTATIONS RUM RAISINS 72GM,JAGAT SINGH & SONS AGENCIES
CAKE TREE BLUE BERRY PIE,CAKE TREE
CAKE TREE BURGER VEG IN BOX,CAKE TREE
CAKE TREE CHICKEN FOOTLONG,CAKE TREE
CAKE TREE CHOCO CHIP COOKIES,CAKE TREE
CAKE TREE CHOCOLATE BROWNIE,CAKE TREE
CAKE TREE COOKIES,CAKE TREE
CAKE TREE CROISSANT PLAIN ,CAKE TREE
CAKE TREE DONUTS BLACK,CAKE TREE
CAKE TREE MUFFINS,CAKE TREE
CAKE TREE MULTIGRAIN BREAD 450GM,CAKE TREE
CAKE TREE PANEER FOOT LONG,CAKE TREE
CAKE TREE PASTA,CAKE TREE
CAKE TREE PAVS,CAKE TREE
CAKE TREE SANDWICH CHICKEN 3 SLICES,CAKE TREE
CAKE TREE SANDWICH PANEER 3SLICE,CAKE TREE
CAKE TREE SANDWICH VEG 3 SLICE,CAKE TREE
CAKE TREE VEG FOCACCIA,CAKE TREE
CAKE TREE WALNUT DRY CAKE,CAKE TREE
CAKE TREE WALNUT PAI,CAKE TREE
CAREFREE SUPER DRY 20 LINERS,CL TRADERS
CARRY BAG RS.2/P,HP GREEN SOLUTIONS
CARRY BAG RS.4/P,HP GREEN SOLUTIONS
CATCH AJWAIN WHOLE 100GM,TARSEM KUMAR RADHEY SHYAM & CO.
CATCH BLACK PEPPER SPRINKEL 100GM,TARSEM KUMAR RADHEY SHYAM & CO.
CATCH BLACK SALT 200GM,TARSEM KUMAR RADHEY SHYAM & CO.
CATCH CHANA MASALA 100GM,TARSEM KUMAR RADHEY SHYAM & CO.
CATCH CHAT MASALA SPRINKLERS 100GM,TARSEM KUMAR RADHEY SHYAM & CO.
CATCH CHATPATA CHAT MASALA 100GM,TARSEM KUMAR RADHEY SHYAM & CO.
CATCH CHICKEN MASALA 100GM,TARSEM KUMAR RADHEY SHYAM & CO.
CATCH CLUB SODA 500ML,A.V ENTERPRISES
CATCH CLUB SODA 750ML,A.V ENTERPRISES
CATCH CORIANDER POWDER 100GM,TARSEM KUMAR RADHEY SHYAM & CO.
CATCH DRY MANGO POWDER 100GM,TARSEM KUMAR RADHEY SHYAM & CO.
CATCH FLAVOURED WATER BLACK CURRENT 750ML,A.V ENTERPRISES
CATCH FLAVOURED WATER GREEN APPLE 750ML,A.V ENTERPRISES
CATCH FLAVOURED WATER LEMON LIME 750ML,A.V ENTERPRISES
CATCH FLAVOURED WATER PEACH 750ML,A.V ENTERPRISES
CATCH GARAM MASALA 100GM,TARSEM KUMAR RADHEY SHYAM & CO.
CATCH HING 25GM,TARSEM KUMAR RADHEY SHYAM & CO.
CATCH JEERA POWDER 100GM,TARSEM KUMAR RADHEY SHYAM & CO.
CATCH JEERA WHOLE 100GM,TARSEM KUMAR RADHEY SHYAM & CO.
CATCH JIRA DIGESTIVE 200ML,A.V ENTERPRISES
CATCH KITCHEN KING 100GM,TARSEM KUMAR RADHEY SHYAM & CO.
CATCH KUTI MIRCH 100GM,TARSEM KUMAR RADHEY SHYAM & CO.
CATCH MEAT MASALA 16GM,TARSEM KUMAR RADHEY SHYAM & CO.
CATCH METHI DANA WHOLE 100GM,TARSEM KUMAR RADHEY SHYAM & CO.
CATCH MINERAL WATER 200ML,A.V ENTERPRISES
CATCH MINERAL WATER HIMALAYAS 1LTR,A.V ENTERPRISES
CATCH PAV BHAJI MASALA 100GM,TARSEM KUMAR RADHEY SHYAM & CO.
CATCH RAI WHOLE 100GM,TARSEM KUMAR RADHEY SHYAM & CO.
CATCH RED CHILLI POWDER 100GM,TARSEM KUMAR RADHEY SHYAM & CO.
CATCH SAMBHAR MASALA 100GM,TARSEM KUMAR RADHEY SHYAM & CO.
CATCH SNIKANJI MASALA 200ML,A.V ENTERPRISES
CATCH SPRING COLA BOTTLE 200ML,A.V ENTERPRISES
CATCH SPRING LEMON BOTTLE 200ML,A.V ENTERPRISES
CATCH SPRING ORANGE BOTTLE 200ML,A.V ENTERPRISES
CATCH SPRINT UP 200ML,A.V ENTERPRISES
CATCH TABLE SALT 200GM,TARSEM KUMAR RADHEY SHYAM & CO.
CATCH TEA MASALA 50GM,TARSEM KUMAR RADHEY SHYAM & CO.
CATCH TONIC WATER 200ML,A.V ENTERPRISES
CATCH TURMERIC POWDER 100GM,TARSEM KUMAR RADHEY SHYAM & CO.
CAVENDISH & HARVEY FRUIT FLAVOURED CANDIES 300GM,EMPIRE STORES
CAVENDISH & HARVEY MANGO DROPS FRUIT DROPS,EMPIRE STORES
CAVENDISH & HARVEY MIXED FRUIT DROPS 200GM,EMPIRE STORES
CAVENDISH & HARVEY ORANGE DROPS 200GM,EMPIRE STORES
CAVENDISH & HARVEY SOUR CHERRY DROPS 200GM,EMPIRE STORES
CAVENDISH & HARVEY SOUR LEMON DROPS 200GM,EMPIRE STORES
CAVENDISH & HARVEY STRAWBERRY DROPS FILLED 175GM,EMPIRE STORES
CAVENDISH & HARVEY TROPICAL FRUIT DROPS,EMPIRE STORES
CENTER FRESH SPEARMINT FLAVOUR LOQUID FILLED GUM 3.2GM,NARULA AGENCY
CENTER FRESH STIK 16GM,NARULA AGENCY
CENTER FRESH SWEET MINT FLAVOUR,NARULA AGENCY
CENTER FRUIT FRUITS FLAVUR RS.1,NARULA AGENCY
CENTER FRUIT LASTING  FRUITS FLAVOUR,NARULA AGENCY
CENTER FRUIT WATERMELON FLAVOUR 27.2GM,NARULA AGENCY
CHANDAN TULSI HERBAL MEHANDI 80GM,SWADESHI GRAM ODYOG
CHANNA BURFI 500GM,KHALSA STORE
CHANNA CHILKA 200GM,KHALSA STORE
CHANNA WITHOUT CHILKA 200GM,KHALSA STORE
CHATHA FOODS CHICKEN HAM 500GM,MK SALES
CHERRY BLOSSOM BLACK LIQUID SHOE POLISH 75ML,GR ENTERPRISES
CHERRY BLOSSOM BLACK POLISH 15GM,GR ENTERPRISES
CHERRY BLOSSOM BLACK POLISH 40GM,GR ENTERPRISES
CHERRY BLOSSOM DARK TAN LIQUID SHOE POLISH 75ML,GR ENTERPRISES
CHERRY BLOSSOM DARK TAN POLISH 15GM,GR ENTERPRISES
CHERRY BLOSSOM DARK TAN POLISH 40GM,GR ENTERPRISES
CHERRY BLOSSOM EXPREZZ WHITE CLEANER 90GM,GR ENTERPRISES
CHERRY BLOSSOM NEUTRAL HANDY SHINE 1N,GR ENTERPRISES
CHIA SEED 100GM,KHALSA STORE
CHILLY GARLIC STRAW,EMPIRE STORES
CHINGS CHILLI VINEGAR 170ML,MK TRADERS
CHINGS DARK SOY SAUCE 200GM,MK TRADERS
CHINGS GREEN CHILLI SAUCE 190GM,MK TRADERS
CHINGS HAKKA EEG NOODLES 150GM,MK TRADERS
CHINGS HAKKA VEG NOODLES 150GM,MK TRADERS
CHINGS HOT GARLIC INSTANT NOODLES 75GM,MK TRADERS
CHINGS MANCHOW INSTANT NOODLES 60GM,MK TRADERS
CHINGS MANCHURIAN INSTANT NOODLES 75GM,MK TRADERS
CHINGS PANEER CHILLI MASALA 20GM,MK TRADERS
CHINGS RED CHILLI SAUCE 200GM,MK TRADERS
CHINGS SCHEZWAN CHUTNEY 250GM,MK TRADERS
CHINGS SCHEZWAN INSANT NOODLES 75GM,MK TRADERS
CHINGS SCHEZWAN STIR FRY SAUCE 250GM,MK TRADERS
CHINGS SCHWZWAN FRIED RICE MIRACLE MASALA20GM,MK TRADERS
CHINGS SINGAPORE CURRY INSTANT NOODLES 75GM,MK TRADERS
CHOTI ELIACHI 10GM,KHALSA STORE
CHUHARE 500GM,KHALSA STORE
CHUPA CHUPS BUBBLE GUM FILLED LOLLIPOP100GM,NARULA AGENCY
CHUPA CHUPS LOLLIPOP COLA FLAVOUR 12GM,NARULA AGENCY
CHUPA CHUPS LOLLIPP STRAWBERRY FLAVOUR 12GM,NARULA AGENCY
CHUPA CHUPS MIXED FRUITS 26.4GM,NARULA AGENCY
CHUPA CHUPS RAW MANGO FLAVOUR 10.5GM,NARULA AGENCY
CINTHOL DEO TALC CONFIDENCE 300GM,CHAMAN LAL OM PARKASH
CINTHOL DEO TALC COOL 300GM,CHAMAN LAL OM PARKASH
CINTHOL DEO TALC ORIGINAL COMPLEXION 300GM,CHAMAN LAL OM PARKASH
CINTHOL SOAP CONFIDENCE 4X100GM,CHAMAN LAL OM PARKASH
CINTHOL SOAP CONFIDENCE 50GM,CHAMAN LAL OM PARKASH
CINTHOL SOAP COOL 50GM,CHAMAN LAL OM PARKASH
CINTHOL SOAP COOL PACK OF 3 100GM,CHAMAN LAL OM PARKASH
CINTHOL SOAP DEO INSTA 3X100GM,CHAMAN LAL OM PARKASH
CINTHOL SOAP LIME 100GM,CHAMAN LAL OM PARKASH
CINTHOL SOAP LIME 4X75GM,CHAMAN LAL OM PARKASH
CINTHOL SOAP LIME 55GM,CHAMAN LAL OM PARKASH
CINTHOL SOAP ORIGINAL 4 X100GM,CHAMAN LAL OM PARKASH
CITRA FACE CREAM PEARL FAIR KOREAN PINK PEARL 30GM,GUPTA SONS
CITRA FACE CREAM SPOT LESS FAIR JAPANESE GREEN TEA 30GM,GUPTA SONS
CITRA FACE CREAM SPOT LESS FAIR JAPANESE GREEN TEA 50GM,GUPTA SONS
CITRA FACE WASH PIMPLE CLEAR JAPANESE GREEN TEA 100GM,GUPTA SONS
CITRA FACE WASH PIMPLE CLEAR JAPANESE GREEN TEA 50GM,GUPTA SONS
CITRA GEL FACE WASH PEARL FAIR KOREAN PINK PEARL 100GM,GUPTA SONS
CITRA GEL FACE WASH PEARL FAIR KOREAN PINK PEARL 50GM,GUPTA SONS
CLASSIC RENUKA CLOTH HANGER PACK OF 6,JAIN BARTAN STORE
CLASSIC TOOTH BRUSH PREMIUM MEDIUM 1NOS,NAV BHARAT TRADERS
CLASSIC TOOTH BRUSH SUPREME HARD,NAV BHARAT TRADERS
CLASSIC TOOTH BRUSH SUPREME MEDIUM,NAV BHARAT TRADERS
CLASSIC TOOTH BRUSH SUPREME SUPER SOFT,NAV BHARAT TRADERS
CLEAN & CARE FACEWASH NATURAL BRIGHT 100ML,CL TRADERS
CLEAN & CARE FACEWASH NATURAL BRIGHT 50ML,CL TRADERS
CLEAN & CLEAR BLACKHEAD CLEARING DAILY SCRUB 20GM,CL TRADERS
CLEAN & CLEAR BLACKHEAD CLEARING DAILY SCRUB 50GM,CL TRADERS
CLEAN & CLEAR CREAM FAIRNESS 20GM,CL TRADERS
CLEAN & CLEAR FACE WASH FOAMING 100ML,CL TRADERS
CLEAN & CLEAR FACEWASH  OIL FREE 50ML,CL TRADERS
CLEAN & CLEAR FACEWASH CLEAR FAIRNESS 80GM,CL TRADERS
CLEAN & CLEAR FACEWASH CLEAR FAIRNESS OIL FREE 50ML,CL TRADERS
CLEAN & CLEAR FACEWASH MORNING ENERGY APPLE 100ML,CL TRADERS
CLEAN & CLEAR FACEWASH MORNING ENERGY APPLE 50ML,CL TRADERS
CLEAN & CLEAR FACEWASH MORNING ENERGY BERRY 100ML,CL TRADERS
CLEAN & CLEAR FACEWASH MORNING ENERGY BERRY 50ML,CL TRADERS
CLEAN & CLEAR FACEWASH MORNING ENERGY LEMON 100ML,CL TRADERS
CLEAN & CLEAR FACEWASH MORNING ENERGY LEMON 50ML,CL TRADERS
CLEAN & CLEAR FACEWASH PIMPLE CLEARING 40GM,CL TRADERS
CLEAN & CLEAR FACEWASH PIMPLE CLEARING 80GM,CL TRADERS
CLEAN & CLEAR FOAMING FACE WASH OIL FREE 20ML,CL TRADERS
CLEAN & CLEAR OILFREE MOISTURISER 40ML,CL TRADERS
CLEAN & CLEAR OILFREE MOISTURISER 80ML,CL TRADERS
CLEAN AND DRY CLOTRIMAZOLE CREAM IP 15GM,PUJA AGENCIES
CLEAN AND DRY DAILY INTIMATE POWDER 100GM,PUJA AGENCIES
CLEAN AND DRY INTIMATE CLEANSING FOAM WASH 85GM,PUJA AGENCIES
CLEAN AND DRY INTIMATE WASH DAILY 100ML,PUJA AGENCIES
CLEAR ACTIVE CARE HAIR OIL 150ML,GUPTA SONS
CLEAR ACTIVE CARE HAIR OIL 75ML,GUPTA SONS
CLEAR SHAMPOO ANTI DANDRUFF COMPLETE ACTIVE CARE 170ML,GUPTA SONS
CLEAR SHAMPOO ANTI-DANDRUFF COMPLETE ACTIVE CARE 350ML,GUPTA SONS
CLEAR SHAMPOO ANTI-DANDRUFF COMPLETE ACTIVE CARE 80ML,GUPTA SONS
CLEAR SHAMPOO ICE COOL MENTHOL 170ML,GUPTA SONS
CLING FILM EXTRA WRAP 30MTR,MISHRA TRADING CO. 
CLINIC PLUS CONDITIONER TANGLE FREE MILK PROTEIN & ALMOND 80ML,GUPTA SONS
CLINIC PLUS HAIR OIL NOURISHING COCONUT OIL 100ML,GUPTA SONS
CLINIC PLUS HAIR OIL NOURISHING COCONUT OIL 200ML,GUPTA SONS
CLINIC PLUS SHAMPOO AYURVEDA CARE 175ML,GUPTA SONS
CLINIC PLUS SHAMPOO STRONG&LONG HEALTH 175ML,GUPTA SONS
CLINIC PLUS SHAMPOO STRONG&LONG HEALTH 340ML,GUPTA SONS
CLINIC PLUS SHAMPOO STRONG&LONG HEALTH 650ML,GUPTA SONS
CLINIC PLUS SHAMPOO STRONG&LONG HEALTH 80ML,GUPTA SONS
CLINIC PLUS SHAMPOO STRONG&THICK 175ML,GUPTA SONS
CLINIC PLUS SHAMPOO STRONG&THICK 340ML,GUPTA SONS
CLINIC PLUS SHAMPOO STRONG&THICK 80ML,GUPTA SONS
CLOSEUP TOOTH PASTE DEEP ACTION MENTHOL FRESH 150GM,GUPTA SONS
CLOSEUP TOOTH PASTE DEEP ACTION RED HOT 150GM,GUPTA SONS
CLOSEUP TOOTH PASTE EUCALYPTUS MINT 150GM,GUPTA SONS
CLOSEUP TOOTH PASTE EVER FRESH RED HOT 50GM,GUPTA SONS
CLOSEUP TOOTH PASTE EVER FRESH RED HOT 80GM,GUPTA SONS
CLOSEUP TOOTH PASTE EVER FRESH RED HOT TUBE 25GM,GUPTA SONS
CLOSEUP TOOTH PASTE FIRE-FREEZE 150GM,GUPTA SONS
CLOSEUP TOOTH PASTE FRESH ACTION PEPPERMINT 150GM,GUPTA SONS
CLOSEUP TOOTH PASTE LEMON MINT 150GM,GUPTA SONS
CLOTH BRUSH RS.40,JAIN BARTAN STORE
CLOTH BRUSH WOODEN RS.40,JAIN BARTAN STORE
CLOTH CLIPS GALAZY RS.85,JAIN BARTAN STORE
CLOTH CLIPS KHUSHI RS.70-/,JAIN BARTAN STORE
COCA COLA BOTTLE 1.25LTR,CHANDIGARH BOTTLING COMPANY 
COCA COLA BOTTLE 2LTR,CHANDIGARH BOTTLING COMPANY 
COCA COLA BOTTLE 600ML,CHANDIGARH BOTTLING COMPANY 
COCA COLA BOTTLE 750ML,CHANDIGARH BOTTLING COMPANY 
COCA COLA CAN 180ML,CHANDIGARH BOTTLING COMPANY 
COCA COLA CAN 300ML,CHANDIGARH BOTTLING COMPANY 
COCA COLA ZERO 300ML,CHANDIGARH BOTTLING COMPANY 
COCA COLA ZERO CAN 300ML,CHANDIGARH BOTTLING COMPANY 
COCOJAL 200ML,MEHAR ENTERPRISES
COCONUT,KHALSA STORE
COCONUT POWDER 100GM,KHALSA STORE
COKE DIET CAN 300ML,CHANDIGARH BOTTLING COMPANY 
COLGATE DENTAL CREAM CAVITY PROTECTION 150GM,SHIV SHAKTI ENTERPRISES 
COLGATE DENTAL CREAM TOOTHPASTE 200GM + 100GM FREE + TOOTHBRUSH 300GM,SHIV SHAKTI ENTERPRISES 
COLGATE MOUTHWASH PLAX ACTIVE SALT 250ML,SHIV SHAKTI ENTERPRISES 
COLGATE MOUTHWASH PLAX FRESH MINT 100ML,SHIV SHAKTI ENTERPRISES 
COLGATE MOUTHWASH PLAX FRESH MINT 250ML,SHIV SHAKTI ENTERPRISES 
COLGATE MOUTHWASH PLAX FRESH MINT 500ML,SHIV SHAKTI ENTERPRISES 
COLGATE MOUTHWASH PLAX FRESH TEA 250ML,SHIV SHAKTI ENTERPRISES 
COLGATE MOUTHWASH PLAX FRESH TEA 500ML,SHIV SHAKTI ENTERPRISES 
COLGATE MOUTHWASH PLAX FRESH TEA 60ML,SHIV SHAKTI ENTERPRISES 
COLGATE MOUTHWASH PLAX PEPPER MINT 250ML,SHIV SHAKTI ENTERPRISES 
COLGATE MOUTHWASH PLAX PEPPER MINT 500ML,SHIV SHAKTI ENTERPRISES 
COLGATE MOUTHWASH PLAX SENSITIVE 250ML,SHIV SHAKTI ENTERPRISES 
COLGATE MOUTHWASH PLAX SPICY FRESH 250ML,SHIV SHAKTI ENTERPRISES 
COLGATE TOOTH BRUSH SENSITIVE ULTRA SOFT 1NOS,SHIV SHAKTI ENTERPRISES 
COLGATE TOOTH BRUSH SENSITIVE ULTRA SOFT 4N,SHIV SHAKTI ENTERPRISES 
COLGATE TOOTH BRUSH SLIM SOFT CHARCOAL,SHIV SHAKTI ENTERPRISES 
COLGATE TOOTH BRUSH SLIM SOFT CHARCOAL 2IN1,SHIV SHAKTI ENTERPRISES 
COLGATE TOOTH BRUSH SPIDERMAN KIDS,SHIV SHAKTI ENTERPRISES 
COLGATE TOOTH BRUSH WHOLE MOUTH CLEAN,SHIV SHAKTI ENTERPRISES 
COLGATE TOOTH BRUSH ZIG ZAG BLACK MEDIUM,SHIV SHAKTI ENTERPRISES 
COLGATE TOOTH BRUSH ZIG ZAG BLACK SOFT 1NOS,SHIV SHAKTI ENTERPRISES 
COLGATE TOOTH BRUSH ZIG ZAG MEDIUM 1N,SHIV SHAKTI ENTERPRISES 
COLGATE TOOTH BRUSH ZIG ZAG SOFT 1N,SHIV SHAKTI ENTERPRISES 
COLGATE TOOTH BRUSH ZIG ZAG SOFT BUT 2 GET 1 FREE,SHIV SHAKTI ENTERPRISES 
COLGATE TOOTH BRUSH ZIGZAG BLACK MWDIUM 5N,SHIV SHAKTI ENTERPRISES 
COLGATE TOOTH PASTE ACTIVE SALT 100GM,SHIV SHAKTI ENTERPRISES 
COLGATE TOOTH PASTE ACTIVE SALT 200GM,SHIV SHAKTI ENTERPRISES 
COLGATE TOOTH PASTE ACTIVE SALT HEALTHY TIGHT GUMS 100GM,SHIV SHAKTI ENTERPRISES 
COLGATE TOOTH PASTE ACTIVE SALT HEALTHY TIGHT GUMS 200GM,SHIV SHAKTI ENTERPRISES 
COLGATE TOOTH PASTE ACTIVE SALT HEALTHY WHITE 100GM,SHIV SHAKTI ENTERPRISES 
COLGATE TOOTH PASTE ACTIVE SALT HEALTHY WHITE 200GM,SHIV SHAKTI ENTERPRISES 
COLGATE TOOTH PASTE ADVANCED PROTECTION 100GM,SHIV SHAKTI ENTERPRISES 
COLGATE TOOTH PASTE ADVANCED PROTECTION SAVER PACK,SHIV SHAKTI ENTERPRISES 
COLGATE TOOTH PASTE BUBBLE FRUIT 40GM,SHIV SHAKTI ENTERPRISES 
COLGATE TOOTH PASTE BUBBLE FRUIT MINIONS 80GM,SHIV SHAKTI ENTERPRISES 
COLGATE TOOTH PASTE CAVITY PROTECTION 200GM,SHIV SHAKTI ENTERPRISES 
COLGATE TOOTH PASTE CAVIY PROTECTION 23GM,SHIV SHAKTI ENTERPRISES 
COLGATE TOOTH PASTE CIBACA 175GM,SHIV SHAKTI ENTERPRISES 
COLGATE TOOTH PASTE CIBACA 350GM,SHIV SHAKTI ENTERPRISES 
COLGATE TOOTH PASTE CIBACA VEDSHAKTI 175GM,SHIV SHAKTI ENTERPRISES 
COLGATE TOOTH PASTE CIBACA VEDSHAKTI 80GM,SHIV SHAKTI ENTERPRISES 
COLGATE TOOTH PASTE EVER FRESH RED HOT 150+150=300GM,GUPTA SONS
COLGATE TOOTH PASTE HERBAL 100GM,SHIV SHAKTI ENTERPRISES 
COLGATE TOOTH PASTE HERBAL 200GM,SHIV SHAKTI ENTERPRISES 
COLGATE TOOTH PASTE MAXFRESH CITRUS BLAST 150GM,SHIV SHAKTI ENTERPRISES 
COLGATE TOOTH PASTE MAXFRESH PEPPERMINT ICE 150GM,SHIV SHAKTI ENTERPRISES 
COLGATE TOOTH PASTE MAXFRESH PEPPERMINT ICE 80GM,SHIV SHAKTI ENTERPRISES 
COLGATE TOOTH PASTE MAXFRESH SPICY FRESH 150GM,SHIV SHAKTI ENTERPRISES 
COLGATE TOOTH PASTE MAXFRESH SPICY FRESH 80GM,SHIV SHAKTI ENTERPRISES 
COLGATE TOOTH PASTE MAXFRESH SPICY FRESH COOLING CRYSTALS 2X150GM,SHIV SHAKTI ENTERPRISES 
COLGATE TOOTH PASTE SENSITIVE ORIGINAL 80GM,SHIV SHAKTI ENTERPRISES 
COLGATE TOOTH PASTE SPIDER MAN BUBBLE FRUIT FLAVOR 80GM,SHIV SHAKTI ENTERPRISES 
COLGATE TOOTH PASTE STRAWBERRY FLAVOR 40GM,SHIV SHAKTI ENTERPRISES 
COLGATE TOOTH PASTE SWARNA VEDSHAKTI 100GM,SHIV SHAKTI ENTERPRISES 
COLGATE TOOTH PASTE SWARNA VEDSHAKTI 200GM,SHIV SHAKTI ENTERPRISES 
COLGATE TOOTH PASTE TOTAL ADVANCED HEALTH 120GM,SHIV SHAKTI ENTERPRISES 
COLGATE TOOTH PASTE TOTAL ADVANCED HEALTH 2X120=240GM,SHIV SHAKTI ENTERPRISES 
COLGATE TOOTH PASTE TOTAL CHARCOAL DEEP CLEAN 120GM,SHIV SHAKTI ENTERPRISES 
COLGATE TOOTH PASTE TOTAL CHARCOAL DEEP CLEAN 2X120GM,SHIV SHAKTI ENTERPRISES 
COLGATE TOOTH PASTE VISIBLE WHITE 100GM,SHIV SHAKTI ENTERPRISES 
COLGATE TOOTH PASTE VISIBLE WHITE 2X100GM,SHIV SHAKTI ENTERPRISES 
COLGATE TOOTH PASTE VISIBLE WHITE 50GM,SHIV SHAKTI ENTERPRISES 
COLIN GLASS CLEANER SHINE BOOSTERS 500ML,GR ENTERPRISES
COLIN GLASS CLEANER WITH SHINE BOOSTERS 250ML,GR ENTERPRISES
COLIN POWER CLEANER 400ML,GR ENTERPRISES
COMB RS.15,JEWELS ELEVEN 
COMB RS.25,JEWELS ELEVEN 
COMB RS.30,JEWELS ELEVEN 
COMFORT FABRIC CONDITIONER FRAGRANCE PEARLS AFTER WASH BLUE 220ML,GUPTA SONS
COMFORT FABRIC CONDITIONER FRAGRANCE PEARLS AFTER WASH BLUE 800ML,GUPTA SONS
COMFORT FABRIC CONDITIONER FRAGRANCE PEARLS AFTER WASH GREEN 860ML,GUPTA SONS
COMFORT FABRIC CONDITIONER FRAGRANCE PEARLS AFTER WASH PINK 200ML,GUPTA SONS
COMFORT FABRIC CONDITIONER FRAGRANCE PEARLS AFTER WASH PINK 800ML,GUPTA SONS
COMPLAN KESAR BADAM BEST EVER FORMULA 200GM,SUPER DISTRIBUTION NETWORK
COMPLAN MAGIC CHOCOLATE 500GM,SUPER DISTRIBUTION NETWORK
COMPLAN MAGIC COOKIE 500GM,SUPER DISTRIBUTION NETWORK
COMPLAN PISTA BADAM FLAVOUR 500GM,SUPER DISTRIBUTION NETWORK
COMPLAN ROYALE CHOCOLATE FLAVOUR 500GM,SUPER DISTRIBUTION NETWORK
CONTINENTAL SPECIAL 100% PURE INSTANT COFFEE 7GM,HARYANA STORES PVT. LTD.
CONTINENTAL SPECIAL GRANULES COFFEE 200GM,HARYANA STORES PVT. LTD.
CONTINENTAL SPECIAL GRANULES COFFEE 25GM,HARYANA STORES PVT. LTD.
CONTINENTAL SPECIAL GRANULES COFFEE 4.5GM,HARYANA STORES PVT. LTD.
CONTINENTAL SPECIAL GRANULES COFFEE 50GM,HARYANA STORES PVT. LTD.
COOKSMART COTTON APRONS,PRINCE HANDLOOM 
CORNITOS CHEESY DIP JALAPENO 100GM,KAY KAY ENTERPRISES
CORNITOS NACHO CRISPS BARBEQUE 60GM,KAY KAY ENTERPRISES
CORNITOS NACHO CRISPS CHEESE AND HERBS 150GM,KAY KAY ENTERPRISES
CORNITOS NACHO CRISPS CHEESE AND HERBS 60GM,KAY KAY ENTERPRISES
CORNITOS NACHO CRISPS LIME AND MINT 60GM,KAY KAY ENTERPRISES
CORNITOS NACHO CRISPS PERI PERI 150GM,KAY KAY ENTERPRISES
CORNITOS NACHO CRISPS PERI PERI 60GM,KAY KAY ENTERPRISES
CORNITOS NACHO CRISPS SEA SALT 150GM,KAY KAY ENTERPRISES
CORNITOS NACHO CRISPS SIZZLIN JALAPENO 150GM,KAY KAY ENTERPRISES
CORNITOS NACHO CRISPS SIZZLIN JALAPENO 60GM,KAY KAY ENTERPRISES
CORNITOS NACHO CRISPS SOUR CREAM AND ONION 150GM,KAY KAY ENTERPRISES
CORNITOS NACHO CRISPS SOUR CREAM AND ONION 60GM,KAY KAY ENTERPRISES
CORNITOS NACHO CRISPS THAI SWEET CHILI 60GM,KAY KAY ENTERPRISES
CORNITOS NACHO CRISPS TIKKA MASALA 150GM,KAY KAY ENTERPRISES
CORNITOS NACHO CRISPS TIKKA MASALA 60GM,KAY KAY ENTERPRISES
CORNITOS NACHO CRISPS TOMATO MEXICANA 150GM,KAY KAY ENTERPRISES
CORNITOS NACHO CRISPS TOMATO MEXICANA 60GM,KAY KAY ENTERPRISES
CORNITOS NACHO CRISPS WASABI 150gm,KAY KAY ENTERPRISES
CORNITOS POP N CRUNCH COATED GREEN PEAS HOT AND SPICY 26GM,KAY KAY ENTERPRISES
CORNITOS POP N CRUNCH CRACK PEPPER PREMIUN ROASTED CASHEWS 30GM,KAY KAY ENTERPRISES
CORNITOS POP N CRUNCH GREEN PEAS WASABI 26GM,KAY KAY ENTERPRISES
CORNITOS POP N CRUNCH PUMPKIN SEEDS ROASTED SALTED 30GM,KAY KAY ENTERPRISES
CORNITOS PREMIUM PEANUTS SALTED 150GM,KAY KAY ENTERPRISES
CORNITOS ROASTED ALMONDS 30GM,KAY KAY ENTERPRISES
CORNITOS SALSA DIP,KAY KAY ENTERPRISES
CORNITOS SLICE BURGER DILL GHERKINS 180GM,KAY KAY ENTERPRISES
CORNITOS SLICE JALAPENO PEPPERS 180GM,KAY KAY ENTERPRISES
CORNITOS TACO SHELLS 12SHELLS 80GM,KAY KAY ENTERPRISES
CRANBERRY SEED 100GM,KHALSA STORE
CREMICA AJWAIN CRACKER BISCUIT 150GM+50GM=200GM,GURU AMARDAS TRADERS 
CREMICA BOURBON 120GM,GURU AMARDAS TRADERS 
CREMICA BURGER MAYO EGGLESS 300GM,JAGDAMBA TRADING CO.
,MK TRADERS
CREMICA BURGER MAYO EGGLESS 300GM Total,
CREMICA BUTTER COOKIES CLASSIC RICH 200GM,GURU AMARDAS TRADERS 
CREMICA BUTTER COOKIES CLASSIC RICH 90GM,GURU AMARDAS TRADERS 
CREMICA BUTTER CREAM BISCUITS 100GM,GURU AMARDAS TRADERS 
CREMICA CAESAR SALAD DRESSING 350GM,JAGDAMBA TRADING CO.
,MK TRADERS
CREMICA CAESAR SALAD DRESSING 350GM Total,
CREMICA CASHEW COOKIES 85GM,GURU AMARDAS TRADERS 
CREMICA CHILLI GARLIC DIP 220GM,JAGDAMBA TRADING CO.
,MK TRADERS
CREMICA CHILLI GARLIC DIP 220GM Total,
CREMICA COCONUT COOKIES 120GM,GURU AMARDAS TRADERS 
CREMICA CORNFLAKES DIGESTIVE BISCUITS 100GM,GURU AMARDAS TRADERS 
CREMICA CRISP N LITE AJWAIN CRACKER BISCUIT 90GM,GURU AMARDAS TRADERS 
CREMICA DIGESTIVE BISCUITS 150GM,GURU AMARDAS TRADERS 
CREMICA DIGESTIVE HIGH  BRAN BISCUITS 250GM,GURU AMARDAS TRADERS 
CREMICA ENGLISH MUSTARD SAUCE 300GM,JAGDAMBA TRADING CO.
CREMICA GOLDEN BYTES MIXED NUT COOKIES 200GM,GURU AMARDAS TRADERS 
CREMICA GOLDEN BYTES RICH BUTTER COOKIES 66GM,GURU AMARDAS TRADERS 
CREMICA HEALTHY OATMEAL COOKIES 150GM,GURU AMARDAS TRADERS 
CREMICA JEERA LITE BISCUITS 200GM,GURU AMARDAS TRADERS 
CREMICA JEERA LITE BISCUITS 90GM,GURU AMARDAS TRADERS 
CREMICA KALONJI CRACKER BISCUIT 90GM,GURU AMARDAS TRADERS 
CREMICA KASUNDI MUSTARD SAUCE 300GM,MK TRADERS
CREMICA MARIE CLASSIC TEA TIME DELIGHT 100GM,GURU AMARDAS TRADERS 
CREMICA MAYO EGG 275GM,MK TRADERS
CREMICA MAYO LITE 275GM,MK TRADERS
CREMICA MAYO VEGETARIAN 275GM,MK TRADERS
CREMICA OATMEAL DIESTIVE BISCUITS 120GM,GURU AMARDAS TRADERS 
CREMICA PIZZA PASTA SAUCE 300GM,MK TRADERS
CREMICA PIZZA PASTA SAUCE 425GM,MK TRADERS
CREMICA RUSSIAN SALAD DRESSING 350GM,JAGDAMBA TRADING CO.
,MK TRADERS
CREMICA RUSSIAN SALAD DRESSING 350GM Total,
CREMICA SALSA MEXICANA VEG SAUCE 220GM,JAGDAMBA TRADING CO.
,MK TRADERS
CREMICA SALSA MEXICANA VEG SAUCE 220GM Total,
CREMICA SANDWICH MINT 275GM,JAGDAMBA TRADING CO.
,MK TRADERS
CREMICA SANDWICH MINT 275GM Total,
CREMICA SANDWICH SPREAD CARROT+CUCUMBER 275GM,JAGDAMBA TRADING CO.
,MK TRADERS
CREMICA SANDWICH SPREAD CARROT+CUCUMBER 275GM Total,
CREMICA SANDWICH SPREAD CLASSIC 275GM,MK TRADERS
CREMICA SANDWICH SPREAD PIRI PIRI 275GM,JAGDAMBA TRADING CO.
,MK TRADERS
CREMICA SANDWICH SPREAD PIRI PIRI 275GM Total,
CREMICA SANDWICH SPREAS CHIPOLITE 275GM,MK TRADERS
CREMICA SANSWICH SPREAD CHEESE 275GM,JAGDAMBA TRADING CO.
,MK TRADERS
CREMICA SANSWICH SPREAD CHEESE 275GM Total,
CREMICA STRAWBERRY CREAM BISCUTS 100GM,GURU AMARDAS TRADERS 
CREMICA TANDOORI SANDWICH MAYO 275GM,MK TRADERS
CREMICA TARTAR SAUCE VEG 275GM,JAGDAMBA TRADING CO.
,MK TRADERS
CREMICA TARTAR SAUCE VEG 275GM Total,
CREMICA THOUSAND ISLAND 275GM,JAGDAMBA TRADING CO.
,MK TRADERS
CREMICA THOUSAND ISLAND 275GM Total,
CREMICA THOUSAND ISLAND SALAD DRESSING 350GM,MK TRADERS
CREMICA VINAIGRETTE SALAD DRESSING 350GM,JAGDAMBA TRADING CO.
,MK TRADERS
CREMICA VINAIGRETTE SALAD DRESSING 350GM Total,
CRYSTAL LEMON SQUEEZER,ANIL AGENCIES
CRYSTAL PEELER CUM SCRAPER,ANIL AGENCIES
CRYSTAL STAINLES STEEL STAINER,ANIL AGENCIES
CRYSTAL STAINLESS STEEL (B),ANIL AGENCIES
CYCLE GODHULI AGARBATHIES 120GM,KANWAL AGENCIES
CYCLE HONEY ROSE AGARBATHI,KANWAL AGENCIES
CYCLE HONEY ROSE AGARBATHI 16N,KANWAL AGENCIES
CYCLE POPULAR AGARBATHI COSMATIQ 122GM,KANWAL AGENCIES
CYCLE POPULAR AGARBATHI FLAVARZ 122GM,KANWAL AGENCIES
CYCLE POPULAR AGARBATHI PARFUM 122GM,KANWAL AGENCIES
CYCLE SANDALUM AGARBATHIES 110GM,KANWAL AGENCIES
CYCLE SANDALUM AGARBATHIES 12N,KANWAL AGENCIES
CYCLE THREE IN ONE AGARBATHIES 115GM,KANWAL AGENCIES
CYCLE THREE IN ONE AGARBATHIES 19GM,KANWAL AGENCIES
CYCLE THREE IN ONE AGARBATHIES 75GM,KANWAL AGENCIES
DAAWAT BIRYANI BASMATI RICE 1KG,OM AGENCIES
DAAWAT BIRYANI BASMATI RICE 5KG,OM AGENCIES
DAAWAT BROWN BASMATI JAR1KG,OM AGENCIES
DAAWAT DUBAR BASMATI RICE 1KG,OM AGENCIES
DAAWAT DUBAR BASMATI RICE 5KG,OM AGENCIES
DAAWAT PULAV BASMATI RICE 1KG,OM AGENCIES
DAAWAT PULAV BASMATI RICE 5KG,OM AGENCIES
DAAWAT ROZANA GOLD BASMATI RICE 1KG,OM AGENCIES
DAAWAT ROZANA GOLD BASMATI RICE 5KG,OM AGENCIES
DAAWAT SUPER BASMATI RICE 1KG,OM AGENCIES
DAAWAT SUPER BASMATI RICE 5KG,OM AGENCIES
DAAWAT TRADITIONAL BASMATI RICE 1KG,OM AGENCIES
DABUR ALMOND HAIR OIL 100ML,RUHANI ENTERPRISES
DABUR ALMOND HAIR OIL 200ML,RUHANI ENTERPRISES
DABUR ALMOND HAIR OIL 500ML,RUHANI ENTERPRISES
DABUR AMLA HAIR OIL 100ML,RUHANI ENTERPRISES
DABUR AMLA HAIR OIL 200ML,RUHANI ENTERPRISES
DABUR AMLA HAIR OIL 300ML,RUHANI ENTERPRISES
DABUR AMLA HAIR OIL 450ML,RUHANI ENTERPRISES
DABUR ANMOL GOLD PURE COCONUT OIL BOX 200ML,RUHANI ENTERPRISES
DABUR BABOOL TOOTH PASTE 2X180GM,RUHANI ENTERPRISES
DABUR CHYAWANPRAKASH SUGARFREE 500GM,NATIONAL TRADERS
DABUR CHYAWANPRASH AWALEHA 1KG,RUHANI ENTERPRISES
DABUR CHYAWANPRASH AWALEHA 500GM,RUHANI ENTERPRISES
DABUR GLUCOSE-D 250GM,RUHANI ENTERPRISES
DABUR GLUCOSE-D LEMON FLAVOUR 125GM,RUHANI ENTERPRISES
DABUR GULABARI 120ML,RUHANI ENTERPRISES
DABUR GULABARI 59ML,RUHANI ENTERPRISES
DABUR GULABARI FACE CLEANSER ROSE GLOW 100ML,RUHANI ENTERPRISES
DABUR GULABARI GULAB JAL 250ML,RUHANI ENTERPRISES
DABUR HAJMULA REGULAR BOTTLE,RUHANI ENTERPRISES
DABUR HINGOLI BOTTLE,RUHANI ENTERPRISES
DABUR HOMMADE COCONUT MILK 200ML,RUHANI ENTERPRISES
DABUR HOMMADE GARLIC PASTE 200GM,RUHANI ENTERPRISES
DABUR HOMMADE GINGER GARLIC PASTE 200GM,RUHANI ENTERPRISES
DABUR HOMMADE GINGER PASTE 200GM,RUHANI ENTERPRISES
DABUR HOMMADE LEMONEEZ 250ML,RUHANI ENTERPRISES
DABUR HOMMADE TAMARIND PASTE 200GM,RUHANI ENTERPRISES
DABUR HOMMADE TOMATO PUREE 200GM,RUHANI ENTERPRISES
DABUR LAL DANT MANJAN 150GM,RUHANI ENTERPRISES
DABUR LAL DANT MANJAN 60GM,RUHANI ENTERPRISES
DABUR MESWAK 100GM,RUHANI ENTERPRISES
DABUR MESWAK 200GM,RUHANI ENTERPRISES
DABUR MESWAK 300GM,RUHANI ENTERPRISES
DABUR RED PASTE 100GM,RUHANI ENTERPRISES
DABUR RED PASTE 200GM,RUHANI ENTERPRISES
DABUR RED PASTE 300GM,RUHANI ENTERPRISES
DABUR SARSO AMLA HAIR OIL 100ML,RUHANI ENTERPRISES
DABUR SARSO AMLA HAIR OIL 200ML,RUHANI ENTERPRISES
DABUR SARSON HAIR OIL 500ML,RUHANI ENTERPRISES
DABUR TOOTH PASTE BABOOL 200GM,RUHANI ENTERPRISES
DABUR TOOTH PASTE RED GEL AYURVEDIC GEL 80GM,RUHANI ENTERPRISES
DABUR VATIKA COCONUT HAIR OIL 150ML,RUHANI ENTERPRISES
DABUR VATIKA SHAMPOO HEALTH 7 SATT POSHAN 340ML,RUHANI ENTERPRISES
DAL ARHAR 1KG,KHALSA STORE
DAL ARHAR 500GM,KHALSA STORE
DAL CHANNA 1KG,KHALSA STORE
DAL CHANNA 500GM,KHALSA STORE
,SOUL BOWL
DAL CHANNA 500GM Total,
DAL CHINI 25GM,KHALSA STORE
DAL KABULI CHANNA 1KG,KHALSA STORE
DAL KABULI CHANNA 500GM,KHALSA STORE
,SOUL BOWL
DAL KABULI CHANNA 500GM Total,
DAL KALA CHANNA 1KG,KHALSA STORE
DAL KALA CHANNA 500GM,KHALSA STORE
,SOUL BOWL
DAL KALA CHANNA 500GM Total,
DAL KALI MASOOR 1KG,KHALSA STORE
DAL KALI MASOOR 500GM,KHALSA STORE
,SOUL BOWL
DAL KALI MASOOR 500GM Total,
DAL LAL MASURI 1KG,KHALSA STORE
DAL LAL MASURI 500GM,KHALSA STORE
,SOUL BOWL
DAL LAL MASURI 500GM Total,
DAL MA SABUT 1KG,KHALSA STORE
DAL MA SABUT 500GM,KHALSA STORE
,SOUL BOWL
DAL MA SABUT 500GM Total,
DAL MALKA 1KG,KHALSA STORE
DAL MALKA 500GM,KHALSA STORE
,SOUL BOWL
DAL MALKA 500GM Total,
DAL MOONG CHILKA 1KG,KHALSA STORE
DAL MOONG CHILKA 500GM,KHALSA STORE
,SOUL BOWL
DAL MOONG CHILKA 500GM Total,
DAL MOONG DHULI 1KG,KHALSA STORE
DAL MOONG DHULI 500GM,KHALSA STORE
,SOUL BOWL
DAL MOONG DHULI 500GM Total,
DAL MOONG SABUT 1KG,KHALSA STORE
DAL MOONG SABUT 500GM,KHALSA STORE
,SOUL BOWL
DAL MOONG SABUT 500GM Total,
DAL RAJMA CHITRA 1KG,KHALSA STORE
DAL RAJMA CHITRA 500GM,KHALSA STORE
,SOUL BOWL
DAL RAJMA CHITRA 500GM Total,
DAL RED RAJMA 1KG,KHALSA STORE
DAL RED RAJMA 500GM,KHALSA STORE
DAL RONGI 1KG,KHALSA STORE
DAL RONGI 500GM,KHALSA STORE
DAL SOYABEAN 1KG,KHALSA STORE
DAL SOYABEAN 500GM,KHALSA STORE
DAL SPROUTS KALA CHANA 250GM,CASH 
DAL SPROUTS MOONG SABUT 250GM,CASH 
DAL URAD CHILKA 1KG,KHALSA STORE
DAL URAD CHILKA 500GM,KHALSA STORE
,SOUL BOWL
DAL URAD CHILKA 500GM Total,
DAL URAD DHULI 1KG,KHALSA STORE
DAL URAD DHULI 500GM,KHALSA STORE
,SOUL BOWL
DAL URAD DHULI 500GM Total,
DAURALA BREAKFAST SUGAR WHITE 1KG,SUPER TRADERS
DAURALA BROWN SUGAR 1KG,SUPER TRADERS
DAURALA SUGAR 5GM,SUPER TRADERS
DAURALA SUGER CUBES 500GM,SUPER TRADERS
DEL MONTE  PITTED BLACK OLIVES 450GM,NSS FOODS 
DEL MONTE BAKED BEANS IN SAUCE 450GM,NSS FOODS 
DEL MONTE CHIFFERI RIGATI PASTA 500GM,NSS FOODS 
DEL MONTE CORN WHOLE KERNEL 260GM,NSS FOODS 
DEL MONTE CRANBERRIES 130GM,NSS FOODS 
DEL MONTE FARFALLE PASTA 500GM,NSS FOODS 
DEL MONTE FIESTA FRUIT COCKTAIL 550GM,NSS FOODS 
DEL MONTE FRUIT COCKTAIL 500GM,NSS FOODS 
DEL MONTE OLIVE BLACK SLICE 230GM,NSS FOODS 
DEL MONTE OLIVE GREEN PITTED 227GM,NSS FOODS 
DEL MONTE OLIVE GREEN SLICE 230GM,NSS FOODS 
DEL MONTE PASTA WHOLEWHEAT SPIRALI 500GM,NSS FOODS 
DEL MONTE PENNE RIGATE PASTA 500GM,NSS FOODS 
DEL MONTE PENNE RIGATE WHOLEWHEAT PASTA 500GM,NSS FOODS 
DEL MONTE PENNE TRICOLOR PASTA 500GM,NSS FOODS 
DEL MONTE PINEAPPLE SLICE 266GM,NSS FOODS 
DEL MONTE PINEAPPLE SLICE 836GM,NSS FOODS 
DEL MONTE PRUNES 210GM,NSS FOODS 
DEL MONTE SPAGHETTI 500GM,NSS FOODS 
DEL MONTE SPIRALI PASTA 500GM,NSS FOODS 
DEL MONTE SPIRALI TRICOLOUR PASTA 500GM,NSS FOODS 
DEL MONTE TOMATO KETCHUP 8GM,NSS FOODS 
DEL MONTE WHOLE GREEN OLIVES 450GM,NSS FOODS 
DEL MONTR STUFFED GREEN OLIVES 280GM,NSS FOODS 
DERMI COOL TALCUM CITRUS 150GM,GR ENTERPRISES
DERMI COOL TALCUM LAVENDER 150GM,GR ENTERPRISES
DERMI COOL TALCUM REGULAR 150GM,GR ENTERPRISES
DERMI COOL TALCUM REGULER 90GM,GR ENTERPRISES
DERMI COOL TALCUM SANDAL 150GM,GR ENTERPRISES
DETTOL ANTISEPTIC LIQUID 110ML,GR ENTERPRISES
DETTOL ANTISEPTIC LIQUID 200ML,GR ENTERPRISES
DETTOL ANTISEPTIC LIQUID 500ML,GR ENTERPRISES
DETTOL ANTISEPTIC LIQUID 60ML,GR ENTERPRISES
DETTOL DISINFECTANT LIQUID MENTHOL COOL 200ML,GR ENTERPRISES
DETTOL DISINFECTANT LIQUID MENTHOL COOL 500ML,GR ENTERPRISES
DETTOL HAND SANITIZER 200ML,GR ENTERPRISES
DETTOL HAND SANITIZER FLORAL ESSENCE 50ML,GR ENTERPRISES
DETTOL HAND SANITIZER ORIGINAL 50ML,GR ENTERPRISES
DETTOL HAND SANITIZER ORIGINAL WITH COVER 50ML,GR ENTERPRISES
DETTOL HAND WASH COOL LIQUID REFILL 175ML,GR ENTERPRISES
DETTOL HAND WASH COOL LIQUID REFILL 3X175ML,GR ENTERPRISES
DETTOL HAND WASH COOL PUMP 200ML,GR ENTERPRISES
DETTOL HAND WASH COOL PUMP 250ml,GR ENTERPRISES
DETTOL HAND WASH GOLD LIQUID CLASSIC CLEAN 175ML,GR ENTERPRISES
DETTOL HAND WASH GOLD LIQUID CLASSIC CLEAN 250ML,GR ENTERPRISES
DETTOL HAND WASH GOLD LIQUID CLASSIC CLEAN 3X175ML,GR ENTERPRISES
DETTOL HAND WASH GOLD LIQUID DAILY CLEAN 185ML,GR ENTERPRISES
DETTOL HAND WASH GOLD LIQUID DAILY CLEAN 250ML,GR ENTERPRISES
DETTOL HAND WASH ORIGINAL LIQUID 3X175ML,GR ENTERPRISES
DETTOL HAND WASH ORIGINAL LIQUID 450ML,GR ENTERPRISES
DETTOL HAND WASH ORIGINAL LIQUID 900ML,GR ENTERPRISES
DETTOL HAND WASH ORIGINAL LIQUID PUMP 200ML,GR ENTERPRISES
DETTOL HAND WASH ORIGINAL LIQUID REFILL 175ML,GR ENTERPRISES
DETTOL HAND WASH ORIGINAL LIQUID REFILL 750ML,GR ENTERPRISES
DETTOL HAND WASH RE ENERGIZE LIQUID PUMP 200ML,GR ENTERPRISES
DETTOL HAND WASH RE ENERGIZE LIQUID REFILL 175ML,GR ENTERPRISES
DETTOL HAND WASH SENSITIVE 750ML,GR ENTERPRISES
DETTOL HAND WASH SENSITIVE 900ML,GR ENTERPRISES
DETTOL HAND WASH SENSITIVE LIQUID PUMP 200ML,GR ENTERPRISES
DETTOL HAND WASH SENSITIVE LIQUID PUMP 215ml,GR ENTERPRISES
DETTOL HAND WASH SENSITIVE REFILL 175ML,GR ENTERPRISES
DETTOL HAND WASH SENSITIVE REFILL 3X175ML,GR ENTERPRISES
DETTOL HAND WASH SKINCARE LIQUID 900ML,GR ENTERPRISES
DETTOL HAND WASH SKINCARE LIQUID PUMP 200ML,GR ENTERPRISES
DETTOL HAND WASH SKINCARE LIQUID REFILL 175ML,GR ENTERPRISES
DETTOL HAND WASH SKINCARE LIQUID REFILL 3X175ML,GR ENTERPRISES
DETTOL HAND WASH SKINCARE LIQUID REFILL 750ML,GR ENTERPRISES
DETTOL HAND WASH SKINCARE LIQUID REFILL 900ML,GR ENTERPRISES
DETTOL HYGIENE LIQUID 200ML,GR ENTERPRISES
DETTOL HYGIENE LIQUID 500ML,GR ENTERPRISES
DETTOL KITCHEN DISH & SLAB GEL LEMON FRESH 750ML,GR ENTERPRISES
DETTOL KITCHEN LEMON FRESH GEL 200ML,GR ENTERPRISES
DETTOL KITCHEN LEMON FRESH GEL 400ML,GR ENTERPRISES
DETTOL KITCHEN LEMON FRESH REFILL 130ML,GR ENTERPRISES
DETTOL KITCHEN LIME SPIASH 200ML,GR ENTERPRISES
DETTOL KITCHEN LIME SPIASH REFILL 130ML,GR ENTERPRISES
DETTOL KITCHEN LIME SPIASH REFILL 400ML,GR ENTERPRISES
DETTOL KITCHEN LIME SPLASH 750ML,GR ENTERPRISES
DETTOL LATHER SHAVING CREAM COOL 90GM,GR ENTERPRISES
DETTOL LATHER SHAVING CREAM FRESH 90GM,GR ENTERPRISES
DETTOL SOAP COOL 4X125GM,GR ENTERPRISES
DETTOL SOAP COOL 4X75GM,GR ENTERPRISES
DETTOL SOAP COOL 75GM,GR ENTERPRISES
DETTOL SOAP DEEP CLEANSE 3X125GM,GR ENTERPRISES
DETTOL SOAP DEEP CLEANSE 4X75GM,GR ENTERPRISES
DETTOL SOAP DEEP CLEANSE 75GM,GR ENTERPRISES
DETTOL SOAP ORIGINAL 125GM,GR ENTERPRISES
DETTOL SOAP ORIGINAL 3X125GM,GR ENTERPRISES
DETTOL SOAP ORIGINAL 4X125GM,GR ENTERPRISES
DETTOL SOAP ORIGINAL 4X75GM,GR ENTERPRISES
DETTOL SOAP ORIGINAL 75GM,GR ENTERPRISES
DETTOL SOAP SKIN CARE 125GM,GR ENTERPRISES
DETTOL SOAP SKIN CARE 3X125GM,GR ENTERPRISES
DETTOL SOAP SKIN CARE 75GM,GR ENTERPRISES
DETTOL SQUEEZY ORIGINAL 110ML,GR ENTERPRISES
DETTOL SQUEEZY SKINCARE 110ML,GR ENTERPRISES
DEVDARSHAN DHOOP 50GM,KHALSA STORE
DHAMPUR GREEN DEMERARA SUGAR 4GM,SUPER TRADERS
DHAMPUR GREEN NATURAL JAGGERY (GUD)220GM,ARTICOLO INDIA
DHAMPURE DEMERARA SUGAR BROWN 500GM,SUPER TRADERS
DIET FOODS CORN CHIPS 150GM,SHIVAY ENTERPRISES
DIET FOODS CORN SCHEZWAN TRIANGLE 150GM,SHIVAY ENTERPRISES
DIET FOODS MASALA TRIANGLE 150GM,SHIVAY ENTERPRISES
DIET FOODS PIRI PIRI SOYA CHIPS 150GM,SHIVAY ENTERPRISES
DIET FOODS SOYA CHEESE CHIPS 50GM,SHIVAY ENTERPRISES
DIET FOODS SOYA CHIPS 150GM,SHIVAY ENTERPRISES
DIET FOODS SOYA KATORI 120GM,SHIVAY ENTERPRISES
DIET FOODS SOYA MANCHURIAN STICKS GARLIC 150GM,SHIVAY ENTERPRISES
DIET FOODS SOYA STICKS 150GM,SHIVAY ENTERPRISES
DIET FOODS THAI SWEET CHILLI SOYA CHIPS 150GM,SHIVAY ENTERPRISES
DIET FOODS WHOLE WHEAT BRAN 200GM,SHIVAY ENTERPRISES
DINDAYAL AUSHADHI APPLE VINEGAR 500ML,NATIONAL ENTERPRISES
DISANO PASTA SPAGETHTI 500GM,RUDRA TRADING CO.
DOMEX 2 IN 1 PHENOLIC CLEANER 500ML,GUPTA SONS
DOMEX FLOOR CLEANER DISINFECTANT  500ML,GUPTA SONS
DOMEX TOILET EXPERT ORIGINAL ACTIVE GREEN FORMULA 1LTR,GUPTA SONS
DORITOS NACHO CHEESE FLAVOUR 75GM,GRACE DRINKS PRIVATE LIMITED
,GRACE SALES PVT LTD
DORITOS NACHO CHEESE FLAVOUR 75GM Total,
DORITOS NACHO NACHO CHEESE FLAVOUR 150GM,GRACE DRINKS PRIVATE LIMITED
,GRACE SALES PVT LTD
DORITOS NACHO NACHO CHEESE FLAVOUR 150GM Total,
DORITOS SWEET CHILLI FLAVOUR 150GM,GRACE DRINKS PRIVATE LIMITED
,GRACE SALES PVT LTD
DORITOS SWEET CHILLI FLAVOUR 150GM Total,
DORITOS SWEET CHILLI FLAVOUR 75GM,GRACE DRINKS PRIVATE LIMITED
,GRACE SALES PVT LTD
DORITOS SWEET CHILLI FLAVOUR 75GM Total,
DOUBLEMINT ORANGE FLAVOURED 4.8GM,KANWAL AGENCIES
DOVE BABY CARE WIPES RICH MOISTURE 50WIPES,GUPTA SONS
DOVE BABY HAIR TO TOE BABY WASH RICH MOISTURE 200ML,GUPTA SONS
DOVE BABY MASSAGE OIL RICH MOISTURE 100ML,GUPTA SONS
DOVE BABY MASSAGE OIL RICH MOISTURE 200ML,GUPTA SONS
DOVE BABY NOURISHING BABY LOTION RICH MOISTURE 200ML,GUPTA SONS
DOVE BABY SHAMPOO RICH MOISTURE 200ML,GUPTA SONS
DOVE BABY SOAP BATHING BAR RICH MOISTURE 75GM,GUPTA SONS
DOVE BEAUTY MOISTUR FACIAL CLEANSER 100GM,GUPTA SONS
DOVE BEAUTY MOISTURE NUTRIUM MOISTURE BEAUTY SERUM 50GM,GUPTA SONS
DOVE BODY WASH DEEPLY NOURISHING 190ML,GUPTA SONS
DOVE BODY WASH GENTLE EXFLOITING NUTRIUM MOISTURE190ML,GUPTA SONS
DOVE BODY WASH GO FRESH NUTRIUM MOISTURE 190ML,GUPTA SONS
DOVE CONDITIONER DAILY SHINE 180ML,GUPTA SONS
DOVE CONDITIONER DAILY SHINE 80ML,GUPTA SONS
DOVE CONDITIONER DRYNESS CARE 180ML,GUPTA SONS
DOVE CONDITIONER DRYNESS CARE 80ML,GUPTA SONS
DOVE CONDITIONER ENVIRNMENTAL DEFENCE 80ML,GUPTA SONS
DOVE CONDITIONER HAIR FALL RESCUE 180ML,GUPTA SONS
DOVE CONDITIONER HAIR FALL RESCUE 80ML,GUPTA SONS
DOVE CONDITIONER INTENSE REPAIR 190ML,GUPTA SONS
DOVE CONDITIONER INTENSE REPAIR 75ML,GUPTA SONS
DOVE CONDITIONER INTENSE REPAIR DAMAGE THERAPY 170ML,GUPTA SONS
DOVE CONDITIONER OXYGEN MOISTURE 180ML,GUPTA SONS
DOVE CONDITIONER OXYGEN MOISTURE 80ML,GUPTA SONS
DOVE CONDITIONER REGENERATIVE REPAIR 240ML,GUPTA SONS
DOVE CONDITIONER REJUVENATED VOLUME 240ML,GUPTA SONS
DOVE MOISTURE INNER GLOW FOR SMOOTH & GLOWING SKIN 100GM,GUPTA SONS
DOVE PINK ROSE BATHING BAR 3X100GM,GUPTA SONS
DOVE PINK ROSE BEATHING BAR 75GM,GUPTA SONS
DOVE SHAMPOO DAILY SHINE 180ML,GUPTA SONS
DOVE SHAMPOO DAILY SHINE 340ML,GUPTA SONS
DOVE SHAMPOO DAILY SHINE 650ML,GUPTA SONS
DOVE SHAMPOO DAILY SHINE 80ML,GUPTA SONS
DOVE SHAMPOO DANDRUFF CARE 180ML,GUPTA SONS
DOVE SHAMPOO DANDRUFF CARE 80ML,GUPTA SONS
DOVE SHAMPOO DRYNESS CARE 180ML,GUPTA SONS
DOVE SHAMPOO DRYNESS CARE 340ML,GUPTA SONS
DOVE SHAMPOO DRYNESS CARE 80ML,GUPTA SONS
DOVE SHAMPOO ENVIRNMENTAL DEFENCE 180ml,GUPTA SONS
DOVE SHAMPOO ENVIRNMENTAL DEFENCE 80ML,GUPTA SONS
DOVE SHAMPOO HAIR FALL RESCUE 180ML,GUPTA SONS
DOVE SHAMPOO HAIR FALL RESCUE 340ML,GUPTA SONS
DOVE SHAMPOO HAIR FALL RESCUE 650ML,GUPTA SONS
DOVE SHAMPOO HAIR FALL RESCUE 80ML,GUPTA SONS
DOVE SHAMPOO INTENSE REPAIR 180ML,GUPTA SONS
DOVE SHAMPOO INTENSE REPAIR 340ML,GUPTA SONS
DOVE SHAMPOO INTENSE REPAIR 80ML,GUPTA SONS
DOVE SHAMPOO NOURISHING OIL CARE 180ML,GUPTA SONS
DOVE SHAMPOO NOURISHING OIL CARE 80ML,GUPTA SONS
DOVE SHAMPOO OXYGEN MOISTURE 180ML,GUPTA SONS
DOVE SHAMPOO OXYGEN MOISTURE 340ML,GUPTA SONS
DOVE SHAMPOO OXYGEN MOISTURE 650ML,GUPTA SONS
DOVE SHAMPOO OXYGEN MOISTURE 80ML,GUPTA SONS
DOVE SHAMPOO REGENERATIVE COLUME 240ML,GUPTA SONS
DOVE SHAMPOO REGENERATIVE REPAIR 240ML,GUPTA SONS
DOVE SOAP BATHING BAR RICH MOISTURE 50GM,GUPTA SONS
DOVE SOAP CREAM BAR 50GM,GUPTA SONS
DOVE SOAP CREAM BEAUTY BATHING BAR 25GM,GUPTA SONS
DOVE SOAP CREAM BEAUTY BATHING BAR 3X100GM,GUPTA SONS
DOVE SOAP CREAM BEAUTY BATHING BAR 3X75GM,GUPTA SONS
DOVE SOAP CREAM BEAUTY BATHING BAR 75GM,GUPTA SONS
DOVE SOAP FRESH MOISTURE BAR 75GM,GUPTA SONS
DOVE SOAP PINK/ROSE 50GM,GUPTA SONS
DRIED KIWI SEED 250GM,KHALSA STORE
DRIED MANGO 250GM,KHALSA STORE
DRUK APPLE JAM 500GM,EMPIRE STORES
DRUK APRICOT JAM 500GM,EMPIRE STORES
DRUK BAKED BEANS 450GM,EMPIRE STORES
DRUK FRUIT COCKTAIL 850GM,EMPIRE STORES
DRUK GUAVA JELLY 500GM,EMPIRE STORES
DRUK LEMON BARLAY WATER 700ML,EMPIRE STORES
DRUK LEMON SQUASH 700ML,EMPIRE STORES
DRUK MANGO JAM 500GM,EMPIRE STORES
DRUK MIXED FRUIT JAM 200GM,EMPIRE STORES
DRUK MIXED FRUIT JAM 500GM,EMPIRE STORES
DRUK MUSTARD KASUNDI 200GM,EMPIRE STORES
DRUK ORANGE MARMALADE 500GM,EMPIRE STORES
DRUK ORANGE SQUASH 700ML,EMPIRE STORES
DRUK PINEAPPLE SLICES 450GM,EMPIRE STORES
DRUK SOYA SAUCE 200GM,EMPIRE STORES
DRUK STRAWBERRY JAM 200GM,EMPIRE STORES
DRUK STRAWBERRY JAM 500GM,EMPIRE STORES
DRUK SWEET CORN CREAM STYLE TIN 450GM,EMPIRE STORES
DUKES DARK WAFFY VANILLA FLAVOURED CHOCO WAFERS 150GM,PREM AGENCIES
DUKES WAFFY CHOCOLATE WAFERS 75GM,PREM AGENCIES
DUKES WAFFY CRISPY & CRUNCHU MANGO 75GM,PREM AGENCIES
DUKES WAFFY ORANGE WAFERS 75GM,PREM AGENCIES
DUKES WAFFY PINEAPPLE WAFERS 75GM,PREM AGENCIES
DURACELL 10 TIMES LONGER LASTING POWER AA 2027,RUDRA TRADING CO.
DURACELL 9V1 ALKALINE BATTERY 2019,RUDRA TRADING CO.
DURACELL 9V2 BATTERIES,RUDRA TRADING CO.
DURACELL C 1.5V 2N,RUDRA TRADING CO.
DURACELL D2LASTS LONGER 2019,RUDRA TRADING CO.
DURACELL LASTS LONGER MUCH LONGER AAA 2025,RUDRA TRADING CO.
DURGA MUSTARD OIL 1LTR,SUSHIL OIL MILLS
DURGA MUSTARD OIL 500ML,SUSHIL OIL MILLS
DURGA MUSTARD OIL 5LTR,SUSHIL OIL MILLS
DUSTER CHECK COTTON,PRINCE HANDLOOM 
EGGLESS CHOCOLATE CAKE 250GM,EMPIRE STORES
ELAICHI WORK 10GM,KHALSA STORE
ELLE 18 ENAMEL REMOVER 30ML,GUPTA SONS
EMAMI 7 IN 1 HAIR OIL 100ML,PREM AGENCIES
EMAMI 7 IN 1 HAIR OIL 200ML,PREM AGENCIES
EMAMI 7 IN 1 HAIR OIL 50GM,PREM AGENCIES
EMAMI MALAI KESAR COLD CREAM 60ML,PREM AGENCIES
EMAMI TALC GOLDEN BEAUTY 2X100GM,PREM AGENCIES
EMAMI TALCUM MOON DROP FRENCH PERFUME BUY 1 GET 1 FREE OFFER,PREM AGENCIES
EMAMI VASOCARE HERBAL PETROLEUM JELLY 25ML,PREM AGENCIES
EMAMI VASOCARE HERBAL SKIN JELLY 50ML,PREM AGENCIES
ENO LEMON 5GM,KANWAL AGENCIES
ENO LEMON FLAVOUR 100GM,KANWAL AGENCIES
ENO NIMBU SHIKANJI FLAVOUR 5GM,KANWAL AGENCIES
ENO ORANGE FLAVOUR 100GM,KANWAL AGENCIES
ENO ORANGE FLAVOUR 5GM,KANWAL AGENCIES
ENO REGULAR 100GM,KANWAL AGENCIES
ENO REGULAR 5GM,KANWAL AGENCIES
EVA DEO  GLEE 125ML,S P PHARMA
EVA DEO BLUSH 125ML,S P PHARMA
EVA DEO FRESH 125ML,S P PHARMA
EVA DEO GROOVE 125ML,S P PHARMA
EVA DEO SPORTZ BOUNCE 125ML,S P PHARMA
EVA DEO SPORTZ RUSH 125ML,S P PHARMA
EVA DEO SPORTZ SKIP 125ML,S P PHARMA
EVA DEO SPORTZ SMASH 125ML,S P PHARMA
EVA DEO SPORTZ SPEED 125ML,S P PHARMA
EVA DEO SWEET 125ML,S P PHARMA
EVA DEO URBANE 125ML,S P PHARMA
EVA DEO WILD 125ML,S P PHARMA
EVEREADY CELL 1015AA,BAJRANGI GENERAL & PROVISION STORE
EVEREADY CELL 915 AA,BAJRANGI GENERAL & PROVISION STORE
EVEREADY CELL AAA1012,BAJRANGI GENERAL & PROVISION STORE
EVEREADY MEGA POWER 1005 AA BATTERIES,BAJRANGI GENERAL & PROVISION STORE
EVERYUTH EXFOLIATING WALNUT SCRUB 100GM,KANWAL AGENCIES
EVERYUTH EXFOLIATING WALNUT SCRUB 200GM,KANWAL AGENCIES
EVERYUTH EXFOLIATING WALNUT SCRUB 50GM,KANWAL AGENCIES
EVERYUTH FACEWASH HYDRATING FRUIT 100GM,KANWAL AGENCIES
EVERYUTH FACEWASH HYDRATING FRUIT 50GM,KANWAL AGENCIES
EVERYUTH FACEWASH PURIFYING NEEM 100GM,KANWAL AGENCIES
EVERYUTH FACEWASH PURIFYING NEEM 50GM,KANWAL AGENCIES
EVERYUTH FACEWASH TULSI TURMERIC 100GM,KANWAL AGENCIES
EVERYUTH FACEWASH TULSI TURMERIC 50GM,KANWAL AGENCIES
EVERYUTH LEMON FACEWASH OIL CLEAR 100GM,KANWAL AGENCIES
EVERYUTH LEMON FACEWASH OIL CLEAR 50GM,KANWAL AGENCIES
EVERYUTH NATURAL GOLDEN GLOW PEEL-OFF MASK 50GM,KANWAL AGENCIES
EVERYUTH NATURAL GOLDEN GLOW PEEL-OFF MASK 90GM,KANWAL AGENCIES
EVERYUTH NATURALS WALNUT APRICOT SCRUB 100GM,KANWAL AGENCIES
EVERYUTH NATURALS WALNUT APRICOT SCRUB 50GM,KANWAL AGENCIES
EVERYUTH ORANGE PEEL-OFF MASK 3X ACTION 90GM,KANWAL AGENCIES
EVERYUTH SCRUB PURIFYING & EXFOLIATING NEEM PAPAYA 100GM,KANWAL AGENCIES
EVERYUTH SCRUB PURIFYING & EXFOLIATING NEEM PAPAYA 50GM,KANWAL AGENCIES
EVERYUTH ULTRA MILD APRICOT SCRUB 50GM,KANWAL AGENCIES
EXO CYCLOZAN ROUND 500GM,RK TRADERS 
EXO DISHBAR SET 3X 200GM,RK TRADERS 
EXPRESS FOODS CHOCOLATE GRANOLA JAR 1KG,EMPIRE STORES
EXPRESS FOODS CRANBERRY GRANOLA 1KG,EMPIRE STORES
EXPRESS FOODS HARVEST CRUNCH SUGAR FREE 400GM,EMPIRE STORES
EXPRESS FOODS HARVEST CRUNCH WHITE JUMBO OATS JAR 800GM,EMPIRE STORES
EXPRESS FOODS HARVEST CRUNCH WHITE OATS JUMBO OATS 400GM,EMPIRE STORES
EXPRESS FOODS MUESLI SWISS STYLE NO ADDED SUGAR 400GM,EMPIRE STORES
EXPRESS FOODS OAT GRANOLA 1KG,EMPIRE STORES
EXPRESS FOODS ORIGINAL HARVEST CRUNCH 1KG JAR,EMPIRE STORES
EXPRESS FOODS ORIGINAL HARVEST CRUNCH 400GM,EMPIRE STORES
EXPRESS FOODS ORIGINAL HARVEST CRUNCH NO ADDED SUGAR JAR1KG,EMPIRE STORES
EXPRESS FOODS ORIGINAL MUESLI SWISS STYLE 1KG,EMPIRE STORES
EXPRESS FOODS WHITE OATS QUICK COOKING JAR 800GM,EMPIRE STORES
EZEE LIQUID DETERGENT 1KG,CHAMAN LAL OM PARKASH
EZEE LIQUID DETERGENT 200GM,CHAMAN LAL OM PARKASH
EZEE LIQUID DETERGENT 500GM,CHAMAN LAL OM PARKASH
FAIR & LOVELY ADVANCED MULTI VITAMIN CREAM 25GM,GUPTA SONS
FAIR & LOVELY ADVANCED MULTI VITAMIN CREAM 50GM,GUPTA SONS
FAIR & LOVELY ADVANCED MULTI VITAMIN CREAM 80GM,GUPTA SONS
FAIR & LOVELY ADVANCED MULTI VITAMIN PUMP TUBE SPF 1530GM,GUPTA SONS
FAIR & LOVELY ADVANCED MULTI VITAMIN SPF15 PUMP TUBE 50GM,GUPTA SONS
FAIR & LOVELY ADVANCED MULTI VITAMIN SPF15PUMP TUBE 80GM,GUPTA SONS
FAIR & LOVELY AYURVEDIC CARE 25GM,GUPTA SONS
FAIR & LOVELY AYURVEDIC CARE EXPERT FAIRNESS SOLUTION 50GM,GUPTA SONS
FAIR & LOVELY BB CREAM 18GM,GUPTA SONS
FAIR & LOVELY BB CREAM 9GM,GUPTA SONS
FAIR & LOVELY FACEWASH FAIRNESS CLEAN-UP 100GM,GUPTA SONS
FAIR & LOVELY FACEWASH FAIRNESS CLEAN-UP 20GM,GUPTA SONS
FAIR & LOVELY FACEWASH FAIRNESS CLEAN-UP 50GM,GUPTA SONS
FAIR & LOVELY FACEWASH MAX FAIRNESS MEN 20GM,GUPTA SONS
FAIR & LOVELY MEN ANTI MARKS FAIRNESS CREAM 25GM,GUPTA SONS
FAIR & LOVELY MEN ANTI MARKS FAIRNESS CREAM 50GM,GUPTA SONS
FAIR & LOVELY MEN FACEWASH MAX OIL CONTROL 50GM,GUPTA SONS
FAIR & LOVELY MEN FACEWASH REMOVER DULLNESS + POLLUTION 100GM,GUPTA SONS
FAIR & LOVELY WINTER FAIRNESS CREAM 25GM,GUPTA SONS
FAIR AND  HANDSOME DEEP ACTION PEPTIDE CREAM 15GM,PREM AGENCIES
FAIR AND HANDSOME COMPLETE WINTER SOLUTION MOISTURE BOOSTERS 30GM,PREM AGENCIES
FAIR AND HANDSOME DEEP ACTION PEPTIDE CREAM 30GM,PREM AGENCIES
FAIR AND HANDSOME DEEP ACTION PEPTIDE CREAM 60GM,PREM AGENCIES
FAIR AND HANDSOME FACE WASH OIL CLEAR INSTANT FAIRNESS 100GM,PREM AGENCIES
FAIR AND HANDSOME FACEWASH INSTANT FAIRNESS 50GM,PREM AGENCIES
FAIR AND HANDSOME FACEWASH INSTANT FAIRNESS OIL CLEAR 100GM,PREM AGENCIES
FAIR AND HANDSOME FACEWASH INSTANT FAIRNESS OIL CLEAR 50GM,PREM AGENCIES
FAIR AND HANDSOME LASER 12 ADVANCED WHITENING MULTI BENEFIT CREAM 15GM,PREM AGENCIES
FANTA BOTTLE ORANGE 1.25ML,CHANDIGARH BOTTLING COMPANY 
FANTA BOTTLE ORANGE 2LTR,CHANDIGARH BOTTLING COMPANY 
FANTA BOTTLE ORANGE 750ML,CHANDIGARH BOTTLING COMPANY 
FANTA CAN 300ML,CHANDIGARH BOTTLING COMPANY 
FARM VEDA ADAI DOSA 500GM,INDIA FARM FOODS PRIVATE LIMITED
FARM VEDA ANDHRA GUNPOWDER 100GM,INDIA FARM FOODS PRIVATE LIMITED
FARM VEDA CHUTNEY PODI 100GM,INDIA FARM FOODS PRIVATE LIMITED
FARM VEDA DOSA MIX 500GM,INDIA FARM FOODS PRIVATE LIMITED
FARM VEDA GROUND NUT CHUTNEY PODI 100GM,INDIA FARM FOODS PRIVATE LIMITED
FARM VEDA IDLI MIX 250GM,INDIA FARM FOODS PRIVATE LIMITED
FARM VEDA LEMON POHA 250GM,INDIA FARM FOODS PRIVATE LIMITED
FARM VEDA LEMON RASAM 100GM,INDIA FARM FOODS PRIVATE LIMITED
FARM VEDA MULTI MILLET DOSA 500GM,INDIA FARM FOODS PRIVATE LIMITED
FARM VEDA RAGI DOSA 500GM,INDIA FARM FOODS PRIVATE LIMITED
FARM VEDA RAGI IDLI 500GM,INDIA FARM FOODS PRIVATE LIMITED
FARM VEDA RAVA IDLI 250GM,INDIA FARM FOODS PRIVATE LIMITED
FARM VEDA UPMA INSTANT MIX 250GM,INDIA FARM FOODS PRIVATE LIMITED
FEM DE-TAN CREAM BLEACH ORANGE PEEL 30GM,RUHANI ENTERPRISES
FEM DIAMOND BLEACH CREAME 30GM,RUHANI ENTERPRISES
FEM FAIRNESS NATURAL SAFFRON BLEACH CREME 8GM,RUHANI ENTERPRISES
FEM FAIRNESS NATURALS GOLD BLEACH CREAM 64GM,RUHANI ENTERPRISES
FEM FAIRNESS NATURALS GOLD CREME BLEACH 24GM,RUHANI ENTERPRISES
FEM FAIRNESS NATURALS PEARL CREME BLEACH 25GM,RUHANI ENTERPRISES
FEM FAIRNESS NATURALS PEARL CREME BLEACH 8GM,RUHANI ENTERPRISES
FEM FAIRNESS NATURALS SAFFRON BLEACH CREAM 24GM,RUHANI ENTERPRISES
FEM FAIRNESS NATURALS SAFFRON BLEACH CREAM 64GM,RUHANI ENTERPRISES
FEM TURMERIC HERBAL FAIRNESS CREAM BLEACH 24GM,RUHANI ENTERPRISES
FERRERO ROCHER 200GM,KAY KAY ENTERPRISES
FERRERO ROCHER 300GM,KAY KAY ENTERPRISES
FERRERO ROCHER 62.5GM,KAY KAY ENTERPRISES
FIAMA DI WILLS MEN REFRESHING PULSE 3X125GM,ESS ENN MARKETING
FIAMA DI WILLS MEN SHOWER GEL QUICK WASH OIL CONTROL TEA TREE 250ML,ESS ENN MARKETING
FIAMA DI WILLS MEN SHOWER GEL REFRESHING PULSE 250ML,ESS ENN MARKETING
FIAMA DI WILLS SHOWER GE LEMONGRASS & JOJOBA 250ML,ESS ENN MARKETING
FIAMA DI WILLS SHOWER GEL FRESH REVIVE 200ML,ESS ENN MARKETING
FIAMA DI WILLS SHOWER GEL PEACH & AVOCADO 250ML,ESS ENN MARKETING
FIAMA DI WILLS SHOWER GEL PURE INDULGENCE 200ML,ESS ENN MARKETING
FIAMA GEL+ CRÈME BODY WASH ASHWAGANDHA & ALMOND CREAM 200ML,ESS ENN MARKETING
FIAMA GEL+ CRÈME BODY WASH ASHWAGANHA & ALMOND CREAM MOISTURISING CARE 100ML,ESS ENN MARKETING
FIAMA GEL+ CRÈME BODY WASH BRAHMA KAMALAM & ALMOND CREAM CREME DELIGHT100ML,ESS ENN MARKETING
FIAMA GEL+ CRÈME BODY WASH BRAHMI KAMALAM & ALMOND CREAM 200ML,ESS ENN MARKETING
FIAMA MEN SHOWER GEL COOL BURST 250ML,ESS ENN MARKETING
FIAMA MEN SHOWER GEL ENERGIZING SPORT 250ML,ESS ENN MARKETING
FIAMA SHOWER GEL BLACKCURRANT & BEARBERRY 250ML,ESS ENN MARKETING
FIAMA SOAP GEL BAR BEARBERRY & BLACKCURRANT EXOTIC DREAM 3X125GM,ESS ENN MARKETING
FIAMA SOAP GEL BAR PATCHOULI & MACADAMIA LA FANTASIA SOAP 3X125GM,ESS ENN MARKETING
FIAMA SOAP GEL BAR PEACH & AVOCADO MILD DEW 3X125GM,ESS ENN MARKETING
FIAMA SOAP GEL BAR SEAWEED & LEMONGRASS CLEAR SPRINGS 3X125GM,ESS ENN MARKETING
FIAMA SOAP GEL+CREME MOISTURISING BAR FRANGIPANI+ALMOND CREAM 4X125GM,ESS ENN MARKETING
FIAMA SOAP GELBAR CELEBRATION PACK 4X125GM,ESS ENN MARKETING
FIAMA SOAP MEN GEL BAR MICRO GEL ENERGIZING SPORT 3X125GM,ESS ENN MARKETING
FIGARO EXTRA VIRGIN OLIVE OIL 1LTR,NATIONAL TRADERS
FIGARO EXTRA VIRGIN OLIVE OIL 250ML,NATIONAL ENTERPRISES
FIGARO OLIVE OIL 100ML,NATIONAL ENTERPRISES
FIGARO OLIVE OIL 200ML,NATIONAL ENTERPRISES
FIGARO OLIVE OIL TIN1LTR,NATIONAL ENTERPRISES
FIGARO OLIVE OIL TIN500ML,NATIONAL ENTERPRISES
FLAX SEEDS PLAIN 100GM,KHALSA STORE
FLAX SEEDS ROASTED 100GM,KHALSA STORE
FOGG DEO ABSOLUTE 100GM,JOHAR ENTERPRISES
FOGG DEO BLEU FOREST 100GM,JOHAR ENTERPRISES
FOGG DEO BLEU ISLAND 100GM,JOHAR ENTERPRISES
FOGG DEO BLEU OCEAN 100GM,JOHAR ENTERPRISES
FOGG DEO BLEU SKIES 100GM,JOHAR ENTERPRISES
FOGG DEO BLEU SPRING 100GM,JOHAR ENTERPRISES
FOGG DEO DELICIOUS 120ML,JOHAR ENTERPRISES
FOGG DEO DYNAMIC 100GM,JOHAR ENTERPRISES
FOGG DEO ESSENCE 120ML,JOHAR ENTERPRISES
FOGG DEO EXTREME 100GM,JOHAR ENTERPRISES
FOGG DEO FRESH AQUA 120ML,JOHAR ENTERPRISES
FOGG DEO FRESH AROMATIC 120ML,JOHAR ENTERPRISES
FOGG DEO FRESH FOUGERE 120ML,JOHAR ENTERPRISES
FOGG DEO FRESH ORIENTAL 120ML,JOHAR ENTERPRISES
FOGG DEO FRESH SPICY 120ML,JOHAR ENTERPRISES
FOGG DEO FRESH WOODY 120ML,JOHAR ENTERPRISES
FOGG DEO IMPERIAL 120ML,JOHAR ENTERPRISES
FOGG DEO MAGNETIC 100GM,JOHAR ENTERPRISES
FOGG DEO MAJESTIC 120ML,JOHAR ENTERPRISES
FOGG DEO MARCO 120ML,JOHAR ENTERPRISES
FOGG DEO MONARCH 120ML,JOHAR ENTERPRISES
FOGG DEO NAPOLEON 120ML,JOHAR ENTERPRISES
FOGG DEO PARADISE 120ML,JOHAR ENTERPRISES
FOGG DEO PARFUM IMPRESSIO 90ML,NAV BHARAT TRADERS
FOGG DEO PARFUM INTENSIO 90ML,NAV BHARAT TRADERS
FOGG DEO PARFUM XPRESSIO 90ML,NAV BHARAT TRADERS
FOGG DEO PARFUM XTREMO 90ML,NAV BHARAT TRADERS
FOGG DEO ROYAL 120ML,JOHAR ENTERPRISES
FOGG DEO VICTOR 120ML,JOHAR ENTERPRISES
FORTUNE EVERYDAY BASMATI RICE 1KG,PREM AGENCIES
FORTUNE EVERYDAY BASMATI RICE 5KG,PREM AGENCIES
FORTUNE FILTERED MUSTARD OIL 1LTR,PREM AGENCIES
FORTUNE FILTERED MUSTARD OIL 500ML,PREM AGENCIES
FORTUNE REFINED SUNFLOWER OIL 1LTR,PREM AGENCIES
FORTUNE REFINED SUNFLOWER OIL 5LTR,PREM AGENCIES
FORTUNE RICE BRAN HEALTH OIL 1LTR,PREM AGENCIES
FORTUNE RICE BRAN OIL 2LTR,PREM AGENCIES
FORTUNE RICE BRAN OIL 5LTR,PREM AGENCIES
FORTUNE ROZANA BASMATI RICE 1KG,PREM AGENCIES
FORTUNE SOYA HEALTH SOYABEAN OIL 1LTR,PREM AGENCIES
FORTUNE SOYA HEALTH SOYABEAN OIL 5LTR,PREM AGENCIES
FOXS FRUITS CANDY 90GM,EMPIRE STORES
FOXS FRUITS FLAVOURED CANDY TIN 180GM,EMPIRE STORES
FRESHWRAPP ALUMINIUM FOIL 18MTR,MISHRA TRADING CO. 
FRESHWRAPP ALUMINIUM FOIL 30MTR,MISHRA TRADING CO. 
FRESHWRAPP ALUMINIUM FOIL 72MTR,MISHRA TRADING CO. 
FRESHWRAPP ALUMINIUM FOIL 9MTR,MISHRA TRADING CO. 
FRESHWRAPP ALUMINIUM FOIL BOX 1KG,MISHRA TRADING CO. 
FRESHWRAPP ALUMINIUM FOIL SHEET 50 SHEETS,MISHRA TRADING CO. 
FRUIT TELLA ORANGE NATURAL FLAVOURS 36GM,NARULA AGENCY
FUN FOODS AMERICAN MUSTARDS 260GM,RAJESH AGENCIES
FUN FOODS ARRABBIATA PASTA SAUSE 325GM,RAJESH AGENCIES
FUN FOODS BARBECUE SAUSE 300GM,RAJESH AGENCIES
FUN FOODS BURGER MAYONNAISE EGGLESS 275GM,RAJESH AGENCIES
FUN FOODS CAESAR SALAD DRESSING 250GM,RAJESH AGENCIES
FUN FOODS CHEESE CHILLI SANDWICH SPREAD 275GM,RAJESH AGENCIES
FUN FOODS CHEESY NACHO DIP 275GM,RAJESH AGENCIES
FUN FOODS CHOCOLATE DESERT TOPPING 300GM,RAJESH AGENCIES
FUN FOODS CHOCOLATE FUDGE SPREAD 350GM,RAJESH AGENCIES
FUN FOODS CLASSIC MAYONNAISE 275GM,RAJESH AGENCIES
FUN FOODS COLD COFFEE MIX 200GM,RAJESH AGENCIES
FUN FOODS CUCUMBER CARROT SANDWICH SPREAD EGGLESS 275GM,RAJESH AGENCIES
FUN FOODS CUCUMBER&CARROT SANDIWICH SPREAD CLASSIC 275GM,RAJESH AGENCIES
FUN FOODS DIET MAYONNAISE EGGLESS 275GM,RAJESH AGENCIES
FUN FOODS EGGLESS BAKE MIX 11 CAKES 250GM,RAJESH AGENCIES
FUN FOODS EGGLESS BAKE MIX BROWNIE 250GM,RAJESH AGENCIES
FUN FOODS GARLIC CHILLI DIP 250GM,RAJESH AGENCIES
FUN FOODS GARLIC MAYONNAISE EGGLESS 275GM,RAJESH AGENCIES
FUN FOODS GREEN CHILLI SAUCE 200GM,RAJESH AGENCIES
FUN FOODS MAYONNAISE EGGLESS GREEN MINT 275GM,RAJESH AGENCIES
FUN FOODS MAYONNAISE SPREAD EGGLESS TANDOORI 275GM,RAJESH AGENCIES
FUN FOODS MAYONNAISE VEG EGGLESS POUCH 100GM,RAJESH AGENCIES
FUN FOODS MILK SHAKE BADAM ELACHI 200GM,RAJESH AGENCIES
FUN FOODS MILK SHAKE MIX BUTTERSCOTH FLAVOUR 200GM,RAJESH AGENCIES
FUN FOODS MILK SHAKE MIX CHOCOLATE 200GM,RAJESH AGENCIES
FUN FOODS MILK SHAKE MIX ELACHI FLAVOUR 200GM,RAJESH AGENCIES
FUN FOODS MILK SHAKE MIX KESAR PISTA 285GM,RAJESH AGENCIES
FUN FOODS MILK SHAKE MIX ROSE FLAVOUR 200GM,RAJESH AGENCIES
FUN FOODS MILK SHAKE MIX STRAWBERRY 200GM,RAJESH AGENCIES
FUN FOODS MILK SHAKE MIX VANILLA FLAVOUR 250GM,RAJESH AGENCIES
FUN FOODS OLIVE OIL MAYONNAISE EGGLESS 275GM,RAJESH AGENCIES
FUN FOODS PASTA & PIZZA SAUCE 325GM,RAJESH AGENCIES
FUN FOODS PASTA & PIZZA SAUCE 850GM,RAJESH AGENCIES
FUN FOODS PASTA ALIREDO WITH CHEESE 275GM,RAJESH AGENCIES
FUN FOODS PEANUT BUTTER CREAMY 1KG,RAJESH AGENCIES
FUN FOODS PEANUT BUTTER CREAMY 452GM,RAJESH AGENCIES
FUN FOODS PEANUT BUTTER CRUNCHY 1KG,RAJESH AGENCIES
FUN FOODS PEANUT BUTTER CRUNCHY 452GM,RAJESH AGENCIES
FUN FOODS PIZZA TOPPING 325GM,RAJESH AGENCIES
FUN FOODS RED CHILLI SAUCE 220GM,RAJESH AGENCIES
FUN FOODS SALSA 300GM,RAJESH AGENCIES
FUN FOODS SOYA SAUCE 210GM,RAJESH AGENCIES
FUN FOODS SPICY VINEGAR 190GM,RAJESH AGENCIES
FUN FOODS SWEET CHILLI SAUCE 220GM,RAJESH AGENCIES
FUN FOODS TARTARE DIP 225GM,RAJESH AGENCIES
FUN FOODS THOUSAND ISLAND SANDIWICH SPREAD EGGLESS 300GM,RAJESH AGENCIES
FUN FOODS TRADITIONAL ENGLISH MUSTARD 300GM,RAJESH AGENCIES
FUN FOODS VEG MAYANNAISE EGGLESS 750GM,RAJESH AGENCIES
FUN FOODS VEG MAYONNAISE EGGLESS 275GM,RAJESH AGENCIES
FUN FOODS VEG MAYONNAISE EGGLESS 500GM,RAJESH AGENCIES
FUN FOODS VEG MAYONNAISE EGGLESS 875GM,RAJESH AGENCIES
FUNFOODS PEANUT BUTTER CHOCOLATE 340GM,RAJESH AGENCIES
GAJAK GOAL 400GM,KHALSA STORE
GAJAK MUTHI 400GM,KHALSA STORE
GAJAK SWAMI 400GM,KHALSA STORE
GAJAK TIL PLAIN 400GM,KHALSA STORE
GALA ANGLE WIPER,KRISHNA CROCKERY STORED
GALA CLOTH BRUSH SMALL,KRISHNA CROCKERY STORED
GALA DUST GO SET,KRISHNA CROCKERY STORED
GALA DUSTPAN EASY CLEAN,KRISHNA CROCKERY STORED
GALA FLOOR WIPER,KRISHNA CROCKERY STORED
GALA FLOOR WIPER LEADER,KRISHNA CROCKERY STORED
GALA FRIDGE JAR CLEANER 1N,KRISHNA CROCKERY STORED
GALA IRON BULL SCRUB PAD,KRISHNA CROCKERY STORED
GALA LAXMI PHOOL JHROO,KRISHNA CROCKERY STORED
GALA NO DUST BROOM 3X LONGER LASTING,KRISHNA CROCKERY STORED
GALA PERFUMED GARBAGE BAG,KRISHNA CROCKERY STORED
GALA PHOOL JHAROO,KRISHNA CROCKERY STORED
GALA PLUNGER MEDIUM,KRISHNA CROCKERY STORED
GALAXY MILK SMOOTH 20GM,KANWAL AGENCIES
GALAXY MILK SMOOTH 43GM,KANWAL AGENCIES
GARNIER BLACK NATURALS CREAM COLOUR 1.0 DEEP BLACK 20ML,KRIS AGENCIES
GARNIER BLACK NATURALS CREAM COLOUR 2.0 ORIGINAL BLACK 20ML,KRIS AGENCIES
GARNIER BLACK NATURALS CREAM COLOUR 4.0 NATURAL BROWN 20ML,KRIS AGENCIES
GARNIER BLACK NATURALS CREME COLOUR BROWN BLACK 3.0 20GM,KRIS AGENCIES
GARNIER COLOR NATURAL CREAM 1 NATURAL BLACK 24ML,KRIS AGENCIES
GARNIER COLOR NATURALS 3.16 BURGUNDY 24ML,KRIS AGENCIES
GARNIER COLOR NATURALS 5 LIGHT BROWN,KRIS AGENCIES
GARNIER COLOR NATURALS BROWN 4 60ML,KRIS AGENCIES
GARNIER COLOR NATURALS BURGUNDY 3.16 60ML,KRIS AGENCIES
GARNIER COLOR NATURALS CREAM 4BROWN 3OILS,KRIS AGENCIES
GARNIER COLOR NATURALS DARKEST BROWN 3  60ML,KRIS AGENCIES
GARNIER COLOR NATURALS LIGHT BROWN 5 60ML,KRIS AGENCIES
GARNIER COLOR NATURALS MINI DARKEST BROWN 3,KRIS AGENCIES
GARNIER COLOR NATURALS NATURAL BLACK 1 60ML,KRIS AGENCIES
GARNIER COLOUR NATURAL BURGUNDY 3.16 20GM,KRIS AGENCIES
GARNIER CONDITIONER ULTRA BLENDS 5 PRECIOUS HERBS 175ML,KRIS AGENCIES
GARNIER CONDITIONER ULTRA BLENDS HENNA & BLACKBERRY 175ML,KRIS AGENCIES
GARNIER CONDITIONER ULTRA BLENDS MYTHIC OLIVE 175ML,KRIS AGENCIES
GARNIER CONDITIONER ULTRA BLENDS ROYAL JELLY &  LAVENDER 175ML,KRIS AGENCIES
GARNIER CONDITIONER ULTRA BLENDS SOY MILK & ALMONDS 175ML,KRIS AGENCIES
GARNIER FACE WASH WHITE COMPLETE DOUBLE ACTION LEMON AND WHITE CLAY 100GM,KRIS AGENCIES
GARNIER FACE WASH WHITE COMPLETE DOUBLE ACTION LEMON AND WHITE CLAY 50GM,KRIS AGENCIES
GARNIER FACEWASH PURE ACTIVE PURIFYING NEEM 100GM,KRIS AGENCIES
GARNIER FACEWASH PURE ACTIVE REAL NEEM 50ML,KRIS AGENCIES
GARNIER FACEWASH WHITE COMPLATE SPEED WHITE FAIRNESS 50GM,KRIS AGENCIES
GARNIER FACEWASH WHITE COMPLETE PURE LEMON 100ML,KRIS AGENCIES
GARNIER FRUCTIS CONDITIONER LONG & STRONG 175ML,KRIS AGENCIES
GARNIER FRUCTIS SHAMPOO LONG & STRONG 175ML,KRIS AGENCIES
GARNIER FRUCTIS SHAMPOO LONG & STRONG 340ML,KRIS AGENCIES
GARNIER HAIR OIL ULTRA DOUX 100ML,KRIS AGENCIES
GARNIER HAIR OIL ULTRA DOUX 200ML,KRIS AGENCIES
GARNIER MEN FACE WASH GEL OILCLEAR SKIN PURIFYING 100GM,KRIS AGENCIES
GARNIER MEN FACE WASH GEL OILCLEAR SKIN PURIFYING 50GM,KRIS AGENCIES
GARNIER MEN FACEWASH ACNOFIGHT 50ML,KRIS AGENCIES
GARNIER MEN FACEWASH OIL CLEAR 100GM,KRIS AGENCIES
GARNIER MEN FACEWASH OIL CLEAR 50GM,KRIS AGENCIES
GARNIER MEN FACEWASH POWER LIGHT 100GM,KRIS AGENCIES
GARNIER MEN FACEWASH POWER LIGHT 50GM,KRIS AGENCIES
GARNIER MEN FACEWASH POWERWHITE DOUBLE ACTION 100GM,KRIS AGENCIES
GARNIER MEN FACEWASH POWERWHITE DOUBLE ACTION 50GM,KRIS AGENCIES
GARNIER MEN POWER LIGHT SWEAT+OIL CONTROL 20GM,KRIS AGENCIES
GARNIER MICELLAR CLEANSING WATER 125ML,KRIS AGENCIES
GARNIER MICELLAR CLEANSING WATER 400ML,KRIS AGENCIES
GARNIER SHAMPOO ULTRA BLENDS 5 PRECIOUS HERBS 175ML,KRIS AGENCIES
GARNIER SHAMPOO ULTRA BLENDS 5 PRECIOUS HERBS 340ML,KRIS AGENCIES
GARNIER SHAMPOO ULTRA BLENDS HENNA & BLACKBERRY 180ML,KRIS AGENCIES
GARNIER SHAMPOO ULTRA BLENDS HENNA & BLACKBERRY 360ML,KRIS AGENCIES
GARNIER SHAMPOO ULTRA BLENDS MYTHIC OLIVE 180ML,KRIS AGENCIES
GARNIER SHAMPOO ULTRA BLENDS MYTHIC OLIVE 360ML,KRIS AGENCIES
GARNIER SHAMPOO ULTRA BLENDS ROYAL JELLY &  LAVENDER 175ML,KRIS AGENCIES
GARNIER SHAMPOO ULTRA BLENDS ROYAL JELLY &  LAVENDER 340ML,KRIS AGENCIES
GARNIER SHAMPOO ULTRA BLENDS SOY MILK & ALMONDS 175ML,KRIS AGENCIES
GARNIER SHAMPOO ULTRA BLENDS SOY MILK & ALMONDS 340ML,KRIS AGENCIES
GATORADE SPORTS DRINK BLUE 500ML,GRACE DRINKS PRIVATE LIMITED
,GRACE SALES PVT LTD
GATORADE SPORTS DRINK BLUE 500ML Total,
GATORADE SPORTS DRINK LEMON 500ML,GRACE DRINKS PRIVATE LIMITED
,GRACE SALES PVT LTD
GATORADE SPORTS DRINK LEMON 500ML Total,
GATORADE SPORTS DRINK ORANGE 500ML,GRACE DRINKS PRIVATE LIMITED
,GRACE SALES PVT LTD
GATORADE SPORTS DRINK ORANGE 500ML Total,
GENTEEL LIQUID DETERGENT 1KG+1KG,CHAMAN LAL OM PARKASH
GILLETTE  SHAVE GEL PURE & SENSITIVE 195GM,NIRMAN ASSOCIATES
GILLETTE 7 O CLOCK PERMASHARP STAINLESS RAZOR,NIRMAN ASSOCIATES
GILLETTE 7 O CLOCK PII CATRIDGES PACK OF 5,NIRMAN ASSOCIATES
GILLETTE 7 O CLOCK STAINLESS BLADE 5 PIECES,NIRMAN ASSOCIATES
GILLETTE 7 O CLOCK STERLING RAZOR,NIRMAN ASSOCIATES
GILLETTE 7 O CLOCK SUPER PLATINUM,NIRMAN ASSOCIATES
GILLETTE 7 O CLOCK SUPER PLATINUM RAZOR,NIRMAN ASSOCIATES
GILLETTE AFTER SHAVE SPLASH ARCTIC ICE BOLD 50ML,NIRMAN ASSOCIATES
GILLETTE AFTER SHAVE SPLASH ARCTIC ICE FRESH 100ML,NIRMAN ASSOCIATES
GILLETTE FUSION 2 CARTRIDGES,NIRMAN ASSOCIATES
GILLETTE FUSION 2X PROGLIDE,NIRMAN ASSOCIATES
GILLETTE FUSION 4 CARTRIDGES,NIRMAN ASSOCIATES
GILLETTE FUSION 4CARTRIDGS 5BLADE,NIRMAN ASSOCIATES
GILLETTE FUSION 5+1 RAZOR,NIRMAN ASSOCIATES
GILLETTE FUSION HYDRA GEL SENSITIVE SKIN 195GM,NIRMAN ASSOCIATES
GILLETTE FUSION POWER 2 CATRIDGES,NIRMAN ASSOCIATES
GILLETTE FUSION POWER 4 CARTRIDGES,NIRMAN ASSOCIATES
GILLETTE FUSION POWER 8 CARTRIDGES,NIRMAN ASSOCIATES
GILLETTE FUSION PROGLIDE 4 CARTRIDGES,NIRMAN ASSOCIATES
GILLETTE FUSION PROGLIDE RAZOR,NIRMAN ASSOCIATES
GILLETTE GUARD CARTIDGE 6,NIRMAN ASSOCIATES
GILLETTE GUARD CATRIDGES 3S,NIRMAN ASSOCIATES
GILLETTE GUARD RAZOR 1N,NIRMAN ASSOCIATES
GILLETTE MACH3 2CARTRIDEGS,NIRMAN ASSOCIATES
GILLETTE MACH3 4CATRIDGES,NIRMAN ASSOCIATES
GILLETTE MACH3 6+2FREE 8CARTRIDGES,NIRMAN ASSOCIATES
GILLETTE MACH3 9+3 CARTRIDGES,NIRMAN ASSOCIATES
GILLETTE MACH3 DURACOMFORT BLADES 1PRESTO,NIRMAN ASSOCIATES
GILLETTE MACH3 EXTRA COMFORT SHAVE GEL 70GM,NIRMAN ASSOCIATES
GILLETTE MACH3 SHAVE GEL COMPLETE DEFENSE SENSITIVE 195GM,NIRMAN ASSOCIATES
GILLETTE MACH3 SHAVE GEL COMPLETE DEFENSE SMOOTH 195GM,NIRMAN ASSOCIATES
GILLETTE MACH3 TRAVEL PACK,NIRMAN ASSOCIATES
GILLETTE MACH3 TURBO 2CARTRIDGES,NIRMAN ASSOCIATES
GILLETTE MACH3 TURBO 4CARTRIDGES,NIRMAN ASSOCIATES
GILLETTE MACH3 TURBO RAZORMORE COMFORT,NIRMAN ASSOCIATES
GILLETTE PRESTO 1P,NIRMAN ASSOCIATES
GILLETTE PRESTO 5PCS,NIRMAN ASSOCIATES
GILLETTE SERIES AFTER SHAVEN SPLASH COOL WAVE 50ML,NIRMAN ASSOCIATES
GILLETTE SHAVE GEL SATIN CARE SENSITIVE SKIN 195GM,NIRMAN ASSOCIATES
GILLETTE SHAVING BRUSH,NIRMAN ASSOCIATES
GILLETTE SHAVING CREAM LIME 70GM,NIRMAN ASSOCIATES
GILLETTE SHAVING CREAM REGULAR 70GM,NIRMAN ASSOCIATES
GILLETTE SHAVING FOAM LEMON LIME 196GM,NIRMAN ASSOCIATES
GILLETTE SHAVING FOAM MENTHOL 196GM,NIRMAN ASSOCIATES
GILLETTE SHAVING FOAM REGULAR 196GM,NIRMAN ASSOCIATES
GILLETTE SHAVING FOAM REGULAR 418GM,NIRMAN ASSOCIATES
GILLETTE SHAVING FOAM REGULAR 50GM,NIRMAN ASSOCIATES
GILLETTE SHAVING FOAM SENSITIVE 418GM,NIRMAN ASSOCIATES
GILLETTE SHAVING GEL SENSITIVE SKIN 195GM,NIRMAN ASSOCIATES
GILLETTE SHAVING GEL SENSITIVE SKIN WITH ALOE 60GM,NIRMAN ASSOCIATES
GILLETTE SHAVING GEL SERIES 3X SENSITIVE 70GM,NIRMAN ASSOCIATES
GILLETTE SIMPLY VENUS BASIC 3BLADES,NIRMAN ASSOCIATES
GILLETTE SIMPLY VENUS RAZOR 1N,NIRMAN ASSOCIATES
GILLETTE VECTOR 6CARTRIDGES,NIRMAN ASSOCIATES
GILLETTE VECTOR CARTRIDGES PACK OF 4,NIRMAN ASSOCIATES
GILLETTE VECTOR COMFORT STRIP 2N,NIRMAN ASSOCIATES
GILLETTE VECTOR RAZOR 1REFILLABLE,NIRMAN ASSOCIATES
GILLETTE VECTOR3 CARTRIDGES 2S,NIRMAN ASSOCIATES
GILLETTE VECTOR3 GET A FAST SHAVE,NIRMAN ASSOCIATES
GILLETTE VENUS 3 BLADES 4 CARTRIDGES,NIRMAN ASSOCIATES
GILLETTE VENUS 3BLADES  CLOSE & CLEAN IN 1 STROKE,NIRMAN ASSOCIATES
GILLETTE VENUS BREEZE 3BLADES CONVENIENT SHAVE GEL BARS,NIRMAN ASSOCIATES
GILLETTE VENUS BREEZE 3BLADES CONVENIENT SHAVE GEL BARS FREESIA SCENT ,NIRMAN ASSOCIATES
GILLETTE WILKINSON 5BLADES,NIRMAN ASSOCIATES
GILLETTE WILMAN 5 BLADES,NIRMAN ASSOCIATES
GITS DAHI VADA MIX 200GM,KAY KAY ENTERPRISES
GITS DALVADA MIX 200GM,KAY KAY ENTERPRISES
GITS KHAMAN DHOLKA MIX 180GM,KAY KAY ENTERPRISES
GITS KHATA DHOKLA MIX 200GM,KAY KAY ENTERPRISES
GITS RAVA IDLI MIX 200GM,KAY KAY ENTERPRISES
GLADE GEL FRESHNER FLORAL PERFECTION 70GM,KANWAL AGENCIES
GLADE GEL FRESHNER FRESH LEMON 70GM,KANWAL AGENCIES
GLADE GEL JASMINE 70GM,KANWAL AGENCIES
GLADE GEL LAVENDER 70GM,KANWAL AGENCIES
GLADE TOUCH & FRESH REFILL FRESH LEMON 12ML,KANWAL AGENCIES
GLADE TOUCH & FRESH WILD LAVENDER 12ML,KANWAL AGENCIES
GLADE TOUCH AND FRESH FLORAL PERFECTION REFILL 12ML,KANWAL AGENCIES
GLADE TOUCH AND FRESH FLORAL PERFETION 12ML,KANWAL AGENCIES
GLADE TOUCH AND FRESH REFILL AND DISPENSER FRESH LEMON,KANWAL AGENCIES
GLADE TOUCH AND FRESH REFILL AND DISPENSER WILD LAVENDER,KANWAL AGENCIES
GLADE TOUCH AND FRESH REFILL BATIK BAZAAR 12ML,KANWAL AGENCIES
GLADE TOUCH AND FRESH REFILL MATCHA GARDEN 12ML,KANWAL AGENCIES
GLASS RS.3/-,PEE KAY PLASTIC INDUSTRIES
GLUCON-D NIMBU PANI 200GM,SUPER DISTRIBUTION NETWORK
GLUCON-D ORIGINAL 200GM,SUPER DISTRIBUTION NETWORK
GLUCON-D ORIGINAL 500GM,SUPER DISTRIBUTION NETWORK
GLUCON-D ORIGINAL 75GM+50GM=125GM,SUPER DISTRIBUTION NETWORK
GLUCON-D TANGY ORANGE 100GM,SUPER DISTRIBUTION NETWORK
GLUCON-D TANGY ORANGE 200GM,SUPER DISTRIBUTION NETWORK
GLUCON-D TANGY ORANGE 500GM,SUPER DISTRIBUTION NETWORK
GM FOODS MASALA MISSI ROTI ATTA 500GM,LAKSHAY TRADERS
GODHULI AGARBATHIES 16N,KANWAL AGENCIES
GODREJ AER POCKET VIOLET 10GM,CHAMAN LAL OM PARKASH
GODREJ ARE POCKET BRIGHT 10GM,CHAMAN LAL OM PARKASH
GODREJ ARE POCKET FRESH 10GM,CHAMAN LAL OM PARKASH
GODREJ ARE POCKET MORNING 10GM,CHAMAN LAL OM PARKASH
GODREJ ARE POCKET PETAL 10GM,CHAMAN LAL OM PARKASH
GODREJ CINTHOL DEO STICK CHARGE 40GM,CHAMAN LAL OM PARKASH
GODREJ CINTHOL DEO STICK ENERGY 40GM,CHAMAN LAL OM PARKASH
GODREJ CINTHOL DEO STICK INTENSE 40GM,CHAMAN LAL OM PARKASH
GODREJ CINTHOL DEO STICK RUSH 40GM,CHAMAN LAL OM PARKASH
GODREJ CINTHOL DEO STICK WOMEN AURA 40GM,CHAMAN LAL OM PARKASH
GODREJ CINTHOL DEO STICK WOMEN INSPIRE 40GM,CHAMAN LAL OM PARKASH
GODREJ CINTHOL DEO STICK WOMEN SPARK 40GM,CHAMAN LAL OM PARKASH
GODREJ CINTHOL DEO STICK WOMEN SWIRL 40GM,CHAMAN LAL OM PARKASH
GODREJ CINTHOL DEO STICK ZEST 40GM,CHAMAN LAL OM PARKASH
GODREJ COLOUR SOFT  BLACK 2,CHAMAN LAL OM PARKASH
GODREJ COLOUR SOFT NATURAL BROWN 3,CHAMAN LAL OM PARKASH
GODREJ EXPERT POWDER HAIR COLOUR NATURAL BROWN 4.00,CHAMAN LAL OM PARKASH
GODREJ EXPERT RICH CREME BLACK BROWN 3,CHAMAN LAL OM PARKASH
GODREJ EXPERT RICH CREME HAIR COLOUR BURGUNDY,CHAMAN LAL OM PARKASH
GODREJ EXPERT RICH CREME HAIR COLOUR DARK BROWN 4.06,CHAMAN LAL OM PARKASH
GODREJ EXPERT RICH CREME HAIR COLOUR NATURAL BLACK 1.00,CHAMAN LAL OM PARKASH
GODREJ FAIR GLOW SOAP SET 4 X100GM,CHAMAN LAL OM PARKASH
GODREJ FAIRGLOW SOAP 70GM,CHAMAN LAL OM PARKASH
GODREJ NO.1 SOAP ALOE VERA WHITE LILY 5X100GM,CHAMAN LAL OM PARKASH
GODREJ NO.1 SOAP COCONUT NEAM 5X100GM,CHAMAN LAL OM PARKASH
GODREJ NO.1 SOAP COCONUT NEEN 150GM,CHAMAN LAL OM PARKASH
GODREJ NO.1 SOAP JASMINE MILK CREAM 5X100GM,CHAMAN LAL OM PARKASH
GODREJ NO.1 SOAP KESAR MILK CREAM 150GM,CHAMAN LAL OM PARKASH
GODREJ NO.1 SOAP KESAR MILK CREAM 5X100GM,CHAMAN LAL OM PARKASH
GODREJ NO.1 SOAP LAVENDER MILK CREAM 5X100GM,CHAMAN LAL OM PARKASH
GODREJ NO.1 SOAP LIME ALOE VERA 150GM,CHAMAN LAL OM PARKASH
GODREJ NO.1 SOAP LIME ALOE VERA 5X100GM,CHAMAN LAL OM PARKASH
GODREJ NO.1 SOAP NATURE SOFT GLYCERIN & HONEY 3X75GM,CHAMAN LAL OM PARKASH
GODREJ NO.1 SOAP ROSEWATER ALMOND 5X100GM,CHAMAN LAL OM PARKASH
GODREJ NO.1 SOAP SANDAL TURMERIC 150GM,CHAMAN LAL OM PARKASH
GODREJ NO.1 SOAP SANDAL TURMERIC 5X100GM,CHAMAN LAL OM PARKASH
GODREJ NUPUR HENNA 120GM,CHAMAN LAL OM PARKASH
GODREJ NUPUR HENNA 400GM,CHAMAN LAL OM PARKASH
GODREJ NUPUR MEHENDI 50GM,CHAMAN LAL OM PARKASH
GODREJ SHAVING CREAM LEMON FRESH 100GM,CHAMAN LAL OM PARKASH
GODREJ SHAVING CREAM RICH LATHER 100GM,CHAMAN LAL OM PARKASH
GODREJ SHIKAKAI AMLA PLUS SOAP 78GM,CHAMAN LAL OM PARKASH
GOOD KNIGHT ADVANCED ACTIV+SYSTEM,CHAMAN LAL OM PARKASH
GOOD KNIGHT ADVANCED FAST CARD,CHAMAN LAL OM PARKASH
GOOD KNIGHT ADVANCED LAVENDER 45ML,CHAMAN LAL OM PARKASH
GOOD KNIGHT ADVANCED XPRESS SYSTEM REFILL,CHAMAN LAL OM PARKASH
GOOD KNIGHT FABRIC ROLL ON 100% NATURAL 8ML,CHAMAN LAL OM PARKASH
GOOD KNIGHT FABRIC ROLL ON NATURAL 8ML,CHAMAN LAL OM PARKASH
GOOD KNIGHT GREEN SHAKTI LOW SMOKE CPIL 10N,CHAMAN LAL OM PARKASH
GOOD KNIGHT MINI JAMBO 10N,CHAMAN LAL OM PARKASH
GOOD KNIGHT POWER CHIP SYSTEM POWER OF 100 COILS,CHAMAN LAL OM PARKASH
GOOD KNIGHT XPRESS SYSTEM MACHINE+CARTRIDGE COMBI PACK,CHAMAN LAL OM PARKASH
GOODWYN ASSAM TEA 250GM,EMPIRE STORES
GOODWYN ASSAM TEA 500GM,EMPIRE STORES
GOODWYN CHAMOMILE TEA 20BAGS,EMPIRE STORES
GOODWYN KASHMIRI KAHWA GREEN TEA 20TEA BAGS,EMPIRE STORES
GOWARDHAN ANGLES CHEESE PLAIN 200GM,PREM AGENCIES
GOWARDHAN CHEESE PROCESSED 400GM,PREM AGENCIES
GOWARDHAN CHEESE SLICE 200GM,PREM AGENCIES
GOWARDHAN CHEESE SLICE 476GM,PREM AGENCIES
GOWARDHAN CHEESE SLICE GREEN CHUTNEY 200GM,PREM AGENCIES
GOWARDHAN CHEESE SLICE PIRI PIRI 200GM,PREM AGENCIES
GOWARDHAN CHEESE SLICE PLAIN 100GM,PREM AGENCIES
GOWARDHAN CHEESE SLICE SCHEZWAN 200GM,PREM AGENCIES
GOWARDHAN CHEESE SPREAD FOUR PEPPER 200GM,PREM AGENCIES
GOWARDHAN CHEESE SPREAD GARLIC 200GM,PREM AGENCIES
GOWARDHAN CHEESE SPREAD JALAPENO 200GM,PREM AGENCIES
GOWARDHAN CHEESE SPREAD PLAIN 200GM,PREM AGENCIES
GOWARDHAN CHEESE SPREAD SMOKED PAPRIKA 200GM,PREM AGENCIES
GOWARDHAN CHEESE SPREAD SOFT & CREAMY OLIVE & HERBS 200GM,PREM AGENCIES
GOWARDHAN GHEE 1LTR,PREM AGENCIES
GOWARDHAN GHEE 200ML,PREM AGENCIES
GOWARDHAN GHEE 500ML,PREM AGENCIES
GOWARDHAN MOZZARELLA CHEESE 200GM,PREM AGENCIES
GOWARDHAN NACHO CHEESE DIP 180GM,PREM AGENCIES
GOWARDHAN NATTURAL CHEESE COLBY 200GM,PREM AGENCIES
GOWARDHAN PIZZA CHEESE 200GM,PREM AGENCIES
GOWARDHAN PIZZA CHEESE 400GM,PREM AGENCIES
GRANDMAS AUTHENTIC ALL NATURAL 500GM,CASH 
GRAPE FRUIT,CASH GRAPE FRUIT
GREEN CHERRY 100GM,KHALSA STORE
GUBB COTTON BALLS 50PEC,GM TECH INC
GUBB COTTON BALLS COLORED 100PCS,GM TECH INC
GUBB COTTON BALLS COLORED 50PCS,GM TECH INC
GUBB COTTON BALLS WHITE 100PEC,GM TECH INC
GUBB COTTON BUDS 50PEC,GM TECH INC
GUBB COTTON PAD EXFOLIATING 80PADS,GM TECH INC
GUBB TONGUE CLEANER (METAL),GM TECH INC
GUBB TONGUE CLEANER (PLASTIC),GM TECH INC
GUBB TONGUE CLEANER (PLASTIC) PACK OF 2,GM TECH INC
GUD 1KG,KHALSA STORE
GUD PARA 500GM,KHALSA STORE
GUD REWRI 400GM,KHALSA STORE
HAIR & CARE OIL 100ML,ESS ENN MARKETING
HAIR & CARE OIL 200ML,ESS ENN MARKETING
HAIR & CARE OIL 50ML,ESS ENN MARKETING
HAJMOLA IMLI BOTTLE 120N,RUHANI ENTERPRISES
HALDIRAMS ALL IN ONE 200GM,MEHAR ENTERPRISES
HALDIRAMS ALOO BHUJIA 200GM,MEHAR ENTERPRISES
HALDIRAMS ALOO BHUJIA 400GM,MEHAR ENTERPRISES
HALDIRAMS ALOO BHUJIA 42GM,GURU AMARDAS TRADERS 
HALDIRAMS BHELPURI 200GM,MEHAR ENTERPRISES
HALDIRAMS BHUJIA MASALA 200GM,MEHAR ENTERPRISES
HALDIRAMS BHUJIA MASALA 400GM,MEHAR ENTERPRISES
HALDIRAMS BHUJIA MASALA 42GM,GURU AMARDAS TRADERS 
HALDIRAMS BOMBAY MIX 200GM,MEHAR ENTERPRISES
HALDIRAMS BOONDI RAITA 200GM,MEHAR ENTERPRISES
HALDIRAMS CHAI PURI 200GM,MEHAR ENTERPRISES
HALDIRAMS CHAKOLI 200GM,MEHAR ENTERPRISES
HALDIRAMS CHANA CRACKER - HEENG JEERA 200GM,SUNIL AND COMPANY
HALDIRAMS CHANA CRACKER 200GM,SUNIL AND COMPANY
HALDIRAMS CHANA DAL NIMBULA 40GM,GURU AMARDAS TRADERS 
HALDIRAMS CHANA JOR GARAM 200GM,MEHAR ENTERPRISES
HALDIRAMS CHATPATA DAL 200GM,MEHAR ENTERPRISES
HALDIRAMS CHATPATA DAL 40GM,GURU AMARDAS TRADERS 
HALDIRAMS CORN FLAKES MIXTURE 200GM,MEHAR ENTERPRISES
HALDIRAMS CRAZY MIXTURE 200GM,SUNIL AND COMPANY
HALDIRAMS DAL BIJI 200GM,MEHAR ENTERPRISES
HALDIRAMS DIET CHIDWA 180GM,SUNIL AND COMPANY
HALDIRAMS DIET LEMON BHEL 150GM,SUNIL AND COMPANY
HALDIRAMS DIET MIXTURE 180GM,SUNIL AND COMPANY
HALDIRAMS DIET MURMURA 180GM,SUNIL AND COMPANY
HALDIRAMS DIET MURMURA MUNCH 150GM,SUNIL AND COMPANY
HALDIRAMS FATAFAT BHEL 150GM,SUNIL AND COMPANY
HALDIRAMS FATAFAT BHEL 45GM,GURU AMARDAS TRADERS 
HALDIRAMS GUJRATI MIX 200GM,MEHAR ENTERPRISES
HALDIRAMS GULAB JAMUN 1KG,SUNIL AND COMPANY
HALDIRAMS HARA CHIDWA 200GM,MEHAR ENTERPRISES
,SUNIL AND COMPANY
HALDIRAMS HARA CHIDWA 200GM Total,
HALDIRAMS JAVITRI PAPAD 200GM,SUNIL AND COMPANY
HALDIRAMS JEERA KHAKHRA 180GM,SUNIL AND COMPANY
HALDIRAMS KAJU MIXTURE 200GM,MEHAR ENTERPRISES
HALDIRAMS KAJU MIXTURE 400GM,MEHAR ENTERPRISES
HALDIRAMS KASHMIRI MIXTURE 200GM,MEHAR ENTERPRISES
HALDIRAMS KASHMIRI MIXTURE 400GM,MEHAR ENTERPRISES
HALDIRAMS KHATTA MEETHA 200GM,MEHAR ENTERPRISES
HALDIRAMS KHATTA MEETHA 400GM,MEHAR ENTERPRISES
HALDIRAMS KHATTA MEETHA 42GM,GURU AMARDAS TRADERS 
HALDIRAMS MAGIC MAKHANA SALTED 40GM,SUNIL AND COMPANY
HALDIRAMS MASALA KHAKHRA 180GM,SUNIL AND COMPANY
HALDIRAMS MATHRI 200GM,MEHAR ENTERPRISES
HALDIRAMS MEDIUM MASALA PAPAD 200GM,SUNIL AND COMPANY
HALDIRAMS MEDIUM MASALA PAPAD SPICY 200GM,SUNIL AND COMPANY
HALDIRAMS METHI KHAKHRA 180GM,SUNIL AND COMPANY
HALDIRAMS MOONG DAL 400GM,MEHAR ENTERPRISES
HALDIRAMS MOONG DAL 40GM,GURU AMARDAS TRADERS 
HALDIRAMS MOONG DAL MASALA 200GM,MEHAR ENTERPRISES
HALDIRAMS MOONG DAL PLAIN 200GM,MEHAR ENTERPRISES
HALDIRAMS MURUKKU 200GM,MEHAR ENTERPRISES
HALDIRAMS NAVRATTAN 200GM,MEHAR ENTERPRISES
HALDIRAMS NAVRATTAN 400GM,MEHAR ENTERPRISES
HALDIRAMS NAVRATTAN 42GM,GURU AMARDAS TRADERS 
HALDIRAMS NIMBU MASALA 200GM,MEHAR ENTERPRISES
HALDIRAMS NIMBU MASALA 42GM,GURU AMARDAS TRADERS 
HALDIRAMS NUT CRACKER 200GM,SUNIL AND COMPANY
HALDIRAMS NUT CRACKER 42GM,GURU AMARDAS TRADERS 
HALDIRAMS PANCHRATTAN 200GM,SUNIL AND COMPANY
HALDIRAMS PANCHRATTAN 400GM,SUNIL AND COMPANY
HALDIRAMS PEANUT-GUP SHUP 200GM,SUNIL AND COMPANY
HALDIRAMS PEANUT-GUP SHUP 42GM,GURU AMARDAS TRADERS 
HALDIRAMS PEANUTS HEENG JEERA 200GM,SUNIL AND COMPANY
HALDIRAMS PEANUTS HEENG JEERA 42GM,GURU AMARDAS TRADERS 
HALDIRAMS PEANUTS MASALA 200GM,SUNIL AND COMPANY
HALDIRAMS PEANUTS SALTED 42GM,GURU AMARDAS TRADERS 
HALDIRAMS PLAIN BHUJIA 200GM,MEHAR ENTERPRISES
HALDIRAMS PLAIN BHUJIA 400GM,MEHAR ENTERPRISES
HALDIRAMS PUNJABI TADKA 200GM,SUNIL AND COMPANY
HALDIRAMS PUNJABI TADKA 40GM,GURU AMARDAS TRADERS 
HALDIRAMS RASGULLA TIN 1KG,SUNIL AND COMPANY
HALDIRAMS ROASTED CHANA CRACKER HEENG JEERA 40GM,GURU AMARDAS TRADERS 
HALDIRAMS SALTED MASALA BANANA CHIPS 200GM,SUNIL AND COMPANY
HALDIRAMS SALTED PEANUTS 200GM,SUNIL AND COMPANY
HALDIRAMS SAMOSA 200GM,MEHAR ENTERPRISES
HALDIRAMS SHAHI MIXTURE 200GM,MEHAR ENTERPRISES
HALDIRAMS SOAN PAPDI 2X500GM,SUNIL AND COMPANY
HALDIRAMS SOAN PAPDI 500GM,SUNIL AND COMPANY
HALDIRAMS SOYSTIX CHATPATA MASALA 150GM,SUNIL AND COMPANY
HALDIRAMS SUJI RUSK 300GM,SUNIL AND COMPANY
HALO NOURISHING SHAMPOO PROTEIN & EGG,SHIV SHAKTI ENTERPRISES 
"HAMAM SOAP NEEM,TULSI & ALOE VERA 100GM",GUPTA SONS
HAMDARD JOSHINA 100ML,NATIONAL ENTERPRISES
HAMDARD JOSHINA 200ML,NATIONAL ENTERPRISES
HAMDARD ROGAN BADAM SHIRIN 50ML,NATIONAL ENTERPRISES
HAMDARD ROGAN BADAM SIRIN 100ML,NATIONAL ENTERPRISES
,NATIONAL TRADERS
HAMDARD ROGAN BADAM SIRIN 100ML Total,
HAMDARD ROGAN BADAM SIRIN 25ML,NATIONAL ENTERPRISES
HAPPYDENT COMPLETE SUGARFREE CHEWING GUM PEPPERMINT FLAVOUR6.6GM,NARULA AGENCY
HAPPYDENT WHITE MINT FLAVOUR16.8GM,NARULA AGENCY
HARNIK CARAMEL PUDDING MIX 100GM,SUPER TRADERS
HARNIK JELLY CRYSTALS LEMON 90GM,SUPER TRADERS
HARNIK JELLY PINEAPPLE 90GM,SUPER TRADERS
HARNIK JELLY STRAWBERRY 90GM,SUPER TRADERS
HARPIC BATHROOM CLEANING SPRAY 400ML,GR ENTERPRISES
HARPIC DISINFECTANT BATHROOM CLEANER FLORAL 500ML,GR ENTERPRISES
HARPIC DISINFECTANT BATHROOM CLEANER LEMON 1LTR,GR ENTERPRISES
HARPIC DISINFECTANT BATHROOM CLEANER LEMON 200ML,GR ENTERPRISES
HARPIC DISINFECTANT BATHROOM CLEANER LEMON 500ML,GR ENTERPRISES
HARPIC DISINFECTANT TOILET CLEANER FRESH CITRUS 500ML,GR ENTERPRISES
HARPIC DISINFECTANT TOILET CLEANER FRESH PINE 500ML,GR ENTERPRISES
HARPIC FLUSHMATIC AQUAMARINE 2X50GM=100GM,GR ENTERPRISES
HARPIC FULSHMATIC PINE 2X50GM,GR ENTERPRISES
HARPIC GERM&STAIN BLASTER FLORAL 750ML,GR ENTERPRISES
HARPIC HYGIENIC TOILET RIM BLOBK CITRUS 26GM,GR ENTERPRISES
HARPIC HYGIENIC TOILET RIM BLOCK JASMINE 26GM,GR ENTERPRISES
HARPIC HYGIENIC TOILET RIM BLOCK LAVENDER 26GM,GR ENTERPRISES
HARPIC POWER FRESH CITRUS 39GM,GR ENTERPRISES
HARPIC POWER PLUS 10X ORANGE 1LTR,GR ENTERPRISES
HARPIC POWER PLUS 10X ORIGINAL 1LTR,GR ENTERPRISES
HARPIC POWER PLUS 10X ORIGINAL 200ML,GR ENTERPRISES
HARPIC POWER PLUS 10X ORIGINAL 500ML,GR ENTERPRISES
HARPIC POWER PLUS ALL IN 1 ORIGINAL 200ML,GR ENTERPRISES
HARPIC WHITE & SHINE BLEACH DISINFECTANT TOILET CLEANER 500ML,GR ENTERPRISES
HE DEO ARCTIC 122ML,PREM AGENCIES
HE DEO BODY PERFUME HYPNOTIC 122ML,PREM AGENCIES
HE DEO BODY PERFUME POWER 100GM,PREM AGENCIES
HE DEO BODY SPRAY PERFUMED INNOVATOR 150ML,PREM AGENCIES
HE DEO MAGICIAN 150ML,PREM AGENCIES
HE DEO RESPECT 150ML,PREM AGENCIES
HE FACE WASH ON THE GO WATERLESS 50GM,PREM AGENCIES
HEAD & SHOULDER ANTI-DANDRUFF SHAMPOO + CONDITIONER 2IN1 COOM MENTHOL 180ML,NIRMAN ASSOCIATES
HEAD & SHOULDER ANTI-DANDRUFF SHAMPOO + CONDITIONER 2IN1 COOM MENTHOL 360ML,NIRMAN ASSOCIATES
HEAD & SHOULDER ANTI-DANDRUFF SHAMPOO + CONDITIONER 2IN1 SMOOTH & SILKY 180ML,NIRMAN ASSOCIATES
HEAD & SHOULDER ANTI-DANDRUFF SHAMPOO + CONDITIONER 2IN1 SMOOTH & SILKY 360ML,NIRMAN ASSOCIATES
HEAD & SHOULDER CONDITIONER ANTI HAIRFALL 80ML,NIRMAN ASSOCIATES
HEAD & SHOULDER CONDITIONER SMOOTH & SILKY 170ML,NIRMAN ASSOCIATES
HEAD & SHOULDER SHAMPOO ANTI HAIR FALL 180ML,NIRMAN ASSOCIATES
HEAD & SHOULDER SHAMPOO ANTI HAIR FALL 360ML,NIRMAN ASSOCIATES
HEAD & SHOULDER SHAMPOO ANTI HAIR FALL 675ML,NIRMAN ASSOCIATES
HEAD & SHOULDER SHAMPOO ANTI HAIR FALL 80ML,NIRMAN ASSOCIATES
HEAD & SHOULDER SHAMPOO COOL MENTHOL 180ML,NIRMAN ASSOCIATES
HEAD & SHOULDER SHAMPOO COOL MENTHOL 360ML,NIRMAN ASSOCIATES
HEAD & SHOULDER SHAMPOO COOL MENTHOL 675ML,NIRMAN ASSOCIATES
HEAD & SHOULDER SHAMPOO COOL MENTHOL 80ML,NIRMAN ASSOCIATES
HEAD & SHOULDER SHAMPOO DRY SCALP CARE 170ML,NIRMAN ASSOCIATES
HEAD & SHOULDER SHAMPOO DRY SCALP CARE 360ML,NIRMAN ASSOCIATES
HEAD & SHOULDER SHAMPOO LEMON FRESH 170ML,NIRMAN ASSOCIATES
HEAD & SHOULDER SHAMPOO LEMON FRESH 360ML,NIRMAN ASSOCIATES
HEAD & SHOULDER SHAMPOO LEMON FRESH 80ML,NIRMAN ASSOCIATES
HEAD & SHOULDER SHAMPOO SILKY BLACK 170ML,NIRMAN ASSOCIATES
HEAD & SHOULDER SHAMPOO SILKY BLACK 360ML,NIRMAN ASSOCIATES
HEAD & SHOULDER SHAMPOO SILKY BLACK 675ML,NIRMAN ASSOCIATES
HEAD & SHOULDER SHAMPOO SILKY BLACK 72ML,NIRMAN ASSOCIATES
HEAD & SHOULDER SHAMPOO SMOOTH & SILKY 180ML,NIRMAN ASSOCIATES
HEAD & SHOULDER SHAMPOO SMOOTH & SILKY 375ML,NIRMAN ASSOCIATES
HEAD & SHOULDER SHAMPOO SMOOTH & SILKY 675ML,NIRMAN ASSOCIATES
HEAD & SHOULDER SHAMPOO SMOOTH & SILKY 80ML,NIRMAN ASSOCIATES
HEAVENS GARDEN LUXURY TALC 2X300GM,NAV BHARAT TRADERS
HEINZ TOMATO KETCHUP 1KG,SUPER DISTRIBUTION NETWORK
HEINZ TOMATO KETCHUP 200GM,SUPER DISTRIBUTION NETWORK
HEINZ TOMATO KETCHUP 450GM,SUPER DISTRIBUTION NETWORK
HERSHEYS COCOA NATURAL UNSWEETENED 225GM,RJ ENTERPRISES
HERSHEYS MILK BOOSTER WITH CALCIUM & VITAMIN D CHOCOLATE FLAVOR 475GM,RJ ENTERPRISES
HERSHEYS MILK SHAKE CHOCOLATE FLAVOUR 200ML,RJ ENTERPRISES
HERSHEYS MILK SHAKE COOKIES N CREAM FLAVOUR 200ML,RJ ENTERPRISES
HERSHEYS MILK SHAKE STRAWBERRY FLAVOUR 200ML,RJ ENTERPRISES
HERSHEYS SPREADS COCOA 135GM,RJ ENTERPRISES
HERSHEYS SPREADS COCOA 300GM,RJ ENTERPRISES
HERSHEYS SPREADS COCOA WITH ALMOND 150GM,RJ ENTERPRISES
HERSHEYS SPREADS COCOA WITH ALMOND 300GM,RJ ENTERPRISES
HERSHEYS SYRUP CARAMEL 623GM,RJ ENTERPRISES
HERSHEYS SYRUP CHOCOLATE 623GM,RJ ENTERPRISES
HIMALAYA ACNE N PIMPLE CREAN SHALMALI 20GM,SR BEAUTY & EXPORTERS
HIMALAYA ANTI HAIR LOSS CREAM PALASHA 50ML,SR BEAUTY & EXPORTERS
HIMALAYA ANTI-HAIR FALL HAIR OIL 100ML,SN AGENCIES
HIMALAYA ANTISEPTIC CREAM NIRGUNDI 20GM,SR BEAUTY & EXPORTERS
HIMALAYA CLEAR COMPLEXION WHITENING DRY CREAM 50GM,SN AGENCIES
HIMALAYA CLEAR COMPLEXION WHITENING FACE SCRUB 100GM,SJ INTERNATIONAL 
,SN AGENCIES
HIMALAYA CLEAR COMPLEXION WHITENING FACE SCRUB 100GM Total,
HIMALAYA CLEAR COMPLEXION WHITENING FACE SCRUB 50GM,SJ INTERNATIONAL 
,SN AGENCIES
HIMALAYA CLEAR COMPLEXION WHITENING FACE SCRUB 50GM Total,
HIMALAYA COLD BALM EUCALYPTUS 10GM,SR BEAUTY & EXPORTERS
HIMALAYA CONDITIONER ANTI-DANDRUFF 100ML,SN AGENCIES
HIMALAYA CONDITIONER ANTI-HAIR FALL 100ML,SJ INTERNATIONAL 
HIMALAYA CONDITIONER DAMAGE REPAIR PROTEIN 100ML,SN AGENCIES
HIMALAYA CONDITIONER DAMAGE REPAIR PROTEIN 200ML,SN AGENCIES
HIMALAYA CONDITIONER DRYNESS DEFENSE 100ML,SN AGENCIES
HIMALAYA CONDITIONER DRYNESS DEFENSE 200ML,SN AGENCIES
HIMALAYA CONDITIONER GENTLE DAILY CARE 200ML,SN AGENCIES
HIMALAYA FACE SCRUB TAN REMOVAL ORANGE 100GM,SJ INTERNATIONAL 
HIMALAYA FACE SCRUB TAN REMOVAL ORANGE 50GM,SJ INTERNATIONAL 
,SN AGENCIES
HIMALAYA FACE SCRUB TAN REMOVAL ORANGE 50GM Total,
HIMALAYA FACE WASH ACTIVE SPORT 100ML,SJ INTERNATIONAL 
HIMALAYA FACE WASH ACTIVE SPORT 50ML,SJ INTERNATIONAL 
HIMALAYA FACE WASH MEN NEEM PIMPLE CLEAR 100ML,SJ INTERNATIONAL 
,SN AGENCIES
HIMALAYA FACE WASH MEN NEEM PIMPLE CLEAR 100ML Total,
HIMALAYA FACE WASH MEN NEEM PIMPLE CLEAR 50ML,SJ INTERNATIONAL 
,SN AGENCIES
HIMALAYA FACE WASH MEN NEEM PIMPLE CLEAR 50ML Total,
HIMALAYA FACE WASH TAN REMOVAL ORANGE 100ML,SJ INTERNATIONAL 
HIMALAYA FACE WASH TAN REMOVAL ORANGE 50ML,SJ INTERNATIONAL 
,SN AGENCIES
HIMALAYA FACE WASH TAN REMOVAL ORANGE 50ML Total,
HIMALAYA FACEWASH CLEAR COMPLEXION WHITENING 100ML,SJ INTERNATIONAL 
HIMALAYA FACEWASH CLEAR COMPLEXION WHITENING 50GM,SJ INTERNATIONAL 
,SN AGENCIES
HIMALAYA FACEWASH CLEAR COMPLEXION WHITENING 50GM Total,
HIMALAYA FACEWASH DEEP CLEANSING APRICOT 100ML,SJ INTERNATIONAL 
,SN AGENCIES
HIMALAYA FACEWASH DEEP CLEANSING APRICOT 100ML Total,
HIMALAYA FACEWASH DEEP CLEANSING APRICOT 50ML,SJ INTERNATIONAL 
HIMALAYA FACEWASH FAIRNESS KESAR 100ML,SJ INTERNATIONAL 
,SN AGENCIES
HIMALAYA FACEWASH FAIRNESS KESAR 100ML Total,
HIMALAYA FACEWASH FAIRNESS KESAR 50ML,SJ INTERNATIONAL 
,SN AGENCIES
HIMALAYA FACEWASH FAIRNESS KESAR 50ML Total,
HIMALAYA FACEWASH INTENSE OIL CLEAR LEMON 50ML,SJ INTERNATIONAL 
HIMALAYA FACEWASH MOISTURISING ALOE VERA 100ML,SJ INTERNATIONAL 
,SN AGENCIES
HIMALAYA FACEWASH MOISTURISING ALOE VERA 100ML Total,
HIMALAYA FACEWASH MOISTURISING ALOE VERA 200ML,SN AGENCIES
HIMALAYA FACEWASH MOISTURISING ALOE VERA 50ML,SJ INTERNATIONAL 
,SN AGENCIES
HIMALAYA FACEWASH MOISTURISING ALOE VERA 50ML Total,
HIMALAYA FACEWASH OIL CLEAR  LEMON 200ML,SJ INTERNATIONAL 
,SN AGENCIES
HIMALAYA FACEWASH OIL CLEAR  LEMON 200ML Total,
HIMALAYA FACEWASH OIL CLEAR LEMON 100ML,SJ INTERNATIONAL 
,SN AGENCIES
HIMALAYA FACEWASH OIL CLEAR LEMON 100ML Total,
HIMALAYA FACEWASH OIL CLEAR LEMON 50ML,SJ INTERNATIONAL 
,SN AGENCIES
HIMALAYA FACEWASH OIL CLEAR LEMON 50ML Total,
HIMALAYA FACEWASH OIL CLEAR LEMON FOAMING 150ML,SJ INTERNATIONAL 
HIMALAYA FACEWASH POWER GLOW LICORICE 100ML,SN AGENCIES
HIMALAYA FACEWASH POWER GLOW LICORICE 50ML,SJ INTERNATIONAL 
,SN AGENCIES
HIMALAYA FACEWASH POWER GLOW LICORICE 50ML Total,
HIMALAYA FACEWASH PURIFYING NEEM 100ML,SJ INTERNATIONAL 
,SN AGENCIES
HIMALAYA FACEWASH PURIFYING NEEM 100ML Total,
HIMALAYA FACEWASH PURIFYING NEEM 150ML,SJ INTERNATIONAL 
,SN AGENCIES
HIMALAYA FACEWASH PURIFYING NEEM 150ML Total,
HIMALAYA FACEWASH PURIFYING NEEM 200ML,SJ INTERNATIONAL 
,SN AGENCIES
HIMALAYA FACEWASH PURIFYING NEEM 200ML Total,
HIMALAYA FACEWASH PURIFYING NEEM 50ML,SJ INTERNATIONAL 
,SN AGENCIES
HIMALAYA FACEWASH PURIFYING NEEM 50ML Total,
HIMALAYA FACEWASH PURIFYING NEEM FOAMING 150ML,SJ INTERNATIONAL 
,SN AGENCIES
HIMALAYA FACEWASH PURIFYING NEEM FOAMING 150ML Total,
HIMALAYA FOOT CARE CREAM TURMERIC 20GM,SR BEAUTY & EXPORTERS
HIMALAYA GENTLE EXFOLIATING APRICOT SCRUB 100GM,SJ INTERNATIONAL 
HIMALAYA GENTLE EXFOLIATING APRICOT SCRUB 50GM,SJ INTERNATIONAL 
,SN AGENCIES
HIMALAYA GENTLE EXFOLIATING APRICOT SCRUB 50GM Total,
HIMALAYA GENTLE EXFOLIATING WALNUT SCRUB 100GM,SJ INTERNATIONAL 
,SN AGENCIES
HIMALAYA GENTLE EXFOLIATING WALNUT SCRUB 100GM Total,
HIMALAYA GENTLE EXFOLIATING WALNUT SCRUB 50GM,SJ INTERNATIONAL 
,SN AGENCIES
HIMALAYA GENTLE EXFOLIATING WALNUT SCRUB 50GM Total,
HIMALAYA HAIR OIL ANTI DANDRUFF 100ML,SN AGENCIES
HIMALAYA HAIR OIL ANTI DANDRUFF 200ML,SN AGENCIES
HIMALAYA HAND SANITIZER 50ML,SR BEAUTY & EXPORTERS
HIMALAYA HAND SANITIZER GREEN APPLE 100ML,SR BEAUTY & EXPORTERS
HIMALAYA HAND SANITIZER GREEN APPLE 50ML,SR BEAUTY & EXPORTERS
HIMALAYA HAND SANITIZER LEMON 250ML,SR BEAUTY & EXPORTERS
HIMALAYA HAND SANITIZER LITCHI 100ML,SR BEAUTY & EXPORTERS
HIMALAYA HAND SANITIZER LITCHI 50ML,SR BEAUTY & EXPORTERS
HIMALAYA HAND SANITIZER ORANGE 100ML,SR BEAUTY & EXPORTERS
HIMALAYA HAND SANITIZER ORANGE 50ML,SR BEAUTY & EXPORTERS
HIMALAYA HAND SANITIZER STRAWBERRY 100ML,SR BEAUTY & EXPORTERS
HIMALAYA HAND SANITIZER STRAWBERRY 50ML,SR BEAUTY & EXPORTERS
HIMALAYA MEN FACE & BEARD WASH COCONUT WATER+ALOE VERA 40ML,SN AGENCIES
HIMALAYA MEN FACE & BEARD WASH COCONUT WATER+ALOE VERA 80ML,SJ INTERNATIONAL 
,SN AGENCIES
HIMALAYA MEN FACE & BEARD WASH COCONUT WATER+ALOE VERA 80ML Total,
HIMALAYA MUSCLE & JOINT RUB 20GM,SR BEAUTY & EXPORTERS
HIMALAYA NATURAL GLOW FAIRNESS CREAM 25GM,SJ INTERNATIONAL 
HIMALAYA NOURISHING SKIN CREAM 100ML,SN AGENCIES
HIMALAYA NOURISHING SKIN CREAM 50ML,SN AGENCIES
HIMALAYA PAIN BALM STRONG MINT 10GM,SR BEAUTY & EXPORTERS
HIMALAYA PAIN RELIEF OIL GINGER 100ML,SR BEAUTY & EXPORTERS
HIMALAYA PURE HANDS HAND SANITIZER 500ML,SR BEAUTY & EXPORTERS
HIMALAYA PURE HANDS HANDSANITIZER 100ML,SR BEAUTY & EXPORTERS
HIMALAYA PURE HERBS ASHVAGANDHA GENERAL WELLNESS 60TABLETS 250GM,SR BEAUTY & EXPORTERS
HIMALAYA PURE HERBS BRAHMI MIND WELLNESS 60TABLETS 250GM,SR BEAUTY & EXPORTERS
HIMALAYA PURE HERBS GOKSHURA MENS WELLNESS 60TABLETS 250GM,SR BEAUTY & EXPORTERS
HIMALAYA PURE HERBS LASUNA CARDIAC WELLNESS 60TABLETS 250GM,SR BEAUTY & EXPORTERS
HIMALAYA PURE HERBS NEEM SKIN WELLNESS 60TABLETS 250GM,SR BEAUTY & EXPORTERS
HIMALAYA PURE HERBS TAGARA SLEEP WELLNESS 60TABLETS 250GM,SR BEAUTY & EXPORTERS
HIMALAYA PURE HERBS TRIKATU DIGESTIVE WELLNESS 60TABLETS 250GM,SR BEAUTY & EXPORTERS
HIMALAYA PURE HERBS TRIPHALA BOWEL WELLNESS 60TABLETS 250GM,SR BEAUTY & EXPORTERS
HIMALAYA PURIFYING NEEM SCRUB 100GM,SJ INTERNATIONAL 
,SN AGENCIES
HIMALAYA PURIFYING NEEM SCRUB 100GM Total,
HIMALAYA PURIFYING NEEM SCRUB 50GM,SJ INTERNATIONAL 
,SN AGENCIES
HIMALAYA PURIFYING NEEM SCRUB 50GM Total,
HIMALAYA SHAMPOO ANTI DANDRUFF 100ML,SJ INTERNATIONAL 
HIMALAYA SHAMPOO ANTI DANDRUFF 200ML,SJ INTERNATIONAL 
HIMALAYA SHAMPOO ANTI HAIR FALL ALL HAIR TYPES 400ML,SN AGENCIES
HIMALAYA SHAMPOO ANTI-HAIR FALL ALL HAIR TYPES 100ML,SN AGENCIES
HIMALAYA SHAMPOO ANTI-HAIR FALL ALL HAIR TYPES 200ML,SJ INTERNATIONAL 
,SN AGENCIES
HIMALAYA SHAMPOO ANTI-HAIR FALL ALL HAIR TYPES 200ML Total,
HIMALAYA SHAMPOO DAMAGE REPAIR PROTEIN 100ML,SJ INTERNATIONAL 
,SN AGENCIES
HIMALAYA SHAMPOO DAMAGE REPAIR PROTEIN 100ML Total,
HIMALAYA SHAMPOO DAMAGE REPAIR PROTEIN 200ML,SJ INTERNATIONAL 
HIMALAYA SHAMPOO DAMAGE REPAIR PROTEIN 400ML,SN AGENCIES
HIMALAYA SHAMPOO GENTLE DAILY CARE PROTEIN 200ML,SJ INTERNATIONAL 
,SN AGENCIES
HIMALAYA SHAMPOO GENTLE DAILY CARE PROTEIN 200ML Total,
HIMALAYA SHAMPOO GENTLE DAILY CARE PROTEIN 400ML,SN AGENCIES
HIMALAYA SHAMPOO PROTEIN GENTLE DAILY CARE 100ML,SJ INTERNATIONAL 
,SN AGENCIES
HIMALAYA SHAMPOO PROTEIN GENTLE DAILY CARE 100ML Total,
HIMALAYA SOAP ALMOND & ROSE  125GM,SJ INTERNATIONAL 
HIMALAYA SOAP ALMOND & ROSE  4X125GM,SJ INTERNATIONAL 
,SN AGENCIES
HIMALAYA SOAP ALMOND & ROSE  4X125GM Total,
HIMALAYA SOAP ALMOND & ROSE  75GM,SJ INTERNATIONAL 
,SN AGENCIES
HIMALAYA SOAP ALMOND & ROSE  75GM Total,
HIMALAYA SOAP CREAM & HONEY 75GM,SJ INTERNATIONAL 
,SN AGENCIES
HIMALAYA SOAP CREAM & HONEY 75GM Total,
HIMALAYA SOAP CUCUMBER & COCONUT 125GM,SJ INTERNATIONAL 
,SN AGENCIES
HIMALAYA SOAP CUCUMBER & COCONUT 125GM Total,
HIMALAYA SOAP CUCUMBER & COCONUT 75GM,SJ INTERNATIONAL 
HIMALAYA SOAP HONEY & CREAM 125GM,SJ INTERNATIONAL 
,SN AGENCIES
HIMALAYA SOAP HONEY & CREAM 125GM Total,
HIMALAYA SOAP NEEM & TURMERIC SOAP 125GM,SJ INTERNATIONAL 
,SN AGENCIES
HIMALAYA SOAP NEEM & TURMERIC SOAP 125GM Total,
HIMALAYA SOAP NEEM & TURMERIC SOAP 4X125GM,SJ INTERNATIONAL 
HIMALAYA SOAP NEEM & TURMERIC SOAP 75GM,SJ INTERNATIONAL 
HIMALAYA STRESS RELIEF MASSAGE OIL 200ML,SR BEAUTY & EXPORTERS
HIMALAYA TOOTH PASTE ACTIVE FRESH GEL 100GM,SJ INTERNATIONAL 
,SN AGENCIES
HIMALAYA TOOTH PASTE ACTIVE FRESH GEL 100GM Total,
HIMALAYA TOOTH PASTE COMPLETE CARE (2X150GM)+80GM FREE,SN AGENCIES
HIMALAYA TOOTH PASTE COMPLETE CARE (2X80GM),SJ INTERNATIONAL 
HIMALAYA TOOTH PASTE COMPLETE CARE 2X150GM,SJ INTERNATIONAL 
HIMALAYA TOOTH PASTE COMPLETE CARE 40GM,SN AGENCIES
HIMALAYA TOOTH PASTE COMPLETE CARE GUM EXPERT 150GM,SJ INTERNATIONAL 
,SN AGENCIES
HIMALAYA TOOTH PASTE COMPLETE CARE GUM EXPERT 150GM Total,
HIMALAYA TOOTH PASTE COMPLETE CARE GUM EXPERT 80GM,SJ INTERNATIONAL 
,SN AGENCIES
HIMALAYA TOOTH PASTE COMPLETE CARE GUM EXPERT 80GM Total,
HIMALAYA TOOTH PASTE DENTAL CREAM 200GM,SJ INTERNATIONAL 
,SN AGENCIES
HIMALAYA TOOTH PASTE DENTAL CREAM 200GM Total,
HIMALAYA TOOTH PASTE SENSITIVE 80GM,SN AGENCIES
HIMALAYA TOOTH PASTE SPARKLING WHITE 150GM,SN AGENCIES
HIMALAYA TOOTH PASTE SPARKLING WHITE 2X150GM,SJ INTERNATIONAL 
HIMALAYA TOOTH PASTE SPARKLING WHITE 2X150GM+80GM FREE,SN AGENCIES
HIMALAYA TOOTH PASTE SPARKLING WHITE 40GM,SN AGENCIES
HIMALAYA TOOTH PASTE SPARKLING WHITE 80GM,SN AGENCIES
HIMALAYA TOOTH PASTE SPARKLING WHITE FRESH GEL 40GM,SN AGENCIES
HIMALAYA TOOTH PASTE SPARKLING WHITE FRESH GEL 80GM,SN AGENCIES
HIMALAYA TOOTH PASTE STAIN REMOVAL GUM EXPERT 80GM,SJ INTERNATIONAL 
,SN AGENCIES
HIMALAYA TOOTH PASTE STAIN REMOVAL GUM EXPERT 80GM Total,
HIMALAYA WINTER DEFENSE MOISTURIZING CREAM 50ML,SN AGENCIES
HIT KILLS FLIES & MOSQUITOES 320ML,CHAMAN LAL OM PARKASH
HIT KILLS FLIES & MOSQUITOES 400ML,CHAMAN LAL OM PARKASH
HIT KILLS FLIES & MOSQUITOES 625ML,CHAMAN LAL OM PARKASH
HIT KILLS HIDDEN COCKROACHES 225ML,CHAMAN LAL OM PARKASH
HIT KILLS HIDDEN COCKROACHES 320ML,CHAMAN LAL OM PARKASH
HIT KILLS HIDDEN COCKROACHES 400ML,CHAMAN LAL OM PARKASH
HIT KILLS HIDDEN COCKROACHES 625ML,CHAMAN LAL OM PARKASH
HIT KILLS RATS 25GM,CHAMAN LAL OM PARKASH
HIT LIME FRAGRANCE FOR MOSQUITOES AND FILES KILLS DENGUE & MALARIA 400ML,CHAMAN LAL OM PARKASH
HOME MADE GINGERALE 750ML,CASH 
HOME MADE JALJEERA 750ML,CASH 
HOMELITES MATCHBOX,KHALSA STORE
HORLICKS BISCUIT 100GM,KANWAL AGENCIES
HORLICKS BISCUIT 150GM,KANWAL AGENCIES
HORLICKS BISCUIT 50GM,KANWAL AGENCIES
HORLICKS CHOCOLATE DELIGHT 1KG,KANWAL AGENCIES
HORLICKS CHOCOLATE DELIGHT 500GM,KANWAL AGENCIES
HORLICKS CHOCOLATE DELIGHT 75GM,KANWAL AGENCIES
HORLICKS CHOCOLATE DELIGHT JAR 200GM,KANWAL AGENCIES
HORLICKS CLASSIC MALT JAR 200GM,KANWAL AGENCIES
HORLICKS CLASSIC MALT JAR 500GM,KANWAL AGENCIES
HORLICKS ELAICHI SURPRISE JAR 500GM,KANWAL AGENCIES
HORLICKS JUNIOR CHOCOLATE JAR 500GM,KANWAL AGENCIES
HORLICKS JUNIOR ORIGINAL 500GM,KANWAL AGENCIES
HORLICKS LITE REGULAR MALT JAR 450GM,KANWAL AGENCIES
HORLICKS ROYAL KESAR BADAM 400GM,KANWAL AGENCIES
HORLICKS WOMENS CHOCOLATE 400GM,KANWAL AGENCIES
ICE CUBE 1KG,CASH 
IMLI 200GM,KHALSA STORE
INDULEKHA BRINGHA OIL 100ML,GUPTA SONS
INDULEKHA BRINGHA OIL 50ML,GUPTA SONS
IODEX MULTI PURPOSE PAIN BALM 18GM,KANWAL AGENCIES
IODEX MULTI PURPOSE PAIN BALM 45GM,KANWAL AGENCIES
IODEX MULTI PURPOSE PAIN BALM 9GM,KANWAL AGENCIES
ITALIAN FOCCASSIA,EMPIRE STORES
J.P GARBAGE BAG 50PCS 20X26,PEE KAY PLASTIC INDUSTRIES
J.P GARBAGE BAG BIG 50PPCS24X30,PEE KAY PLASTIC INDUSTRIES
JABSONS ALU LACHHA ORIGINAL 180GM,PAL BROTHER
JABSONS BANANA WAFERS BLACK PEPPER 75GM,PAL BROTHER
JABSONS BHARUCHI SALTED ROASTED PEANUTS WITHOUT SKIN 150GM,PAL BROTHER
JABSONS CHIKKI 480GM,PAL BROTHER
JABSONS CHIKKI PEANUT GUD 160GM,PAL BROTHER
JABSONS CLASSIC HAND ROASTED PEANUTS 150GM,PAL BROTHER
JABSONS COCKTAIL NUTS 120GM,PAL BROTHER
JABSONS FALAHARI MIXTURE 140GM,PAL BROTHER
JABSONS KHAKHRA AJWAIN 180GM,PAL BROTHER
JABSONS KHAKHRA BAJRA METHI 180GM,PAL BROTHER
JABSONS KHAKHRA CHILLY GARLIC 180GM,PAL BROTHER
JABSONS KHAKHRA GOL GAPPA PANIPURI MASALA 180GM,PAL BROTHER
JABSONS KHAKHRA JEERA 180GM,PAL BROTHER
JABSONS KHAKHRA METHI 180GM,PAL BROTHER
JABSONS KHAKHRA PUNJABI MASALA SPICY 180GM,PAL BROTHER
JABSONS ROASTED CHANA BLACK PEPPER 150GM,PAL BROTHER
JABSONS ROASTED CHANA GUD CHANA 180GM,PAL BROTHER
JABSONS ROASTED CHANA HING JEERA 150GM,PAL BROTHER
JABSONS ROASTED CHANA NIMBOO PUDINA 150GM,PAL BROTHER
JABSONS ROASTED CHANA SPICY MASALA 180GM,PAL BROTHER
JABSONS ROASTED DANA CHANA 150GM,PAL BROTHER
JABSONS ROASTED NAMKEENS  MOONG JOR,PAL BROTHER
JABSONS ROASTED NAMKEENS  NAVRATAN MIXTURE 200GM,PAL BROTHER
JABSONS ROASTED NAMKEENS BAJRA MASALA 200GM,PAL BROTHER
JABSONS ROASTED NAMKEENS CHANNA JOR 200GM,PAL BROTHER
JABSONS ROASTED NAMKEENS JOWAR MIXTURE 200GM,PAL BROTHER
JABSONS ROASTED NAMKEENS SOYABEAN MASALA 200GM,PAL BROTHER
JABSONS ROASTED NAMKEENS SWEET & SOUR 200GM,PAL BROTHER
JABSONS ROASTED PEANUTS BAR-B-QUE 140GM,PAL BROTHER
JABSONS ROASTED PEANUTS BLACK PEPPER 140GM,PAL BROTHER
JABSONS ROASTED PEANUTS CHEESE TOMATO 140GM,PAL BROTHER
JABSONS ROASTED PEANUTS CHILLY GARLIC 150GM,PAL BROTHER
JABSONS ROASTED PEANUTS CLASSIC SALTED 150GM,PAL BROTHER
JABSONS ROASTED PEANUTS DABELI 140GM,PAL BROTHER
JABSONS ROASTED PEANUTS DIGESTIVE 140GM,PAL BROTHER
JABSONS ROASTED PEANUTS HING JEERA 140GM,PAL BROTHER
JABSONS ROASTED PEANUTS NIMBOO PUDINA 150GM,PAL BROTHER
JABSONS ROASTED PEANUTS SPICY MASALA 150GM,PAL BROTHER
JABSONS ROASTED PEANUTS TANDOORI 140GM,PAL BROTHER
JABSONS ROASTED PEANUTS THAI SWEET CHILLI 140GM,PAL BROTHER
JABSONS ROASTED PEANUTS WASABI 140GM,PAL BROTHER
JABSONS SOYA STIC  CHINESE CHATKA 150GM,PAL BROTHER
JABSONS SOYA STICKS MAGIC MASALA 150GM,PAL BROTHER
JABSONS SOYA STICKS TANGY TOMATO 150GM,PAL BROTHER
JABSONS SUPREME HAND PICKED CHANA BLACK 150GM,PAL BROTHER
JABSONS SUPREME HAND PICKED CHANNA WHITE 150GM,PAL BROTHER
JAI PUJARI JEERA 100GM,KHALSA STORE
JAIFAL 25GM,KHALSA STORE
JAVITRI 25GM,KHALSA STORE
JAWAR ATTA 1KG,KHALSA STORE
JIVO CANOLA OIL 1LTR,JAGDAMBA ENTERPRISES
JIVO CANOLA OIL COMBO  5LTR,JAGDAMBA ENTERPRISES
JIVO CANOLA OIL COMBO 2LTR,JAGDAMBA ENTERPRISES
JOHNSONS BABY CREAM 100GM,CL TRADERS
JOHNSONS BABY CREAM 30GM,CL TRADERS
JOHNSONS BABY CREAM 50GM,CL TRADERS
JOHNSONS BABY HAIR OIL 100ML,CL TRADERS
JOHNSONS BABY HAIR OIL 200ML,CL TRADERS
JOHNSONS BABY HAIR OIL 60ML,CL TRADERS
JOHNSONS BABY LOTION 100ML,CL TRADERS
JOHNSONS BABY LOTION 200ML,CL TRADERS
JOHNSONS BABY LOTION 500ML,CL TRADERS
JOHNSONS BABY LOTION 50ML,CL TRADERS
JOHNSONS BABY MILK CREAM 100GM,CL TRADERS
JOHNSONS BABY MILK CREAM 30GM,CL TRADERS
JOHNSONS BABY MILK CREAM 50GM,CL TRADERS
JOHNSONS BABY MILK LOTION 100ML,CL TRADERS
JOHNSONS BABY MILK LOTION 200ML,CL TRADERS
JOHNSONS BABY MILK LOTION 50ML,CL TRADERS
JOHNSONS BABY MILK SOAP 75GM,CL TRADERS
JOHNSONS BABY OIL 100ML,CL TRADERS
JOHNSONS BABY OIL 500ML,CL TRADERS
JOHNSONS BABY OIL 50ML,CL TRADERS
JOHNSONS BABY OIL WITH VITAMIN E 200ML,CL TRADERS
JOHNSONS BABY POWDER 100GM,CL TRADERS
JOHNSONS BABY POWDER 200GM,CL TRADERS
JOHNSONS BABY POWDER 400GM,CL TRADERS
JOHNSONS BABY POWDER 50GM,CL TRADERS
JOHNSONS BABY POWDER BLOSSOMS  50GM,CL TRADERS
JOHNSONS BABY POWDER BLOSSOMS 100GM,CL TRADERS
JOHNSONS BABY POWDER BLOSSOMS 200GM,CL TRADERS
JOHNSONS BABY SHAMPOO NO MORE TEARS 100ML,CL TRADERS
JOHNSONS BABY SHAMPOO NO MORE TEARS 200ML,CL TRADERS
JOHNSONS BABY SHAMPOO NO MORE TEARS 475ML,CL TRADERS
JOHNSONS BABY SHAMPOO NO MORE TEARS 60ML,CL TRADERS
JOHNSONS BABY SKINCARE 10WIPES,CL TRADERS
JOHNSONS BABY SKINCARE 20WIPES,CL TRADERS
JOHNSONS BABY SKINCARE 80WIPES,CL TRADERS
JOHNSONS BABY SOAP 100GM,CL TRADERS
JOHNSONS BABY SOAP 150GM,CL TRADERS
JOHNSONS BABY SOAP 75GM,CL TRADERS
JOHNSONS BABY SOAP BLOSSOMS 75GM,CL TRADERS
JOHNSONS BABY SOAP BLOSSOMS WITH DELICATE FLORAL FRAGRANCE 75GM,CL TRADERS
JOHNSONS BABY TOP-TO-TOE WASH 100ML,CL TRADERS
JOHNSONS BABY TOP-TO-TOE WASH 200ML,CL TRADERS
JOHNSONS BABY TOP-TO-TOE WASH 500ML,CL TRADERS
JOHNSONS BABY TOP-TO-TOE WASH 50ML,CL TRADERS
JOHNSONS BAND-AID FLEXI,CL TRADERS
JOHNSONS BAND-AID FLEXI 10S,CL TRADERS
JOHNSONS BAND-AID WASH PROOF,CL TRADERS
JOHNSONS BAND-AID WASHPROOF 10S,CL TRADERS
JOHNSONS COTTON BUDS 150STEMS,CL TRADERS
JOHNSONS COTTON BUDS 15STEMS,CL TRADERS
JOHNSONS COTTON BUDS 30STEMS,CL TRADERS
JOHNSONS SHAMPOO ACTIVE KIDS CLEAN & FRESH 100ML,CL TRADERS
JOHNSONS SHAMPOO ACTIVE KIDS CLEAN & FRESH 200ML,CL TRADERS
JOHNSONS SHAMPOO ACTIVE KIDS SOFT & SMOOTH 100ML,CL TRADERS
JOHNSONS SHAMPOO ACTIVE KIDS SOFT & SMOOTH 200ML,CL TRADERS
JOHNSONS TOP-TO-TOE BABY BAR 75GM,CL TRADERS
JOLLY RANCHER LOLLIPOPS 6X54GM,RJ ENTERPRISES
JUMPIN MANGO PUNCH 200ML,RJ ENTERPRISES
KACHA PEANUT 500GM,KHALSA STORE
KAI HOCHO KITCHEN KNIFE (GREEN) 1N,SATYAM ENTERPRISES
KAI HOCHO PEELING KNIFE (ORANGE) 1N,SATYAM ENTERPRISES
KAI HOCHO VEGETABLE KNIFE SHORT (BLUE) 1N,SATYAM ENTERPRISES
KAI TSUMEKIRI NAIL CLIPPER WITH NAIL FILE BLUE 1N,SATYAM ENTERPRISES
KAI TSUMEKIRI NAIL CLIPPER WITH NAIL FILE GREEN 1N,SATYAM ENTERPRISES
KAI TSUMEKIRI NAIL CLIPPER WITH NAIL FILE ORANGE 1N,SATYAM ENTERPRISES
KAI TSUMEKIRI NAIL CLIPPER WITH NAIL FILE PINK 1N,SATYAM ENTERPRISES
KAI TSUMEKIRI NAIL CLIPPER WITH NAIL FILE YELLOW 1N,SATYAM ENTERPRISES
KAJU PLAIN 250GM,GLOBAL MARKETING 
,KHALSA STORE
KAJU PLAIN 250GM Total,
KAJU ROASTED 250GM,KHALSA STORE
KALI MIRCH SABUT 100GM,KHALSA STORE
KAYAM CHURAN 100GM,NATIONAL ENTERPRISES
KELLOGGS ALL BRAN WHEAT FLAKES 425GM,CL TRADERS
KELLOGGS CHOCOS 1.2KG,CL TRADERS
KELLOGGS CHOCOS 125GM,CL TRADERS
KELLOGGS CHOCOS 250GM,CL TRADERS
KELLOGGS CHOCOS 375GM,CL TRADERS
KELLOGGS CHOCOS CRUNCHY BITES 390GM,CL TRADERS
KELLOGGS CHOCOS DUET COCO 375GM,CL TRADERS
KELLOGGS CHOCOS FILLS 250GM,CL TRADERS
KELLOGGS CHOCOS MOONS & STARS 350GM,CL TRADERS
KELLOGGS CHOCOS VARIETY PACK OF 5,CL TRADERS
KELLOGGS CHOCOS WHOLE GRAIN 700GM,CL TRADERS
KELLOGGS CORN FLAKES 875GM,CL TRADERS
KELLOGGS CORN FLAKES BROWNIE DELITE 300GM,CL TRADERS
KELLOGGS CORN FLAKES ORIGINAL & THE BEST 100GM,CL TRADERS
KELLOGGS CORN FLAKES ORIGINAL & THE BEST 250GM,CL TRADERS
KELLOGGS CORN FLAKES ORIGINAL & THE BEST 475GM,CL TRADERS
KELLOGGS CORN FLAKES REAL ALMOND AND HONEY 300GM,CL TRADERS
KELLOGGS CORN FLAKES REAL ALMOND AND HONEY 650GM,CL TRADERS
KELLOGGS CORN FLAKES REAL BANANA 300GM,CL TRADERS
KELLOGGS CORN FLAKES REAL HONEY 300GM,CL TRADERS
KELLOGGS CORN FLAKES REAL HONEY 630GM,CL TRADERS
KELLOGGS CORN FLAKES REAL MANGO 300GM,CL TRADERS
KELLOGGS CORN FLAKES STRAWBERRY 275GM,CL TRADERS
KELLOGGS CORN FLAKES STRAWBERRY 575GM,CL TRADERS
KELLOGGS FRUIT AND NUT CRUNCHY MUESLI 750GM,CL TRADERS
KELLOGGS HONEY LOOPS 300GM,CL TRADERS
KELLOGGS MOON & STARS 700GM,CL TRADERS
KELLOGGS MUESLI CRUNCHY FRUIT & NUT 550GM,CL TRADERS
KELLOGGS MUESLI FRUIT MAGIC 550GM,CL TRADERS
KELLOGGS MUESLI NO ADD SUGAR 550GM,CL TRADERS
KELLOGGS MUESLI NUTS DELIGHT 550GM,CL TRADERS
KELLOGGS MUESLI NUTS DELIGHT 750GM,CL TRADERS
KELLOGGS OATS 1KG,CL TRADERS
KELLOGGS OATS 200GM,CL TRADERS
KELLOGGS OATS 2X500GM,CL TRADERS
KELLOGGS OATS 500GM,CL TRADERS
KELLOGGS OATS BITES READY TO EAT 450GM,CL TRADERS
KELLOGGS OATS CHATPATA TOMATO 39GM,CL TRADERS
KELLOGGS OATS CHATPATA TOMATO 500GM,CL TRADERS
KELLOGGS RAGI CHOCOS 350GM,CL TRADERS
KELLOGGS SPECIAL K 140GM,CL TRADERS
KELLOGGS SPECIAL K 290GM,CL TRADERS
KELLOGGS SPECIAL K 435GM,CL TRADERS
KELLOGGS SPECIAL K 900GM,CL TRADERS
KELLOGGS SPECIAL K MULTIGRAIN & HONEY 435GM,CL TRADERS
KELLOGGS SPECIAL K PROTEIN & FIBRE CRANBERRY FLAVOUR 445GM,CL TRADERS
KEO KARPIN HAIR OIL 100ML,JOHAR ENTERPRISES
KEO KARPIN HAIR OIL 200ML,JOHAR ENTERPRISES
KEO KARPIN HAIR OIL 300ML,JOHAR ENTERPRISES
KEO KARPIN HAIR OIL 50ML,JOHAR ENTERPRISES
KEO KARPIN HERBAL BODY OIL SANDAL 100ML,JOHAR ENTERPRISES
KEO KARPIN HERBAL BODY OIL SANDAL 200ML,JOHAR ENTERPRISES
KESH KING AYURVEDIC MEDICINAL OIL 100ML,NATIONAL ENTERPRISES
,PREM AGENCIES
KESH KING AYURVEDIC MEDICINAL OIL 100ML Total,
KESH KING SHAMPOO ANTI-DANDRUFF+HAIRFALL 60ML,PREM AGENCIES
KESH KING SHAMPOO ANTI-HAIRFALL ALOE VERA 120ML,PREM AGENCIES
KEYA ALL PURPOSE SEASONING 60GM,PREET ENTERPRISES
KEYA ALL PURPOSE SEASONING 60GM+ SRIRACHA 40GM COMBO,PREET ENTERPRISES
KEYA BASIL 7GM,PREET ENTERPRISES
KEYA BLACK SALT GRINDER 100GM,HARI TRADERS
,PREET ENTERPRISES
KEYA BLACK SALT GRINDER 100GM Total,
KEYA CARDAMON SEED POWDER 70GM,PREET ENTERPRISES
KEYA CHAI MASALA 60GM,PREET ENTERPRISES
KEYA CHINESE SEASONING 50GM,PREET ENTERPRISES
KEYA CLACK PEPPER GRINDER 50GM,HARI TRADERS
,PREET ENTERPRISES
KEYA CLACK PEPPER GRINDER 50GM Total,
KEYA GARLIC BREAD SEASONING 50GM,PREET ENTERPRISES
KEYA ITALIAN PIZZA OREGANO 80GM,HARI TRADERS
KEYA ITALIAN SEASONING 30GM,PREET ENTERPRISES
KEYA ITALIAN SEASONING GRINDER 50GM,HARI TRADERS
,PREET ENTERPRISES
KEYA ITALIAN SEASONING GRINDER 50GM Total,
KEYA KASHMIRI PAPRIKA POWDER 55GM,HARI TRADERS
,PREET ENTERPRISES
KEYA KASHMIRI PAPRIKA POWDER 55GM Total,
KEYA LEMON GRASS 15GM,PREET ENTERPRISES
KEYA MALABAR BLACK PEPPER 80GM,HARI TRADERS
KEYA MINT 7GM,PREET ENTERPRISES
KEYA MIXED HERBS 20GM,HARI TRADERS
,PREET ENTERPRISES
KEYA MIXED HERBS 20GM Total,
KEYA OREGANO 7GM,HARI TRADERS
,PREET ENTERPRISES
KEYA OREGANO 7GM Total,
KEYA OREGANO 9GM+PIRI PIRI 40GM,PREET ENTERPRISES
KEYA PARSLEY 15GM,PREET ENTERPRISES
KEYA PASTA SEASONING 40GM,HARI TRADERS
,PREET ENTERPRISES
KEYA PASTA SEASONING 40GM Total,
KEYA PIRI PIRI 80GM,HARI TRADERS
,PREET ENTERPRISES
KEYA PIRI PIRI 80GM Total,
KEYA PIZZA SEASONING 40GM,HARI TRADERS
,PREET ENTERPRISES
KEYA PIZZA SEASONING 40GM Total,
KEYA PIZZA SEASONING 45GM+SCHEZWAN 15GM COMBO,PREET ENTERPRISES
KEYA RED CHILLI FLAKES 40GM,HARI TRADERS
,PREET ENTERPRISES
KEYA RED CHILLI FLAKES 40GM Total,
KEYA RED CHILLI FLAKES 40GM + PIRI PIRI 40GM,PREET ENTERPRISES
KEYA ROCK SALT GRINDER 100GM,HARI TRADERS
,PREET ENTERPRISES
KEYA ROCK SALT GRINDER 100GM Total,
KEYA SCHEZWAN INSTANT MULTI-PURPOSE SPICE MIX 80GM,PREET ENTERPRISES
KEYA SRI LANKAN CINNAMON POWDER 55GM,HARI TRADERS
,PREET ENTERPRISES
KEYA SRI LANKAN CINNAMON POWDER 55GM Total,
KEYA THYME 18GM,PREET ENTERPRISES
KHAJUR DATE CROWN 500GM,KHALSA STORE
KHAJUR DESEEDED (DATES) 500GM,KHALSA STORE
KHAJUR SEED LESS 400GM,KHALSA STORE
KHASKHAS 100GM,KHALSA STORE
KINDER JOY FOR BOYS 20GM,KAY KAY ENTERPRISES
KINDER JOY FOR GIRLS 20GM,KAY KAY ENTERPRISES
KINDER JOY WITH SURPRISE 20GM,KAY KAY ENTERPRISES
KINDER SCHOKO BONS CRISPY 23.2GM,KAY KAY ENTERPRISES
KINLEY CLUB SODA 600ML,CHANDIGARH BOTTLING COMPANY 
KINLEY CLUB SODA 750ML,CHANDIGARH BOTTLING COMPANY 
KINLEY SODA CAN 300ML,CHANDIGARH BOTTLING COMPANY 
KINLEY WATER 1LTR,CHANDIGARH BOTTLING COMPANY 
KISMIS 250GM,KHALSA STORE
KISSAN BERRY BLAST 320GM,GUPTA SONS
KISSAN CHATAKDAAR KETCHUP 500GM,GUPTA SONS
KISSAN CHILLI TOMATO SAUCE 100% TOMATO 200GM,GUPTA SONS
KISSAN CHILLI TOMATO SAUCE 100% TOMATO 500GM,GUPTA SONS
KISSAN CHOTU FRESH TOMATO KETCHUP 90GM,GUPTA SONS
KISSAN FRESH TOMATO KETCHUP 1KG,GUPTA SONS
KISSAN FRESH TOMATO KETCHUP 200GM,GUPTA SONS
KISSAN FRESH TOMATO KETCHUP 450GM,GUPTA SONS
KISSAN FRESH TOMATO KETCHUP 500GM,GUPTA SONS
KISSAN FRESH TOMATO KETCHUP POUCH 1KG,GUPTA SONS
KISSAN GRAPE SQUASH 700ML,GUPTA SONS
KISSAN LEMON SQUASH 700ML,GUPTA SONS
KISSAN LIME JUICE CORDIAL 700ML,GUPTA SONS
KISSAN MANGO JAM 200GM,GUPTA SONS
KISSAN MANGO JAM 500GM,GUPTA SONS
KISSAN MANGO SQUASH 700ML,GUPTA SONS
KISSAN MIXED FRUIT JAM 100GM,GUPTA SONS
KISSAN MIXED FRUIT JAM 200GM,GUPTA SONS
KISSAN MIXED FRUIT JAM 32GM,GUPTA SONS
KISSAN MIXED FRUIT JAM 500GM,GUPTA SONS
KISSAN MIXED FRUIT SQUASH 700ML,GUPTA SONS
KISSAN ORANGE BLAST 320GM,GUPTA SONS
KISSAN ORANGE MARMALADE 200GM,GUPTA SONS
KISSAN ORANGE MARMALADE 500GM,GUPTA SONS
KISSAN ORANGE SQUASH 700ML,GUPTA SONS
KISSAN PINEAPPLE JAM 200GM,GUPTA SONS
KISSAN PINEAPPLE JAM 500GM,GUPTA SONS
KISSAN PINEAPPLE SQUASH 700ML,GUPTA SONS
KISSAN SQUEEZO TOMATO KETCHUP 450GM,GUPTA SONS
KISSAN SQUEEZO TOMATO KETCHUP 900GM,GUPTA SONS
KISSAN STRAWBERRY BLAST 320GM,GUPTA SONS
KISSAN SWEET & SPICY SAUCE 100% TOMATO 1KG,GUPTA SONS
KISSAN SWEET & SPICY SAUCE 100% TOMATO 200GM,GUPTA SONS
KISSAN SWEET & SPICY SAUCE 100% TOMATO 500GM,GUPTA SONS
KISSAN SWEET & SPICY SAUCE 200GM,GUPTA SONS
KISSAN TOMATO PUREE 200GM,GUPTA SONS
KIWI 2 IN 1 BRUSH,KANWAL AGENCIES
KIWI BLACK SHOE POLISH 15GM,KANWAL AGENCIES
KIWI BLACK SHOE POLISH 40GM,KANWAL AGENCIES
KIWI DARKTAN  SHOE POLISH 40GM,KANWAL AGENCIES
KIWI DARKTAN SHOE POLISH 15GM,KANWAL AGENCIES
KIWI DRAIN CLEANER 375GM,KANWAL AGENCIES
KIWI DRANEX DRAIN CLEANER 50GM,KANWAL AGENCIES
KIWI EXPRESS SHINE BLACK SPONG 7ML,KANWAL AGENCIES
KIWI EXPRESS SHINE NEUTRAL SPONG 7ML,KANWAL AGENCIES
KIWI LEATHER SHOE SHINE BRUSH,KANWAL AGENCIES
KIWI WAX RICH COLOUR SHINE BLACK INSTANT POLISH 75ML,KANWAL AGENCIES
KNORR CHINESE CHILLI GRAVY MIX 51GM,GUPTA SONS
KNORR CHINESE HOT & SPICY NOODLES 70GM,GUPTA SONS
KNORR CHINESE MANCHURIAN 55GM,GUPTA SONS
KNORR CHINESE SCHEZUAN GRAVY MIX 49GM,GUPTA SONS
KNORR CHINESE SCHEZWAN NOODLES 70GM,GUPTA SONS
KNORR CUP A SOUP INTERNATIONAL ITALIAN MUSHROOM 10GM,GUPTA SONS
KNORR CUP A SOUP INTERNATIONAL MAXICAN TOMATO CORN 13GM,GUPTA SONS
KNORR CUP A SOUP MANCHOW VEG 12GM,GUPTA SONS
KNORR CUP A SOUP MIXED VEGETABLE READY IN 1 MINUTE 10GM,GUPTA SONS
KNORR CUP A SOUP SWEET CORN VEG 12GM,GUPTA SONS
KNORR CUP A SOUP TOMATO CHATPATA 16GM,GUPTA SONS
KNORR INTERNATIONAL HONG KONG MANCHOW NOODLE SOUP 46GM,GUPTA SONS
KNORR SOUP CHICKEN DELITE 50GM,GUPTA SONS
KNORR SOUP HOT & SOUR VEG 11GM,GUPTA SONS
KNORR SOUP HOT & SOUR VEGETABLE 51GM,GUPTA SONS
KNORR SOUP INTERNATIONAL ITALIAN MUSHROOM 48GM,GUPTA SONS
KNORR SOUP MIXED VEGETABLE 50GM,GUPTA SONS
KNORR SOUP SHANGHAI HOT & SOUR CHICKEN 38GM,GUPTA SONS
KNORR SOUP SWEET CORN CHICKEN 42GM,GUPTA SONS
KNORR SOUP SWEET CORN VEGETABLE 52GM,GUPTA SONS
KNORR SOUP THICK TOMATO 53GM,GUPTA SONS
KNORR SOUPY NOODLES MAST MASALA 154GM,GUPTA SONS
KNORR SOUPY NOODLES MAST MASALA 300GM,GUPTA SONS
KNORR SOUPY NOODLES MAST MASALA 75GM,GUPTA SONS
KOHINOOR BASMATI RICE DUBAR 1KG,ZOYA ENTERPRISES
KOHINOOR BASMATI RICE DUBAR 5KG,ZOYA ENTERPRISES
KOHINOOR BROWN BASMATI RICE 1KG,ZOYA ENTERPRISES
KOHINOOR CHARMINAR ROZANA 1KG,ZOYA ENTERPRISES
KOHINOOR CHARMINAR ROZANA 5KG,ZOYA ENTERPRISES
KOHINOOR GOLD BASMATI RICE 1KG,ZOYA ENTERPRISES
KOHINOOR PLATINUM BASMATI RICE 1KG,ZOYA ENTERPRISES
KOHINOOR SUPER VALUE BASMATI RICE 1KG,ZOYA ENTERPRISES
KOHINOOR SUPER VALUE BASMATI RICE 5KG,ZOYA ENTERPRISES
KRAFT CHEESE BLOCK 200GM,SUPER DISTRIBUTION NETWORK
KRAFT CHEESE CUBES 200GM,SUPER DISTRIBUTION NETWORK
KRAFT CHEESE SLICE 100GM,SUPER DISTRIBUTION NETWORK
KRAFT CHEESE SLICE 200GM,SUPER DISTRIBUTION NETWORK
KRAVOUR WAFER CHOCO FLAVOURED BISCUITS 150GM,EMPIRE STORES
KRAVOUR WAFER CHOCO FLAVOURED BISCUITS 75GM,EMPIRE STORES
KRAVOUR WAFER ORANGE FLAVOURED BISCUITS 150GM,EMPIRE STORES
KRAVOUR WAFER ORANGE FLAVOURED BISCUITS 75GM,EMPIRE STORES
KRAVOUR WAFER STRAWBERRY FLAVOURED BISCUITS 150GM,EMPIRE STORES
KRAVOUR WAFER STRAWBERRY FLAVOURED BISCUITS 75GM,EMPIRE STORES
KRAVOUR WAFER VANILLA FLAVOURED BISCUITS 150GM,EMPIRE STORES
KRAVOUR WAFER VANILLA FLAVOURED BISCUITS 75GM,EMPIRE STORES
KURKURE ALOO BHUJIA 175GM,GRACE DRINKS PRIVATE LIMITED
KURKURE BIKANERI BHUJIA 180GM,GRACE DRINKS PRIVATE LIMITED
KURKURE CHATPATA MIX 190GM,GRACE DRINKS PRIVATE LIMITED
KURKURE CHILLI CHATKA 100GM,GRACE DRINKS PRIVATE LIMITED
,GRACE SALES PVT LTD
KURKURE CHILLI CHATKA 100GM Total,
KURKURE GREEN CHUTNEY RAJASTHANI STYLE 106GM,GRACE DRINKS PRIVATE LIMITED
,GRACE SALES PVT LTD
KURKURE GREEN CHUTNEY RAJASTHANI STYLE 106GM Total,
KURKURE KARARE PEANUTS 155GM,GRACE DRINKS PRIVATE LIMITED
KURKURE KHATTA MEETHA MIX 190GM,GRACE DRINKS PRIVATE LIMITED
KURKURE MASALA MUNCH 102GM,GRACE DRINKS PRIVATE LIMITED
,GRACE SALES PVT LTD
KURKURE MASALA MUNCH 102GM Total,
KURKURE MASALA TRANGLES 90GM,GRACE DRINKS PRIVATE LIMITED
KURKURE MOONG DAL SALTED 150GM,GRACE DRINKS PRIVATE LIMITED
KURKURE MULTIGRAIN CUYYY & HERBS FLAVOUR 85GM,GRACE DRINKS PRIVATE LIMITED
KURKURE NAVRATAN MIX TANGY TWIST 190GM,GRACE DRINKS PRIVATE LIMITED
KURKURE NUT CRACKER 155GM,GRACE DRINKS PRIVATE LIMITED
KURKURE PUFFCORN YUMMY CHEESE 69GM,GRACE DRINKS PRIVATE LIMITED
,GRACE SALES PVT LTD
KURKURE PUFFCORN YUMMY CHEESE 69GM Total,
KURKURE SALTED PEANUTS 155GM,GRACE DRINKS PRIVATE LIMITED
KURKURE SHAHI MIX 165GM,GRACE DRINKS PRIVATE LIMITED
KURKURE SOLID MASTI MASALA 90GM,GRACE DRINKS PRIVATE LIMITED
KURKURE TRANGLES LIME PICKLE FLAVOUR 90GM,GRACE DRINKS PRIVATE LIMITED
,GRACE SALES PVT LTD
KURKURE TRANGLES LIME PICKLE FLAVOUR 90GM Total,
KWALITY WALLS ICE CREAM BUTTERSCOTCH 700ML,AUM ENTERPRISES 
KWALITY WALLS ICE CREAM CASSATTA 125ML,AUM ENTERPRISES 
KWALITY WALLS ICE CREAM CHOCOLATE 700ML,AUM ENTERPRISES 
KWALITY WALLS ICE CREAM CHOCOLATE COMB 2X700ML,AUM ENTERPRISES 
KWALITY WALLS ICE CREAM CLOUD BITE 55ML,AUM ENTERPRISES 
KWALITY WALLS ICE CREAM CORNETTO BUTTER SCOTCH 115ML,AUM ENTERPRISES 
KWALITY WALLS ICE CREAM CORNETTO CHOCO VANILLA 115ML,AUM ENTERPRISES 
KWALITY WALLS ICE CREAM CORNETTO DISC OREO 120ML,AUM ENTERPRISES 
KWALITY WALLS ICE CREAM CORNETTO DISE BLACK FOREST 120ML,AUM ENTERPRISES 
KWALITY WALLS ICE CREAM CORNETTO DOUBLE CHOCOLATE 115ML,AUM ENTERPRISES 
KWALITY WALLS ICE CREAM CORNETTO MINIDISC CHOCOLATE+VANILLA 6X45ML,AUM ENTERPRISES 
KWALITY WALLS ICE CREAM CRUNCHY BUTTER SCOTCH COMBO 2X700ML,AUM ENTERPRISES 
KWALITY WALLS ICE CREAM DIVINE CHOCOLATE 750ML,AUM ENTERPRISES 
KWALITY WALLS ICE CREAM FEAST CHOCO BAR 70ML,AUM ENTERPRISES 
KWALITY WALLS ICE CREAM FEAST CHOCOLATE 70ML,AUM ENTERPRISES 
KWALITY WALLS ICE CREAM FEAST FRUIT N NUT 70ML,AUM ENTERPRISES 
KWALITY WALLS ICE CREAM FUN ORANGE MAHA BAR 65ML,AUM ENTERPRISES 
KWALITY WALLS ICE CREAM KESAR PISTA 700ML,AUM ENTERPRISES 
KWALITY WALLS ICE CREAM MAGNUM ALMOND 70GM,AUM ENTERPRISES 
KWALITY WALLS ICE CREAM MAGNUM BROWHIE 70GM,AUM ENTERPRISES 
KWALITY WALLS ICE CREAM MAGNUM CHOCOLATE TRUFFLE 70GM,AUM ENTERPRISES 
KWALITY WALLS ICE CREAM MAGNUM CLASSIC 70GM,AUM ENTERPRISES 
KWALITY WALLS ICE CREAM MAGNUM MINI CLASSIC ALMOND BROWNIE 6X36GM,AUM ENTERPRISES 
KWALITY WALLS ICE CREAM MANGO ZIP 57GM,AUM ENTERPRISES 
KWALITY WALLS ICE CREAM PATAKA 54GM,AUM ENTERPRISES 
KWALITY WALLS ICE CREAM SANDWICH CHOCOLATE & VANILLA 90ML,AUM ENTERPRISES 
KWALITY WALLS ICE CREAM STRAWBERRY 700ML,AUM ENTERPRISES 
KWALITY WALLS ICE CREAM STRAWBERRY COMBO 2X700ML,AUM ENTERPRISES 
KWALITY WALLS ICE CREAM TUTTI FRUTTI 700ML,AUM ENTERPRISES 
KWALITY WALLS ICE CREAM TUTTI FRUTTI COMBO 2X700ML,AUM ENTERPRISES 
KWALITY WALLS ICE CREAM VANILLA 700ML,AUM ENTERPRISES 
KWALITY WALLS ICE CREAM VANILLA COMBO 2X700ML,AUM ENTERPRISES 
LABINA STRETCHY MANGO FRUIT FLAVOUR CHEWS 26GM,RUHANI ENTERPRISES
LACTO CALAMINE SKIN BALANCE OIL CONTROL 60ML,PUJA AGENCIES
LAKME 9 TO 5 COMPLEXION CARE CREAM BEIGE SPF30PA 9GM,GUPTA SONS
LAKME 9 TO 5 COMPLEXION CARE CREAM BRONZE SPF30PA 9GM,GUPTA SONS
LAKME ABSOLUTE PERFECT RADIANCE SKIN LIGHTENING DAY CREME 15GM,GUPTA SONS
LAKME CLEANSING MILK DEEP CLEANSER GENTLE CARE 120ML,GUPTA SONS
LAKME CLEANSING MILK DEEP CLEANSER GENTLE CARE 60ml,GUPTA SONS
LAKME CREME FACEWASH BLUSH & GLOW WITH PEACH EXTRACTS 100GM,GUPTA SONS
LAKME CREME FACEWASH BLUSH & GLOW WITH PEACH EXTRACTS 50GM,GUPTA SONS
LAKME EYECONIC KAJAL DEEP BLACK 0.35GM,GUPTA SONS
LAKME FACE WASH ABSOLUTE PERFECT RADIANCE SKIN LIGHTENING 50GM,GUPTA SONS
LAKME FACE WASH BLUSH & GLOW LEMON GEL 100GM,GUPTA SONS
LAKME FACE WASH BLUSH & GLOW LEMON GEL 50GM,GUPTA SONS
LAKME FACEWASH BLUSH & GLOW CREAM WITH STRAWBERRY EXTRACTS 50GM,GUPTA SONS
LAKME FACEWASH BLUSH & GLOW GEL WITH PEACH EXTRACTS 100GM,GUPTA SONS
LAKME FACEWASH BLUSH & GLOW GEL WITH PEACH EXTRACTS 50GM,GUPTA SONS
LAKME FACEWASH BLUSH & GLOW GEL WITH STRAWBERRY EXTRACTS 100GM,GUPTA SONS
LAKME FACEWASH BLUSH & GLOW STRAWBERRY 100GM,GUPTA SONS
LAKME FACEWASH BLUSH & GLOW STRAWBERRY 25GM,GUPTA SONS
LAKME FACEWASH BLUSH & GLOW STRAWBERRY 50GM,GUPTA SONS
LAKME GENTLE AND SOFT DEEP PORE CLEANSER 60ML,GUPTA SONS
LAKME KAJAL EYECONIC REGAL GREEN  0.35GM,GUPTA SONS
LAKME KAJAL EYECONIC ROYAL BLUE  0.35GM,GUPTA SONS
LAKME PEACH MILK MOISTURISER ALL SKIN TYPES 120ML,GUPTA SONS
LAKME PEACH MILK MOISTURISER ALL SKIN TYPES 200ML,GUPTA SONS
LAKME PEACH MILK MOISTURISER ALL SKIN TYPES 60ML,GUPTA SONS
LAKME PEACH MILK MOISTURISER SPF24 PA ALL SKIN TYPES 60ML,GUPTA SONS
LAKME PEACH MILK MOISTURIZER SPF 24 ALL SKIN TYPES 120ML,GUPTA SONS
LAKME PEACH MILK MOISTURIZER SPF 24 NUTRITIV MOISTURE TECHNOLOGY 120ML,GUPTA SONS
LAKME PEACH MILK SOFT CREAM 50GM,GUPTA SONS
LAKME SUN EXPERT SPF 24 UV LOTION LIGHT FEEL 120ML,GUPTA SONS
LAKME SUN EXPERT SPF 24 UV LOTION LIGHT FEEL 60ML,GUPTA SONS
LAKME SUN EXPERT SPF 30 ULTRA MATTE LOTION LIGHT & NON STICKY 50ML,GUPTA SONS
LAKME SUN EXPERT SPF 50 ULTRA MATTE LOTION LIGHT & NON STICKY 50ML,GUPTA SONS
LAKME SUN EXPERT ULTRA MATTE GEL SPF 30  LIGHT & NON STICKY 100ML,GUPTA SONS
LAKME SUN EXPERT ULTRA MATTE GEL SPF 50 LIGHT & NON STICKY 50ML,GUPTA SONS
LAYS AMERICAN STYLE CREAM & ONION 100GM,GRACE DRINKS PRIVATE LIMITED
,GRACE SALES PVT LTD
LAYS AMERICAN STYLE CREAM & ONION 100GM Total,
LAYS AMERICAN STYLE CREAM & ONION 180GM,GRACE DRINKS PRIVATE LIMITED
,GRACE SALES PVT LTD
LAYS AMERICAN STYLE CREAM & ONION 180GM Total,
LAYS AMERICAN STYLE CREAM & ONION 55GM,GRACE DRINKS PRIVATE LIMITED
,GRACE SALES PVT LTD
LAYS AMERICAN STYLE CREAM & ONION 55GM Total,
LAYS CHILE LIMON 55GM,GRACE DRINKS PRIVATE LIMITED
LAYS CLASSIC SALTED 52GM,GRACE DRINKS PRIVATE LIMITED
,GRACE SALES PVT LTD
LAYS CLASSIC SALTED 52GM Total,
LAYS CLASSIC SALTED 95GM,GRACE DRINKS PRIVATE LIMITED
,GRACE SALES PVT LTD
LAYS CLASSIC SALTED 95GM Total,
LAYS CRISPZ HERB & ONION FLAVOUR 57GM,GRACE DRINKS PRIVATE LIMITED
,GRACE SALES PVT LTD
LAYS CRISPZ HERB & ONION FLAVOUR 57GM Total,
LAYS MAGIC MASALA 180GM,GRACE DRINKS PRIVATE LIMITED
,GRACE SALES PVT LTD
LAYS MAGIC MASALA 180GM Total,
LAYS MAGIC MASALA 55GM,GRACE DRINKS PRIVATE LIMITED
,GRACE SALES PVT LTD
LAYS MAGIC MASALA 55GM Total,
LAYS MAGIC MASALA 95GM,GRACE DRINKS PRIVATE LIMITED
,GRACE SALES PVT LTD
LAYS MAGIC MASALA 95GM Total,
LAYS MAXX HOT N SOUR PUNCH 58GM,GRACE DRINKS PRIVATE LIMITED
LAYS MAXX MACHO CHILLI FLAVOUR 90M,GRACE DRINKS PRIVATE LIMITED
,GRACE SALES PVT LTD
LAYS MAXX MACHO CHILLI FLAVOUR 90M Total,
LAYS MAXX SIZZLING BARBEQUE FLAVOUR 58GM,GRACE DRINKS PRIVATE LIMITED
,GRACE SALES PVT LTD
LAYS MAXX SIZZLING BARBEQUE FLAVOUR 58GM Total,
LAYS SPANISH TOMATO TANGO 100GM,GRACE DRINKS PRIVATE LIMITED
,GRACE SALES PVT LTD
LAYS SPANISH TOMATO TANGO 100GM Total,
LAYS SPANISH TOMATO TANGO 55GM,GRACE DRINKS PRIVATE LIMITED
LAYS TWISTZ SAUCY TOMATO FLAVOUR 57GM,GRACE DRINKS PRIVATE LIMITED
LAYS WEST INDIES HOT N SWEET CHILLI 30GM,GRACE DRINKS PRIVATE LIMITED
LEHAR CLUB SODA 750ML,CHIRANJIT LAL GUPTA & SONS (P) LTD
LEON MUSCARD DATES 500GM,RAJ TRADING CO
LIA CHANDANAM AGARBATHIES  75GM,KANWAL AGENCIES
LIA CHANDANAM AGARBATHIES 20GM,KANWAL AGENCIES
LIA CHANDANAM AGARBATHIES 75GM,KANWAL AGENCIES
LIA CHANDANAM SANSALWOOD AGARBATHIES 130GM,KANWAL AGENCIES
LIA JAS AGARBATHIES 20GM,KANWAL AGENCIES
LIA JAS AGARBATHIES 76GM,KANWAL AGENCIES
LIA JASMINE AGARBATHIES 130GM,KANWAL AGENCIES
LIA JASMINE AGARBATHIES 75GM,KANWAL AGENCIES
LIA NATURE GIFT AGARBATHIES 20GM,KANWAL AGENCIES
LIA NATURE GIFT AGARBATHIES 35GM,KANWAL AGENCIES
LIA NATURE GIFT AGARBATHIES 75GM,KANWAL AGENCIES
LIA PRIME ROSE AGARBATHIES 130GM,KANWAL AGENCIES
LIA PRIME ROSE AGARBATHIES 20GM,KANWAL AGENCIES
LIA PRIME ROSE AGARBATHIES 30N,KANWAL AGENCIES
LIA PRIME ROSE AGARBATHIES 75GM,KANWAL AGENCIES
LIA RAINBOW AGARBATHIES 130GM,KANWAL AGENCIES
LIA RAINBOW AGARBATHIES 20GM,KANWAL AGENCIES
LIA RAINBOW AGARBATHIES 30N,KANWAL AGENCIES
LIA RAINBOW AGARBATHIES 75GM,KANWAL AGENCIES
LIA SAMTRUPTI  AGARBATHIES 30N,KANWAL AGENCIES
LIA SAMTRUPTI AGARBATHIES 130GM,KANWAL AGENCIES
LIA SAMTRUPTI AGARBATHIES 20GM,KANWAL AGENCIES
LIA SAMTRUPTI AGARBATHIES 75GM,KANWAL AGENCIES
LIFEBUOY HAND SANITIZER BOOSTING 30ML,GUPTA SONS
LIFEBUOY HAND SANITIZER IMMUNITY BOOSTING LEMON FRESH 50ML,GUPTA SONS
LIFEBUOY HAND SANITIZER IMMUNITY BOOSTING TOTAL 190ML,GUPTA SONS
LIFEBUOY HAND SANITIZER IMMUNITY BOOSTING TOTAL 50ML,GUPTA SONS
LIFEBUOY HANDWASH COOL FRESH 185ML,GUPTA SONS
LIFEBUOY HANDWASH COOL FRESH 200ML,GUPTA SONS
LIFEBUOY HANDWASH COOL FRESH 750ML,GUPTA SONS
LIFEBUOY HANDWASH KITCHEN FRESH 215ML,GUPTA SONS
LIFEBUOY HANDWASH LEMON FRESH 185ML,GUPTA SONS
LIFEBUOY HANDWASH LEMON FRESH PUMP 190ML,GUPTA SONS
LIFEBUOY HANDWASH MILD CARE 190ML,GUPTA SONS
LIFEBUOY HANDWASH MILD CARE 750ML,GUPTA SONS
LIFEBUOY HANDWASH MILD CARE REFILL 185ML,GUPTA SONS
LIFEBUOY HANDWASH NATURE 185ML,GUPTA SONS
LIFEBUOY HANDWASH NATURE 215ML,GUPTA SONS
LIFEBUOY HANDWASH NATURE 750ML,GUPTA SONS
LIFEBUOY HANDWASH NATURE PUMP190ML,GUPTA SONS
LIFEBUOY HANDWASH TOTAL10 185ML,GUPTA SONS
LIFEBUOY HANDWASH TOTAL10 750ML,GUPTA SONS
LIFEBUOY HANDWASH TOTAL10 PUMP 190ML,GUPTA SONS
LIFEBUOY SOAP CARE 4X125GM,GUPTA SONS
LIFEBUOY SOAP CARE 59GM,GUPTA SONS
LIFEBUOY SOAP LEMON FRESH 125GM,GUPTA SONS
LIFEBUOY SOAP LEMON FRESH 4X125GM,GUPTA SONS
LIFEBUOY SOAP LEMON FRESH 4X59GM,GUPTA SONS
LIFEBUOY SOAP LEMON FRESH 59GM,GUPTA SONS
LIFEBUOY SOAP TOTAL 10 4 X125GM,GUPTA SONS
LIFEBUOY SOAP TOTAL 125GM,GUPTA SONS
LIFEBUOY SOAP TOTAL 4X125GM,GUPTA SONS
LIFEBUOY SOAP TOTAL 60GM,GUPTA SONS
LIJJAT PAPAD 200GM,KHALSA STORE
LIMCA BOTTLE 1.25ML,CHANDIGARH BOTTLING COMPANY 
LIMCA BOTTLE 2LTR,CHANDIGARH BOTTLING COMPANY 
LIMCA BOTTLE 750ML,CHANDIGARH BOTTLING COMPANY 
LIMCA CAN 300ML,CHANDIGARH BOTTLING COMPANY 
LION ARABIAN DATED 2X250GM,SHIVAY ENTERPRISES
LION DATES 2X250GM,SHIVAY ENTERPRISES
LION DATES 2X500GM,SHIVAY ENTERPRISES
LION DATES SYRUP 250GM,RAJ TRADING CO
LION DESEEDED DATES 500GM,RAJ TRADING CO
LIPTON DARJEELING TEA 100GM,GUPTA SONS
LIPTON DARJEELING TEA 250GM,GUPTA SONS
LIPTON DARJEELING TEA 500GM,GUPTA SONS
LIPTON GREEN TEA 100GM,GUPTA SONS
LIPTON GREEN TEA 250GM,GUPTA SONS
LIPTON GREEN TEA HONEY LEMON 10BAGS,GUPTA SONS
LIPTON GREEN TEA HONEY LEMON 25BAGS,GUPTA SONS
LIPTON GREEN TEA LEMON ZEST 10BAGS,GUPTA SONS
LIPTON GREEN TEA LEMON ZEST 25BAGS,GUPTA SONS
LIPTON GREEN TEA MINT BURST 25BAGS,GUPTA SONS
LIPTON GREEN TEA PURE & LIGHT 10BAGS,GUPTA SONS
LIPTON GREEN TEA PURE & LIGHT 25BAGS,GUPTA SONS
LIPTON GREEN TEA PURE & LIGHT 5BAGS,GUPTA SONS
LIPTON GREEN TEA TULSI NATURA TEA 10BAGS,GUPTA SONS
LIPTON GREEN TEA TULSI NATURA TEA BAGS 25BAGS,GUPTA SONS
LIPTON ICE TEA LEMON 350ML,GRACE DRINKS PRIVATE LIMITED
,GRACE SALES PVT LTD
LIPTON ICE TEA LEMON 350ML Total,
LIPTON ICE TEA PEACH 350ML,GRACE DRINKS PRIVATE LIMITED
,GRACE SALES PVT LTD
LIPTON ICE TEA PEACH 350ML Total,
LIPTON YELLOW LABEL TEA 250GM,GUPTA SONS
LIRIL SOAP LIME RUSH 125GM,GUPTA SONS
LIRIL SOAP LIME RUSH 75GM,GUPTA SONS
LISTERINE MOUTHWASH CAVITY FIGHTER 250ML,CL TRADERS
LISTERINE MOUTHWASH CAVITY FIGHTER 500ML,CL TRADERS
LISTERINE MOUTHWASH CAVITY FIGHTER 80ML,CL TRADERS
LISTERINE MOUTHWASH COOLMINT 250ML,CL TRADERS
LISTERINE MOUTHWASH COOLMINT 500ML,CL TRADERS
LISTERINE MOUTHWASH COOLMINT 80ML,CL TRADERS
LISTERINE MOUTHWASH FRESH BURST 250ML,CL TRADERS
LISTERINE MOUTHWASH FRESH BURST 500ML,CL TRADERS
LISTERINE MOUTHWASH FRESH BURST 80ML,CL TRADERS
LISTERINE MOUTHWASH ORIGINAL 250ML,CL TRADERS
LISTERINE MOUTHWASH ORIGINAL 500ML,CL TRADERS
LISTERINE MOUTHWASH ORIGINAL 80ML,CL TRADERS
LIVON SERUM 20ML,ESS ENN MARKETING
LIVON SERUM GET SILKY SHINY HAIR 100ML,ESS ENN MARKETING
LIVON SILKY POTION I LOVE MY HAIR 50ML,ESS ENN MARKETING
LIZOL DISINFECTANT SURFACE CLEANER CITRUS 2LTR,GR ENTERPRISES
LIZOL DISINFECTANT SURFACE CLEANER CITRUS 500ML,GR ENTERPRISES
LIZOL DISINFECTANT SURFACE CLEANER CITRUS 975ML,GR ENTERPRISES
LIZOL DISINFECTANT SURFACE CLEANER FLORAL 1LTR,GR ENTERPRISES
LIZOL DISINFECTANT SURFACE CLEANER FLORAL 2LTR,GR ENTERPRISES
LIZOL DISINFECTANT SURFACE CLEANER FLORAL 500ML,GR ENTERPRISES
LIZOL DISINFECTANT SURFACE CLEANER JASMINE 1LTR,GR ENTERPRISES
LIZOL DISINFECTANT SURFACE CLEANER JASMINE 2LTR,GR ENTERPRISES
LIZOL DISINFECTANT SURFACE CLEANER JASMINE 500ML,GR ENTERPRISES
LIZOL DISINFECTANT SURFACE CLEANER LAVENDER 1LTR,GR ENTERPRISES
LIZOL DISINFECTANT SURFACE CLEANER LAVENDER 2LTR,GR ENTERPRISES
LIZOL DISINFECTANT SURFACE CLEANER LAVENDER 500ML,GR ENTERPRISES
LIZOL DISINFECTANT SURFACE CLEANER NEEM 2LTR,GR ENTERPRISES
LIZOL DISINFECTANT SURFACE CLEANER NEEM 500ML,GR ENTERPRISES
LIZOL DISINFECTANT SURFACE CLEANER NEEM 975ML,GR ENTERPRISES
LIZOL DISINFECTANT SURFACE CLEANER PINE 2LTR,GR ENTERPRISES
LIZOL DISINFECTANT SURFACE CLEANER PINE 500ML,GR ENTERPRISES
LIZOL DISINFECTANT SURFACE CLEANER PINE 975ML,GR ENTERPRISES
LIZOL DISINFECTANT SURFACE CLEANER SANDAL 2LTR,GR ENTERPRISES
LIZOL DISINFECTANT SURFACE CLEANER SANDAL 500ML,GR ENTERPRISES
LONDON DAIRY ICE CREAM ALMOND BAR 110ML,GREEN APPLE
LONDON DAIRY ICE CREAM BELGIAN CHOCOLATE BAR 110GM,GREEN APPLE
LONDON DAIRY ICE CREAM BERRIES N CREAM BAR 110ML,GREEN APPLE
LONDON DAIRY ICE CREAM CHOCOLATE ALMOND LITE NO ADDED SUGAR 110ML,GREEN APPLE
LONDON DAIRY ICE CREAM CHOCOLATE BROWNIE DELIGHT 500ML,GREEN APPLE
LONDON DAIRY ICE CREAM CHOCOLATE HAZELNUT 500ML,GREEN APPLE
LONDON DAIRY ICE CREAM CHOCOLATE LITE 125ML,GREEN APPLE
LONDON DAIRY ICE CREAM COOKIES & CREAM 125ML,GREEN APPLE
LONDON DAIRY ICE CREAM COOKIES & CREAM 500ML,GREEN APPLE
LONDON DAIRY ICE CREAM DOUBLE CHOCOLATE 125ML,GREEN APPLE
LONDON DAIRY ICE CREAM DOUBLE CHOCOLATE 1LTR,GREEN APPLE
LONDON DAIRY ICE CREAM DOUBLE CHOCOLATE 500ML,GREEN APPLE
LONDON DAIRY ICE CREAM HAZELNUT BAR 110ML,GREEN APPLE
LONDON DAIRY ICE CREAM MOCHA ALMOND FUDGE 1LTR,GREEN APPLE
LONDON DAIRY ICE CREAM NATURAL STRAWBERRY 125ML,GREEN APPLE
LONDON DAIRY ICE CREAM NATURAL STRAWBERRY 1LTR,GREEN APPLE
LONDON DAIRY ICE CREAM NATURAL STRAWBERRY 500ML,GREEN APPLE
LONDON DAIRY ICE CREAM SORBET MANGO 100ML,GREEN APPLE
LONDON DAIRY ICE CREAM SORBET MANGO 500ML,GREEN APPLE
LONDON DAIRY ICE CREAM SORBET RASPBERRY 125ML,GREEN APPLE
LONDON DAIRY ICE CREAM STRAWBERRY CHEESECAKE 500ML,GREEN APPLE
LONDON DAIRY ICE CREAM TIRAMISU 125ML,GREEN APPLE
LONDON DAIRY ICE CREAM TIRAMISU 500ML,GREEN APPLE
LONDON DAIRY ICE CREAM VANILLA 1LTR,GREEN APPLE
LONDON DAIRY ICE CREAM VANILLA 500ML,GREEN APPLE
LONDON DAIRY ICE CREAM VANILLA LITE 500ML,GREEN APPLE
LONDON DAIRY ICE CREAM VANILLA LITE NO ADDED SUGAR 125ML,GREEN APPLE
LONDON DAIRY ICE CREAM YOGHURT BERRY DELIGHT 500ML,GREEN APPLE
LONG 20GM,KHALSA STORE
LOPCHU TEA ESTATE DARJEELING FLOWERY ORANGE PEKOE 250GM,EMPIRE STORES
LOPCHU TEA ESTATE DARJEELING FLOWERY ORANGE PEKOE 500GM,EMPIRE STORES
LOPCHU TEA ESTATE DARJEELING GOLDEN ORANGE PEKOE 250GM,EMPIRE STORES
LOPCHU TEA ESTATE DARJEELING GOLDEN ORANGE PEKOE 500GM,EMPIRE STORES
LOREAL CASTING CREAM GLOSS 200 EBONY BLACK,KRIS AGENCIES
LOREAL CASTING CREAM GLOSS 200 EBONY BLACK 24ML,KRIS AGENCIES
LOREAL CASTING CREAM GLOSS 300 DARKEST  BROWN,KRIS AGENCIES
LOREAL CASTING CREAM GLOSS 300 DARKEST BROWN 24ML,KRIS AGENCIES
LOREAL CASTING CREAM GLOSS 323 SONAMS DARK CHOCOLATE,KRIS AGENCIES
LOREAL CASTING CREAM GLOSS 400 DARK BROWN,KRIS AGENCIES
LOREAL CASTING CREAM GLOSS 415 ICED CHOCOLATE,KRIS AGENCIES
LOREAL CASTING CREAM GLOSS 500 MEDIUM BROWN,KRIS AGENCIES
LOREAL CASTING CREAM GLOSS 530 PRALINE BROWN,KRIS AGENCIES
LOREAL CASTING CREAM GLOSS 535 CHOCOLATE,KRIS AGENCIES
LOREAL CASTING CREAM GLOSS 550 MAHOGANY,KRIS AGENCIES
LOREAL CASTING CREME GLOSS COLOUR 316 BURGUNDY 24ML,KRIS AGENCIES
LOREAL CONDITIONER 6 OIL NOURISH 175ML,KRIS AGENCIES
LOREAL CONDITIONER 6 OIL NOURISH 65ML,KRIS AGENCIES
LOREAL CONDITIONER COLOUR PROTECT PROTECTING 175ML,KRIS AGENCIES
LOREAL CONDITIONER EXTRAORDINARY CLAY OILY SCALP & DRY ENDS 175ML,KRIS AGENCIES
LOREAL CONDITIONER EXTRAORDINARY CLAY OILY SCALP & DRY ENDS 65ML,KRIS AGENCIES
LOREAL CONDITIONER FALL REPAIR 175ML,KRIS AGENCIES
LOREAL CONDITIONER FALL REPAIR 65ML,KRIS AGENCIES
LOREAL CONDITIONER SMOOTH INTENSE 175ML,KRIS AGENCIES
LOREAL CONDITIONER TOTAL REPAIR REPAIRING 175ML,KRIS AGENCIES
LOREAL EXCELLENCE CREME COLOUR NATURAL DARK BROWN4,KRIS AGENCIES
LOREAL EXCELLENCE CREME COLOURANT BLACK1,KRIS AGENCIES
LOREAL EXCELLENCE CREME COLOURANT BURGUNDY 316 24ML,KRIS AGENCIES
LOREAL EXCELLENCE CREME COLOURANT MAHOGANY BROWN55,KRIS AGENCIES
LOREAL EXCELLENCE CREME COLOURANT NATURAL BROWN 5,KRIS AGENCIES
LOREAL EXCELLENCE CREME COLOURANT NATURAL DARKEST BROWN 3,KRIS AGENCIES
LOREAL EXCELLENCE CREME COLOURANT NATURAL DARKEST BROWN3,KRIS AGENCIES
LOREAL PARIS DARK BROWN INSTANT ROOT CONCEALER SPRAY 75ML,KRIS AGENCIES
LOREAL SHAMPOO 6 OIL NOURISH 175ML,KRIS AGENCIES
LOREAL SHAMPOO 6 OIL NOURISH 360ML,KRIS AGENCIES
LOREAL SHAMPOO 6 OIL NOURISH 640ML,KRIS AGENCIES
LOREAL SHAMPOO 6 OIL NOURISH 75ML,KRIS AGENCIES
LOREAL SHAMPOO ANTI HAIR FALL REPAIR 360ML,KRIS AGENCIES
LOREAL SHAMPOO COLOUR PROTECT PROTECTING 175ML,KRIS AGENCIES
LOREAL SHAMPOO COLOUR PROTECT PROTECTING 360ML,KRIS AGENCIES
LOREAL SHAMPOO EXTRAORDINARY CLAY OILY SCALP & DRY ENDS 175ML,KRIS AGENCIES
LOREAL SHAMPOO EXTRAORDINARY CLAY OILY SCALP & DRY ENDS 360ML,KRIS AGENCIES
LOREAL SHAMPOO EXTRAORDINARY CLAY OILY SCALP & DRY ENDS 640ML,KRIS AGENCIES
LOREAL SHAMPOO EXTRAORDINARY CLAY OILY SCALP & DRY ENDS 75ML,KRIS AGENCIES
LOREAL SHAMPOO FALL REPAIR 175ML,KRIS AGENCIES
LOREAL SHAMPOO FALL REPAIR 75ML,KRIS AGENCIES
LOREAL SHAMPOO FALL RESIST ANTI DANDRUFF 175ML,KRIS AGENCIES
LOREAL SHAMPOO FALL RESIST ANTI HAIR FALL 640ML,KRIS AGENCIES
LOREAL SHAMPOO NUTRI GLOSS MIRROR SHINE 360ML,KRIS AGENCIES
LOREAL SHAMPOO SMOOTH INTENSE 175ML,KRIS AGENCIES
LOREAL SHAMPOO SMOOTH INTENSE 360ML,KRIS AGENCIES
LOREAL SHAMPOO TOTAL REPAIR REPAIRING 175ML,KRIS AGENCIES
LOREAL SHAMPOO TOTAL REPAIR REPAIRING 360ML,KRIS AGENCIES
LOREAL SHAMPOO TOTAL REPAIR REPAIRING 640ML,KRIS AGENCIES
LOREAL SHAMPOO TOTAL REPAIR REPAIRING 75ML,KRIS AGENCIES
LOTTE CHOCO PIE 12PACKS,MK TRADERS
LOTTE CHOCO PIE 18PACKS,JAGDAMBA TRADING CO.
LOTTE CHOCO PIE 6PACKS,JAGDAMBA TRADING CO.
,MK TRADERS
LOTTE CHOCO PIE 6PACKS Total,
LUBE 2T OIL 500ML,BHARAT PETROLEUM CORPORATION LTD
LUBE 2T OIL BULK,BHARAT PETROLEUM CORPORATION LTD
LUBE 4T PLUS 900ML,BHARAT PETROLEUM CORPORATION LTD
LUBE DIAMOND PLUS 5LTR,BHARAT PETROLEUM CORPORATION LTD
LUBE HONDA ACTIVE 800ML,BHARAT PETROLEUM CORPORATION LTD
LUBE MAK 4T NXT 900ML,BHARAT PETROLEUM CORPORATION LTD
LUBE MAK 4T PLUS 1LTR,BHARAT PETROLEUM CORPORATION LTD
LUBE MAK A.T.F 1LTR,BHARAT PETROLEUM CORPORATION LTD
LUBE MAK CLASSIC 1LTR,BHARAT PETROLEUM CORPORATION LTD
LUBE MAK CLASSIC 3.5LTR,BHARAT PETROLEUM CORPORATION LTD
LUBE MAK CLASSIC 500ML,BHARAT PETROLEUM CORPORATION LTD
LUBE MAK DIAMOND 1LTR,BHARAT PETROLEUM CORPORATION LTD
LUBE MAK DIAMOND 5LTR,BHARAT PETROLEUM CORPORATION LTD
LUBE MAK DIAMOND PLUS 1LTR,BHARAT PETROLEUM CORPORATION LTD
LUBE MAK DIAMOND PLUS 3LTR,BHARAT PETROLEUM CORPORATION LTD
LUBE MAK ELITE 1LTR,BHARAT PETROLEUM CORPORATION LTD
LUBE MAK ELITE 3LTR,BHARAT PETROLEUM CORPORATION LTD
LUBE MAK ELITE 500ML,BHARAT PETROLEUM CORPORATION LTD
LUBE MAK GOLD 1LTR,BHARAT PETROLEUM CORPORATION LTD
LUBE MAK GOLD 3LTR,BHARAT PETROLEUM CORPORATION LTD
LUBE MAK GOLD 5LTR,BHARAT PETROLEUM CORPORATION LTD
LUBE MAK GREASE 3KG,BHARAT PETROLEUM CORPORATION LTD
LUBE MAK POUCH 40ML,BHARAT PETROLEUM CORPORATION LTD
LUBE MAK POUCH 60ML,BHARAT PETROLEUM CORPORATION LTD
LUBE MAK REDI KOOL 1LTR,BHARAT PETROLEUM CORPORATION LTD
LUBE MAK REDI KOOL 500ML,BHARAT PETROLEUM CORPORATION LTD
LUBE SYSTEM D 250ML,GOYAL AUTO SPARES
LUBE SYSTEM G 200ML,GOYAL AUTO SPARES
LUX BODYWASH MAGICAL SPELL 240ML,GUPTA SONS
LUX BODYWASH SCARLET BLOSSOM 240ML,GUPTA SONS
LUX BODYWASH SOFT & TOUCH ROSE WATER 240ML,GUPTA SONS
LUX BODYWASH VELVET TOUCH JASMINE & ALMOND OIL 240ML,GUPTA SONS
LUX SOAP CREAMY PERBECTION 125GM,GUPTA SONS
LUX SOAP CREAMY PERBECTION 75GM,GUPTA SONS
LUX SOAP FRESH SPLASH 100GM,GUPTA SONS
LUX SOAP FRESH SPLASH 3X150GM,GUPTA SONS
LUX SOAP FRESH SPLASH 4X100GM,GUPTA SONS
LUX SOAP FRESH SPLASH 4X54GM,GUPTA SONS
LUX SOAP FRESH SPLASH 54GM,GUPTA SONS
LUX SOAP JASMINE BLOOM 4x54GM,GUPTA SONS
LUX SOAP JASMINE BLOOM 51GM,GUPTA SONS
LUX SOAP PEACH & CREAM MINI 30GM,GUPTA SONS
LUX SOAP ROSE BLOOM 4X100GM,GUPTA SONS
LUX SOAP ROSE BLOOM 4X51GM,GUPTA SONS
LUX SOAP ROSE BLOOM 51GM,GUPTA SONS
LUX SOAP SOFT TOUCH 100GM,GUPTA SONS
LUX SOAP SOFT TOUCH 150GM,GUPTA SONS
LUX SOAP SOFT TOUCH 3X100GM,GUPTA SONS
LUX SOAP SOFT TOUCH 3X150GM,GUPTA SONS
LUX SOAP SOFT TOUCH 4X100GM,GUPTA SONS
LUX SOAP STRAWBERRY &  CREAM MINI 30GM,GUPTA SONS
LUX SOAP VELVET TOUCH 100GM,GUPTA SONS
LUX SOAP VELVET TOUCH 3X150GM,GUPTA SONS
LUX SOAP VELVET TOUCH 4X100GM,GUPTA SONS
M&M CHOCOLATE 45GM,KANWAL AGENCIES
M&M PEANUT 45GM,KANWAL AGENCIES
MAAZA BOTTLE 1.2LTR,CHANDIGARH BOTTLING COMPANY 
MAAZA BOTTLE 1.75LTR,CHANDIGARH BOTTLING COMPANY 
MAAZA BOTTLE 600ML,CHANDIGARH BOTTLING COMPANY 
MAAZA MANGO 250ML,CHANDIGARH BOTTLING COMPANY 
MAAZA MANGO CAN 240ML,CHANDIGARH BOTTLING COMPANY 
MAGAZINE ECONOMIST,DEWAN ENTERPRISES
MAGAZINE FEMINA,DEWAN ENTERPRISES
MAGAZINE FEMINA HINDI,DEWAN ENTERPRISES
MAGAZINE FILMFARE,DEWAN ENTERPRISES
MAGAZINE GOOD HOMES,DEWAN ENTERPRISES
MAGAZINE GRAZIA,DEWAN ENTERPRISES
MAGAZINE HELLO,DEWAN ENTERPRISES
MAGAZINE KNOWLEDGE,DEWAN ENTERPRISES
MAGAZINE LONELY PLANET,DEWAN ENTERPRISES
MAGAZINE TOP GEAR,DEWAN ENTERPRISES
MAGAZINE TRENDS,DEWAN ENTERPRISES
MAGGI 2 MINUTE NOODLES MASALA 280GM,GR ENTERPRISES
MAGGI 2 MINUTE NOODLES MASALA 420GM,GR ENTERPRISES
MAGGI 2 MINUTE NOODLES MASALA 560GM,GR ENTERPRISES
MAGGI 2 MINUTE NOODLES MASALA 70GM,GR ENTERPRISES
MAGGI 2 MINUTE NOODLES MASALA 840GM,GR ENTERPRISES
MAGGI 2 MINUTE NOODLES MASALA DOUBLE PACK140GM,GR ENTERPRISES
MAGGI ATTA MASALA NOODLES  75GM,GR ENTERPRISES
MAGGI ATTA MEXICANA NOODLES 75GM,GR ENTERPRISES
MAGGI BHUNA MASALA GRAVY 65GM,GR ENTERPRISES
MAGGI BHUNA MASALA KORMA 65GM,GR ENTERPRISES
MAGGI BHUNA MASALA MAKHANI 65GM,GR ENTERPRISES
MAGGI CHICKEN CUPPA NOODLES 67GM,GR ENTERPRISES
MAGGI CHICKEN NOODLES 284GM,GR ENTERPRISES
MAGGI CHICKEN NOODLES 71GM,GR ENTERPRISES
MAGGI CUPPA CHILLY CHOW 70GM,GR ENTERPRISES
MAGGI CUPPA MASALA 70GM,GR ENTERPRISES
MAGGI HOT & SWEET TOMATO CHILLI SAUCE 1KG,GR ENTERPRISES
MAGGI HOT & SWEET TOMATO CHILLI SAUCE 200GM,GR ENTERPRISES
MAGGI HOT & SWEET TOMATO CHILLI SAUCE 500GM,GR ENTERPRISES
MAGGI HOT & SWEET TOMATO CHILLI SAUCE 90GM,GR ENTERPRISES
MAGGI HOTHEADS CUPPA PEPPER NOODLES 70GM,GR ENTERPRISES
MAGGI HOTHEADS CUPPA PERI PERI NOODLES 70GM,GR ENTERPRISES
MAGGI HOTHEADS GREEN CHILLI NOODLES 71GM,GR ENTERPRISES
MAGGI HOTHEADS PEPPER NOODLES 71GM,GR ENTERPRISES
MAGGI HOTHEADS PERI PERI NOODLES 71GM,GR ENTERPRISES
MAGGI IMLI PICHKOO 90GM,GR ENTERPRISES
MAGGI MASALA-E-MAGIC 12X6GM,GR ENTERPRISES
MAGGI MASALA-E-MAGIC 6GM,GR ENTERPRISES
MAGGI NUTRI LICIOUS ATTA MASALA NOODLES 300GM,GR ENTERPRISES
MAGGI OATS HERBS & SPICES NOODLES 75GM,GR ENTERPRISES
MAGGI OATS MASALA NOODLES 300GM,GR ENTERPRISES
MAGGI OATS MASALA NOODLES 75GM,GR ENTERPRISES
MAGGI PAZZTA CHEESE MACARONI 64GM,GR ENTERPRISES
MAGGI PAZZTA CHEESY TOMATO TWIST 64GM,GR ENTERPRISES
MAGGI PAZZTA MASALA PENNE 65GM,GR ENTERPRISES
MAGGI PAZZTA MUSHROOM PENE 64GM,GR ENTERPRISES
MAGGI RICH TOMATO KETCHUP 1KG,GR ENTERPRISES
MAGGI RICH TOMATO KETCHUP 200GM,GR ENTERPRISES
MAGGI RICH TOMATO KETCHUP 500GM,GR ENTERPRISES
MAGGI RICH TOMATO KETCHUP PICHKOO 90GM,GR ENTERPRISES
MAGGI SOUP CREAM OF CORN WITH PEPPER 15GM,GR ENTERPRISES
MAGGI SOUP TOMATO MARGHERITA 15GM,GR ENTERPRISES
MAGGI TOMATO PICHKOO 90GM,GR ENTERPRISES
MAGGI TTA MSALA NOODLES 300GM,GR ENTERPRISES
MAMA NOODLES 400GM,KHALSA STORE
MANAKA 250GM,KHALSA STORE
MARGO SOAP ORIGINAL NEEM 4X100GM+100GM FREE,RK TRADERS 
MARGO SOAP ORIGINAL NEEM VITAMIN E 100GM,RK TRADERS 
MARKFED SOHNA SUPERIOR BASMATI RICE 5KG,BRIJ LAL HARISH KUMAR
MARS CHOCOLATE 51GM,KANWAL AGENCIES
MARS MINIATURES PACKET 150GM,KANWAL AGENCIES
MATRI LONG 500GM,KHALSA STORE
MAYBELLINE BABY LIP BERRY CRUSH 4GM,KRIS AGENCIES
MAYBELLINE BABY LIP COLOR CHERRY KISS SPF20 4GM,KRIS AGENCIES
MAYBELLINE BABY LIPS BALM BERRY CRUSH + PINK LOLITA 4GM+4GM=8GM,KRIS AGENCIES
MAYBELLINE BABY LIPS BALM CHERRY KISS + PINK LOLITA 4GM+4GM=8GM,KRIS AGENCIES
MAYBELLINE BABY LIPS BALM PINK LOLITA SPF20 4GM,KRIS AGENCIES
MAYBELLINE BABY LIPS BALM PINK SHOCK 3.5GM,KRIS AGENCIES
MAYBELLINE BABY LIPS BALM STRIKING ORANGE 1.9GM,KRIS AGENCIES
MAYBELLINE BABY LIPS COLOR BALM CHERRY KISS 9ML,KRIS AGENCIES
MAYBELLINE BABY LIPS COLOR BERRY CRUSH 4GM,KRIS AGENCIES
MAYBELLINE BABY LIPS COLOR COTTON CANDY 4GM,KRIS AGENCIES
MAYBELLINE BABY LIPS COLOR GUMMY GRAPE 4GM,KRIS AGENCIES
MAYBELLINE BABY LIPS COLOR ORANGE JUJUBE 4GM,KRIS AGENCIES
MAYBELLINE BABY LIPS COLOR PINK LOLITA 9ML,KRIS AGENCIES
MAYBELLINE BABY LIPS COLOR WATERMELON POP 4GM,KRIS AGENCIES
MAYBELLINE COLOSSAL KAJAL DEEP BLACK 0.35GM,KRIS AGENCIES
MAYBELLINE COLOSSAL KAJAL SUPER BLACK 0.35GM,KRIS AGENCIES
MAYBELLINE LIP BALM BEAMING VIOLET 1.9GM,KRIS AGENCIES
MAYBELLINE LIP BALM PEACH BLOSSOM SPF16 1.7GM,KRIS AGENCIES
MAYBELLINE LIP BALM PINK ALERT 1.9GM,KRIS AGENCIES
MAYBELLINE LIP BALM PINK BLOSSOM SPF16 1.7GM,KRIS AGENCIES
MAYBELLINE LIP BALM VIVID PEACH 1.9GM,KRIS AGENCIES
MAYOOR MAKKI ATTA 1KG,KHALSA STORE
MCCAIN ALOO TIKKI 400GM,JAGAT SINGH & SONS AGENCIES
MCCAIN ALOO TIKKI 760GM,JAGAT SINGH & SONS AGENCIES
MCCAIN CHEESE SHORTZ POTATO 250GM,JAGAT SINGH & SONS AGENCIES
MCCAIN CHEESE SHORTZ POTATO 400GM,JAGAT SINGH & SONS AGENCIES
MCCAIN CHILLI GARLIC POTATO BITES 200GM,JAGAT SINGH & SONS AGENCIES
MCCAIN CHILLI GARLIC POTATO BITES 450GM,JAGAT SINGH & SONS AGENCIES
MCCAIN CHILLI GARLIC POTATO BITES 700GM,JAGAT SINGH & SONS AGENCIES
MCCAIN FRENCH FRIES 1.25KG,JAGAT SINGH & SONS AGENCIES
MCCAIN FRENCH FRIES 200GM,JAGAT SINGH & SONS AGENCIES
MCCAIN FRENCH FRIES 420GM,JAGAT SINGH & SONS AGENCIES
MCCAIN FRENCH FRIES 750GM,JAGAT SINGH & SONS AGENCIES
MCCAIN MASALA FRIES 375GM,JAGAT SINGH & SONS AGENCIES
MCCAIN SAMOSA CHEESE CORN 240GM,JAGAT SINGH & SONS AGENCIES
MCCAIN SAMOSA CHEESE JALAPENO 240GM,JAGAT SINGH & SONS AGENCIES
MCCAIN SAMOSA CHEESE PIZZA 240GM,JAGAT SINGH & SONS AGENCIES
MCCAIN SMILES 1.25KG,JAGAT SINGH & SONS AGENCIES
MCCAIN SMILES 415GM,JAGAT SINGH & SONS AGENCIES
MCCAIN SMILES 750GM,JAGAT SINGH & SONS AGENCIES
MCCAIN SMILES POTATOES 175GM,JAGAT SINGH & SONS AGENCIES
MCCAIN SMILES PUDINA CHATKA 375GM,JAGAT SINGH & SONS AGENCIES
MCCAIN SUPER WEDGES 450GM,JAGAT SINGH & SONS AGENCIES
MCCAIN VARIETY PACK+SMILES+CHILLI GARLIC POTATO BITES+MASALA FRIES 550GM,JAGAT SINGH & SONS AGENCIES
MCCAIN VEGGIE BURGER PATTY 360GM,JAGAT SINGH & SONS AGENCIES
MCCAIN VEGGIE FINGERS 175GM,JAGAT SINGH & SONS AGENCIES
MCCAIN VEGGIE FINGERS 400GM,JAGAT SINGH & SONS AGENCIES
MCCAIN VEGGIE NUGGETS 325GM,JAGAT SINGH & SONS AGENCIES
MCVITIES BOURBON 4X100GM,KANWAL AGENCIES
MCVITIES BUTTER COOKIES FAMILYPACK 200GM,KANWAL AGENCIES
MCVITIES CHOCOLATEY BISCUITS 75GM,KANWAL AGENCIES
MCVITIES DIGESTIVE  DARK CHOCOLATE 200GM,KANWAL AGENCIES
MCVITIES DIGESTIVE 400GM,KANWAL AGENCIES
MCVITIES DIGESTIVE LIGHT 250GM,KANWAL AGENCIES
MCVITIES DIGESTIVE LIGHT 400GM,KANWAL AGENCIES
MCVITIES DIGESTIVE MILK CHOCOLATE 200GM,KANWAL AGENCIES
MCVITIES DIGESTIVE NO ADDED SUGAR 150GM,KANWAL AGENCIES
MCVITIES DIGESTIVE ORIGINAL 500GM,KANWAL AGENCIES
MCVITIES DIGESTIVE SOURCE OF FIBRE 250GM,KANWAL AGENCIES
MCVITIES DIGESTIVE SOURCE OF FIBRE 400GM,KANWAL AGENCIES
MCVITIES DIGESTIVE WHOLE WHEAT 100GM,KANWAL AGENCIES
MCVITIES DIGESTIVE WHOLE WHEAT 150GM,KANWAL AGENCIES
MCVITIES DIGESTIVE WHOLE WHEAT 250GM,KANWAL AGENCIES
MCVITIES DIGESTIVE WHOLE WHEAT 66.5GM,KANWAL AGENCIES
MCVITIES FRUIT BAKES COOKIES 120gm,KANWAL AGENCIES
MCVITIES FRUIT SHORT CAKE 200GM,KANWAL AGENCIES
MCVITIES GINGER COOKIES 120GM,KANWAL AGENCIES
MCVITIES GINGER COOKIES 75GM,KANWAL AGENCIES
MCVITIES GINGER NUTS 250GM,KANWAL AGENCIES
MCVITIES HOBNOBS OAT BISCUITS GOODNESS OF OATS 300GM,KANWAL AGENCIES
MCVITIES HOBNOBS OAT BISCUITS MILK CHOCOLATE 300GM,KANWAL AGENCIES
MCVITIES MARIE BISCUITS 100GM,KANWAL AGENCIES
MCVITIES MARIE BISCUITS 250GM,KANWAL AGENCIES
MCVITIES MY EVERYDAY BISCUIT PACK 4X100GM,KANWAL AGENCIES
MCVITIES OAT COOKIES 150GM,KANWAL AGENCIES
MCVITIES OAT COOKIES 75GM,KANWAL AGENCIES
MCVITIES ORANGE CREAM 60GM,KANWAL AGENCIES
MCVITIES STRAWBERRY CREAMS 70GM,KANWAL AGENCIES
MCVITIES VANILLA CREAMS 70GM,KANWAL AGENCIES
MCVITIES WHOLE WHEAT MARIE 100GM,KANWAL AGENCIES
MCVITIES WHOLE WHEAT MARIE 200GM,KANWAL AGENCIES
MDH CHANA MASALA 100GM,AMBALA STORE 
MDH CHICKEN MASALA 100GM,AMBALA STORE 
MDH DEGGI MIRCH 100GM,AMBALA STORE 
MDH GARAM MASALA 100GM,AMBALA STORE 
MDH HALDI POWDER 100GM,AMBALA STORE 
MDH JEERA POWDER 100GM,AMBALA STORE 
MDH KITCHEN KING 100GM,AMBALA STORE 
MDH LAL MIRCH POWDER 100GM,AMBALA STORE 
MDH MEAT KA MASALA 100GM,AMBALA STORE 
MDH ROASTED VERMICELLI 200GM,KHALSA STORE
MDH SAMBHAR MASALA 100GM,AMBALA STORE 
MEDIMIX SOAP CLASSIC 3X125GM,MK TRADING CO.
MEDIMIX SOAP CLASSIC 4X125GM,MK TRADING CO.
MEDIMIX SOAP DAILY LUXURY MOISTURISNG 2X125GM,MK TRADING CO.
MEDIMIX SOAP NATURAL GLYCERINE 5X125GM,MK TRADING CO.
MEDIMIX SOAP SANDAL 2X125GM,MK TRADING CO.
MEDIMIX SOAP SANDAL4X125GM,MK TRADING CO.
MEDIMIX SOAP TURMERIC & ARGAN OIL 125GM,MK TRADING CO.
MEDIMIX SOAP TURMERIC & ARGAN OIL 5X125GM,MK TRADING CO.
MENTOS COLA FLAVOUR 31GM,NARULA AGENCY
MENTOS MARBLELS ORANGE FLAVOURS 14.3GM,NARULA AGENCY
MENTOS MARBLES,NARULA AGENCY
MENTOS MINT 31.2GM,NARULA AGENCY
MENTOS ORANGE FLAVOUR 31.02GM,NARULA AGENCY
MENTOS STRAWBERRY FLAVOUR 31GM,NARULA AGENCY
MINUTE MAID APPLE 250ML,CHANDIGARH BOTTLING COMPANY 
MINUTE MAID GRITTY GUAVA 250ML,CHANDIGARH BOTTLING COMPANY 
MINUTE MAID MIXED FRUIT 250ML,CHANDIGARH BOTTLING COMPANY 
MINUTE MAID MIXED FRUIT CAN 240ML,CHANDIGARH BOTTLING COMPANY 
MINUTE MAID NIMBU FRESH 250ML,CHANDIGARH BOTTLING COMPANY 
MINUTE MAID PULPY MOSAMBI 250ML,CHANDIGARH BOTTLING COMPANY 
MINUTE MAID PULPY ORANGE 1LTR,CHANDIGARH BOTTLING COMPANY 
MINUTE MAID PULPY ORANGE 250ML,CHANDIGARH BOTTLING COMPANY 
MIRINDA BOTTLE ORANGE 1.25LTR,CHIRANJIT LAL GUPTA & SONS (P) LTD
MIRINDA BOTTLE ORANGE 2LTR,CHIRANJIT LAL GUPTA & SONS (P) LTD
MIRINDA BOTTLE ORANGE 750ML,CHIRANJIT LAL GUPTA & SONS (P) LTD
MIRINDA CAN ORANGE 250ML,CHIRANJIT LAL GUPTA & SONS (P) LTD
MITHA SODA 40GM,KHALSA STORE
MOHUNS CORN FLAKES 500GM,EMPIRE STORES
MOHUNS CORN FLAKES MIX 200GM,EMPIRE STORES
MONGINIS DESSERT CAKE COCOLATE 200GM,MEHAR ENTERPRISES
MONGINIS DESSERT CAKE VANILLA 200GM,MEHAR ENTERPRISES
MONGINIS DREAM CAKE 100% VEG 35GM,MEHAR ENTERPRISES
MONGINIS MUFFINS VEG CHOCOLATE CAKE 150GM,MEHAR ENTERPRISES
MONGINIS MUFFINS VEG CHOCOLATE CAKE 25GM,MEHAR ENTERPRISES
MONGINIS MUFFINS VEG FRUIT CAKE 150GM,MEHAR ENTERPRISES
MONGINIS MUFIN FRUIT CAKE 25GM,MEHAR ENTERPRISES
MONGINIS PLUM CAKE EGG 225GM,MEHAR ENTERPRISES
MONGINIS SLICE CAKE CHOCOLATE 30GM,MEHAR ENTERPRISES
MONGINIS SLICE CAKE VANILLA 30GM,MEHAR ENTERPRISES
MONGINIS SWISS ROLL CHOCOLATE CAKE 100GM,MEHAR ENTERPRISES
MONGINIS SWISS ROLL CHOCOLATE CAKE 40GM,MEHAR ENTERPRISES
MONGINIS SWISS ROLL STRAWBERRY CAKE 100GM,MEHAR ENTERPRISES
MONGINIS SWISS ROLL STRAWBERRY CAKE 40GM,MEHAR ENTERPRISES
MONGINIS VEG CAKES CHOCOLATE 100GM,MEHAR ENTERPRISES
MONGINIS VEG CAKES CHOCOLATE 65GM,MEHAR ENTERPRISES
MONGINIS VEG CAKES FRUIT 65GM,MEHAR ENTERPRISES
MONGINIS VEG CAKES MIXED FRUIT JAM 100GM,MEHAR ENTERPRISES
MOONGFALI 500GM,KHALSA STORE
MOOV PAIN RELIFE SPECIALIST 30GM,GR ENTERPRISES
MOOV SPRAY 35GM,GR ENTERPRISES
MOOV TUBE 15GM,GR ENTERPRISES
MOOV TUBE 50GM,GR ENTERPRISES
MORDE DARK CHOCOCHIP 100GM,JAGAT SINGH & SONS AGENCIES
MORDE DARK COMPOUND 400GM,JAGAT SINGH & SONS AGENCIES
MORDE MILK COMPOUND 400GM,JAGAT SINGH & SONS AGENCIES
MORTEIN ALL INSECT KILLER INSTA 600ML,GR ENTERPRISES
MORTEIN ALL INSECT KILLER INSTA KILLS MOSQUITO KILER 200ML,GR ENTERPRISES
MORTEIN CHOTU INSTA 5 WORKS IN 5 MINUTES 25ML,GR ENTERPRISES
MORTEIN DENGUE MOSQUITOES ALL INSECT KILLER 400ML,GR ENTERPRISES
MORTEIN INSTA5 REFILL,GR ENTERPRISES
MORTEIN POWER BOOSTER MOSQUITO 10+4 COILS,GR ENTERPRISES
MORTEIN POWERGARD DEEP REACH COILS 8HRS,GR ENTERPRISES
MORTEIN POWERGARD RAT KILL 25GM,GR ENTERPRISES
MOTHER DAIRY BUTTER 100GM,KARMA ENTERPRISES
MOTHER DAIRY BUTTER 500GM,KARMA ENTERPRISES
MOTHER DAIRY CHEESE 10 CUBES 180GM,KARMA ENTERPRISES
MOTHER DAIRY CHEESE BLOCK 200GM,KARMA ENTERPRISES
MOTHER DAIRY CHEESE SLICE 200GM,KARMA ENTERPRISES
MOTHER DAIRY CHEESE SPREAD 200GM,KARMA ENTERPRISES
MOTHER DAIRY CHILLZ CHOCOLATE SWIRL FLAVOURED MILK 180ML,KARMA ENTERPRISES
MOTHER DAIRY CHILLZ COLD COFFEE 180ML,KARMA ENTERPRISES
MOTHER DAIRY CHILLZ KESAR ELAICHI FLAVOURED MILK 180ML,KARMA ENTERPRISES
MOTHER DAIRY COLL & REFRESHING MASALA CHACH 200ML,KARMA ENTERPRISES
MOTHER DAIRY CREAM 1LTR,KARMA ENTERPRISES
MOTHER DAIRY CREAM 200ML,KARMA ENTERPRISES
MOTHER DAIRY DAHI 400GM,KARMA ENTERPRISES
MOTHER DAIRY ICE CREAM BELGIUM ALMOND BAR 80ML,SRAKSHI ENTERPRISES
MOTHER DAIRY ICE CREAM BLACK FOREST CAKE 525GM,SRAKSHI ENTERPRISES
MOTHER DAIRY ICE CREAM BUTTER SCOTCH 1.25LTR,SRAKSHI ENTERPRISES
MOTHER DAIRY ICE CREAM BUTTER SCOTCH CUP 75ML,SRAKSHI ENTERPRISES
MOTHER DAIRY ICE CREAM CASSATA 150ML,SRAKSHI ENTERPRISES
MOTHER DAIRY ICE CREAM CHILLZ CHOCOLATE BAR 65ML,SRAKSHI ENTERPRISES
MOTHER DAIRY ICE CREAM CHILLZ CHOCOLATE TREAT BAR 75ML,SRAKSHI ENTERPRISES
MOTHER DAIRY ICE CREAM CHILLZ MANGO 60ML,SRAKSHI ENTERPRISES
MOTHER DAIRY ICE CREAM CHOCO ALMONDS TUB 1LTR,SRAKSHI ENTERPRISES
MOTHER DAIRY ICE CREAM CHOCO CHIP 1.25LTR,SRAKSHI ENTERPRISES
MOTHER DAIRY ICE CREAM CHOCOLATE CHIP CUP 75ML,SRAKSHI ENTERPRISES
MOTHER DAIRY ICE CREAM CHOCOLATE GATEAU 115ML,SRAKSHI ENTERPRISES
MOTHER DAIRY ICE CREAM CONE CHILLZ BUTTER SCOTCH 100ML,SRAKSHI ENTERPRISES
MOTHER DAIRY ICE CREAM CONE CHILLZ CHOCOLATE BLISS 100ML,SRAKSHI ENTERPRISES
MOTHER DAIRY ICE CREAM CONE CHOCO VANILLA 100ML,SRAKSHI ENTERPRISES
MOTHER DAIRY ICE CREAM COOKIE CRUMB 115ML,SRAKSHI ENTERPRISES
MOTHER DAIRY ICE CREAM COOKIE N CRUMB TUB 1LTR,SRAKSHI ENTERPRISES
MOTHER DAIRY ICE CREAM FRUITY FUSION TUB 1LTR,SRAKSHI ENTERPRISES
MOTHER DAIRY ICE CREAM HAZELNUT FANTASY TUB 1LTR,SRAKSHI ENTERPRISES
MOTHER DAIRY ICE CREAM KESAR ALMOND 115ML,SRAKSHI ENTERPRISES
MOTHER DAIRY ICE CREAM KESAR KAMAL KULFI BAR 60ML,SRAKSHI ENTERPRISES
MOTHER DAIRY ICE CREAM MAHA COLA BAR 60ML,SRAKSHI ENTERPRISES
MOTHER DAIRY ICE CREAM MANGO FRUITO LIC 60ML,SRAKSHI ENTERPRISES
MOTHER DAIRY ICE CREAM MANGO MARVEL TUB 1LTR,SRAKSHI ENTERPRISES
MOTHER DAIRY ICE CREAM MATKA KULFI 90ML,SRAKSHI ENTERPRISES
MOTHER DAIRY ICE CREAM NOLEN GUR CUP 100ML,GRACE SALES PVT LTD
MOTHER DAIRY ICE CREAM ORANGE LIC LOLLEEZ 50ML,SRAKSHI ENTERPRISES
MOTHER DAIRY ICE CREAM PASTRY 60GM,SRAKSHI ENTERPRISES
MOTHER DAIRY ICE CREAM PISTA-E-KULFI TUB 1LTR,SRAKSHI ENTERPRISES
MOTHER DAIRY ICE CREAM RABRI KULFI BAR 60ML,SRAKSHI ENTERPRISES
MOTHER DAIRY ICE CREAM RED VELVETCHEESECAKE 473GM,SRAKSHI ENTERPRISES
MOTHER DAIRY ICE CREAM SHAHI MEVA MALAI 115ML,SRAKSHI ENTERPRISES
MOTHER DAIRY ICE CREAM SHAHI MEVA MALAI 1LTR,SRAKSHI ENTERPRISES
MOTHER DAIRY ICE CREAM STRAWBERRY 1.25LTR,SRAKSHI ENTERPRISES
MOTHER DAIRY ICE CREAM STRAWBERRY CRUSH 1LTR,SRAKSHI ENTERPRISES
MOTHER DAIRY ICE CREAM STRAWBERRY CUP 60ML,SRAKSHI ENTERPRISES
MOTHER DAIRY ICE CREAM STRAWBERY CRUSH 115ML,SRAKSHI ENTERPRISES
MOTHER DAIRY ICE CREAM SUGAR FREE KESAR ALMOND 500ML,SRAKSHI ENTERPRISES
MOTHER DAIRY ICE CREAM SUGAR FREE NATURAL VANILLA 500ML,SRAKSHI ENTERPRISES
MOTHER DAIRY ICE CREAM SUNDAE MAGIC CHOCOLATE+VANILLA 125ML,SRAKSHI ENTERPRISES
MOTHER DAIRY ICE CREAM VANILLA 1.250ML,SRAKSHI ENTERPRISES
MOTHER DAIRY ICE CREAM VANILLA CUP 60ML,SRAKSHI ENTERPRISES
MOTHER DAIRY LASSI SWEET TETRA 200ML,KARMA ENTERPRISES
MOTHER DAIRY LOW FAT MILK 500ML,KARMA ENTERPRISES
MOTHER DAIRY MILK SHAKE CHOCOLATE 200ML,KARMA ENTERPRISES
MOTHER DAIRY MILK SHAKE MANGO 200ML,KARMA ENTERPRISES
MOTHER DAIRY MILK SHAKE STRAWBERRY 200ML,KARMA ENTERPRISES
MOTHER DAIRY MILK TONED MILK 1LTR,KARMA ENTERPRISES
MOTHER DAIRY MISHTI DOI 400GM,KARMA ENTERPRISES
MOTHER DAIRY MISHTI DOI 85GM,KARMA ENTERPRISES
MOTHER DAIRY PANEER 200GM,KARMA ENTERPRISES
MOTHER DAIRY YOGHURT BLUEBERRY 100GM,KARMA ENTERPRISES
MOTHER DAIRY YOGHURT MANGO 100GM,KARMA ENTERPRISES
MOTHER DAIRY YOGHURT RASPBERRY 100GM,KARMA ENTERPRISES
MOTHERS RECIPE CHANA MASALA PAPAD 200GM,MK TRADING CO.
MOTHERS RECIPE DELHI CHAAT CHUTNEY 370GM,MK TRADING CO.
MOTHERS RECIPE GARLIC GREEN CHILLI PAPAD 200GM,MK TRADING CO.
MOTHERS RECIPE GARLIC PASTE 200GM,MK TRADING CO.
MOTHERS RECIPE GARLIC PICKLE 200GM,MK TRADING CO.
MOTHERS RECIPE GARLIC PICKLE 400GM,MK TRADING CO.
MOTHERS RECIPE GINGER & GARLIC PASTE 200GM,MK TRADING CO.
MOTHERS RECIPE GINGER GARLIC PASTE 300GM,MK TRADING CO.
MOTHERS RECIPE GINGER PASTE 200GM,MK TRADING CO.
MOTHERS RECIPE GINGER PICKLE 300GM,MK TRADING CO.
MOTHERS RECIPE GREEN CHILLI PICKLE 200GM,MK TRADING CO.
MOTHERS RECIPE GREEN CHILLI PICKLE 400GM,MK TRADING CO.
MOTHERS RECIPE GUJRATI GORKERI PICKLE 500GM,MK TRADING CO.
MOTHERS RECIPE INSTANT MIX POHA 160GM,MK TRADING CO.
MOTHERS RECIPE LIME PICKLE 200GM,MK TRADING CO.
MOTHERS RECIPE LIME PICKLE 400GM,MK TRADING CO.
MOTHERS RECIPE MANGO PICKLE 200GM,MK TRADING CO.
MOTHERS RECIPE MANGO PICKLE 400GM,MK TRADING CO.
MOTHERS RECIPE MIXED PICKLE 200GM,MK TRADING CO.
MOTHERS RECIPE MIXED PICKLE 400GM,MK TRADING CO.
MOTHERS RECIPE MOONG PAPAD 200GM,MK TRADING CO.
MOTHERS RECIPE POTATO PAPAD 75GM,MK TRADING CO.
MOTHERS RECIPE PUNJABI MANGO PICKLE 200GM,MK TRADING CO.
MOTHERS RECIPE PUNJABI MANGO PICKLE 400GM,MK TRADING CO.
MOTHERS RECIPE PUNJABI MASALA PAPAD,MK TRADING CO.
MOTHERS RECIPE PUNJABI PACHRANGA PICKLE 200GM,MK TRADING CO.
MOTHERS RECIPE PUNJABI PACHRANGA PICKLE 400GM,MK TRADING CO.
MOTHERS RECIPE PUNJABI TEEKHA MANGO PICKLE 400GM,MK TRADING CO.
MOTHERS RECIPE RAJASTHANI SWEET LIME PICKLE 500GM,MK TRADING CO.
MOTHERS RECIPE RED STUFFED CHILLI PICKLE 400GM,MK TRADING CO.
MOTHERS RECIPE SHREDDED SWEET MANGO PICKLE CHOONDO 500GM,MK TRADING CO.
MOTHERS RECIPE STUFFED GREEN CHILLI PICKLE 200GM,MK TRADING CO.
MOTHERS RECIPE STUFFED RED CHILLI PICKLE 200GM,MK TRADING CO.
MOTHERS RECIPE TAMARIND DATE CHUTNEY 380GM,MK TRADING CO.
MOTHERS RECIPE TAMARIND PASTE 200GM,MK TRADING CO.
MOTHERS RECIPE TOMATO PICKLE 300GM,MK TRADING CO.
MOTHERS RECIPE UDAD PAPAD 200GM,MK TRADING CO.
MOTHERS RECIPE UPMA MIX 180GM,MK TRADING CO.
MOTI ELAICHI 100GM,KHALSA STORE
MOUNTAIN DEW BOTTLE 1.25LTR,CHIRANJIT LAL GUPTA & SONS (P) LTD
MOUNTAIN DEW BOTTLE 2LTR,CHIRANJIT LAL GUPTA & SONS (P) LTD
MOUNTAIN DEW BOTTLE 600ML,CHIRANJIT LAL GUPTA & SONS (P) LTD
MOUNTAIN DEW BOTTLE 750ML,CHIRANJIT LAL GUPTA & SONS (P) LTD
MOUNTAIN DEW CAN 250ML,CHIRANJIT LAL GUPTA & SONS (P) LTD
MR MUSCLE GLASS & HOUSEHOLD CLEANER 500ML,KANWAL AGENCIES
MR MUSCLE KITCHEN CLEANER ORANGE 500ML,KANWAL AGENCIES
MTR BADAM DRINK 180ML,RUHANI ENTERPRISES
MTR BADAM DRINK MIX 200GM,RUHANI ENTERPRISES
MTR BADAM DRINK MIX 500GM,RUHANI ENTERPRISES
MTR BREAKFAST KHATTA MEETHA POHA 60GM,ESS ENN MARKETING
,RUHANI ENTERPRISES
MTR BREAKFAST KHATTA MEETHA POHA 60GM Total,
MTR BREAKFAST POHA 60GM,RUHANI ENTERPRISES
MTR CHANA MASALA 300GM,RUHANI ENTERPRISES
MTR CHOCOLATE DRINK 180ML,RUHANI ENTERPRISES
MTR CHUTNEY POWDER IDLI DOSA CHILLY 200GM,ESS ENN MARKETING
,RUHANI ENTERPRISES
MTR CHUTNEY POWDER IDLI DOSA CHILLY 200GM Total,
MTR DAL FRY 300GM,RUHANI ENTERPRISES
MTR DAL MAKHANI 300GM,RUHANI ENTERPRISES
MTR DHOKLA 200GM,RUHANI ENTERPRISES
MTR DOSA 200GM,RUHANI ENTERPRISES
MTR DOSA 500GM,ESS ENN MARKETING
,RUHANI ENTERPRISES
MTR DOSA 500GM Total,
MTR GULAB JAMUN 150GM,ESS ENN MARKETING
,RUHANI ENTERPRISES
MTR GULAB JAMUN 150GM Total,
MTR JEERA RICE 250GM,RUHANI ENTERPRISES
MTR KHAMAN DHOKLA 180GM,RUHANI ENTERPRISES
MTR KHAMAN DHOKLA 500GM,RUHANI ENTERPRISES
MTR MAGIC MASALA UPMA CUP 80GM,RUHANI ENTERPRISES
MTR MASALA IDLI 500GM,RUHANI ENTERPRISES
MTR MASALA UPMA 200GM,RUHANI ENTERPRISES
MTR MUTTAR PANEER 300GM,RUHANI ENTERPRISES
MTR OATS IDLI 500GM,RUHANI ENTERPRISES
MTR PANEER BUTTER MASALA 300GM,RUHANI ENTERPRISES
MTR PANEER TIKKA MASALA 300GM,RUHANI ENTERPRISES
MTR PAV BHAJI 300GM,RUHANI ENTERPRISES
MTR POHA IN A CUP 80GM,RUHANI ENTERPRISES
MTR POHA KHATTA MEETHA IN A CUP 80GM,RUHANI ENTERPRISES
MTR PULIOGARE POWDER TAMARIND RICE MASALA 200GM,ESS ENN MARKETING
,RUHANI ENTERPRISES
MTR PULIOGARE POWDER TAMARIND RICE MASALA 200GM Total,
MTR RAJMA MASALA 300GM,RUHANI ENTERPRISES
MTR RAVA DOSA 500GM,RUHANI ENTERPRISES
MTR RAVA IDLI 200GM,ESS ENN MARKETING
,RUHANI ENTERPRISES
MTR RAVA IDLI 200GM Total,
MTR RAVA IDLI 500GM,ESS ENN MARKETING
,RUHANI ENTERPRISES
MTR RAVA IDLI 500GM Total,
MTR RICE IDLI 200GM,ESS ENN MARKETING
,RUHANI ENTERPRISES
MTR RICE IDLI 200GM Total,
MTR RICE IDLI 500GM,ESS ENN MARKETING
,RUHANI ENTERPRISES
MTR RICE IDLI 500GM Total,
MTR SAMBAR MIX 200GM,ESS ENN MARKETING
,RUHANI ENTERPRISES
MTR SAMBAR MIX 200GM Total,
MTR SAMBAR POWDER 200GM,ESS ENN MARKETING
,RUHANI ENTERPRISES
MTR SAMBAR POWDER 200GM Total,
MTR TOMATO RICE 250GM,RUHANI ENTERPRISES
MTR UPMA 170GM,RUHANI ENTERPRISES
MTR UPMA 500GM,ESS ENN MARKETING
,RUHANI ENTERPRISES
MTR UPMA 500GM Total,
MTR UTTAPPAM 500GM,ESS ENN MARKETING
,RUHANI ENTERPRISES
MTR UTTAPPAM 500GM Total,
MTR VADA 200GM,RUHANI ENTERPRISES
MTR VADA 500GM,ESS ENN MARKETING
,RUHANI ENTERPRISES
MTR VADA 500GM Total,
MULTANI PACHMEENA AAM DROPS DIGESTIVE CARE,NATIONAL ENTERPRISES
MULTANI PACHMEENA IMLI DROPS DIGESTIVE CARE,NATIONAL ENTERPRISES
MYSORE SANDAL GOLD SOAP 125GM,MK TRADING CO.
MYSORE SANDAL SOAP 150GM,MK TRADING CO.
MYSORE SANDAL SOAP 75GM,MK TRADING CO.
NAINA EXTRA SOFT QUALITY TISSUE 10IN1,LAKSHAY TRADERS
NAVNEET 6 SUBJECT BOOK JUMBO SIZE 300PAGES,ASHISH AGENCIES
NAVNEET BLACK WOOD PENCILS,ASHISH AGENCIES
NAVNEET DOUGH 6SHADES,ASHISH AGENCIES
NAVNEET FUN METALLIC PENCILS,ASHISH AGENCIES
NAVNEET GANESHA DAIRY 192PAGES,ASHISH AGENCIES
NAVNEET GANESHA DAIRY A6 192PAGES,ASHISH AGENCIES
NAVNEET MINI NOTE BOOK 160PAGES,ASHISH AGENCIES
NAVNEET MY 6 SUBJECT BOOK JUMBO SIZE 300PAGES,ASHISH AGENCIES
NAVNEET MY NOTE BOOK 192PAGES,ASHISH AGENCIES
NAVNEET MY NOTES BOOK 192 PAGES,ASHISH AGENCIES
NAVNEET NOTEBOOK JUMBO SIZE 172PAGES,ASHISH AGENCIES
NAVNEET NOTEW BOOK MOSCOW 172PAGES,ASHISH AGENCIES
NAVNEET POCKET DAIRY SPIRAL 72 PAGES,ASHISH AGENCIES
NAVNEET POCKET DIARY REGULAR 72PAGES,ASHISH AGENCIES
NAVNEET RULER 30CM,ASHISH AGENCIES
NAVNEET SOFT BOUND A4 SIZE 196PAGES,ASHISH AGENCIES
NAVNEET SPIRAL BOUNDS A4 SIZE 400PAGES,ASHISH AGENCIES
NAVNEET STRIPES PENCILS 10PCS,ASHISH AGENCIES
NAVNEET STRIPES PENCILS WIT ERASER TIP,ASHISH AGENCIES
NAVRATAN COOL TALC ACTIVE DEO MINT COMPHOR 50GM,PREM AGENCIES
NAVRATAN TALC I-COOL BLAST 100GM,PREM AGENCIES
NAVRATNA COOL TALC ACTIVE DEO 100GM,PREM AGENCIES
NAVRATNA COOL TALC ACTIVE DEO 400GM,PREM AGENCIES
NAVRATNA COOL TALC FLORAL FREEZE 100GM,PREM AGENCIES
NAVRATNA COOL TALC MINT FRESH 100GM,PREM AGENCIES
NAVRATNA COOL TALC MINT FRESH 400GM,PREM AGENCIES
NAVRATNA JUMBO NOTEBOOK 124 PAGES,ASHISH AGENCIES
NAVRATNA OIL 100ML,PREM AGENCIES
NAVRATNA OIL 200ML,PREM AGENCIES
NAVRATNA OIL 50ML,PREM AGENCIES
NAVRATNA OIL ALMOND COOL 50ML,PREM AGENCIES
NEE ACTIVE TOOTHPASTE TOTAL CARE NATURALLY 200GM+TOOTH BRUSH FREE,RK TRADERS 
NEEM ACTIVE TOOTHPASTE NATURAL ORIGIN 125GM,RK TRADERS 
NEEM ACTIVE TOOTHPASTE NATURAL ORIGIN 200GM,RK TRADERS 
NESCAFE CAPPUCCINO 5X20GM,GR ENTERPRISES
NESCAFE CHILLED LATTE COFFEE & MILK BEVERAGE 180ML,GR ENTERPRISES
NESCAFE CHOCO MOCHA 5X20GM,GR ENTERPRISES
NESCAFE CLASSIC 200GM,GR ENTERPRISES
NESCAFE CLASSIC 4.5GM,GR ENTERPRISES
NESCAFE CLASSIC 500GM,GR ENTERPRISES
NESCAFE CLASSIC 50GM,GR ENTERPRISES
NESCAFE CLASSIC JAR 100GM,GR ENTERPRISES
NESCAFE CLASSIC JAR 100GM FREE MUG,GR ENTERPRISES
NESCAFE CLASSIC JAR 200GM,GR ENTERPRISES
NESCAFE CLASSIC JAR 25GM,GR ENTERPRISES
NESCAFE CLASSIC JAR 50GM,GR ENTERPRISES
NESCAFE CLASSIC RS.2,GR ENTERPRISES
NESCAFE GOLD BLEND 150GM,EMPIRE STORES
NESCAFE GOLD DECAFFEINATED JAR 100GM,EMPIRE STORES
NESCAFE GOLD JAR 100GM,EMPIRE STORES
NESCAFE GOLD JAR 200GM,EMPIRE STORES
NESCAFE GOLD JAR 50GM,EMPIRE STORES
NESCAFE HAZELNUT COFFEE & MILK BEVERAGE 180ML,GR ENTERPRISES
NESCAFE INTENSE CAFE COFFEE & MILK BEVERAGE 180ML,GR ENTERPRISES
NESCAFE LATTE 5X25GM,GR ENTERPRISES
NESCAFE LATTE XPRESS 25GM,GR ENTERPRISES
NESCAFE SUNRISE PREMIUM COFFEE 200GM,GR ENTERPRISES
NESCAFE SUNRISE PREMIUM COFFEE 50GM,GR ENTERPRISES
NESTLE A+ MILK 1LTR,GR ENTERPRISES
NESTLE A+ MILK NOURISH VITAMIN A & D FORTIFIED 1LTR,GR ENTERPRISES
NESTLE ALPINO 4X23GM,GR ENTERPRISES
NESTLE ALPINO CHOCOLATE 2*11GM,GR ENTERPRISES
NESTLE ALPINO CHOCOLATE COATED WAFER BONBON 5X57GM,GR ENTERPRISES
NESTLE BAR ONE 12GM,GR ENTERPRISES
NESTLE BAR ONE 22GM,GR ENTERPRISES
NESTLE BAR ONE 44GM,GR ENTERPRISES
NESTLE CEREGROW MULTIGRAIN CEREAL WITH MILK & FRUITS 2-5 YEARS 300GM,GR ENTERPRISES
NESTLE CERELAC 5GRAIN & FRUITS STAGE5 IRON FORTIFIED 300GM,GR ENTERPRISES
NESTLE CERELAC MULTI GRAIN DAL VEG IRON FORTIFIED STAGE4 300GM,GR ENTERPRISES
NESTLE CERELAC MULTIGRAIN & FRUITS STAGE 4 IRON FORTIFIED 300GM,GR ENTERPRISES
NESTLE CERELAC RICE VEGETABLES IRON FORTIFIED 300GM,GR ENTERPRISES
NESTLE CERELAC SHISHU AADHAAR WHEAT RICE MOONG DAL VEG KHICHDI 300GM STAGE 2,GR ENTERPRISES
NESTLE CERELAC SHISHU AAHAAR STAGE2 300GM,GR ENTERPRISES
NESTLE CERELAC WHEAT APPLE CHERRY IRON FORTIFIED STAGE2 300GM,GR ENTERPRISES
NESTLE CERELAC WHEAT APPLE STAGE 1 IRON FORTIFIED 300GM,GR ENTERPRISES
NESTLE CERELAC WHEAT ORANGE IRON FORTIFIED 300GM STAGE 2,GR ENTERPRISES
NESTLE CERELAC WHEAT RICE MIXED FRUIT STAGE3 300GM,GR ENTERPRISES
NESTLE CERELAC WHEAT RICE MIXED VEG IRON FORTIFIED 300GM,GR ENTERPRISES
NESTLE CERELAC WHEAT STAGE1 300GM,GR ENTERPRISES
NESTLE CHOCO LICK ECLAIRS 320GM,GR ENTERPRISES
NESTLE CHOCO LICKO ECLAIRS 3.2GM,GR ENTERPRISES
NESTLE CLASSIC CHOCOLATE 18GM,GR ENTERPRISES
NESTLE CLASSIC CHOCOLATE 36GM,GR ENTERPRISES
NESTLE DAHI 150GM,NATIONAL TRADERS
NESTLE DAHI 400GM,NATIONAL TRADERS
NESTLE DAHI ACTIVE PLUS 400GM,NATIONAL TRADERS
NESTLE EVERYDAY DAIRY CREAMER RS.2,GR ENTERPRISES
NESTLE EVERYDAY DAIRY WHITENER 1KG,GR ENTERPRISES
NESTLE EVERYDAY DAIRY WHITENER 200GM,GR ENTERPRISES
NESTLE EVERYDAY DAIRY WHITENER 20GM,GR ENTERPRISES
NESTLE EVERYDAY DAIRY WHITENER 400GM,GR ENTERPRISES
NESTLE EVERYDAY PREMIUM PUNJAB GHEE 1LTR,GR ENTERPRISES
NESTLE GREEK STYLE CURD 300GM,NATIONAL TRADERS
NESTLE GREEK YOGHURT BLUEBERRY 100GM,NATIONAL TRADERS
NESTLE GREEK YOGHURT LITCHI 100GM,NATIONAL TRADERS
NESTLE GREEK YOGHURT MANGO 100GM,NATIONAL TRADERS
NESTLE GREEK YOGHURT STRAWBERRY 100GM,NATIONAL TRADERS
NESTLE JEERA RAITA 185GM,NATIONAL TRADERS
NESTLE JEERA RAITA 380GM,NATIONAL TRADERS
NESTLE KITKAT 10X12.8GM,GR ENTERPRISES
NESTLE KITKAT 12.8GM,GR ENTERPRISES
NESTLE KITKAT 27.5GM,GR ENTERPRISES
NESTLE KITKAT 37.3GM,GR ENTERPRISES
NESTLE KITKAT 8.6GM,GR ENTERPRISES
NESTLE KITKAT CHUNKY 43GM,EMPIRE STORES
NESTLE KITKAT DESSERT DELIGHT CHOCO PUDDING 50GM,GR ENTERPRISES
NESTLE KITKAT DESSERT DELIGHT TRUFFLE 50GM,GR ENTERPRISES
NESTLE KITKAT DUA 10X12.8GM,GR ENTERPRISES
NESTLE KITKAT STRAWBERRY DUA 12.8GM,GR ENTERPRISES
NESTLE KITKAT18GM,GR ENTERPRISES
NESTLE LACTOGEN 1 UPTO 6 MONTHS 400GM,GR ENTERPRISES
NESTLE LACTOGEN 2 FOLLOW UP FORMULA POWDER 400GM,GR ENTERPRISES
NESTLE LACTOGEN 3 FOLLOW UP FORMULA POWDER 400GM,GR ENTERPRISES
NESTLE LACTOGEN 4 FOLLOW UP POWDER FOR OLDER INFANTS 400GM,GR ENTERPRISES
NESTLE MILKMAID 400GM,GR ENTERPRISES
NESTLE MILKY BAR ECLAIRS MILKY TASTE 320GM,GR ENTERPRISES
NESTLE MILKYBAR CHOO 10GM,GR ENTERPRISES
NESTLE MILKYBAR CHOO MIXED FRUIT 10GM,GR ENTERPRISES
NESTLE MILKYBAR CHOO STRAWBERRY 10GM,GR ENTERPRISES
NESTLE MILKYBAR ECLAIRS 3.4GM,GR ENTERPRISES
NESTLE MILKYBAR GOODNESS OF MILK 13GM,GR ENTERPRISES
NESTLE MILKYBAR MOOSHA 20GM,GR ENTERPRISES
NESTLE MILKYBAR MOULD 6.5GM,GR ENTERPRISES
NESTLE MILKYBAR YUMMY TREAT 11GM,GR ENTERPRISES
NESTLE MILKYBAR YUMMY TREAT 25GM,GR ENTERPRISES
NESTLE MILO COCOA MALT MILK BEVERAGE 180ML,GR ENTERPRISES
NESTLE MUNCH 20.1GM,GR ENTERPRISES
NESTLE MUNCH 20X10GM,GR ENTERPRISES
NESTLE MUNCH MAHA 10.1GM,GR ENTERPRISES
NESTLE MUNCH NUTS 32GM,GR ENTERPRISES
NESTLE MUNCH PARTY TIME 72GM,GR ENTERPRISES
NESTLE MUNCH TRIO 18GM,GR ENTERPRISES
NESTLE NAN PRO 1  PROBIOTICS 400GM,GR ENTERPRISES
NESTLE NAN PRO 2 400GM,GR ENTERPRISES
NESTLE NAN PRO 3 400GM,GR ENTERPRISES
NESTLE NAN PRO 4 FORMULA 400GM,GR ENTERPRISES
NESTLE SLIM DAHI 400GM,NATIONAL TRADERS
NESTLE SLIM MILK LOW FAT 1LTR,GR ENTERPRISES
NIHAR NATURALS SARSO OIL 175ML,ESS ENN MARKETING
NIHAR NATURALS SARSO OIL 300ML,ESS ENN MARKETING
NIHAR NATURALS SARSO OIL 34ML,ESS ENN MARKETING
NIHAR NATURALS SARSO OIL 70ML,ESS ENN MARKETING
NIHAR SANTI HAIR OIL 140ML,ESS ENN MARKETING
NIHAR SHANTI HAIR OIL 190ML,ESS ENN MARKETING
NIHAR SHANTI HAIR OIL 300ML,ESS ENN MARKETING
NIHAR SHANTI HAIR OIL 34ML,ESS ENN MARKETING
NIHAR SHANTI HAIR OIL 500ML,ESS ENN MARKETING
NIHAR SHANTI HAIR OIL 80ML,ESS ENN MARKETING
NILONS SEWAIYAN 125GM,KHALSA STORE
NIPPO HYPER LEAKPROOF METAL CLAD,BHATIA ENTERPRISES
NIROL SOAP RAJ SUPER WHITE 4PEC 1KG,KHALSA STORE
NISSIN CUP NOODLES ITALIANO 70GM,FRIENDS AGENCY
NISSIN CUP NOODLES MAZEDAAR MASALA 70GM,FRIENDS AGENCY
NISSIN CUP NOODLES RICH SEAFOOD CURRY 70GM,FRIENDS AGENCY
NISSIN CUP NOODLES ROGAN JOSH RICHMUTTON CURRY 75GM,FRIENDS AGENCY
NISSIN CUP NOODLES SPICY CHICKEN 75GM,FRIENDS AGENCY
NISSIN CUP NOODLES TANGY TOMATO 70GM,FRIENDS AGENCY
NISSIN CUP NOODLES VEGGI MANCHOW 70GM,FRIENDS AGENCY
NIVEA AFTER SHAVE BALM SENSITIVE COOLING 100ML,PRIUS SOLUTION CHD DIVISION 
NIVEA ALOE  BODY CREAM REFRESHING MOISTURISER200ML,PRIUS SOLUTION CHD DIVISION 
NIVEA ALOE BODY CREAM REFRESHING MOISTURISER 50ML,PRIUS SOLUTION CHD DIVISION 
NIVEA BODY DEODORIZER ENERGY 120ML,PRIUS SOLUTION CHD DIVISION 
NIVEA BODY DEODORIZER GAS FREE FRESHCITRUS & CARE 120ML,PRIUS SOLUTION CHD DIVISION 
NIVEA BODY DEODORIZER GAS FREE FRESHPETAL & CARE 120ML,PRIUS SOLUTION CHD DIVISION 
NIVEA BODY DEODORIZER GAS FREE FRESHROSE & CARE 120ML,PRIUS SOLUTION CHD DIVISION 
NIVEA BODY DEODORIZER ICE COLL 120ML,PRIUS SOLUTION CHD DIVISION 
NIVEA BODY DEODORIZER INTENSE 120ML,PRIUS SOLUTION CHD DIVISION 
NIVEA BODY DEODORIZER SPRINT 120ML,PRIUS SOLUTION CHD DIVISION 
NIVEA BODY LOTION ALOE HYDRATION DEEP MOISTURE SERUM NORMAL SKIN 200ML,PRIUS SOLUTION CHD DIVISION 
NIVEA BODY LOTION ALOE HYDRATION DEEP MOISTURE SERUM NORMAL SKIN 400ML,PRIUS SOLUTION CHD DIVISION 
NIVEA BODY LOTION ALOE HYDRATION NORMAL SKIN 75ML,PRIUS SOLUTION CHD DIVISION 
NIVEA BODY LOTION EXPRESS HYDRATION 200ML,PRIUS SOLUTION CHD DIVISION 
NIVEA BODY LOTION EXPRESS HYDRATION 75ML,PRIUS SOLUTION CHD DIVISION 
NIVEA BODY LOTION EXTRA WHITENING CELL REPAIR 400ML,PRIUS SOLUTION CHD DIVISION 
NIVEA BODY LOTION EXTRA WHITENNING UV PROTECT SPF 15 200ML,PRIUS SOLUTION CHD DIVISION 
NIVEA BODY LOTION EXTRA WHITENNING UV PROTECT SPF 15 75ML,PRIUS SOLUTION CHD DIVISION 
NIVEA BODY LOTION SMOOTH MILK 200ML,PRIUS SOLUTION CHD DIVISION 
NIVEA BODY LOTION SMOOTH MILK 75ML,PRIUS SOLUTION CHD DIVISION 
NIVEA BODY LOTION SMOOTH MILK SHEA BUTTER 400ML,PRIUS SOLUTION CHD DIVISION 
NIVEA BODY LOTION WHITENING CELL REPAIR 250ML,PRIUS SOLUTION CHD DIVISION 
NIVEA BODY LOTION WHITENING COOL SENSATION SPF15 ALL SKIN TYPES 200ML,PRIUS SOLUTION CHD DIVISION 
NIVEA BODY LOTION WHITENING COOL SENSATION SPF15 ALL SKIN TYPES 400ML,PRIUS SOLUTION CHD DIVISION 
NIVEA BODY LOTION WHITENING COOL SENSATION SPF15 ALL SKIN TYPES 75ML,PRIUS SOLUTION CHD DIVISION 
NIVEA BODY LOTION WHITENING EVEN TONE UV PROTECT 75ML,PRIUS SOLUTION CHD DIVISION 
NIVEA BODY MILK NOURISHING LOTION 200ML,PRIUS SOLUTION CHD DIVISION 
NIVEA BODY MILK NOURISHING LOTION 400ML,PRIUS SOLUTION CHD DIVISION 
NIVEA BODY MILK NOURISHING LOTION 75ML,PRIUS SOLUTION CHD DIVISION 
NIVEA COCOA NOURISH OIL IN LOTION 200ML,PRIUS SOLUTION CHD DIVISION 
NIVEA COCOA NOURISH OIL IN LOTION 400ML,PRIUS SOLUTION CHD DIVISION 
NIVEA COCOA NOURISH OIL IN LOTION 75ML,PRIUS SOLUTION CHD DIVISION 
NIVEA CREME 100ML,PRIUS SOLUTION CHD DIVISION 
NIVEA CREME 200ML,PRIUS SOLUTION CHD DIVISION 
NIVEA CREME 30ML,PRIUS SOLUTION CHD DIVISION 
NIVEA DEO FRESH COMFORT 150ML,PRIUS SOLUTION CHD DIVISION 
NIVEA DEO FRESH FLOWER 150ML,PRIUS SOLUTION CHD DIVISION 
NIVEA DEO FRESH NATURALS ROLL ON 50ML,PRIUS SOLUTION CHD DIVISION 
NIVEA DEO MEN FRESH OCEAN 150ML,PRIUS SOLUTION CHD DIVISION 
NIVEA DEO MEN PROTECT & CARE 150ML,PRIUS SOLUTION CHD DIVISION 
NIVEA DEO MEN SILVER PROTECT ANTIBACTERIAL150ML,PRIUS SOLUTION CHD DIVISION 
NIVEA DEO PEARL & BEAUTY GENTLE CARE ROLL ON 50ML,PRIUS SOLUTION CHD DIVISION 
NIVEA DEO PEARL&BEAUTY 150ML,PRIUS SOLUTION CHD DIVISION 
NIVEA DEO PROECT & CARE ROLL ON 50ML,PRIUS SOLUTION CHD DIVISION 
NIVEA DEO PROTECT & CARE 150ML,PRIUS SOLUTION CHD DIVISION 
NIVEA DEO WHITENING FLORAL TOUCH 150ML,PRIUS SOLUTION CHD DIVISION 
NIVEA DEO WHITENING SENSITIVE 150ML,PRIUS SOLUTION CHD DIVISION 
NIVEA DEO WHITENING SMOOTH SKIN FEATHER TOUCH 150ML,PRIUS SOLUTION CHD DIVISION 
NIVEA DEO WHITENING SMOOTH SKIN ROLL ON 50ML,PRIUS SOLUTION CHD DIVISION 
NIVEA DEO WHITENING TALC TOUCH  150ML,PRIUS SOLUTION CHD DIVISION 
NIVEA DEODORANT FRESH NATURAL 150ML,PRIUS SOLUTION CHD DIVISION 
NIVEA FACE WASH PURIFYING MIXED TO OILY SKIN 55ML,PRIUS SOLUTION CHD DIVISION 
NIVEA FACE WASH REFRESHING NORMAL SKIN 55ML,PRIUS SOLUTION CHD DIVISION 
NIVEA LIP BALM BLACKBERRY SHINE 4.8GM,PRIUS SOLUTION CHD DIVISION 
NIVEA LIP BALM FRUITY SHINE CHERRY 4.8GM,PRIUS SOLUTION CHD DIVISION 
NIVEA LIP BALM ORIGINAL CARE BUY 1 GET 1 FREE 2X4.8GM,PRIUS SOLUTION CHD DIVISION 
NIVEA MEN AFTER SHAVE BALM SENSITIVE 100ML,PRIUS SOLUTION CHD DIVISION 
NIVEA MEN AFTER SHAVE BALM SENSITIVE COOLING 100ML,PRIUS SOLUTION CHD DIVISION 
NIVEA MEN AFTER SHAVE LOTION SENSITIVE 100ML,PRIUS SOLUTION CHD DIVISION 
NIVEA MEN CREME FACE.BODY.HENDS 30ML,PRIUS SOLUTION CHD DIVISION 
NIVEA MEN CREME FACE.BODY.HENDS 75ML,PRIUS SOLUTION CHD DIVISION 
NIVEA MEN DARK SPOT REDUCTION CREAM 30ML,PRIUS SOLUTION CHD DIVISION 
NIVEA MEN DARK SPOT REDUCTION CREME 75ML,PRIUS SOLUTION CHD DIVISION 
NIVEA MEN DARK SPOT REDUCTION MOISTURISER  20ML SPF30,PRIUS SOLUTION CHD DIVISION 
NIVEA MEN DEO COOL KICK 150ML,PRIUS SOLUTION CHD DIVISION 
NIVEA MEN DEO COOL KICK ROLL ON 50ML,PRIUS SOLUTION CHD DIVISION 
NIVEA MEN DEO COOL POWDER DEODORANT 150ML,PRIUS SOLUTION CHD DIVISION 
NIVEA MEN DEO FRESH ACTIVE ORIGINAL 150ML,PRIUS SOLUTION CHD DIVISION 
NIVEA MEN DEO FRESH ACTIVE ROLL ON 50ML,PRIUS SOLUTION CHD DIVISION 
NIVEA MEN DEO FRESH POWER BOOST 150ML,PRIUS SOLUTION CHD DIVISION 
NIVEA MEN DEO PROTECT & CARE 50ML,PRIUS SOLUTION CHD DIVISION 
NIVEA MEN DEO ROLL ON SILVER PROTECT 50ML,PRIUS SOLUTION CHD DIVISION 
NIVEA MEN DEO SPORT 150ML,PRIUS SOLUTION CHD DIVISION 
NIVEA MEN FACE WASH DARK SPOT REDUCTION 100ML,PRIUS SOLUTION CHD DIVISION 
NIVEA MEN FACEWASH  ALL IN 1 100GM,PRIUS SOLUTION CHD DIVISION 
NIVEA MEN FACEWASH 10X DARK SPOT REDUCTION 50ML,PRIUS SOLUTION CHD DIVISION 
NIVEA MEN FACEWASH ALL IN 1 50GM,PRIUS SOLUTION CHD DIVISION 
NIVEA MEN FACEWASH OIL CONTROL 10X 100GM,PRIUS SOLUTION CHD DIVISION 
NIVEA MEN FACEWASH OIL CONTROL 10X50GM,PRIUS SOLUTION CHD DIVISION 
NIVEA MEN FRESH POWER ROLL ON 50ML,PRIUS SOLUTION CHD DIVISION 
NIVEA MEN OIL CONTRO MOISTURISER UV 15ML,PRIUS SOLUTION CHD DIVISION 
NIVEA MEN SHOWER GEL ACTIVE CLEAN 250ML,PRIUS SOLUTION CHD DIVISION 
NIVEA MEN SHOWER GEL COOL KICK 250ML,PRIUS SOLUTION CHD DIVISION 
NIVEA MEN SHOWER GEL ENERGY 250ML,PRIUS SOLUTION CHD DIVISION 
NIVEA MEN SHOWER GEL ORIGINAL CARE 250ML,PRIUS SOLUTION CHD DIVISION 
NIVEA MEN SHOWER GEL PURE IMPACT 250ML,PRIUS SOLUTION CHD DIVISION 
NIVEA MEN SHOWER GEL VITALITY FRESH 250ML,PRIUS SOLUTION CHD DIVISION 
NIVEA REFRESHING CLEANSING MILK NORMAL SKIN 125ML,PRIUS SOLUTION CHD DIVISION 
NIVEA SHOWER CREME SOFT WITH ALMOND OIL 100ML,PRIUS SOLUTION CHD DIVISION 
NIVEA SHOWER GEL CARE SHOWER WATERLILY & OIL 250ML,PRIUS SOLUTION CHD DIVISION 
NIVEA SHOWER GEL CREME SMOOTH 250ML,PRIUS SOLUTION CHD DIVISION 
NIVEA SHOWER GEL CREME SOFT 250ML,PRIUS SOLUTION CHD DIVISION 
NIVEA SHOWER GEL FRANGIPANI & OIL 250ML,PRIUS SOLUTION CHD DIVISION 
NIVEA SHOWER GEL FRESH POWERFRUIT 250ML,PRIUS SOLUTION CHD DIVISION 
NIVEA SHOWER GEL FRESH PURE 250ML,PRIUS SOLUTION CHD DIVISION 
NIVEA SHOWER GEL LEMON & OIL 250ML,PRIUS SOLUTION CHD DIVISION 
NIVEA SHOWER GEL POWER REFRESH 250ML,PRIUS SOLUTION CHD DIVISION 
NIVEA SHOWER GEL WATERLILY & OIL 250ML,PRIUS SOLUTION CHD DIVISION 
NIVEA SOAP CREAM SOFT 4X125GM,PRIUS SOLUTION CHD DIVISION 
NIVEA SOAP CREME CARE 4X125GM,PRIUS SOLUTION CHD DIVISION 
NIVEA SOFT LIGHT MOISTURISER 100ML,PRIUS SOLUTION CHD DIVISION 
NIVEA SOFT LIGHT MOISTURISER 200ML,PRIUS SOLUTION CHD DIVISION 
NIVEA SOFT LIGHT MOISTURISER 25ML,PRIUS SOLUTION CHD DIVISION 
NIVEA SOFT LIGHT MOISTURISER 300ML,PRIUS SOLUTION CHD DIVISION 
NIVEA SOFT LIGHT MOISTURISER 50ML,PRIUS SOLUTION CHD DIVISION 
NIVEA SUN MOISTURISING IMMEDIATE SPF 30 75ML,PRIUS SOLUTION CHD DIVISION 
NIVEA SUN MOISTURISING SPF30 125ML,PRIUS SOLUTION CHD DIVISION 
NIVEA SUN MOISTURISING SPF50 125ML,PRIUS SOLUTION CHD DIVISION 
NIVEA SUN MOISTURISING SPF50 75ML,PRIUS SOLUTION CHD DIVISION 
NIVEA TALC MUSK GENTLE CARE 100GM,PRIUS SOLUTION CHD DIVISION 
NIVEA TALC MUSK GENTLE CARE 400GM,PRIUS SOLUTION CHD DIVISION 
NIVEA TALC PURE GENTLE CARE 100GM,PRIUS SOLUTION CHD DIVISION 
NIVEA TALC PURE GENTLE CARE 400GM,PRIUS SOLUTION CHD DIVISION 
NIVEA TOTAL FACE CLEANUP 50ML,PRIUS SOLUTION CHD DIVISION 
NUTELLA FERRERO 290GM,KAY KAY ENTERPRISES
NUTELLA FERRERO 350GM,KAY KAY ENTERPRISES
NUTRALITE BUTTER GARLIC & OREGANO TUB 100GM,MAHAVIR ENTERPRISES
NUTRALITE BUTTER GARLIC & OREGANO TUB 200GM,MAHAVIR ENTERPRISES
NUTRALITE BUTTER OMEGA3 TUB 500GM,MAHAVIR ENTERPRISES
NUTRALITE OMEGA-3 100GM,MAHAVIR ENTERPRISES
NUTRALITE OMEGA-3 200GM,MAHAVIR ENTERPRISES
NUTRELA SOYA CHUNKS 200GM,KHALSA STORE
NUTRELA SOYA GRANULES 200GM,KHALSA STORE
OB 20 TAMPONS REGULAR,CL TRADERS
OB PRO COMFORT 10N,CL TRADERS
OCEAN FRUIT WATER CRISPY APPLE 500ML,MK TRADERS
OCEAN FRUIT WATER MANGO AND PASSION 500ML,MK TRADERS
OCEAN FRUIT WATER PEACH AND PASSION 500ML,MK TRADERS
OCEAN FRUIT WATER PINK GUAVA 500ML,MK TRADERS
ODDY UNIWRAPS GOOD WRAPPING PAPER 20MTR,LEELA MERCANTILE PVT. LTD.
ODONIL BLOCKS MYSTIC ROSE 75GM,RUHANI ENTERPRISES
ODONIL NATURE AIR FRESHENER JASMINE MIST 75GM,RUHANI ENTERPRISES
ODONIL NATURE AIR FRESHENER ORCHID DEW 75GM,RUHANI ENTERPRISES
ODONIL NATURE AIR FRESHNER MULTI PEICE 4X50GM,RUHANI ENTERPRISES
ODONIL NATURE AIR FRESHNER MULTI PEICE 4X75GM,RUHANI ENTERPRISES
OIL FILTER MRP 100,CASH 
OIL FILTER MRP 250,CASH 
OLAY AGE PROTECT ANTI AGEING CREAM LIGHTEN DARK SPOT 18GM,NIRMAN ASSOCIATES
OLAY AGE PROTECT ANTI AGEING CREAM LIGHTEN DARK SPOT 40GM,NIRMAN ASSOCIATES
OLAY MOISTURISING CREAM 100GM,NIRMAN ASSOCIATES
OLAY MOISTURISING CREAM 50GM,NIRMAN ASSOCIATES
OLAY NATURAL WHITE DAY SPF24 GLOWING FAIRNESS CREAM 50GM,NIRMAN ASSOCIATES
OLAY NATURAL WHITE INSTANT UV PROTECTION INSTANTGLOWING FAIRNESS 20GM,NIRMAN ASSOCIATES
OLAY NATURAL WHITE NIGHT NOURISHING REPAIR CREAM 50GM,NIRMAN ASSOCIATES
OLAY NATURAL WHITE UV PROTECTION INSTANTGLOWING FAIRNESS 40GM,NIRMAN ASSOCIATES
OLAY TOTAL EFFECTS 7 IN 1 ANTI AGEING DAY/NORMAL CREAM  7 SKIN BENEFITS IN ONE 20GM,NIRMAN ASSOCIATES
OLAY TOTAL EFFECTS 7 IN 1 ANTI AGEING DAY/NORMAL CREAM 20GM,NIRMAN ASSOCIATES
OLAY TOTAL EFFECTS 7 IN 1 ANTI AGEING NIGHT FIRMING CREAM NIGHT 20GM,NIRMAN ASSOCIATES
OLAY TOTAL EFFECTS 7 IN 1 ANTI-AGEING CREAM DAY SPF15 DAY/NORMAL 20GM,NIRMAN ASSOCIATES
OLAY TOTAL EFFECTS 7 IN 1 ANTI-AGEING CREAM NORMAL DAY SPF15 8GM,NIRMAN ASSOCIATES
OLAY TOTAL EFFECTS 7 IN 1 LIGHTWEIGHT ANTI AGEING CREAM DAY SPF15 20GM,NIRMAN ASSOCIATES
OLAY TOTAL EFFECTS 7 IN1 ANTI-AGEING FOAMING FACE WASH 100GM,NIRMAN ASSOCIATES
OLD SPICE AFTER SHAVE LOTION MUSK 100ML,NIRMAN ASSOCIATES
OLD SPICE AFTER SHAVE LOTION MUSK ATOMISER 150ML,NIRMAN ASSOCIATES
OLD SPICE AFTER SHAVE LOTION MUSK SMELL LIKE A MAN 100ML,NIRMAN ASSOCIATES
OLD SPICE AFTER SHAVE LOTION MUSK SMELL LIKE A MEN 50ML,NIRMAN ASSOCIATES
OLD SPICE AFTER SHAVE LOTION ORIGINAL 100ML,NIRMAN ASSOCIATES
OLD SPICE AFTER SHAVE LOTION ORIGINAL 50ML,NIRMAN ASSOCIATES
OLD SPICE AFTER SHAVE LOTION SMELL LIKE A MAN FRESH LIME 50ML,NIRMAN ASSOCIATES
OLD SPICE DEO AFTER PARTY 150ML,NIRMAN ASSOCIATES
OLD SPICE DEO FRESH 150ML,NIRMAN ASSOCIATES
OLD SPICE DEO MUSK 150ML,NIRMAN ASSOCIATES
OLD SPICE DEO WHITEWATER150ML,NIRMAN ASSOCIATES
OLD SPICE LATHER SHAVING CREAM FRESH LIME 70GM,NIRMAN ASSOCIATES
OLD SPICE LATHER SHAVING CREAM MUSK 70GM,NIRMAN ASSOCIATES
OLD SPICE LATHER SHAVING CREAM ORIGINAL 70GM,NIRMAN ASSOCIATES
OMANI PREMIUM ARABIAN DATA SEEDLESS 500GM,ARTICOLO INDIA
OMANI PREMIUM ARABIAN DATE 500GM,ARTICOLO INDIA
ORAB-B TOOTH BRUSH PRO HEALTH SENSITIVE EXTRA SOFT 1N,NIRMAN ASSOCIATES
ORAL-B TOOTH BRUSH ALL ROUNDER MEDIUM 1P,NIRMAN ASSOCIATES
ORAL-B TOOTH BRUSH ANTI-BACTERIAL PRO-HEALTH SOFT 1NOS,NIRMAN ASSOCIATES
ORAL-B TOOTH BRUSH ANTI-BACTERIAL PRO-HEALTH SOFT BUY2GET1FREE,NIRMAN ASSOCIATES
ORAL-B TOOTH BRUSH BLACK ULTRATHIN SENSITIVE EXTRA SOFT BUT2GET1FREE,NIRMAN ASSOCIATES
ORAL-B TOOTH BRUSH CAVITY DEFENSE 123 CLEANS TEETH & GUMLINE SOFT 2NOS,NIRMAN ASSOCIATES
ORAL-B TOOTH BRUSH CAVITY DEFENSE BLACK MEDIUM 4N,NIRMAN ASSOCIATES
ORAL-B TOOTH BRUSH CAVITY DEFENSE BLACL SOFT 4N,NIRMAN ASSOCIATES
ORAL-B TOOTH BRUSH FLEXIBLE SENSITIVE BUY2GET1 FREE EXTRA SOFT,NIRMAN ASSOCIATES
ORAL-B TOOTH BRUSH FRESH CLEAN MEDIUM 1NOS,NIRMAN ASSOCIATES
ORAL-B TOOTH BRUSH GUM CARE IMPROVES GUM HEALTH IN 4 WEEKS MEDIUM 1NSO,NIRMAN ASSOCIATES
ORAL-B TOOTH BRUSH GUM CARE IMPROVES GUM HEALTH IN 4 WEEKS SOFT 1NSO,NIRMAN ASSOCIATES
ORAL-B TOOTH BRUSH KIDS SOFT,NIRMAN ASSOCIATES
ORAL-B TOOTH BRUSH PLAQUE REMOVAL MEDIUM BUY2GET1FREE,NIRMAN ASSOCIATES
ORAL-B TOOTH BRUSH PLAQUE REMOVAL SOFT BUY2GET1FREE,NIRMAN ASSOCIATES
ORAL-B TOOTH BRUSH PRO HEALTH PLAQUE REMOVAL MEDIUM 2NOS,NIRMAN ASSOCIATES
ORAL-B TOOTH BRUSH PRO HEALTH SMARTFLEX SOFT 2P,NIRMAN ASSOCIATES
ORAL-B TOOTH BRUSH PRO-HEALTH ANTI-PLAQUE MEDIUM 1NOS,NIRMAN ASSOCIATES
ORAL-B TOOTH BRUSH PRO-HEALTH IMPROVES GUM HEALTH IN 4 WEEKS MEDIUM BUY2GET1 FREE,NIRMAN ASSOCIATES
ORAL-B TOOTH BRUSH PRO-HEALTH IMPROVES GUM HEALTH IN 4 WEEKS SOFT BUY2GET1 FREE,NIRMAN ASSOCIATES
ORAL-B TOOTH BRUSH PRO-HEALTH IMPROVES GUM HEALTH SOFT 2N,NIRMAN ASSOCIATES
ORAL-B TOOTH BRUSH SENSITIVE WHITENING SOFT 1P,NIRMAN ASSOCIATES
ORAL-B TOOTH BRUSH SENSITIVE WHITENING SOFT 2P,NIRMAN ASSOCIATES
ORAL-B TOOTH BRUSH SENSITIVE WHITENNING SOFT BUY 2 GET 1 FREE,NIRMAN ASSOCIATES
ORAL-B TOOTH BRUSH SMART FLEX PRO HEALTH SOFT 1NOS,NIRMAN ASSOCIATES
ORAL-B TOOTH BRUSH ULTRATHIN SENSITIVE 20X THINNER EXTRA SOFT 2NOS,NIRMAN ASSOCIATES
ORAL-B TOOTH BRUSH ULTRATHIN SENSITIVE 20X THINNER EXTRA SOFT BUY2GET1FREE,NIRMAN ASSOCIATES
ORAL-B TOOTH BRUSH ULTRATHIN SENSITIVE EXTRA SOFT 1NOS,NIRMAN ASSOCIATES
ORAL-B TOOTH BRUSH ULTRATHIN SENSITIVE GREEN EXTRA SOFT 1NOS,NIRMAN ASSOCIATES
ORAL-B TOOTH BRUSH ULTRATHIN SENSITIVE GREEN EXTRA SOFT BUY2GET1FREE,NIRMAN ASSOCIATES
ORAL-B TOOTH BRUSH WITH NEEM EXTRACT MEDIUM 1NOS,NIRMAN ASSOCIATES
ORAL-B TOOTH BRUSH WITH NEEM EXTRACT SOFT 1NOS,NIRMAN ASSOCIATES
ORBIT LEMON & LIME FLAVOURED 22GM,KANWAL AGENCIES
ORBIT LEMON & LIME FLAVOURED SUGAR FREE CHEWING GUM 4.4GM,KANWAL AGENCIES
ORBIT MIXED FRUIT SUGAR FREE RS.5,KANWAL AGENCIES
ORBIT MIXED FRUIT TUBE RS.50,KANWAL AGENCIES
ORBIT ORANGE CARDAMOM FLAVOURED 4.4GM,KANWAL AGENCIES
ORBIT ORANGE CARDAMOM FLAVOURED 66GM,KANWAL AGENCIES
ORBIT SPEARMINT SUGAR FREE RS.5,KANWAL AGENCIES
ORBIT SPEARMINT TUBE RS.50,KANWAL AGENCIES
ORBIT SWEET MINT RS.5,KANWAL AGENCIES
ORBIT SWEETMINT SUGAR FREE CHEWING GUM 22GM,KANWAL AGENCIES
ORBIT WHITE FRESHMINT 66GM,KANWAL AGENCIES
ORBIT WHITE WATERMELON FLAVOURED 66GM,KANWAL AGENCIES
ORBIT WINTERFROST SUGAR FREE  RS.5,KANWAL AGENCIES
OREO BISCUIT CHOCO CREME 120GM,JAGAT SINGH & SONS AGENCIES
OREO BISCUIT CHOCO CREME 50GM,JAGAT SINGH & SONS AGENCIES
OREO BISCUIT ORIGINAL 120GM,JAGAT SINGH & SONS AGENCIES
OREO BISCUIT ORIGINAL 50GM,JAGAT SINGH & SONS AGENCIES
OREO BISCUIT STRAWBERRY CREME 120GM,JAGAT SINGH & SONS AGENCIES
ORGANIC 24 MANTRA 7GRAIN METHI ATTA 1KG,OM AGENCIES
ORGANIC 24 MANTRA JAGGERY POWDER 500GM,OM AGENCIES
ORGANIC 24 MANTRA WHOLE WHEAT ATTA 1KG,OM AGENCIES
ORGANIC 24 MANTRA WHOLE WHEAT ATTA 5KG,OM AGENCIES
ORGANIC INDIA TEA TULSI GINGER 25BAGS,M.S. ENTERPRISES
ORGANIC INDIA TEA TULSI GINGER JAR 100GM,M.S. ENTERPRISES
ORGANIC INDIA TEA TULSI GREEN TEA 25BAGS,M.S. ENTERPRISES
ORGANIC INDIA TEA TULSI GREEN TEA EARL GREY 18BAGS,M.S. ENTERPRISES
ORGANIC INDIA TEA TULSI GREEN TEA JAR 100GM,M.S. ENTERPRISES
ORGANIC INDIA TEA TULSI GREEN TEA JASMINE 18BAGS,M.S. ENTERPRISES
ORGANIC INDIA TEA TULSI GREEN TEA LEMON GINGER 18BAGS,M.S. ENTERPRISES
ORGANIC INDIA TEA TULSI GREEN TEA POMEGRANTE 18 BAGS,M.S. ENTERPRISES
ORGANIC INDIA TEA TULSI HONEY CHAMOMILE 18BAGS,M.S. ENTERPRISES
ORGANIC INDIA TEA TULSI ORIGINAL 25BAGS,M.S. ENTERPRISES
ORGANIC INDIA TEA TULSI ORIGINAL TEA JAR 100GM,M.S. ENTERPRISES
ORGANIC INDIA TEA TULSI SWEET LEMON TEA 18 BAGS,M.S. ENTERPRISES
ORGANIC INDIA TEA TULSI SWEET ROSE TEA 18BAGS,M.S. ENTERPRISES
ORGANIC INDIA TULSI GINGER TURMERIC 18BAGS,M.S. ENTERPRISES
ORGANIC INDIA TULSI MULETHI 18BAGS,M.S. ENTERPRISES
ORGANIC INDIA VIRGIN COCONUT OIL 250ML,M.S. ENTERPRISES
ORGANIC INDIA VIRGIN COCONUT OIL 500ML,M.S. ENTERPRISES
ORGANIC NATION CARROT PICKLE 400GM,PAM AGENICES
ORGANIC NATION CHILLY FLAKES 60GM,PAM AGENICES
ORGANIC NATION GARLIC PICKLE 400GM,PAM AGENICES
ORGANIC NATION GARLIC POWDER 100GM,PAM AGENICES
ORGANIC NATION GINGER PICKLE 400GM,PAM AGENICES
ORGANIC NATION GREEN CHILLI PICKLE 400GM,PAM AGENICES
ORGANIC NATION HIMALAYAN PINK ROCK SALT 500GM,PAM AGENICES
ORGANIC NATION HIMALAYAN ROCK SALT 200GM,PAM AGENICES
ORGANIC NATION KASHMIRI KAHWA 25BAGS,PAM AGENICES
ORGANIC NATION LEMON GINGER GREEN TEA 25 BAG,PAM AGENICES
ORGANIC NATION LEMON PICKLE 400GM,PAM AGENICES
ORGANIC NATION MANGO PICKLE 450GM,PAM AGENICES
ORGANIC NATION MIXED PICKLE PURE MUSTARD OIL & SPICES 400GM,PAM AGENICES
ORGANIC NATION NIMBU MIRCHI PICKLE400GM,PAM AGENICES
ORGANIC NATION ORANGE MARMALADE HIGH FRUIT MARMALADE 450GM,PAM AGENICES
ORGANIC NATION OREGANO 30GM,PAM AGENICES
ORGANIC NATION STRAWBERRY PRESERVE SPREAD 450GM,PAM AGENICES
ORGANIC PREMIUM WHITE QUINOA 500GM,PAM AGENICES
ORGANIC WHITE QUINOA 500GM,PAM AGENICES
ORGANIC WHOLE WHEAT ATTA 5KG,EMPIRE STORES
OSSUM PERFUMED BODY MIST WITH AQUA DELIGHT 115ML,NAV BHARAT TRADERS
OSSUM PERFUMED BODY MIST WITH AQUA PLEASURE 115ml,NAV BHARAT TRADERS
OSSUM PERFUMED BODY MIST WITH AQUA ROMANCE 115ml,NAV BHARAT TRADERS
OXY LIFE NATURAL 5 RADINACE CREME BLEACH 27GM,RUHANI ENTERPRISES
PALMOLIVE BODY WASH BODY BUTTER STRAWBERRY FRESH 250ML,SHIV SHAKTI ENTERPRISES 
PALMOLIVE HANDWASH DEEP CLEANSING SEA MINERALS 250ML,SHIV SHAKTI ENTERPRISES 
PALMOLIVE HANDWASH LRRESISTIBLE SOFTNESS BLACK ORCHID & MILK 250ML,SHIV SHAKTI ENTERPRISES 
PALMOLIVE SHOWER GEL AROMA ABSOLUTE RELAX 250ML,SHIV SHAKTI ENTERPRISES 
PALMOLIVE SHOWER GEL AROMA MORNING TONIC 250ML,SHIV SHAKTI ENTERPRISES 
PALMOLIVE SHOWER GEL FEEL GOOD 250ML,SHIV SHAKTI ENTERPRISES 
PALMOLIVE SHOWER GEL FELL GLAMOROUS 250ML,SHIV SHAKTI ENTERPRISES 
PALMOLIVE SHOWER GEL MINERAL MASSAGE 250ML,SHIV SHAKTI ENTERPRISES 
PALMOLIVE SHOWER GEL THERMAL SPA SKIN RENEWAL250ML,SHIV SHAKTI ENTERPRISES 
PAMPERS ACTIVE BABY 5 STAR SKIN COMFORTS MEDIUM 20DIAPERS,NIRMAN ASSOCIATES
PAMPERS ACTIVE BABY LARGE 9-14KG 18DIAPERS,NIRMAN ASSOCIATES
PAMPERS ACTIVE BABY SMALL 3-8KG 22 DIAPERS,NIRMAN ASSOCIATES
PAMPERS BABY DRY LARGE 5DIAPERS,NIRMAN ASSOCIATES
PAMPERS BABY DRY LARGE MAGIC GEL 18DIAPERS,NIRMAN ASSOCIATES
PAMPERS BABY DRY MEDIUM 20DIAPERS,NIRMAN ASSOCIATES
PAMPERS BABY DRY MEDIUM 5DIAPERS,NIRMAN ASSOCIATES
PAMPERS BABY DRY MEDIUM MAGIC GEL 20DIAPERS,NIRMAN ASSOCIATES
PAMPERS BABY DRY NB SMALL 11 DIAPERS,NIRMAN ASSOCIATES
PAMPERS BABY DRY NB SMALL 22 DIAPERS,NIRMAN ASSOCIATES
PAMPERS BABY DRY NB SMALL5 DIAPERS,NIRMAN ASSOCIATES
PAMPERS BABY DRY PANTS EXTRA ABSORB CHANNELS MEDIUM 8PANS,NIRMAN ASSOCIATES
PAMPERS BABY DRY PANTS EXTRA LARGE 20PANTS,NIRMAN ASSOCIATES
PAMPERS BABY DRY PANTS L 32PANTS,NIRMAN ASSOCIATES
PAMPERS BABY DRY PANTS LARGE  8DIAPERS,NIRMAN ASSOCIATES
PAMPERS BABY DRY PANTS LARGE 48PANTS,NIRMAN ASSOCIATES
PAMPERS BABY DRY PANTS NWE BABY UP TO 5KG 10PANTS,NIRMAN ASSOCIATES
PAMPERS BABY DRY PANTS SMALL 20PANTS,NIRMAN ASSOCIATES
PAMPERS BABY DRY PANTS SMALL 8DIPERS,NIRMAN ASSOCIATES
PAMPERS BABY DRY PANTS UP TO 5 KG 60PANTS,NIRMAN ASSOCIATES
PAMPERS BABY DRY PANTS XL 28PANTS,NIRMAN ASSOCIATES
PAMPERS BABY DRY PANTS XL 7PANTS,NIRMAN ASSOCIATES
PAMPERS BABY DRY PANTS XXL 22PANTS,NIRMAN ASSOCIATES
PAMPERS BABY PANTS LIGHT & DRY SMALL 42DIAPERS,NIRMAN ASSOCIATES
PAMPERS BABY-DRY PANTS LARGE 20PANTS,NIRMAN ASSOCIATES
PAMPERS FRESH CLEAN 64 BABY WIPES,NIRMAN ASSOCIATES
PAMPERS NEW BABY 24 DIAPERS,NIRMAN ASSOCIATES
PAMPERS NEW BABY D STAR 72DIAPERS,NIRMAN ASSOCIATES
PAMPERS NEW BABY UPTO 5KG 20PANTS,NIRMAN ASSOCIATES
PAMPERS PREMIUM CARE PANTS 5STAR SKIN PROTECTION 24PANTS,NIRMAN ASSOCIATES
PAMPERS PREMIUM CARE PANTS 5STAR SMALL 24PANTS,NIRMAN ASSOCIATES
PAMPERS PREMIUM CARE PANTS LARGE EXTRA ABSORB CHANNELS 20PANTS,NIRMAN ASSOCIATES
PAMPERS PREMIUM CARE PANTS MEDIUM EXTRA ABSORB CHANNELS 20PANTS,NIRMAN ASSOCIATES
PAMPERS PREMIUM CARE XL EXTRA LARGE 16PANTS,NIRMAN ASSOCIATES
PANTENE CONDITIONER DAILY MOISTURE REPAIR 75ML,NIRMAN ASSOCIATES
PANTENE CONDITIONER HAIR FALL CONTROL 175ML,NIRMAN ASSOCIATES
PANTENE CONDITIONER HAIR FALL CONTROL 75ML,NIRMAN ASSOCIATES
PANTENE CONDITIONER SILKY SMOOTH CARE 170ML,NIRMAN ASSOCIATES
PANTENE CONDITIONER SILKY SMOOTH CARE 75ML,NIRMAN ASSOCIATES
PANTENE CONDITIONER TOTAL DAMAGE CARE 10  75ML,NIRMAN ASSOCIATES
PANTENE CONDITIONER TOTAL DAMAGE CARE 175ML,NIRMAN ASSOCIATES
PANTENE PRO-V OIL REPLACEMENT 180ML,NIRMAN ASSOCIATES
PANTENE PRO-V OIL REPLACEMENT 80ML,NIRMAN ASSOCIATES
PANTENE SHAMPOO ANTI DANDRUFF 180ML,NIRMAN ASSOCIATES
PANTENE SHAMPOO DAILY MOISTURE RENEWAL 340ML,NIRMAN ASSOCIATES
PANTENE SHAMPOO DAILY MOISTURE REPAIR 180ML,NIRMAN ASSOCIATES
PANTENE SHAMPOO HAIR FALL CONTROL 180ML,NIRMAN ASSOCIATES
PANTENE SHAMPOO HAIR FALL CONTROL 360ML,NIRMAN ASSOCIATES
PANTENE SHAMPOO HAIR FALL CONTROL 675ML,NIRMAN ASSOCIATES
PANTENE SHAMPOO HAIR FALL CONTROL 72ML,NIRMAN ASSOCIATES
PANTENE SHAMPOO LIVELY CLEAN 200ML,NIRMAN ASSOCIATES
PANTENE SHAMPOO LIVELY CLEAN 80ML,NIRMAN ASSOCIATES
PANTENE SHAMPOO LONG BLACK 180ML,NIRMAN ASSOCIATES
PANTENE SHAMPOO LONG BLACK 360ML,NIRMAN ASSOCIATES
PANTENE SHAMPOO LONG BLACK 80ML,NIRMAN ASSOCIATES
PANTENE SHAMPOO SILKY SMOOTH CARE 180ML,NIRMAN ASSOCIATES
PANTENE SHAMPOO SILKY SMOOTH CARE 360ML,NIRMAN ASSOCIATES
PANTENE SHAMPOO SILKY SMOOTH CARE 675ML,NIRMAN ASSOCIATES
PANTENE SHAMPOO SILKY SMOOTH CARE 75ML,NIRMAN ASSOCIATES
PANTENE SHAMPOO TOTAL DAMAGE CARE 180ML,NIRMAN ASSOCIATES
PANTENE SHAMPOO TOTAL DAMAGE CARE 340ML+ CONDITIONER 175ML,NIRMAN ASSOCIATES
PANTENE SHAMPOO TOTAL DAMAGE CARE 72ML,NIRMAN ASSOCIATES
PARACHUTE ADVANSED AYURVEDIC HOT OIL BOTTLE 190ML,ESS ENN MARKETING
PARACHUTE ADVANSED AYURVEDIC HOT OIL BOTTLE 300ML,ESS ENN MARKETING
PARACHUTE ADVANSED AYURVEDIC HOT OIL BOTTLE 90ML,ESS ENN MARKETING
PARACHUTE ADVANSED COCONUT HAIR OIL BOTTLE 170ML,ESS ENN MARKETING
PARACHUTE ADVANSED COCONUT HAIR OIL BOTTLE 300ML,ESS ENN MARKETING
PARACHUTE ADVANSED JASMINE HAIR OIL 200ML,ESS ENN MARKETING
PARACHUTE ADVANSED JASMINE HAIR OIL 300ML,ESS ENN MARKETING
PARACHUTE ADVANSED JASMINE HAIR OIL 50ML,ESS ENN MARKETING
PARACHUTE ADVANSED JASMINE HAIR OIL 90ML,ESS ENN MARKETING
PARACHUTE AFTERSHOWER ANTI-DANDRUFF CREAM 100GM,ESS ENN MARKETING
PARACHUTE AFTERSHOWER NON STICKY HAIR CREAM 100GM,ESS ENN MARKETING
PARACHUTE COCONUT OIL BOTTLE 100ML,ESS ENN MARKETING
PARACHUTE COCONUT OIL BOTTLE 175ML,ESS ENN MARKETING
PARACHUTE COCONUT OIL BOTTLE 250ML,ESS ENN MARKETING
PARACHUTE COCONUT OIL BOTTLE 40ML,ESS ENN MARKETING
PARACHUTE COCONUT OIL BOTTLE 500ML,ESS ENN MARKETING
PARACHUTE COCONUT OIL BOX 100ML,ESS ENN MARKETING
PARACHUTE COCONUT OIL BOX 175ML,ESS ENN MARKETING
PARACHUTE COCONUT OIL BOX 250ML,ESS ENN MARKETING
PARACHUTE COCONUT OIL BOX 500ML,ESS ENN MARKETING
PARK AVENUE AFTER SHAVE LOTION ACE 50ML,SR BEAUTY & EXPORTERS
PARK AVENUE BEER SHAMPOO ANTI DANDRUFF 200ML,SR BEAUTY & EXPORTERS
PARK AVENUE BEER SHAMPOO DAILY SHINE 200ML,SR BEAUTY & EXPORTERS
PARK AVENUE BEER SHAMPOO DAMAGE FREE HAIR 200ML,SR BEAUTY & EXPORTERS
PARK AVENUE DEO ALEXANDER FOE MAN WITH CLASS 120ML,SR BEAUTY & EXPORTERS
PARK AVENUE DEO ALTER EGO 150ML,SR BEAUTY & EXPORTERS
PARK AVENUE DEO EPIC FOR MEN WITH CLASS 120ML,SR BEAUTY & EXPORTERS
PARK AVENUE DEO EXPLORE PERFUME SPRAY 130ML,SR BEAUTY & EXPORTERS
PARK AVENUE DEO FIESTA PERFUME SPRAY 135ML,SR BEAUTY & EXPORTERS
PARK AVENUE DEO IMPACT ICON 150ML,SR BEAUTY & EXPORTERS
PARK AVENUE DEO IMPACT MAGNIFICO 150ML,SR BEAUTY & EXPORTERS
PARK AVENUE DEO IMPACT REGAL 150ML,SR BEAUTY & EXPORTERS
PARK AVENUE DEO MARCUS FOR MEN WITH CLASS 120ML,SR BEAUTY & EXPORTERS
PARK AVENUE DEO NEO SPRAY 100GM,SR BEAUTY & EXPORTERS
PARK AVENUE DEO TRANCE PERFUME SPRAY 135ML,SR BEAUTY & EXPORTERS
PARK AVENUE DEO VOYAGE 150ML,SR BEAUTY & EXPORTERS
PARK AVENUE DEO ZOUK PERFUME SPRAY 135ML,SR BEAUTY & EXPORTERS
PARK AVENUE HAIR GEL SOFT HOLD 300GM,SR BEAUTY & EXPORTERS
PARK AVENUE HAIR GEL WET LOOK 300GM,SR BEAUTY & EXPORTERS
PARK AVENUE HAIR STYLING GEL RUGGED HOLD 300GM,SR BEAUTY & EXPORTERS
PARK AVENUE LATHER SHAVING CREAM GOOD MORNING 70GM,SR BEAUTY & EXPORTERS
PARK AVENUE SHAVING BRUSH SILVER,SR BEAUTY & EXPORTERS
PARK AVENUE SHAVING CREAM CLASSIC 70GM,SR BEAUTY & EXPORTERS
PARK AVENUE SHAVING CREAM COOL BLUE 70GM,SR BEAUTY & EXPORTERS
PARK AVENUE SOAP COOL BLUE 125GM,SR BEAUTY & EXPORTERS
PARK AVENUE SOAP GOOD MORNING 125GM,SR BEAUTY & EXPORTERS
PARK AVENUE SOAP LUXURY 125GM,SR BEAUTY & EXPORTERS
PARK AVENUE SOAP STORM 125GM,SR BEAUTY & EXPORTERS
PARLE 20-20 BUTTER COOKIES 100GM,CHANDIGARH ENTERPRISES 
PARLE 20-20 BUTTER COOKIES 200GM,CHANDIGARH ENTERPRISES 
PARLE 20-20 CASHEW BUTTER COOKIES 200GM,CHANDIGARH ENTERPRISES 
PARLE 20-20 CASHEW COOKIES 100GM,CHANDIGARH ENTERPRISES 
PARLE 20-20 CASHEW COOKIES 40GM,CHANDIGARH ENTERPRISES 
PARLE 20-20 NICE SUGAR SPRINKLED COCONUT BISCUITS 150GM,CHANDIGARH ENTERPRISES 
PARLE 20-20 NICE SUGAR SPRINKLED COCONUT BISCUITS 75GM,CHANDIGARH ENTERPRISES 
PARLE BAKE SMITH ORIGINAL ENGLISH MARIE 250GM,CHANDIGARH ENTERPRISES 
PARLE BAKE SMITH ORIGINAL ENGLISH MARIE 90GM,CHANDIGARH ENTERPRISES 
PARLE CHEESLINGS CLASSIC 300GM,CHANDIGARH ENTERPRISES 
PARLE COCONUT CRUNCHY BISCUIT 108GM,CHANDIGARH ENTERPRISES 
PARLE COCONUT CRUNCHY BISCUITS 200GM,CHANDIGARH ENTERPRISES 
PARLE FAB BOURBON 120GM,CHANDIGARH ENTERPRISES 
PARLE FAB BOURBON 60GM,CHANDIGARH ENTERPRISES 
PARLE FAB BOURBON CHOCOLATE 20GM,CHANDIGARH ENTERPRISES 
PARLE FAB HIDE&SEEK BOURBON CHOCOLATE FLAVOURED 150GM,CHANDIGARH ENTERPRISES 
PARLE FAB JAM-IN 100GM,CHANDIGARH ENTERPRISES 
PARLE G CHOTA BHEEM 70GM,CHANDIGARH ENTERPRISES 
PARLE G GOLD 112.50GM,CHANDIGARH ENTERPRISES 
PARLE GLUCOSE 150GM,CHANDIGARH ENTERPRISES 
PARLE GLUCOSE 300GM,CHANDIGARH ENTERPRISES 
PARLE GLUCOSE 40GM,CHANDIGARH ENTERPRISES 
PARLE GLUCOSE 75GM,CHANDIGARH ENTERPRISES 
PARLE GLUCOSE 800GM,CHANDIGARH ENTERPRISES 
PARLE HAPPY CHOCO CHIP COOKIES 45GM,CHANDIGARH ENTERPRISES 
PARLE HAPPY HAPPY CHOCO CHIP COOKIES 90GM,CHANDIGARH ENTERPRISES 
PARLE HAPPY HAPPY JAM IN 77GM,CHANDIGARH ENTERPRISES 
PARLE HAPPY HAPPY JAM-IN 150GM,CHANDIGARH ENTERPRISES 
PARLE HIDE & SEEK ORANGE CHOCO CHIP CREME SANDWICHES 100GM,CHANDIGARH ENTERPRISES 
PARLE HIDE&SEEK AMERICANA  STYLE COOKIES BUTTER 100GM,CHANDIGARH ENTERPRISES 
PARLE HIDE&SEEK AMERICANA BUTTER COOKIES 200GM,CHANDIGARH ENTERPRISES 
PARLE HIDE&SEEK AMERICANA BUTTER COOKIES 92GM,CHANDIGARH ENTERPRISES 
PARLE HIDE&SEEK AMERICANA CASHEW BUTTER COOKIES 100GM,CHANDIGARH ENTERPRISES 
PARLE HIDE&SEEK AMERICANA CASHEW BUTTER COOKIES 120GM,CHANDIGARH ENTERPRISES 
PARLE HIDE&SEEK AMERICANA CASHEW BUTTER COOKIES 67GM,CHANDIGARH ENTERPRISES 
PARLE HIDE&SEEK AMERICANA STYLE COOKIES BUTTER 200GM,CHANDIGARH ENTERPRISES 
PARLE HIDE&SEEK BLACK BOURBON CHOCO 100GM,CHANDIGARH ENTERPRISES 
PARLE HIDE&SEEK BLACK BOURBON VANILLA 100GM,CHANDIGARH ENTERPRISES 
PARLE HIDE&SEEK BOURBON 75GM,CHANDIGARH ENTERPRISES 
PARLE HIDE&SEEK BOURBON CHOCOLATE FLAVOURED 150GM,CHANDIGARH ENTERPRISES 
PARLE HIDE&SEEK CAFFE MOCHA 120GM,CHANDIGARH ENTERPRISES 
PARLE HIDE&SEEK CHOCO CHIP CREME SANDWICHES CHOCOLATE 100GM,CHANDIGARH ENTERPRISES 
PARLE HIDE&SEEK CHOCO CHIP CREME SANDWICHES STRAWBERRY 100GM,CHANDIGARH ENTERPRISES 
PARLE HIDE&SEEK CHOCO ROLLS 12.5GM,CHANDIGARH ENTERPRISES 
PARLE HIDE&SEEK CHOCO ROLLS 150GM,CHANDIGARH ENTERPRISES 
PARLE HIDE&SEEK CHOCO ROLLS 75GM,CHANDIGARH ENTERPRISES 
PARLE HIDE&SEEK CHOCOLATE CHIP COOKIES 120GM,CHANDIGARH ENTERPRISES 
PARLE HIDE&SEEK CHOCOLATE CHIP COOKIES 16.5GM,CHANDIGARH ENTERPRISES 
PARLE HIDE&SEEK CHOCOLATE CHIP COOKIES 200GM,CHANDIGARH ENTERPRISES 
PARLE KACCHA MANGO BITE 277GM,CHANDIGARH ENTERPRISES 
PARLE KISMI RS.1,CHANDIGARH ENTERPRISES 
PARLE KRACKJACK SWEET & SALTY CRACKERS 200GM,CHANDIGARH ENTERPRISES 
PARLE KRACKJACK SWEET & SALTY CRACKERS 75.6GM,CHANDIGARH ENTERPRISES 
PARLE LONDON DAIRY CANDY POUCH,CHANDIGARH ENTERPRISES 
PARLE MAGIX KREAMS CHOCOLATE 125GM,CHANDIGARH ENTERPRISES 
PARLE MAGIX KREAMS CHOCOLATE 50GM,CHANDIGARH ENTERPRISES 
PARLE MAGIX KREAMS ELAICHI 125GM,CHANDIGARH ENTERPRISES 
PARLE MAGIX KREAMS ELAICHI 50GM,CHANDIGARH ENTERPRISES 
PARLE MAGIX KREAMS MANGO 50GM,CHANDIGARH ENTERPRISES 
PARLE MAGIX KREAMS ORANGE 100GM,CHANDIGARH ENTERPRISES 
PARLE MAGIX KREAMS STRAWBERRY 50GM,CHANDIGARH ENTERPRISES 
PARLE MANGO BITE 250GM,CHANDIGARH ENTERPRISES 
PARLE MAZELO CANDY POUCH,CHANDIGARH ENTERPRISES 
PARLE MELODY CHOCOLATY,CHANDIGARH ENTERPRISES 
PARLE MELODY CHOCOLATY 195GM,CHANDIGARH ENTERPRISES 
PARLE MELODY CHOCOLATY 391GM,CHANDIGARH ENTERPRISES 
PARLE MILANO CENTRE FILLED DARK COOKIES WITH CHOCO FILLING 75GM,CHANDIGARH ENTERPRISES 
PARLE MILANO CENTRE FILLED MIXED BERRIES 75GM,CHANDIGARH ENTERPRISES 
PARLE MILANO CHOCOLATE CHIP COOKIES COMBO PACK,CHANDIGARH ENTERPRISES 
PARLE MILANO DELICIOUSLY RICH CHOCOLATE CHIP COOKIES 120GM,CHANDIGARH ENTERPRISES 
PARLE MILANO DELICIOUSLY RICH CHOCOLATE CHIP COOKIES 75GM,CHANDIGARH ENTERPRISES 
PARLE MILANO MINIS CHOCOLATE CHIP COOKIES 100GM,CHANDIGARH ENTERPRISES 
PARLE MILK SHAKTI 100GM,CHANDIGARH ENTERPRISES 
PARLE MILK SHAKTI 200GM,CHANDIGARH ENTERPRISES 
PARLE MONACO CHEESLINGS CLASSIC 150GM,CHANDIGARH ENTERPRISES 
PARLE MONACO CRISPY LIGHT  SALTY SNACK CLASSIC 80GM,CHANDIGARH ENTERPRISES 
PARLE MONACO CRISPY LIGHT SALTY SNACK CLASSIC 200GM,CHANDIGARH ENTERPRISES 
PARLE MONACO CRISPY SALTY 40GM,CHANDIGARH ENTERPRISES 
PARLE MONACO JEFFS ZEERA BISCUITS 200GM,CHANDIGARH ENTERPRISES 
PARLE MONACO SIXER SALTED 200GM,CHANDIGARH ENTERPRISES 
PARLE MONACO ZEERA 80GM,CHANDIGARH ENTERPRISES 
PARLE ORANGE BITE 289GM,CHANDIGARH ENTERPRISES 
PARLE SIMPLY GOOD DIGESTIVE MARIE 250GM,CHANDIGARH ENTERPRISES 
PARLE TOP DELICIOUS BUTTER CRACKERS 90GM,CHANDIGARH ENTERPRISES 
PARLE TOP SPIN SUGARY CRACKERS 76GM,CHANDIGARH ENTERPRISES 
PARLEY HAPPY HAPPY FUSION COOKIES 150GM,CHANDIGARH ENTERPRISES 
PARMAL RICE 1KG,KHALSA STORE
PASEO BORN PURE PREMIUM FACIAL TISSUES 100PULLS,LEELA MERCANTILE PVT. LTD.
PASEO BORN PURE PREMIUM FACIAL TISSUES 200PULLS,LEELA MERCANTILE PVT. LTD.
PASEO ELEGANT BATHROOM 8IN1 ROLL,LEELA MERCANTILE PVT. LTD.
PASEO ELEGANT BATHROOM ROOL 6IN1 ROLL,LEELA MERCANTILE PVT. LTD.
PASEO ELEGANT BATHROOM TISSUE 12IN1 ROLL,LEELA MERCANTILE PVT. LTD.
PASEO ELEGANT BATHROOM TISSUE 2IN1,LEELA MERCANTILE PVT. LTD.
PASEO ELEGANT BATHROOM TISSUE 4IN1 ROLLS,LEELA MERCANTILE PVT. LTD.
PASEO ELEGANT HYGIENIC SOFT AND NATURAL NAPKIN 30X30 50SHEETS,LEELA MERCANTILE PVT. LTD.
PASEO ELEGANT KICHEN TOWEL 1 ROLL,LEELA MERCANTILE PVT. LTD.
PASEO ELEGANT KITCHEN TOWEL 2ROLL,LEELA MERCANTILE PVT. LTD.
PASEO ELEGANT KITCHEN TOWEL WHITE 2IN1,LEELA MERCANTILE PVT. LTD.
PASS PASS PULSE,ROSHAN & COMPANY
PASSPASS MOUTH FRESHENER 20GM,ROSHAN & COMPANY
PASSPASS MOUTH FRESNER,ROSHAN & COMPANY
PEANUT CHILKA 250GM,KHALSA STORE
PEANUT MIXTURE 500GM,KHALSA STORE
PEANUT W/O CHILKA 250GM,KHALSA STORE
PEARS FACEWASH FRESH RENEWAL CLEANSING 60GM,GUPTA SONS
PEARS FACEWASH OIL CLEAR GLOW 60GM,GUPTA SONS
PEARS FACEWASH PURE AND GENTLE 60GM,GUPTA SONS
PEARS SHOWER GEL OURE AND GENTLE 250ML,GUPTA SONS
PEARS SOAP OIL CLEAR & GLOW 75GM,GUPTA SONS
PEARS SOAP PURE AND GENTLE 3X125GM,GUPTA SONS
PEARS SOAP PURE AND GENTLE WITH GLYCERIIN AND NATURAL OIL 75GM,GUPTA SONS
PEARS SOAP PURE AND GENTLE WITH GLYCERIN AND NATURAL OIL 125GM,GUPTA SONS
PEARS SOAP PURE AND GENTLE WITH GLYCERIN AND NATURAL OIL 50GM,GUPTA SONS
PEARS SOAP SOFT &  FRESH 125GM,GUPTA SONS
PEARS SOAP SOFT &  FRESH 75GM,GUPTA SONS
PEDIASURE COOKIES & CREAM FLAVOUR 200GM,KRISHNA AGENCIES
PEDIASURE COOKIES & CREAM FLAVOUR 400GM,KRISHNA AGENCIES
PEDIASURE PREMIUM CHOCOLATE 400GM,KRISHNA AGENCIES
PEDIASURE PREMIUM CHOCOLATE FLAVOUR 1KG,KRISHNA AGENCIES
PEDIASURE PREMIUM CHOCOLATE FLAVOUR JAR 200GM,KRISHNA AGENCIES
PEDIASURE VANILLA DELIGHT FLAVOUR 1KG,KRISHNA AGENCIES
PEDIASURE VANILLA DELIGHT JAR 200GM,KRISHNA AGENCIES
PEDIASURE VANILLA DELIGHT JAR 400GM,KRISHNA AGENCIES
PEDIGREE ADULT CHICKEN & VEGETABLE 400GM,KRISHNA AGENCIES
PEDIGREE ADULT CHICKEN & VEGETABLES 1.2KG,KRISHNA AGENCIES
PEDIGREE ADULT MEAT & RICE 1.2KG,KRISHNA AGENCIES
PEDIGREE ADULT VEGETABLE 1.2KG,KRISHNA AGENCIES
PEDIGREE MILK & VEGETABLE  PUPPY 1.2KG,KRISHNA AGENCIES
PEDIGREE PUPPY CHICKEN & MILK 400GM,KRISHNA AGENCIES
PEDIGREE PUPPY PUPPY CHIKEN & MILK 1.2KG,KRISHNA AGENCIES
PEGGS PUNJAB BROWN EGGS 6PES,RAJA FARMS PVT. LTD. 
PEGGS PUNJAB WHITE EGGS 6PEC,RAJA FARMS PVT. LTD. 
PEN RS.10,KANWAL AGENCIES
PEN RS.5,KANWAL AGENCIES
PEPPY CHEESE BALL 55GM,SHIV SHANKER ENTERPRISES
PEPPY TOMATO DISCS 55GM,SHIV SHANKER ENTERPRISES
PEPSI BLACK CAN 250ML,CHIRANJIT LAL GUPTA & SONS (P) LTD
PEPSI BOTTLE 1.25LTR,CHIRANJIT LAL GUPTA & SONS (P) LTD
PEPSI BOTTLE 2LTR,CHIRANJIT LAL GUPTA & SONS (P) LTD
PEPSI BOTTLE 330ML,CHIRANJIT LAL GUPTA & SONS (P) LTD
PEPSI BOTTLE 600ML,CHIRANJIT LAL GUPTA & SONS (P) LTD
PEPSI BOTTLE 750ML,CHIRANJIT LAL GUPTA & SONS (P) LTD
PEPSI DIET CAN 250ML,CHIRANJIT LAL GUPTA & SONS (P) LTD
PEPSI MY CAN 250ML,CHIRANJIT LAL GUPTA & SONS (P) LTD
PEPSODENT GUMCARE EXPERT PROTECTION 140GM,GUPTA SONS
PEPSODENT TOOTH BRUSH FIGHTER MEDIUM 1NOS,GUPTA SONS
PEPSODENT TOOTH BRUSH FIGHTER SOFT,GUPTA SONS
PEPSODENT TOOTH BRUSH GUM EXPERT SOFT BUY2GET1FREE,GUPTA SONS
PEPSODENT TOOTH BRUSH KIDDY SOFT 1NOS,GUPTA SONS
PEPSODENT TOOTH BRUSH TRIPLE CLEAN MEDIUM 1NOS,GUPTA SONS
PEPSODENT TOOTH BRUSH TRIPLE CLEAN SOFT 1NOS,GUPTA SONS
PEPSODENT TOOTH PASTE 2 IN 1 150GM,GUPTA SONS
PEPSODENT TOOTH PASTE 2 IN 1 80GM,GUPTA SONS
PEPSODENT TOOTH PASTE CLOVE SALT 100GM,GUPTA SONS
PEPSODENT TOOTH PASTE COMPLETE GUM CARE 70GM,GUPTA SONS
PEPSODENT TOOTH PASTE EXPERT PROTECTION COMPLETE 140GM,GUPTA SONS
PEPSODENT TOOTH PASTE EXPERT PROTECTION GUM CARE 150GM,GUPTA SONS
PEPSODENT TOOTH PASTE EXPERT PROTECTION GUM CARE MEGA PACK 280GM,GUPTA SONS
PEPSODENT TOOTH PASTE EXPERT PROTECTION WHITENING 140GM,GUPTA SONS
PEPSODENT TOOTH PASTE GERMI CHECK 25GM,GUPTA SONS
PEPSODENT TOOTH PASTE GERMI CHECK CAVITY PROTECTION 200GM,GUPTA SONS
PEPSODENT TOOTH PASTE GERMI CHECK HEALTHY FRESH 100GM,GUPTA SONS
PEPSODENT TOOTH PASTE GERMI CHECK HEALTHY FRESH 200GM,GUPTA SONS
PEPSODENT TOOTH PASTE GERMI CHECK HEALTHY FRESH 2X150GM,GUPTA SONS
PEPSODENT TOOTH PASTE GERMI CHECK WHITENING 150GM,GUPTA SONS
PEPSODENT TOOTH PASTE WHITENING 80GM,GUPTA SONS
PHUL MAKHANA 250GM,KHALSA STORE
PIKNIK CLASSIC TOMATO CHILLI 55GM,SHIV SHANKER ENTERPRISES
PIM POM LILLIPOP,KANWAL AGENCIES
PINE SHAKTI CONCENTRATE FLOOR FRESHNER 275ml,PREET ENTERPRISES
PIONEER CLEANING ACID 5LTR,PREET ENTERPRISES
PIONEER PERFUMED FLOOR FRESHNER LEMON 1LTR,PREET ENTERPRISES
PISTA 250GM,KHALSA STORE
PLASTIC JUNA,JAIN BARTAN STORE
POCHHA MEDIUM,PRINCE HANDLOOM 
POLO MINT 30GM,GR ENTERPRISES
POLO MINT ROLL 17.16GM,GR ENTERPRISES
PONDS AGE MIRACLE WRINKLE CORRECTOR SPF 18PA DAR CREAM 10GM,GUPTA SONS
PONDS DREAMFLOWER FRAGRANT TALCUM 100GM,GUPTA SONS
PONDS FACE WASH POLLUTION OUT DEEP CLEAN 50GM,GUPTA SONS
PONDS FACE WASH PURE WHITE ANTI POLLUTION PURITY 15GM,GUPTA SONS
PONDS FACE WASH WHITE BEAUTY SPOT-LESS FAIRNESS 100GM,GUPTA SONS
PONDS FACE WASH WHITE BEAUTY SPOT-LESS FAIRNESS 50GM,GUPTA SONS
PONDS FACEWASH DAILY 50GM,GUPTA SONS
PONDS FACEWASH PIMPLE CLEAR 50GM,GUPTA SONS
PONDS FACEWASH PIMPLE CLEAR TARGETS PIMPLES 100GM,GUPTA SONS
PONDS FACEWASH PURE WHITE ANTI+POLLUTION+PURITY 50GM,GUPTA SONS
PONDS MEN FACE WASH ACNO CLEAR OIL CONTROL PIMPLE & OIL FIGHTER 100GM,GUPTA SONS
PONDS MEN FACE WASH ACNO CLEAR OIL CONTROL PIMPLE & OIL FIGHTER 50GM,GUPTA SONS
PONDS MEN FACEWASH ENERGY CHARGE 100GM,GUPTA SONS
PONDS MEN FACEWASH ENERGY CHARGE 50GM,GUPTA SONS
PONDS MEN FACEWASH ENERGY CHARGE BRIGHT+ENERGIZED 50GM,GUPTA SONS
PONDS MOISTURISING COLD CREAM SOFT GLOWING SKIN 55ML,GUPTA SONS
PONDS MOISTURISING LOTION TRIPLE VITAMIN 100ML,GUPTA SONS
PONDS MOISTURISING LOTION TRIPLE VITAMIN 300ML,GUPTA SONS
PONDS TALCUM DREAMFLOWER 100GM,GUPTA SONS
PONDS TALCUM DREAMFLOWER 200GM,GUPTA SONS
PONDS TALCUM DREAMFLOWER FRAGRANT 400GM,GUPTA SONS
PONDS TALCUM MAGIC FRESHNESS 100GM,GUPTA SONS
PONDS TALCUM MAGIC FRESHNESS 400GM,GUPTA SONS
PONDS TALCUM SANDAL 300GM,GUPTA SONS
PONDS WHITE BEAUTY BB+ ALL IN ONE FAIRNESS CREAM SPF 30PA++ 18GM,GUPTA SONS
PONDS WHITE BEAUTY BB+ CREAM 9GM,GUPTA SONS
PONDS WHITE BEAUTY BB+ FAIRNESS CREAM SPF PA++ 50GM,GUPTA SONS
PONDS WHITE BEAUTY DAILY SPOT-LESS FAIRNESS FACE WASH 15GM,GUPTA SONS
PONDS WHITE BEAUTY PEARL CLEANSING GEL 100GM,GUPTA SONS
PONDS WHITE BEAUTY PEARL CLEANSING GEL 50GM,GUPTA SONS
PONDS WHITE BEAUTY SPF15PA FAIRNESS CREAM 50GM,GUPTA SONS
PONDS WHITE BEAUTY SPOT-LESS FAIRNESS DAY CREAM NORMAL SKIN 23GM,GUPTA SONS
PONDS WHITE BEAUTY SPOT-LESS FAIRNESS DAY CREAM SUN PROTECTION SPF15PA 35GM,GUPTA SONS
PONDS WHITE BEAUTY SUN DULLNESS REMOVAL DAILY FACIAL SCRUB SPOTLESS FAIRNESS 100GM,GUPTA SONS
PONDS WHITE BEAUTY SUN DULLNESS REMOVAL SPOT LESS FAIRNESS 50GM,GUPTA SONS
PONDS WHITE BEAUTY WINTER ANTI SPOT MOISTURISER SPF15 23GM,GUPTA SONS
PONDS WHITE BEAUTY WINTER ANTI SPOT MOISTURISER SPF15 35GM,GUPTA SONS
POP CORN 200GM,KHALSA STORE
POP CORN SEED 500GM,KHALSA STORE
POTATO CHIPS 250GM,KHALSA STORE
PREMIER CELLO TAPE 18MM,MOHAN STORE
PREMIER CELLO TAPE RS.5,MOHAN STORE
PREMIER KITCHEN TOWEL 2 PLY STRONG,LAKSHAY TRADERS
PREMIER SPECIAL FACE TISSUE 100ULLS,LAKSHAY TRADERS
PREMIER SPECIAL FACE TISSUE 200PULLS,LAKSHAY TRADERS
PREMIER TISSUE HANKY,LAKSHAY TRADERS
PREMIER TOILET TISSUE SUPER SOFT 4IN1,LAKSHAY TRADERS
PRIL BAR LEMON + VINEGAR 145GM,KRISHNA AGENCIES
PRIL BAR LIME+VINEGAR 3X200GM,KRISHNA AGENCIES
PRIL DISH WASH BAR 3X400GM,KRISHNA AGENCIES
PRIL LIQUID DISHWASH LIME 225ML,KRISHNA AGENCIES
PRIL LIQUID DISHWASH LIME 2LTR,KRISHNA AGENCIES
PRIL LIQUID DISHWASH LIME 425ML,KRISHNA AGENCIES
PRIL LIQUID DISHWASH LIME 750ML,KRISHNA AGENCIES
PRIL POWER OF ACTIVE BOOSTER LIME+VINEGAR 500GM,KRISHNA AGENCIES
PRINGLES JALAPENO CHEESE FLAVOUR 110GM,CL TRADERS
PRINGLES ORIGINAL POTATO CRISPS 110GM,CL TRADERS
PRINGLES PERI PERI FLAVOUR 110GM,CL TRADERS
PRINGLES POTATO CRIPS SOUR CREAM & ONION 110GM,CL TRADERS
PRINGLES ZINGY TOMTO FLAVOUR 110GM,CL TRADERS
PUMPKIN SEED 100GM,KHALSA STORE
PUR VODA MINERAL WATER 1LTR,INDO ARYAN BEVERAGES PVT.LTD
PUR VODA MINERAL WATER 500ML,INDO ARYAN BEVERAGES PVT.LTD
PURE DERM ANTI-DANDRUFF SHAMPOO ANTI HAIR FALL 180ML,GUPTA SONS
PURE DERM ANTI-DANDRUFF SHAMPOO ANTI HAIR FALL 80ML,GUPTA SONS
PURE DERM ANTI-DANDRUFF SHAMPOO DANDRUFF PROTECT 180ML,GUPTA SONS
PURE DERM ANTI-DANDRUFF SHAMPOO DANDRUFF PROTECT 80ML,GUPTA SONS
PURE DERM ANTI-DANDRUFF SHAMPOO MINT COOL 180ML,GUPTA SONS
PURE DERM ANTI-DANDRUFF SHAMPOO MINT COOL 80ML,GUPTA SONS
QUA NATURAL MINERAL WATER 1LTR,MK TRADERS
QUA NATURAL MINERAL WATER 750ML,MK TRADERS
QUAKER OATS 1.5KG,GRACE DRINKS PRIVATE LIMITED
QUAKER OATS 1KG,GRACE DRINKS PRIVATE LIMITED
QUAKER OATS 200GM,GRACE DRINKS PRIVATE LIMITED
QUAKER OATS 400GM,GRACE DRINKS PRIVATE LIMITED
QUAKER OATS 600GM,GRACE DRINKS PRIVATE LIMITED
QUAKER OATS HOMESTYLE MASALA 40GM,GRACE DRINKS PRIVATE LIMITED
QUAKER OATS JAR 500GM,GRACE DRINKS PRIVATE LIMITED
QUAKER OATS JAR1KG,GRACE DRINKS PRIVATE LIMITED
QUAKER OATS KESAR WITH KISHMISH 26GM,GRACE DRINKS PRIVATE LIMITED
QUAKER OATS PLUS MULTIGRAIN ADVANTAGE 300GM,GRACE DRINKS PRIVATE LIMITED
QUAKER OATS PLUS MULTIGRAIN ADVANTAGE 600GM,GRACE DRINKS PRIVATE LIMITED
QUAKER OATS STRAWBERRY FLAVOUR WITH APPLE 26GM,GRACE DRINKS PRIVATE LIMITED
QUAKER OATS TOMATO VEGGIE 40GM,GRACE DRINKS PRIVATE LIMITED
QUINOA BLACK CIA SEEDS 250GM,EMPIRE STORES
QUINOA BRAN 125GM,EMPIRE STORES
QUINOA CHIPS CREAM & ONION 60GM,EMPIRE STORES
QUINOA GRAIN SUPER FOODS 250GM,EMPIRE STORES
QUINOA PASTA FUSILLI 250GM,EMPIRE STORES
QUINOA PASTA PENNE 250GM,EMPIRE STORES
RAGI ATTA 1KG,KHALSA STORE
RAI 100GM,KHALSA STORE
RAMDEV CHILLI POWDER 100GM,PAL BROTHER
RAMDEV CORIANDER POWDER 100GM,PAL BROTHER
RAMDEV CUMIN 100GM,PAL BROTHER
RAMDEV GARAM MASALA 100GM,PAL BROTHER
RAMDEV KASURI METHI 25GM,PAL BROTHER
RAMDEV TURMERIC POWDER 100GM,PAL BROTHER
REAL JUICE ACTIV APPLE 1LTR,RUHANI ENTERPRISES
REAL JUICE ACTIV FIBER MULTI FRUIT 1LTR,RUHANI ENTERPRISES
REAL JUICE ACTIV FRUIT VEGGIE MIXED FRUIT BEETROOT CARROT 1LTR,RUHANI ENTERPRISES
REAL JUICE ACTIV FRUIT VEGGIE MIXED FRUIT CUCUMBER SPINACH1LTR,RUHANI ENTERPRISES
REAL JUICE ACTIV ORANGE 1LTR,RUHANI ENTERPRISES
REAL JUICE ACTIV ORANGE CARROT 1LTR,RUHANI ENTERPRISES
REAL JUICE APPLE 1LTR,RUHANI ENTERPRISES
REAL JUICE APPLE 200ML,RUHANI ENTERPRISES
REAL JUICE APRICOT 1LTR,RUHANI ENTERPRISES
REAL JUICE CRANBERRY 1LTR,RUHANI ENTERPRISES
REAL JUICE GRAPE 1LTR,RUHANI ENTERPRISES
REAL JUICE GUAVA 1LTR,RUHANI ENTERPRISES
REAL JUICE GUAVA 200ML,RUHANI ENTERPRISES
REAL JUICE JAMUN 1LTR,RUHANI ENTERPRISES
REAL JUICE LITCHI 1LTR,RUHANI ENTERPRISES
REAL JUICE LITCHI 200ML,RUHANI ENTERPRISES
REAL JUICE MANGO 1LTR,RUHANI ENTERPRISES
REAL JUICE MANGO 200ML,RUHANI ENTERPRISES
REAL JUICE MIXED FRUIT 1LTR,RUHANI ENTERPRISES
REAL JUICE MIXED FRUIT 200ML,RUHANI ENTERPRISES
REAL JUICE MOSAMBI 1LTR,RUHANI ENTERPRISES
REAL JUICE ORANGE 1LTR,RUHANI ENTERPRISES
REAL JUICE ORANGE 200ML,RUHANI ENTERPRISES
REAL JUICE PEACH 1LTR,RUHANI ENTERPRISES
REAL JUICE PINEAPPLE 1LTR,RUHANI ENTERPRISES
REAL JUICE PINEAPPLE 200ML,RUHANI ENTERPRISES
REAL JUICE PLUM 1LTR,RUHANI ENTERPRISES
REAL JUICE POMEGRANATE 1LTR,RUHANI ENTERPRISES
REAL JUICE POMEGRANATE 200ML,RUHANI ENTERPRISES
REAL JUICE TOMATO 1LTR,RUHANI ENTERPRISES
REAL JUICE WELLNEZZ AMLA PLUS 1LTR,RUHANI ENTERPRISES
REAL THAI BLACK PAPER WOK SAUCE 150ML,MK TRADERS
REAL THAI COCONUT CREAM 400ML,MK TRADERS
REAL THAI COCONUT MILK LAIT DE COCO 400ML,MK TRADERS
REAL THAI RED CURRY PASTE 50GM,MK TRADERS
REAL THAI SESAME HOT SAUCE 200ML,MK TRADERS
REAL THAI SPRING ROLL SAUCE 200ML,MK TRADERS
REAL THAI SWEET CHILLI SAUCE 230GM,MK TRADERS
RED BULL CAN 250ML,RUHANI ENTERPRISES
RED BULL CAN SUGAR FREE 250ML,RUHANI ENTERPRISES
RED BULL ENERGY DRINK 350ML,RUHANI ENTERPRISES
RED BULL ENERGY DRINK 475ML,RUHANI ENTERPRISES
RED CHERRY 100GM,KHALSA STORE
RENUKA CLASSIC CLOTH HANGER SET OF 12,JAIN BARTAN STORE
RENUKA CLASSIC HANGER SET OF6,JAIN BARTAN STORE
REPUBLIC OF CHICKEN CHICKEN BURGER PATTY 450GM,FOOD GALLERY 
REPUBLIC OF CHICKEN CHICKEN CHILLI CHEESE SAUSAGE 300GM,FOOD GALLERY 
REPUBLIC OF CHICKEN CHICKEN COCKTAIL SAUSAGES 250GM,FOOD GALLERY 
REPUBLIC OF CHICKEN CHICKEN COCKTAIL SAUSAGES 500GM,FOOD GALLERY 
REPUBLIC OF CHICKEN CHICKEN DIMSUM 500GM,FOOD GALLERY 
REPUBLIC OF CHICKEN CHICKEN FRANKFURTER 500GM,FOOD GALLERY 
REPUBLIC OF CHICKEN CHICKEN FRIED STRIPS 300GM,FOOD GALLERY 
REPUBLIC OF CHICKEN CHICKEN HAM 500GM,FOOD GALLERY 
REPUBLIC OF CHICKEN CHICKEN MINI KIEVS 300GM,FOOD GALLERY 
REPUBLIC OF CHICKEN CHICKEN NUGGETS 450GM,FOOD GALLERY 
REPUBLIC OF CHICKEN CHICKEN SAUSAGES 500GM,FOOD GALLERY 
REPUBLIC OF CHICKEN CHICKEN SEEKH KEBAB 500GM,FOOD GALLERY 
REPUBLIC OF CHICKEN CHICKEN SHAMMI KEBABS 500GM,FOOD GALLERY 
REPUBLIC OF CHICKEN MUTTON SEEKH KEBAB 500GM,FOOD GALLERY 
REPUBLIC OF CHICKEN PUNJABI MASALA CHICKEN TIKKA 500GM,FOOD GALLERY 
REVIVE INSTANT STARCH ANTI BACTERIA 400GM,ESS ENN MARKETING
REVIVE LIQUID STIFFENER 200GM,ESS ENN MARKETING
REVIVE LIQUID STIFFENER 400ML,ESS ENN MARKETING
REVIVE LIQUID STIFFENER 95GM,ESS ENN MARKETING
REX BAKING POWDER 100GM,GUPTA SONS
REXONA SOAP COCONUT & OLIVE OILS PACK OF 4 100GM,GUPTA SONS
REXONA SOAP COCONUT AND OLIVE OIL 100GM,GUPTA SONS
REXONA SOAP COCONUT AND OLIVE OIL 150GM,GUPTA SONS
RICELA REFIND OIL 1LTR,JAGDAMBA ENTERPRISES
RICELA REFIND OIL 2LTR,JAGDAMBA ENTERPRISES
RICELA REFIND OIL 5LTR,JAGDAMBA ENTERPRISES
RIN BAR 150GM,GUPTA SONS
RIN BAR 250GM,GUPTA SONS
RIN BAR 4X250GM,GUPTA SONS
RIN BAR 75GM,GUPTA SONS
RIN FABRIC WHITENER 500ML,GUPTA SONS
RIN POWDER 1KG,GUPTA SONS
RIN POWDER 500GM,GUPTA SONS
RIN POWDER REFRESH LEMON  AND ROSE 1KG,GUPTA SONS
RIN POWDER REFRESH LEMON AND ROSE 500GM,GUPTA SONS
RIN POWDER SMART FOAM 1KG,GUPTA SONS
RING GUARD 12GM,GR ENTERPRISES
RITA TILE BRUSH,JAIN BARTAN STORE
RITE BITE MAX PROTEIN CHEESE & JALAPENO 45GM,KANWAL AGENCIES
RITE BITE MAX PROTEIN CHOCO ALMOND 100GM,KANWAL AGENCIES
RITE BITE MAX PROTEIN CHOCO BERRY 100GM,KANWAL AGENCIES
RITE BITE MAX PROTEIN CHOCO FUDGE 70GM,KANWAL AGENCIES
RITE BITE WORK OUT CHOCO BERRY SUGAR FREE 50GM,KANWAL AGENCIES
RITE BITR MAX PROTEIN GREEN COFFEE BEANS 70GM,KANWAL AGENCIES
ROBIN DAZZLING LIQUID BLUE AFTERWASH 100ML,GR ENTERPRISES
ROOH AFZA SHARBAT 750ML,KRISHNA AGENCIES
RORITO JETTRA CLASSIC BALL PEN,KANWAL AGENCIES
RORITO JOTTEK FEATBERSOFT,KANWAL AGENCIES
RORITO T-MAX GEL PEN,KANWAL AGENCIES
RORITO T-MAX GOLD PEN,KANWAL AGENCIES
ROYAL NAPKIND 100PCSX1PLY,LAKSHAY TRADERS
SABUDANA 500GM,KHALSA STORE
SABUT DHANIA 100GM,KHALSA STORE
SABUT LAL MIRCHI 100GM,KHALSA STORE
SAFAL FROZEN GREEN PEAS 1KG,SRAKSHI ENTERPRISES
SAFAL FROZEN GREEN PEAS 500GM,SRAKSHI ENTERPRISES
SAFAL FROZEN MIX VEGETABLES 500GM,SRAKSHI ENTERPRISES
SAFFOLA ACTIVE 1LTR,ESS ENN MARKETING
SAFFOLA ACTIVE 5LTR,ESS ENN MARKETING
SAFFOLA GOLD 2LTR,ESS ENN MARKETING
SAFFOLA GOLD 5LTR,ESS ENN MARKETING
SAFFOLA GOLD JAR1LTR,ESS ENN MARKETING
SAFFOLA GOLD POUCH 1LTR,ESS ENN MARKETING
SAFFOLA MASALA OATS CLASSIC 400GM,ESS ENN MARKETING
SAFFOLA MASALA OATS CLASSIC 43GM,ESS ENN MARKETING
SAFFOLA MASALA OATS PEPPY TOMATO 400GM,ESS ENN MARKETING
SAFFOLA MASALA OATS PEPPY TOMATO 43GM,ESS ENN MARKETING
SAFFOLA MASALA OATS VEGGIE TWIST 400GM,ESS ENN MARKETING
SAFFOLA MASALA OATS VEGGIE TWIST 40GM,ESS ENN MARKETING
SAFFOLA NATURAL OATS 200GM,ESS ENN MARKETING
SAFFOLA OATS 400GM,ESS ENN MARKETING
SAFFOLA SALT PLUS LESS SODIUM 1KG,ESS ENN MARKETING
SAFFOLA TASTY 1LTR,ESS ENN MARKETING
SAFFOLA TOTAL 2LTR,ESS ENN MARKETING
SAFFOLA TOTAL 5LTR,ESS ENN MARKETING
SAFFOLA TOTAL JAR 1LTR,ESS ENN MARKETING
SANI FRESH ULTRA SHINE TOILET CLEANER 2X500ML,RUHANI ENTERPRISES
SANTOOR HAND WASH CLASSIC SANDALWOOD & TULSI 3X180ML,KANWAL AGENCIES
SANTOOR SOAP SANDAL & TURMERIC 4X100GM,KANWAL AGENCIES
SAT ISABGOL 100GM,NATIONAL ENTERPRISES
,NATIONAL TRADERS
SAT ISABGOL 100GM Total,
SAT ISABGOL 200GM,NATIONAL ENTERPRISES
SAT ISABGOL 50GM,NATIONAL ENTERPRISES
SAUNF 100GM,KHALSA STORE
SAUNF COLOURED 100GM,KHALSA STORE
SAVLON ANTISEPTIC 100ML,ESS ENN MARKETING
SAVLON ANTISEPTIC 200ML,ESS ENN MARKETING
SAVLON ANTISEPTIC 50ML,ESS ENN MARKETING
SAVLON DOUBLE STRENGHT 220ML,ESS ENN MARKETING
SAVLON HANDWASH HERBAL SENSITIVE 3X185ML,ESS ENN MARKETING
SAVLON HANDWASH MOISTURE SHIELD 3X185ML,ESS ENN MARKETING
SAVLON HEND WASH HERBAL SENSITIVE 200ML,ESS ENN MARKETING
SAVLON MOISTURE SHIELD 220ML,ESS ENN MARKETING
SAVLON SOAP DOUBLE STRENGHT 45GM,ESS ENN MARKETING
SAVLON SOAP DOUBLE STRENGTH 100GM,ESS ENN MARKETING
SAVLON SOAP GENTLE MOISTURISING 3X125GM,ESS ENN MARKETING
SAVLON SOAP GENTLE MOISTURISING 45GM,ESS ENN MARKETING
SAVLON SOAP GLYCERIN 3X75GM,ESS ENN MARKETING
SAVLON SOAP WITH ALOE VERA 75GM,ESS ENN MARKETING
SCHWEPPES GINGER ALE CAN 300ML,CHANDIGARH BOTTLING COMPANY 
SCOTCH BRITE 1 SQUEEGEE 3M,ESS ENN MARKETING
SCOTCH BRITE 2 IN 1 PACK,RUHANI ENTERPRISES
SCOTCH BRITE ANTIBACTERIAL SCRUB  3M 3PAD,RUHANI ENTERPRISES
SCOTCH BRITE ANTIBACTERIAL SCRUB PAD SMALL 3M,RUHANI ENTERPRISES
SCOTCH BRITE FLOOR CLOTH POCHHA,RUHANI ENTERPRISES
SCOTCH BRITE FLOOR CLOTH POCHHA 2N,RUHANI ENTERPRISES
SCOTCH BRITE FLOOR SQEEGEE,RUHANI ENTERPRISES
SCOTCH BRITE HANDY SCRUBBER,RUHANI ENTERPRISES
SCOTCH BRITE HEAVY DUTY 1 PADS,RUHANI ENTERPRISES
SCOTCH BRITE JET SCRUBBER,ESS ENN MARKETING
,RUHANI ENTERPRISES
SCOTCH BRITE JET SCRUBBER Total,
SCOTCH BRITE KITCHEN GLOVES FRESH LEMON SCENT MEDIUM,ESS ENN MARKETING
,RUHANI ENTERPRISES
SCOTCH BRITE KITCHEN GLOVES FRESH LEMON SCENT MEDIUM Total,
SCOTCH BRITE KITCHEN GLOVES LARGE,RUHANI ENTERPRISES
SCOTCH BRITE KITCHEN SCRUB CLOTH SINGLE,RUHANI ENTERPRISES
SCOTCH BRITE KITCHEN TOWEL 3M,RUHANI ENTERPRISES
SCOTCH BRITE NON SCRATCH 1NOS,RUHANI ENTERPRISES
SCOTCH BRITE POWER SCRUB 3M,RUHANI ENTERPRISES
SCOTCH BRITE SCRUB NET SPONGE,RUHANI ENTERPRISES
SCOTCH BRITE SCRUB PAD 3M,RUHANI ENTERPRISES
SCOTCH BRITE SCRUB PAD 3PADS,RUHANI ENTERPRISES
SCOTCH BRITE SCRUB SPONGE,RUHANI ENTERPRISES
SCOTCH BRITE SCRUB SPONGE 1NOS,RUHANI ENTERPRISES
SCOTCH BRITE SOAP DISPENSING PUMP 3M,RUHANI ENTERPRISES
SCOTCH BRITE SPONGE WIPE 10X 1N,RUHANI ENTERPRISES
SCOTCH BRITE SPONGE WIPE 10X 3WIPES,RUHANI ENTERPRISES
SCOTCH BRITE SPONGE WIPE 5WIPES,RUHANI ENTERPRISES
SCOTCH BRITE STAIN CUTTERS 1SCRUB,RUHANI ENTERPRISES
SCOTCH BRITE STAINLESS STEEL SCRUB,ESS ENN MARKETING
,RUHANI ENTERPRISES
SCOTCH BRITE STAINLESS STEEL SCRUB Total,
SCOTCH BRITE SUPER STRONG 2PADS 3M,RUHANI ENTERPRISES
SCOTCH BRITE T.BRUSH WITH ROUND,RUHANI ENTERPRISES
SCOTCH BRITE THICK PAD WITH STAIN CUTTERS 1 PAD,RUHANI ENTERPRISES
SCOTCH BRITE TOILET BRUSH (SINGLE SIDED),RUHANI ENTERPRISES
SCOTCH BRITE TRENDY SPONGE WIPE 3M,RUHANI ENTERPRISES
SCOTH BRITE FLOOR SQUEZE,ESS ENN MARKETING
,RUHANI ENTERPRISES
SCOTH BRITE FLOOR SQUEZE Total,
SECRET TEMPTATION DEO AFFAIR 150ML,NAV BHARAT TRADERS
SECRET TEMPTATION DEO BLAST 150ML,NAV BHARAT TRADERS
SECRET TEMPTATION DEO FLIRT 150ML,NAV BHARAT TRADERS
SECRET TEMPTATION DEO MYSTERY 150ML,NAV BHARAT TRADERS
SECRET TEMPTATION DEO PASSION 150ML,NAV BHARAT TRADERS
SECRET TEMPTATION DEO PLAY 150ML,NAV BHARAT TRADERS
SECRET TEMPTATION DEO ROMANCE 150ML,NAV BHARAT TRADERS
SECRET TEMPTATION DEO TALC ROMANCE 100GM,NAV BHARAT TRADERS
SECRET TEMPTATION DEO TALC ROMANCE 300GM,NAV BHARAT TRADERS
SECRET TEMPTATION DEO WINK 150ML,NAV BHARAT TRADERS
SECRET TEMPTATION PERFUME BODY SPRAY AQUA 120ML,NAV BHARAT TRADERS
SECRET TEMPTATION PERFUME BODY SPRAY BREEZE 120ML,NAV BHARAT TRADERS
SECRET TEMPTATION PERFUME BODY SPRAY PEARL 120ML,NAV BHARAT TRADERS
SENDA NAMAK 200GM,KHALSA STORE
SENOR PEPITO TORTILLA CHIPS JALAPENO FLAVOUR 100GM,SHIV SHANKER ENTERPRISES
SENSODYNE DEEP CLEAN 70GM,KANWAL AGENCIES
SENSODYNE FRESH GEL 130GM,KANWAL AGENCIES
SENSODYNE FRESH GEL 40GM,KANWAL AGENCIES
SENSODYNE FRESH GEL 80GM,KANWAL AGENCIES
SENSODYNE FRESH MINT 130GM,KANWAL AGENCIES
SENSODYNE FRESH MINT 40GM,KANWAL AGENCIES
SENSODYNE FRESH MINT 80GM,KANWAL AGENCIES
SENSODYNE RAPID RELIEF 40GM,KANWAL AGENCIES
SENSODYNE RAPID RELIEF 80GM,KANWAL AGENCIES
SENSODYNE REPAIR & PROTECT 80GM,KANWAL AGENCIES
SENSODYNE TOOTH BRUSH SENSITIVE SOFT BUY 2 GET 1,KANWAL AGENCIES
SENSODYNE TOOTHPASTE WHITENING 70GM,KANWAL AGENCIES
SESA OIL KSHIR PAK VIDHI 100ML,NATIONAL ENTERPRISES
SESA OIL KSHIR PAK VIDHI 200ML,NATIONAL ENTERPRISES
SETWET DEO CHARM AVATAR 150ML,ESS ENN MARKETING
SETWET DEO COOL AVATAR 75ML,ESS ENN MARKETING
SETWET DEO MISCHIEF AVATAR 150ML,ESS ENN MARKETING
SETWET DEO SWAG AVATAR 75ML,ESS ENN MARKETING
SETWET DEO THRILL AVATAR 150ML,ESS ENN MARKETING
SETWET HAIR GEL COOL HOLD 100ML,ESS ENN MARKETING
SETWET HAIR GEL COOL HOLD 50ML,ESS ENN MARKETING
SETWET HAIR GEL GLAZE AMAZE RESTYLABLE WAX 25GM,ESS ENN MARKETING
SETWET HAIR GEL GLAZE AMAZE RESTYLABLE WAX 75GM,ESS ENN MARKETING
SETWET HAIR GEL MATTE MAGIC RESTYLABLE WAX 25GM,ESS ENN MARKETING
SETWET HAIR GEL MATTE MAGIC RESTYLABLE WAX 75GM,ESS ENN MARKETING
SETWET HAIR GEL ULTIMATE HOLD 100ML,ESS ENN MARKETING
SETWET HAIR GEL ULTIMATE HOLD 50ML,ESS ENN MARKETING
SETWET HAIR GEL VERTICAL HOLD 100ML,ESS ENN MARKETING
SETWET HAIR GEL VERTICAL HOLD 50ML,ESS ENN MARKETING
SETWET HAIR GEL WETLOOK 100ML,ESS ENN MARKETING
SETWET HAIR GEL WETLOOK 50ML,ESS ENN MARKETING
SHAGUN ENVELOP 37,JEWELS ELEVEN 
SHAGUN ENVELOP 80,JEWELS ELEVEN 
SHAGUN ENVELOP RS.45,JEWELS ELEVEN 
SHAGUN ENVELOP RS.50,JEWELS ELEVEN 
SHAGUN ENVELOP RS.55,JEWELS ELEVEN 
SHAGUN ENVELOP RS.60,JEWELS ELEVEN 
SHAGUN ENVELOP RS.62,JEWELS ELEVEN 
SHAGUN ENVELOP RS.65,JEWELS ELEVEN 
SHAGUN ENVELOP RS.70,JEWELS ELEVEN 
SHAKAR 1KG,KHALSA STORE
SHAKTI BHOG ATTA 10KG,S.P TRADERS
SHAKTI BHOG ATTA 5KG,S.P TRADERS
SHAKTI BHOG BESAN 1KG,S.P TRADERS
SHAKTI BHOG BESAN 500GM,S.P TRADERS
SHAKTI BHOG DALIA 500GM,S.P TRADERS
SHAKTI BHOG MAIDA 500GM,S.P TRADERS
SHAKTI BHOG POHA 500GM,S.P TRADERS
SHAKTI BHOG SOOJI 500GM,S.P TRADERS
SHIV PUJARI JEERA 100GM,KHALSA STORE
SIMCO HAIR FIXER  MOUSTACHE 10GM,KRISHNA AGENCIES
SIMCO HAIR FIXER CLASSIC 100GM,KRISHNA AGENCIES
SIMCO HAIR FIXER CLASSIC 300GM,KRISHNA AGENCIES
SIMCO HAIR FIXER CLASSIC 500GM,KRISHNA AGENCIES
SIMCO HAIR FIXER SUPREME 100GM,KRISHNA AGENCIES
SIMCO HAIR FIXER SUPREME 300GM,KRISHNA AGENCIES
SIMCO HAIR FIXER SUPREME 500GM,KRISHNA AGENCIES
SLICE BOTTLE 1.75LTR,CHIRANJIT LAL GUPTA & SONS (P) LTD
SLICE BOTTLE 600ML,CHIRANJIT LAL GUPTA & SONS (P) LTD
SMART COOK PUREE TOMATO PUREE 200GM,RJ ENTERPRISES
SMITH & JONES GINGER GARLIC PASTE 200GM,MK TRADERS
SMITH & JONES PASTA MASALA 10GM,MK TRADERS
SNACKERZ CHICKEN PEPPER SAUSAGE 500GM,MK SALES
SNACKERZ CHICKEN PLAIN SALAMI 500GM,MK SALES
SNACKERZ CHICKEN RESHMI KEBAB 500GM,MK SALES
SNACKERZ CHICKEN SAUSAGE 500GM,MK SALES
SNACKERZ CHICKEN SPICY SALAMI 500GM,MK SALES
SNICKERS CARAMEL INTENSE 47GM,KANWAL AGENCIES
SNICKERS CHOCOLATE 150GM,KANWAL AGENCIES
SNICKERS CHOCOLATE 15GM,KANWAL AGENCIES
SNICKERS CHOCOLATE 25GM,KANWAL AGENCIES
SNICKERS CHOCOLATE 54GM,KANWAL AGENCIES
SOAP CASE RS.22,JAIN BARTAN STORE
SOAP CASE RS.35,JAIN BARTAN STORE
SOAP CASE RS.50,JAIN BARTAN STORE
SOFIT MILK CHOCHOLATE 1LTR,RJ ENTERPRISES
SOFIT MILK CHOCHOLATE 200ML,RJ ENTERPRISES
SOFIT MILK KESAR PISTA 1LTR,RJ ENTERPRISES
SOFIT MILK KESAR PISTA 200ML,RJ ENTERPRISES
SOFIT MILK MANGO 1LTR,RJ ENTERPRISES
SOFIT MILK MANGO 200ML,RJ ENTERPRISES
SOFIT MILK NATURAL 1LTR,RJ ENTERPRISES
SOFIT MILK NATURAL 200ML,RJ ENTERPRISES
SOFIT MILK VANILLA 1LTR,RJ ENTERPRISES
SOFIT MILK VANILLA 200ML,RJ ENTERPRISES
SOFIT SOYA MILK CHFFEE MOCHA 200ML,RJ ENTERPRISES
SOFTY ICE CREAM BUTTER SCOTCH CONE,BABA DAIRY
SOFTY ICE CREAM CHOCOLATE CONE,BABA DAIRY
SOFTY ICE CREAM STRAWBERRY CONE,BABA DAIRY
SOFTY ICE CREAM VANILLA CONE,BABA DAIRY
SOUTH INDIAN MIXTURE 500GM,KHALSA STORE
SOYA KATORI 200GM,KHALSA STORE
SPICY TREAT AMLA PICKLE 400GM,DUGGAL TRADING CO
SPICY TREAT CHILLY SWEET & SOUR 400GM,DUGGAL TRADING CO
SPICY TREAT GAJAR GOBI SHALGAM 400GM,DUGGAL TRADING CO
SPICY TREAT GARLIC PICKLE 400GM,DUGGAL TRADING CO
SPICY TREAT GINGER PICKLE 400GM,DUGGAL TRADING CO
SPICY TREAT GREEN CHILLY 400GM,DUGGAL TRADING CO
SPICY TREAT LIME CHILLY GINGER PICKLE 400GM,DUGGAL TRADING CO
SPICY TREAT LIME PICKLE 400GM,DUGGAL TRADING CO
SPICY TREAT LIME SWEET & SOUR PICKLE 400GM,DUGGAL TRADING CO
SPICY TREAT MANGO CHUTNEY 400GM,DUGGAL TRADING CO
SPICY TREAT MANGO GARLIC PICKLE 400GM,DUGGAL TRADING CO
SPICY TREAT MANGO PUNJABI 400GM,DUGGAL TRADING CO
SPICY TREAT MANGO TEEKHA PICKLE 400GM,DUGGAL TRADING CO
SPICY TREAT MIXED PICKLE 400GM,DUGGAL TRADING CO
SPICY TREAT MUSHROOM PICKLE 400GM,DUGGAL TRADING CO
SPICY TREAT RED CHILLY CHUTNEY 400GM,DUGGAL TRADING CO
SPICY TREAT STUFFED RED CHILLY 400GM,DUGGAL TRADING CO
SPICY TREAT TENTI DELA PICKLE 400GM,DUGGAL TRADING CO
SPRAYMINTT MOUTH FRESHENER BREEZBERRY 15GM,PUJA AGENCIES
SPRAYMINTT MOUTH FRESHENER COLA BLAST 15GM,PUJA AGENCIES
SPRAYMINTT MOUTH FRESHENER ELAICHILL 15GM,PUJA AGENCIES
SPRAYMINTT MOUTH FRESHENER ICYMINT 15GM,PUJA AGENCIES
SPRAYMINTT MOUTH FRESHENER ORANGE WAVE 15GM,PUJA AGENCIES
SPRAYMINTT MOUTH FRESHENER THANDAPAAN 15GM,PUJA AGENCIES
SPRITE BOTTLE 1.25LTR,CHANDIGARH BOTTLING COMPANY 
SPRITE BOTTLE 2LTR,CHANDIGARH BOTTLING COMPANY 
SPRITE BOTTLE 600ML,CHANDIGARH BOTTLING COMPANY 
SPRITE BOTTLE 750ML,CHANDIGARH BOTTLING COMPANY 
SPRITE CAN 300ML,CHANDIGARH BOTTLING COMPANY 
STAR KITCHEN TOWEL MULTI PURPOSE 80WARPS,LEELA MERCANTILE PVT. LTD.
STAYFREE ADVANCED ALL NIGHT ULTRA COMFORT BLACK XL 7PADS,CL TRADERS
STAYFREE DRY MAX ALL NIGHT ULTRA DRY XL  7PADS,CL TRADERS
STAYFREE DRY MAX ALL NIGHT ULTRA DRY XL 14 PADS,CL TRADERS
STAYFREE DRY MAX ALL NIGHT ULTRA DRY XL 28 PADS,CL TRADERS
STAYFREE SECURE COTTON SOFT REGULAR 20 PADS,CL TRADERS
STAYFREE SECURE COTTONY SOFT EXTRA LARGE 20PADS,CL TRADERS
STAYFREE SECURE EXTRA LARGE 6PADS,CL TRADERS
STAYFREE SECURE REGULAR 7PADS,CL TRADERS
STAYFREE SECURE XL ULTRA THIN 10PADS,CL TRADERS
STAYFREE SECURE XL ULTRA THIN 6PADS,CL TRADERS
STEVIOCAL 100 WHITE PELLETS 15GM,MEDLER PHARMACEUTICALS
STEVIOCAL ALL NATURAL STEVIA 200GM,MEDLER PHARMACEUTICALS
STEVIOCAL ALL NATURAL STEVIA 50GM,MEDLER PHARMACEUTICALS
STING ENERGY 250ML,CHIRANJIT LAL GUPTA & SONS (P) LTD
SUALIN COUGH & COLD 50 N BOTTLE,NATIONAL ENTERPRISES
SUGAR 1KG,NIHAL CHAND RAMLUBHAYA
SUGAR FREE GOLD 100 SACHETS,KANWAL AGENCIES
SUGAR FREE GOLD 110TAB,KANWAL AGENCIES
SUGAR FREE GOLD 200 SPOONS,KANWAL AGENCIES
SUGAR FREE GOLD 25 SACHETS,KANWAL AGENCIES
SUGAR FREE GOLD 300TAB,KANWAL AGENCIES
SUGAR FREE GOLD 500PELLETS,KANWAL AGENCIES
SUGAR FREE GOLD 50SACHET,KANWAL AGENCIES
SUGAR FREE GREEN 100GM,KANWAL AGENCIES
SUGAR FREE GREEN 100PELLETS,KANWAL AGENCIES
SUGAR FREE GREEN 300 PELLETS 30GM,KANWAL AGENCIES
SUGAR FREE GREEN 40PELLETS,KANWAL AGENCIES
SUGAR FREE NATURA 100 SACHETS,KANWAL AGENCIES
SUGAR FREE NATURA 100TAB,KANWAL AGENCIES
SUGAR FREE NATURA 200 SPOONS,KANWAL AGENCIES
SUGAR FREE NATURA 200PELLETS,KANWAL AGENCIES
SUGAR FREE NATURA 25SACHETS,KANWAL AGENCIES
SUGAR FREE NATURA 300FELLETS,KANWAL AGENCIES
SUGAR FREE NATURA 500TAB,KANWAL AGENCIES
SUGAR FREE NATURA 50SACHETS,KANWAL AGENCIES
SUGAR FREE NATURA DIET SUGAR 80GM,KANWAL AGENCIES
SUGAR FREE NATURA SWEET DROPS 200DROPS,KANWAL AGENCIES
SUGAR REWRI 400GM,KHALSA STORE
SUN KEWRA CULINARY ESSENCE 25ML,PEE KAY PLASTIC INDUSTRIES
SUNDROP HEART 5LTR,JAGDAMBA ENTERPRISES
SUNDROP HEART OIL 2LTR,JAGDAMBA ENTERPRISES
SUNDROP PEANUT BUTTER CREAMY 200GM,JAGDAMBA ENTERPRISES
SUNDROP PEANUT BUTTER CREAMY 462GM,JAGDAMBA ENTERPRISES
SUNDROP PEANUT BUTTER CREAMY 924GM,JAGDAMBA ENTERPRISES
SUNDROP PEANUT BUTTER CREAMY HONEY ROAST 200GM,JAGDAMBA ENTERPRISES
SUNDROP PEANUT BUTTER CRUNCHY 200GM,JAGDAMBA ENTERPRISES
SUNDROP PEANUT BUTTER CRUNCHY 462GM,JAGDAMBA ENTERPRISES
SUNDROP PEANUT BUTTER CRUNCHY HONEY ROAST 200GM,JAGDAMBA ENTERPRISES
SUNDROP PEANUT BUTTER REGULAR CRUNCHY 924GM,JAGDAMBA ENTERPRISES
SUNDROP SUPERLITE ADVANCED 1LTR,JAGDAMBA ENTERPRISES
SUNDROP SUPERLITE ADVANCED 2LTR,JAGDAMBA ENTERPRISES
SUNDROP SUPERLITE ADVANCED 5LTR,JAGDAMBA ENTERPRISES
SUNFEAST BOUNCE CHOCO TWIST 50GM,ESS ENN MARKETING
SUNFEAST BOUNCE CREAM CHOCO TWIST 100GM,ESS ENN MARKETING
SUNFEAST BOUNCE ELAICHI DELIGHT 100GM,ESS ENN MARKETING
SUNFEAST BOUNCE ELAICHI DELIGHT 50GM,ESS ENN MARKETING
SUNFEAST BOUNCE PINEAPPLE ZING 100GM,ESS ENN MARKETING
SUNFEAST BOUNCE TANGY ORANGE CREME BISCUITS 100GM,ESS ENN MARKETING
SUNFEAST BOUNCE TANGY ORANGE CREME BISCUITS 50GM,ESS ENN MARKETING
SUNFEAST BOURBON BLISS 150GM,ESS ENN MARKETING
SUNFEAST BOURBON BLISS 80GM,ESS ENN MARKETING
SUNFEAST DARK FANTASY CHOCO CREME 100GM,ESS ENN MARKETING
SUNFEAST DARK FANTASY CHOCO FILLS 20GM,ESS ENN MARKETING
SUNFEAST DARK FANTASY CHOCO FILLS 75GM,ESS ENN MARKETING
SUNFEAST DARK FANTASY CHOCO FILLS LUXURIA 150GM,ESS ENN MARKETING
SUNFEAST DARK FANTASY VANILLA CREME 100GM,ESS ENN MARKETING
SUNFEAST DARK FANTASY YUMFILLS CAKE 138GM,ESS ENN MARKETING
SUNFEAST DELISHUS COOKIES NUTS&RAISINS 75GM,ESS ENN MARKETING
SUNFEAST DIGESTIVE ALL GOOD FIBRE NO ADDED SUGAR,ESS ENN MARKETING
SUNFEAST DREAM CREAM BUTTER SCOTCH ZING 120GM,ESS ENN MARKETING
SUNFEAST DREAM CREAM CHOCO VANILLA 120GM,ESS ENN MARKETING
SUNFEAST DREAM CREAM STRAWBERRY VANILLA 120GM,ESS ENN MARKETING
SUNFEAST FARMLITE OATS & ALMONDS BISCUITS 150GM,ESS ENN MARKETING
SUNFEAST FARMLITE OATS & RAISINS BISCUITS 150GM,ESS ENN MARKETING
SUNFEAST FARMLITE OATS 150GM,ESS ENN MARKETING
SUNFEAST FARMLITE PORTEIN POWER 150GM,ESS ENN MARKETING
SUNFEAST FARMLITE PROTEIN POWER 100GM,ESS ENN MARKETING
SUNFEAST GLUCOSE BISCUITS 128GM,ESS ENN MARKETING
SUNFEAST GLUCOSE BISCUITS 250GM,ESS ENN MARKETING
SUNFEAST GLUCOSE BISCUITS 32GM,ESS ENN MARKETING
SUNFEAST GLUCOSE BISCUITS 64GM,ESS ENN MARKETING
SUNFEAST MARIE LIGHT OATS 120GM,ESS ENN MARKETING
SUNFEAST MARIE LIGHT ORANGE 120GM,ESS ENN MARKETING
SUNFEAST MARIE LIGHT RICH TASTE 200GM,ESS ENN MARKETING
SUNFEAST MARIE LIGHT RICH TASTE 85GM,ESS ENN MARKETING
SUNFEAST MOMS MAGIC CASHEW & ALMOND 200GM,ESS ENN MARKETING
SUNFEAST MOMS MAGIC CASHEW & ALMOND 66GM,ESS ENN MARKETING
SUNFEAST MOMS MAGIC FRUIT & MILK 200GM,ESS ENN MARKETING
SUNFEAST MOMS MAGIC FRUIT & MILK 58GM,ESS ENN MARKETING
SUNFEAST MOMS MAGIC NUT BISCOTTI 60GM,ESS ENN MARKETING
SUNFEAST MOMS MAGIC RICH BUTTER 250GM,ESS ENN MARKETING
SUNFEAST MOMS MAGIC RICH BUTTER 75GM,ESS ENN MARKETING
SUNFEAST NICE SUGAR BISCUIT 75GM,ESS ENN MARKETING
SUNFEAST NICE SUGAR SPRINKLED BISCUITS 150GM,ESS ENN MARKETING
SUNFEAST SNACKY CHILLI TWIST CRACKERS 64GM,ESS ENN MARKETING
SUNFEAST SNACKY SALTED CRACKERS 64GM,ESS ENN MARKETING
SUNFEAST YIPPEE ATTA NOODLES POWER UP MASALA 70GM,ESS ENN MARKETING
SUNFEAST YIPPEE NOODLES MAGIC MASALA 280GM,ESS ENN MARKETING
SUNFEAST YIPPEE NOODLES MAGIC MASALA 70GM,ESS ENN MARKETING
SUNFEAST YIPPEE NOODLES MOOD MASALA 280GM,ESS ENN MARKETING
SUNFEAST YIPPEE NOODLES MOOD MASALA 70GM,ESS ENN MARKETING
SUNFEAST YIPPEE TRICOLOR PASTA CREAMY CORN 70GM,ESS ENN MARKETING
SUNFEAST YIPPEE TRICOLOR PASTA MASALA 70GM,ESS ENN MARKETING
SUNFLOWER SEED ROASTED 100GM,KHALSA STORE
SUNSILK CONDITIONER LUSCIOUSLY THICK & LONG 80ML,GUPTA SONS
SUNSILK CONDITIONER LUSCIOUSLY THICK & LONG KERATIN YOGHURT 180ML,GUPTA SONS
SUNSILK CONDITIONER NOURISHING SOFT & SMOOTH 5 NATURAL OILS 180ML,GUPTA SONS
SUNSILK CONDITIONER NOURISING SOFT & SMOOTH 5NATURAL OILS 80ML,GUPTA SONS
SUNSILK CONDITIONER STUNNING BLACK SHINE AMLA PEARL COMPLEX 80ML,GUPTA SONS
SUNSILK SHAMPOO LONG & HEALTHY GROWTH BIOTIN 180ML,GUPTA SONS
SUNSILK SHAMPOO LONG & HEALTHY GROWTH BIOTIN 80ML,GUPTA SONS
SUNSILK SHAMPOO LONG & HEALTHY GROWTH BIOTIN GREEN 340ML,GUPTA SONS
SUNSILK SHAMPOO LUSCIOUSLY THICK & LONG KERATIN YOGHURT 340ML,GUPTA SONS
SUNSILK SHAMPOO LUSCIOUSLY THICK & LONG KERATIN YOGHURT 80ML,GUPTA SONS
SUNSILK SHAMPOO LUSCIOUSLY THICK & LONG KERATIN YOGHURT180ML,GUPTA SONS
SUNSILK SHAMPOO NOURISHING SOFT & SMOOTH 180ML,GUPTA SONS
SUNSILK SHAMPOO NOURISHING SOFT & SMOOTH 5NATURAL OILS 180ML,GUPTA SONS
SUNSILK SHAMPOO NOURISHING SOFT & SMOOTH 5NATURAL OILS 340ML,GUPTA SONS
SUNSILK SHAMPOO NOURISHING SOFT & SMOOTH 5NATURAL OILS 650ML,GUPTA SONS
SUNSILK SHAMPOO NOURISHING SOFT & SMOOTH 80ML,GUPTA SONS
SUNSILK SHAMPOO PERFECT STRAIGHT NEW 180ML,GUPTA SONS
SUNSILK SHAMPOO STUNNING BLACK SHINE 650ML,GUPTA SONS
SUNSILK SHAMPOO STUNNING BLACK SHINE AMLA PEARL COMPLESX 340ML,GUPTA SONS
SUNSILK SHAMPOO STUNNING BLACK SHINE AMLA PEARL COMPLEX 180ML,GUPTA SONS
SUNSILK SHAMPOO STUNNING BLACK SHINE AMLA PEARL COMPLEX 80ML,GUPTA SONS
SURF EXCEL BAR 150GM,GUPTA SONS
SURF EXCEL BAR 250GM,GUPTA SONS
SURF EXCEL BAR 4X200GM,GUPTA SONS
SURF EXCEL BAR 95GM,GUPTA SONS
SURF EXCEL DETERGENT LIQUID 1.50ML,GUPTA SONS
SURF EXCEL DETERGENT LIQUID 200ML,GUPTA SONS
SURF EXCEL DETERGENT LIQUID 500ML,GUPTA SONS
SURF EXCEL EASY WASH POWDER 80GM,GUPTA SONS
SURF EXCEL EASYWASH POWDER 1.5KG,GUPTA SONS
SURF EXCEL EASYWASH POWDER 1KG,GUPTA SONS
SURF EXCEL EASYWASH POWDER 200GM,GUPTA SONS
SURF EXCEL EASYWASH POWDER 3KG,GUPTA SONS
SURF EXCEL EASYWASH POWDER 4KG,GUPTA SONS
SURF EXCEL EASYWASH POWDER 500GM,GUPTA SONS
SURF EXCEL MATIC FRONT LOAD 1KG,GUPTA SONS
SURF EXCEL MATIC FRONT LOAD 500GM,GUPTA SONS
SURF EXCEL MATIC FRONT LOAD BOX1KG,GUPTA SONS
SURF EXCEL MATIC FRONT LOAD BOX2KG,GUPTA SONS
SURF EXCEL MATIC LIQUID FRONT LOAD 1LTR,GUPTA SONS
SURF EXCEL MATIC LIQUID FRONT LOAD 500ML,GUPTA SONS
SURF EXCEL MATIC LIQUID TOP LOAD 1LTR,GUPTA SONS
SURF EXCEL MATIC LIQUID TOP LOAD 500ML,GUPTA SONS
SURF EXCEL MATIC TOP LOAD BOX 1KG,GUPTA SONS
SURF EXCEL MATIC TOP LOAD BOX 2X1KG=2KG,GUPTA SONS
SURF EXCEL MATIC TOP LOAD POWDER 500GM,GUPTA SONS
SURF EXCEL QUICK WASH POWDER 65GM,GUPTA SONS
SURF EXCEL QUICKWASH POWDER 1KG,GUPTA SONS
SURF EXCEL QUICKWASH POWDER 2KG,GUPTA SONS
SURF EXCEL QUICKWASH POWDER 500GM,GUPTA SONS
SWADESHI DALIA 500GM,SWADESHI GRAM ODYOG
SWEET CORN (AMERICAN) 1KG,SRAKSHI ENTERPRISES
SWEET MAKHANA 250GM,KHALSA STORE
SWISS NATUREN CHICKEN MALAI KEBAB 500GM,MK SALES
SWISS NATUREN CHICKEN NUGGETS 400GM,MK SALES
SWISS NATUREN CHICKEN SAUSAGE 400GM,MK SALES
SWISS NATUREN CHICKEN TANDOORI KABAB 500GM,MK SALES
SWISS NATUREN OVEN ROASTED CHICKEN WINGS SMOKY BBQ 500GM,MK SALES
TABASCO PEPPER SAUCE 60ML,JAGAT SINGH & SONS AGENCIES
TANG LEMON 100GM,JAGAT SINGH & SONS AGENCIES
TANG MANGO 100GM,JAGAT SINGH & SONS AGENCIES
TANG MIXED BOTTLE 4X125GM,JAGAT SINGH & SONS AGENCIES
TANG ORANGE 100GM,JAGAT SINGH & SONS AGENCIES
TANG ORANGE 500GM,JAGAT SINGH & SONS AGENCIES
TASTY FRESH AJWAIN PARANTHA 400GM,FOOD GALLERY 
TASTY FRESH ALOO PARANTHA 400GM,FOOD GALLERY 
TASTY FRESH MALABAR PARANTHA 300GM,FOOD GALLERY 
TASTY FRESH METHI PARANTHA 400GM,FOOD GALLERY 
TASTY FRESH VEGETABLE SAMOSAS 240GM,FOOD GALLERY 
TASTY FRESH VEGETABLE SPRING ROLL 280GM,FOOD GALLERY 
TATA COFFEE GRAND GRAND 4GM,REHMAT SALES
TATA SALT 1KG,GOYAL BROTHERS
TATA SALT LITE 1KG,GOYAL BROTHERS
TATA TEA AGNI 100GM,SUPER DISTRIBUTION NETWORK
TATA TEA AGNI 1KG,REHMAT SALES
TATA TEA AGNI 250GM,REHMAT SALES
,SUPER DISTRIBUTION NETWORK
TATA TEA AGNI 250GM Total,
TATA TEA AGNI 500GM,REHMAT SALES
,SUPER DISTRIBUTION NETWORK
TATA TEA AGNI 500GM Total,
TATA TEA ELAICHI CHAI 250GM,REHMAT SALES
,SUPER DISTRIBUTION NETWORK
TATA TEA ELAICHI CHAI 250GM Total,
TATA TEA ELAICHI CHAI 75GM,REHMAT SALES
TATA TEA GOLD 1KG,REHMAT SALES
TATA TEA GOLD 250GM,REHMAT SALES
TATA TEA GOLD 500GM,REHMAT SALES
,SUPER DISTRIBUTION NETWORK
TATA TEA GOLD 500GM Total,
TATA TEA PREMIUM 100BAGS,REHMAT SALES
TATA TEA PREMIUM 100GM,REHMAT SALES
TATA TEA PREMIUM 1KG,REHMAT SALES
TATA TEA PREMIUM 250GM,REHMAT SALES
TATA TEA PREMIUM 500GM,REHMAT SALES
,SUPER DISTRIBUTION NETWORK
TATA TEA PREMIUM 500GM Total,
TEJ PATTA 10GM,KHALSA STORE
TETLEY GREEN TEA 10BAGS,SUPER DISTRIBUTION NETWORK
TETLEY GREEN TEA GINGER MINT & LEMON 100BAGS,SUPER DISTRIBUTION NETWORK
TETLEY GREEN TEA GINGER MINT & LEMON 10BAGS,REHMAT SALES
,SUPER DISTRIBUTION NETWORK
TETLEY GREEN TEA GINGER MINT & LEMON 10BAGS Total,
TETLEY GREEN TEA GINGER MINT & LEMON 30BAGS,REHMAT SALES
TETLEY GREEN TEA LEMON & HONEY 100BAGS,REHMAT SALES
,SUPER DISTRIBUTION NETWORK
TETLEY GREEN TEA LEMON & HONEY 100BAGS Total,
TETLEY GREEN TEA LEMON & HONEY 10BAGS,REHMAT SALES
TETLEY GREEN TEA LEMON & HONEY 25BAGS,REHMAT SALES
,SUPER DISTRIBUTION NETWORK
TETLEY GREEN TEA LEMON & HONEY 25BAGS Total,
TETLEY GREEN TEA PURE ORIGINAL 25BAGS,REHMAT SALES
TETLEY GREEN TEA WEBLING IN EVERY SIP 100BAGS,REHMAT SALES
TETLEY SUPER GREEN TEA CITRUS & HONEY 30BAGS,REHMAT SALES
TETLEY SUPER GREEN TEA IMMUNE LIME & MINT 30BAGS,REHMAT SALES
TETLEY TEA 100BAGS,REHMAT SALES
,SUPER DISTRIBUTION NETWORK
TETLEY TEA 100BAGS Total,
TETLEY TEA 25BAGS,SUPER DISTRIBUTION NETWORK
THUMS UP BOTTLE 1.25LTR,CHANDIGARH BOTTLING COMPANY 
THUMS UP BOTTLE 2LTR,CHANDIGARH BOTTLING COMPANY 
THUMS UP BOTTLE 750ML,CHANDIGARH BOTTLING COMPANY 
THUMS UP CAN 300ML,CHANDIGARH BOTTLING COMPANY 
THUMS UP CHARGED 300ML,CHANDIGARH BOTTLING COMPANY 
THUMS UP CHARGED 500ML,CHANDIGARH BOTTLING COMPANY 
TIC TAC APPLE TREAT 10GM,KAY KAY ENTERPRISES
TIC TAC MINT RS.10,KAY KAY ENTERPRISES
TIC TAC ORANGE FLAVOURED RS.10,KAY KAY ENTERPRISES
TIC TAC SAUNF FLAVOUR 9.7GM,KAY KAY ENTERPRISES
TIC TAC STRAWBERRY FIELDS 12GM,KAY KAY ENTERPRISES
TIDE LEMON & MINT 1KG,NIRMAN ASSOCIATES
TIDE LEMON & MINT 2KG,NIRMAN ASSOCIATES
TIDE LEMON & MINT 500GM,NIRMAN ASSOCIATES
TIDE LEMON & MINT 6KG,NIRMAN ASSOCIATES
TIDE NATURALS LEMON & CHANDAN 500GM,NIRMAN ASSOCIATES
TIDE NATURALS LEMON & CHANDAN 800GM,NIRMAN ASSOCIATES
TIDE PLUS JASMINE & ROSE 1KG,NIRMAN ASSOCIATES
TIDE PLUS JASMINE & ROSE 2KG,NIRMAN ASSOCIATES
TIDE PLUS JASMINE & ROSE 4KG,NIRMAN ASSOCIATES
TIDE PLUS JASMINE & ROSE 500GM,NIRMAN ASSOCIATES
TIDE PLUS JASMINE & ROSE 6KG,NIRMAN ASSOCIATES
TIDE PLUS POWDER 1KG,NIRMAN ASSOCIATES
TIDE PLUS POWDER 2KG,NIRMAN ASSOCIATES
TIDE PLUS POWDER 4KG,NIRMAN ASSOCIATES
TIDE PLUS POWDER 500GM,NIRMAN ASSOCIATES
TIDE POWER JASMINE & ROSE 1KG,NIRMAN ASSOCIATES
TIDE POWER JASMINE & ROSE 2KG,NIRMAN ASSOCIATES
TILSONA TIL OIL 1LTR,KANWAL AGENCIES
TILSONA TIL OIL 200ML,KANWAL AGENCIES
TILSONA TIL OIL 500ML,KANWAL AGENCIES
TOOTH PICK RS.14,KHALSA STORE
TOP ATTA NOODLES WITH5VEGGIES 70GM,FRIENDS AGENCY
TOP RAMEN CURRY VEG 70GM,FRIENDS AGENCY
TOP RAMEN CURRY VEG NOODLES 280GM,FRIENDS AGENCY
TOP RAMEN MASALA 420GM,FRIENDS AGENCY
TOP RAMEN MORE MASALA 140GM,FRIENDS AGENCY
TOP RAMEN MORE MASALA 280GM,FRIENDS AGENCY
TOP RAMEN MORE MASALA 70GM,FRIENDS AGENCY
TOPS DELA PICKLE 400GM,ESS ENN MARKETING
TOPS GARLIC  PICKLE 400GM,ESS ENN MARKETING
TOPS GREEN CHILLI PICKLE 400GM,ESS ENN MARKETING
TOPS MIXED FRUIT JAM 200GM,ESS ENN MARKETING
TOPS MIXED FRUIT JAM 500GM,ESS ENN MARKETING
TOPS MIXED PICKLE 500GM,ESS ENN MARKETING
TOPS PLAIN NOODLES 400GM,RUHANI ENTERPRISES
TOPS RED CHILLI SAUCE 200GM,ESS ENN MARKETING
TOPS SWEET LIME PICKLE 400GM,ESS ENN MARKETING
TOPS VINEGAR BROWN NON FRUIT 610ML,RUHANI ENTERPRISES
TOPS VINEGAR NON FRUIT 610ML,RUHANI ENTERPRISES
TREAT MILK RUSK CRISPY N CRUNCHY ROUND 400GM,MODERN AGENCIES
TREAT MILK RUSK EXTRA CRISPY 400GM,MODERN AGENCIES
TRESEMME CONDITIONER BOTANIQUE DETOX & RESTORE 190ML,GUPTA SONS
TRESEMME CONDITIONER BOTANIQUE DETOX & RESTORE 85ML,GUPTA SONS
TRESEMME CONDITIONER CLIMATE CONTROL 190ML,GUPTA SONS
TRESEMME CONDITIONER HAIR FALL CONTROL HAIR FALL EFENSE 190ML,GUPTA SONS
TRESEMME CONDITIONER HAIR FALL DEFENSE 80ML,GUPTA SONS
TRESEMME CONDITIONER KERATIN SMOOTH FOR STRAIGHTER SHINY HAIR 190ML,GUPTA SONS
TRESEMME CONDITIONER KERATIN SMOOTH FOR STRAIGHTER SHINY HAIR 80ML,GUPTA SONS
TRESEMME CONDITIONER NURUSH & REPLENISH 190ML,GUPTA SONS
TRESEMME CONDITIONER SMOOTH & SHINE 190ML,GUPTA SONS
TRESEMME CONDITIONER SMOOTH & SHINE 85ML,GUPTA SONS
TRESEMME SHAMPOO BEAUTYFULL VOLUME STEP1 85ML,GUPTA SONS
TRESEMME SHAMPOO BEAUTYFULL VOLUME STEP2 190ML,GUPTA SONS
TRESEMME SHAMPOO BEAUTYFULL VOLUME STEP2 580ML,GUPTA SONS
TRESEMME SHAMPOO BEAUTYFULL VOLUME STEP2 80ML,GUPTA SONS
TRESEMME SHAMPOO BOTANIQUE BETOX & RESTORE 190ML,GUPTA SONS
TRESEMME SHAMPOO BOTANIQUE DETOX & RESTORE 80ML,GUPTA SONS
TRESEMME SHAMPOO CLIMATE CONTROL 190ML,GUPTA SONS
TRESEMME SHAMPOO CLIMATE CONTROL 85ML,GUPTA SONS
TRESEMME SHAMPOO HAIR FALL CONTROL DEFENSE 190ML,GUPTA SONS
TRESEMME SHAMPOO HAIR FALL DEFENSE 190ML,GUPTA SONS
TRESEMME SHAMPOO HAIR FALL DEFENSE 90ML,GUPTA SONS
TRESEMME SHAMPOO IONIC STRENGTH 190ML,GUPTA SONS
TRESEMME SHAMPOO KERATIN SMOOTH 90ML,GUPTA SONS
TRESEMME SHAMPOO KERATIN SMOOTH FOR STRAIGHTER SHINY HAIR 190ML,GUPTA SONS
TRESEMME SHAMPOO KERATIN SMOOTH FOR STRAIGHTER SHINY HAIR 580ML,GUPTA SONS
TRESEMME SHAMPOO KERATIN SMOOTH FOR STRAIGHTER SHINY HAIR 80ML,GUPTA SONS
TRESEMME SHAMPOO NURUSH & REPLENISH 580ML,GUPTA SONS
TRESEMME SHAMPOO SMOOTH & SHINE 580ML+ SMOOTH & SHINE CONDITIONER 85ML+STYLING KIT FREE,GUPTA SONS
TRESEMME SHAMPOO SMOOTH & SHINE 90ML,GUPTA SONS
TRESEMME SHAMPOO SMOOTH & SHINE SALON SILK MOISTURE 190ML,GUPTA SONS
TRESEMME SHAMPOO SPA REJUVENATION NOURISH & REVIVE 200ML,GUPTA SONS
TRESEMME SHAMPOO SPA REJUVENATION NOURISH & REVIVE+SPA CONDITIONER+HAIR STYLING KIT FREE,GUPTA SONS
TROPICANA 100% APPLE JUICE 1LTR,GRACE DRINKS PRIVATE LIMITED
,GRACE SALES PVT LTD
TROPICANA 100% APPLE JUICE 1LTR Total,
TROPICANA 100% APPLE JUICE 200ML,GRACE DRINKS PRIVATE LIMITED
TROPICANA 100% JUICE GRAPE 1LTR,GRACE DRINKS PRIVATE LIMITED
,GRACE SALES PVT LTD
TROPICANA 100% JUICE GRAPE 1LTR Total,
TROPICANA 100% JUICE MIXED FRUIT 1LTR,GRACE DRINKS PRIVATE LIMITED
,GRACE SALES PVT LTD
TROPICANA 100% JUICE MIXED FRUIT 1LTR Total,
TROPICANA 100% JUICE MIXED FRUIT 200ML,GRACE DRINKS PRIVATE LIMITED
TROPICANA 100% JUICE ORANGE 1LTR,GRACE DRINKS PRIVATE LIMITED
,GRACE SALES PVT LTD
TROPICANA 100% JUICE ORANGE 1LTR Total,
TROPICANA 100% JUICE ORANGE 200ML,GRACE DRINKS PRIVATE LIMITED
TROPICANA JUICE APPLE 1LTR,GRACE DRINKS PRIVATE LIMITED
,GRACE SALES PVT LTD
TROPICANA JUICE APPLE 1LTR Total,
TROPICANA JUICE APPLE 200ML,GRACE DRINKS PRIVATE LIMITED
TROPICANA JUICE CRANBERRY 1LTR,GRACE DRINKS PRIVATE LIMITED
,GRACE SALES PVT LTD
TROPICANA JUICE CRANBERRY 1LTR Total,
TROPICANA JUICE ESSENTIALS FRUIT & VEGGIES APPLE/BEETROOT/CARROT 200ML,GRACE DRINKS PRIVATE LIMITED
TROPICANA JUICE ESSENTIALS IRON MIXED FRUIT 1LTR,GRACE DRINKS PRIVATE LIMITED
TROPICANA JUICE GUAVA 1LTR,GRACE DRINKS PRIVATE LIMITED
,GRACE SALES PVT LTD
TROPICANA JUICE GUAVA 1LTR Total,
TROPICANA JUICE GUAVA 200ML,GRACE DRINKS PRIVATE LIMITED
,GRACE SALES PVT LTD
TROPICANA JUICE GUAVA 200ML Total,
TROPICANA JUICE LITCHI 1LTR,GRACE DRINKS PRIVATE LIMITED
,GRACE SALES PVT LTD
TROPICANA JUICE LITCHI 1LTR Total,
TROPICANA JUICE LITCHI 200ML,GRACE DRINKS PRIVATE LIMITED
,GRACE SALES PVT LTD
TROPICANA JUICE LITCHI 200ML Total,
TROPICANA JUICE MANGO 1LTR,GRACE DRINKS PRIVATE LIMITED
,GRACE SALES PVT LTD
TROPICANA JUICE MANGO 1LTR Total,
TROPICANA JUICE MANGO 200ML,GRACE DRINKS PRIVATE LIMITED
,GRACE SALES PVT LTD
TROPICANA JUICE MANGO 200ML Total,
TROPICANA JUICE MIXED FRUIT 1LTR,GRACE DRINKS PRIVATE LIMITED
TROPICANA JUICE MIXED FRUIT 200ML,GRACE DRINKS PRIVATE LIMITED
,GRACE SALES PVT LTD
TROPICANA JUICE MIXED FRUIT 200ML Total,
TROPICANA JUICE MOSAMBI 1LTR,GRACE DRINKS PRIVATE LIMITED
TROPICANA JUICE MOSAMBI 200ML,GRACE DRINKS PRIVATE LIMITED
TROPICANA JUICE ORANGE 1LTR,GRACE DRINKS PRIVATE LIMITED
,GRACE SALES PVT LTD
TROPICANA JUICE ORANGE 1LTR Total,
TROPICANA JUICE ORANGE 200ML,GRACE DRINKS PRIVATE LIMITED
TROPICANA JUICE PINEAPPLE 1LTR,GRACE DRINKS PRIVATE LIMITED
TROPICANA JUICE PINEAPPLE 200ML,GRACE DRINKS PRIVATE LIMITED
TROPICANA JUICE POMEGRANATE 1LTR,GRACE DRINKS PRIVATE LIMITED
,GRACE SALES PVT LTD
TROPICANA JUICE POMEGRANATE 1LTR Total,
TROPICANA JUICE POMEGRANATE 200ML,GRACE DRINKS PRIVATE LIMITED
TROPICANA JUICE TOMATO 1LTR,GRACE DRINKS PRIVATE LIMITED
TURKEL DRIED APRICOTS 200GM,KHALSA STORE
TURKEL DRIED APRICOTS 400GM,KHALSA STORE
TWINING CLASSIC  EARL GREY TEA 100BAGS,MK TRADERS
TWINING CLASSIC  EARL GREY TEA 25BAGS,JAGDAMBA TRADING CO.
,MK TRADERS
TWINING CLASSIC  EARL GREY TEA 25BAGS Total,
TWINING CLASSIC ASSAM TEA 100 BAGS,MK TRADERS
TWINING CLASSIC ASSAM TEA 25BAGS,MK TRADERS
TWINING CLASSICS ENGLISH BREAKFAST TEA 100 TEA BAGS,MK TRADERS
TWINING ENGLISH BREAKFAST TEA 25BAGS,MK TRADERS
TWINING GREEN TEA & LEMON 100BAGS,MK TRADERS
TWINING GREEN TEA & LEMON 25BAGS,JAGDAMBA TRADING CO.
,MK TRADERS
TWINING GREEN TEA & LEMON 25BAGS Total,
TWINING GREEN TEA 25BAGS,MK TRADERS
TWINING GREEN TEA EARL GREY 25BAGS,MK TRADERS
TWINING GREEN TEA LEMON & HONEY 25BAGS,JAGDAMBA TRADING CO.
,MK TRADERS
TWINING GREEN TEA LEMON & HONEY 25BAGS Total,
TWINING LEMON FLAVOURED TEA 100 BAGS,MK TRADERS
TWINING LEMON FLAVOURED TEA 25 BAG,MK TRADERS
TWINING PURE CAMOMILE 25 TEA BAGS,MK TRADERS
TWININGS TEA LEMON & GINGER 25SACHETS,JAGDAMBA TRADING CO.
,MK TRADERS
TWININGS TEA LEMON & GINGER 25SACHETS Total,
TWIX CHOCOLATE 50GM,KANWAL AGENCIES
UNCLE CHIPS PLAIN SALTED 66GM,GRACE DRINKS PRIVATE LIMITED
,GRACE SALES PVT LTD
UNCLE CHIPS PLAIN SALTED 66GM Total,
UNCLE CHIPS SPICY TREAT 55GM,GRACE DRINKS PRIVATE LIMITED
,GRACE SALES PVT LTD
UNCLE CHIPS SPICY TREAT 55GM Total,
UNCLEAN SUPER ACTION TOILET BRUSH,JAIN BARTAN STORE
UNIBIC BUTTER COOKIES 150GM,ISHIRA OVERSEAS
UNIBIC BUTTER COOKIES 75GM,ISHIRA OVERSEAS
UNIBIC BUTTER COOKIES FAMILY 150GM,ISHIRA OVERSEAS
UNIBIC CASHEW COOKIES 150GM,ISHIRA OVERSEAS
UNIBIC CASHEW COOKIES 75GM,ISHIRA OVERSEAS
UNIBIC CASHEW COOKIES FAMILY150GM,ISHIRA OVERSEAS
UNIBIC CHOCO CHIP COOKIES 150GM,ISHIRA OVERSEAS
UNIBIC CHOCO CHIP COOKIES 75GM,ISHIRA OVERSEAS
UNIBIC CHOCO CHIP COOKIES FAMILY 150GM,ISHIRA OVERSEAS
UNIBIC CHOCO NUT COOKIES 150GM,ISHIRA OVERSEAS
UNIBIC CHOCO NUT COOKIES 75GM,ISHIRA OVERSEAS
UNIBIC CHOCO NUT COOKIES DISPLAY 150GM,ISHIRA OVERSEAS
UNIBIC CHOCO RIPPLE COOKIES 75GM,ISHIRA OVERSEAS
UNIBIC DOOSRA JEERA COOKIES 150GM,ISHIRA OVERSEAS
UNIBIC DOOSRA JEERA COOKIES 75GM,ISHIRA OVERSEAS
UNIBIC FRUIT & NUT COOKIES 75GM,ISHIRA OVERSEAS
UNIBIC FRUIT & NUT COOKIES FAMILY 150GM,ISHIRA OVERSEAS
UNIBIC FRUIT & NUT COOKIES FAMILY150GM,ISHIRA OVERSEAS
UNIBIC GINGER NUT COOKIES 75GM,ISHIRA OVERSEAS
UNIBIC GLUTEN FREE RICE & CORN COOKIES 75GM,ISHIRA OVERSEAS
UNIBIC HONEY & OATMEAL COOKIES 75GM,ISHIRA OVERSEAS
UNIBIC HONEY & OATMEAL COOKIES FAMILY PACK 150GM,ISHIRA OVERSEAS
UNIBIC MILK COOKIES FAMILY 200GM,ISHIRA OVERSEAS
UNIBIC MULTIGARIN BREAKFAST COOKIES 75GM,ISHIRA OVERSEAS
UNIBIC OATMEAL DIGESIIVE COOKIES BUY1GET1 FREE 150GM,ISHIRA OVERSEAS
UNIBIC OATS COOKIES 75GM,ISHIRA OVERSEAS
UNIBIC ORANGE MILK COOKIES 62GM,ISHIRA OVERSEAS
UNIBIC PISTA BADAM COOKIES 150GM,ISHIRA OVERSEAS
UNIBIC PISTA BADAM COOKIES 75GM,ISHIRA OVERSEAS
UNIBIC PISTA BADAM COOKIES FAMILY PACK 150GM,ISHIRA OVERSEAS
UNIBIC RAGI COOKIES 75GM,ISHIRA OVERSEAS
UNIBIC SUGARFEEE PINEAPPLE COOKIES 75GM,ISHIRA OVERSEAS
UNIBIC SUGARFREE BUTTER COOKIES 75GM,ISHIRA OVERSEAS
UNIBIC SUGARFREE CASHEW COOKIES 75GM,ISHIRA OVERSEAS
UNIBIC SUGARFREE MULTIGRAIN COOKIES 75GM,ISHIRA OVERSEAS
UNIBIC SUGARFREE OATMEAL COOKIES 75GM,ISHIRA OVERSEAS
UNIBIC SUGARFREE VANILLA CREAM COOKIES 75GM,ISHIRA OVERSEAS
UNICLEAN DOUBLE ACTION TOILET BRUSH,JAIN BARTAN STORE
UTTAM BROWN SUGAR CUBES 450GM,MODERN BRITE
UTTAM BURA SUGAR 500GM,MODERN BRITE
UTTAM NATURAL BROWN SUGAR 1KG,AGGARWAL ENTERPRISES
,MODERN BRITE
UTTAM NATURAL BROWN SUGAR 1KG Total,
UTTAM SULPHUR FREE SUGAR 1KG,MODERN BRITE
UTTAM SULPHUR FREE SUGAR 5KG,AGGARWAL ENTERPRISE
,AGGARWAL ENTERPRISES
UTTAM SULPHUR FREE SUGAR 5KG Total,
UTTAM SULPHURLESS ICIING SUGAR 1KG,MODERN BRITE
UTTAM SULPHURLESS SUPERFINE SUGAR 1KG,AGGARWAL ENTERPRISE
,AGGARWAL ENTERPRISES
,MODERN BRITE
UTTAM SULPHURLESS SUPERFINE SUGAR 1KG Total,
UTTAM WHITE SUGAR CUBES 500GM,MODERN BRITE
V WASH HYGIENE TRAVEL PACK 20ML+5WIPES,JOHAR ENTERPRISES
V WASH SEA BUCKTHORN OIL & TEA TREE OIL 100ML,JOHAR ENTERPRISES
V WASH SEA BUCKTHORN OIL & TEA TREE OIL 200ML,JOHAR ENTERPRISES
VANISH OXI ACTION 100GM,GR ENTERPRISES
VANISH OXI ACTION 180ML,GR ENTERPRISES
VANISH OXI ACTION 400GM,GR ENTERPRISES
VANISH OXI ACTION 400ML,GR ENTERPRISES
VANISH OXI ACTION 800ML,GR ENTERPRISES
VANISH OXI ACTION CRYSTAL WHITE 180ML,GR ENTERPRISES
VANISH SHAKTI O2 PLUS POWDER 30GM,GR ENTERPRISES
VARDHAN BESAN 1KG,LAKSHAY TRADERS
VARDHAN BESAN 500GM,LAKSHAY TRADERS
VARDHAN DALIA 400GM,LAKSHAY TRADERS
VARDHAN MAIDA 500GM,LAKSHAY TRADERS
VARDHAN POHA 500GM,LAKSHAY TRADERS
VARDHAN SOOJI 500GM,LAKSHAY TRADERS
VASELINE ALOE FRESH LOTION 200ML,GUPTA SONS
VASELINE ALOE FRESH LOTION 300ML,GUPTA SONS
VASELINE HEALTHY WHITE COMPLETE 10 100ML,GUPTA SONS
VASELINE HEALTHY WHITE COMPLETE 10 200ML,GUPTA SONS
VASELINE HEALTHY WHITE COMPLETE 10 300ML,GUPTA SONS
VASELINE HEALTHY WHITE LIGHTENING LOTION 100ML,GUPTA SONS
VASELINE HEALTHY WHITE LIGHTENING LOTION 200ML,GUPTA SONS
VASELINE HEALTHY WHITE LIGHTENING LOTION 300ML,GUPTA SONS
VASELINE HEALTHY WHITE LIGHTENING LOTION 40ML,GUPTA SONS
VASELINE HEALTHY WHITE SPF24 100ML,GUPTA SONS
VASELINE HEALTHY WHITE SPF24 300ML,GUPTA SONS
VASELINE INTENSIVE CARE ADVANCED REPAIR 100ML,GUPTA SONS
VASELINE INTENSIVE CARE ADVANCED REPAIR 300ML,GUPTA SONS
VASELINE INTENSIVE CARE ALOE SOOTHE DRY SKIN 100ML,GUPTA SONS
VASELINE INTENSIVE CARE COCOA GLOW 100ML,GUPTA SONS
VASELINE INTENSIVE CARE COCOA GLOW 300ML,GUPTA SONS
VASELINE INTENSIVE CARE DEEP RESTORE 100ML,GUPTA SONS
VASELINE INTENSIVE CARE DEEP RESTORE 200ML,GUPTA SONS
VASELINE INTENSIVE CARE DEEP RESTORE 300ML,GUPTA SONS
VASELINE INTENSIVE CARE DEEP RESTORE DRY SKIN PUMP 400ML,GUPTA SONS
VASELINE INTENSIVE CARE RESTORE DRY SKIN 40ML,GUPTA SONS
VASELINE LIP CARE ROSY LIPS 10GM,GUPTA SONS
VASELINE PURE SKIN JELLY ORIGINAL 25ML,GUPTA SONS
VASELINE PURE SKIN JELLY ORIGINAL 50ML,GUPTA SONS
VEEBA AMERICAM MUSTARD SAUCE 310GM,ZOYA ENTERPRISES
VEEBA BARBEQUE SAUCE 330GM,ZOYA ENTERPRISES
VEEBA BURGER MAYONNAISE EGGLESS 280GM,ZOYA ENTERPRISES
VEEBA CAESAR DRESSING 300GM,ZOYA ENTERPRISES
VEEBA CARROT & CUCUMBER SANDWICH SPREAD 280GM,ZOYA ENTERPRISES
VEEBA CHEESE & JALAPENO DIP 300GM,ZOYA ENTERPRISES
VEEBA CHEESE & MUSHROOM SANDWICH SPREAD 280GM,ZOYA ENTERPRISES
VEEBA CHEESE &CHILLISANDWICH SPREAD 275GM,ZOYA ENTERPRISES
VEEBA CHILLI MAYONNAISE EGGLESS 275GM,ZOYA ENTERPRISES
VEEBA CHILLI OREGANO SAUCE 350GM,ZOYA ENTERPRISES
VEEBA CHIPOTLE SOUTHWEST DRESSING 300GM,ZOYA ENTERPRISES
VEEBA CLASSIC MAYONNAISE 275GM,ZOYA ENTERPRISES
VEEBA DIET SMART MAYONNAISE EGGLESS 275GM,ZOYA ENTERPRISES
VEEBA GARLIC CHILLI SPREAD & DIP 335GM,ZOYA ENTERPRISES
VEEBA GARLIC MAYONNAISE 280GM,ZOYA ENTERPRISES
VEEBA HARISSA DRESSING 280GM,ZOYA ENTERPRISES
VEEBA HONEY MUSTARD DRESSING 300GM,ZOYA ENTERPRISES
VEEBA MARINARA PIZZA & PASTA SAUCE 310GM,ZOYA ENTERPRISES
VEEBA MAYONNAISE EGGLESS 275GM,ZOYA ENTERPRISES
VEEBA MINT MAYONNAISA 300GM,ZOYA ENTERPRISES
VEEBA OLIVE OIL MAYONNAISE 300GM,ZOYA ENTERPRISES
VEEBA PASTA & PIZZA SAUCE 310GM,ZOYA ENTERPRISES
VEEBA PERI PERI SAUCE 300GM,ZOYA ENTERPRISES
VEEBA PIZZA TOPPING 310GM,ZOYA ENTERPRISES
VEEBA PIZZA-ON-A-SLICE SANDWICH SPREAD 310GM,ZOYA ENTERPRISES
VEEBA RANCH DRESSING 300GM,ZOYA ENTERPRISES
VEEBA SALSA 360GM,ZOYA ENTERPRISES
VEEBA SRIRACHA SAUCE 320GM,ZOYA ENTERPRISES
VEEBA SWEET CHILLI SAUCE 350GM,ZOYA ENTERPRISES
VEEBA SWEET ONION SAUCE 300GM,ZOYA ENTERPRISES
VEEBA TARTARE DIP 300GM,ZOYA ENTERPRISES
VEEBA TERIYAKI SAUCE 350GM,ZOYA ENTERPRISES
VEEBA THOUSAND ISLAND DRESSING 300GM,ZOYA ENTERPRISES
VEEBA THOUSAND ISLAND SANDWICH SPREAD 280GM,ZOYA ENTERPRISES
VEEBA VINAIGRETTE SALAD SAUCE 320GM,ZOYA ENTERPRISES
VEEBA WHITE PASTA DRESSING 285GM,ZOYA ENTERPRISES
VEET EASYGRIP WAX KIT SENSITIVE SKIN 20WAX,GR ENTERPRISES
VEET HAIR REMOVAL CREAM  NORMAL SKIN LOTUS MILK & JASMINE 60GM,GR ENTERPRISES
VEET HAIR REMOVAL CREAM BRIGHTENING NORMAL TO DRY SKIN 60GM,GR ENTERPRISES
VEET HAIR REMOVAL CREAM BRIGHTENING SENSITIVE SKIN 25GM,GR ENTERPRISES
VEET HAIR REMOVAL CREAM BRIGHTENING SENSITIVE SKIN 60GM,GR ENTERPRISES
VEET HAIR REMOVAL CREAM SENSITIVE SKIN 25GM,GR ENTERPRISES
VEET HAIR REMOVAL CREAM SENSTIVE SKIN 100GM,GR ENTERPRISES
VEET HAIR REMOVAL CREAM SILK & FRESH DRY SKIN 25GM,GR ENTERPRISES
VEET HAIR REMOVAL CREAM SILK & FRESH NORMAL SKIN 25GM,GR ENTERPRISES
VEET HAIR REMOVAL CREAM SILK & FRESH NORMAL SKIN 50GM,GR ENTERPRISES
VEET HAIR REMOVAL CREAM SILK & FRESH SENSITIVE SKIN 25GM,GR ENTERPRISES
VEET HAIR REMOVAL CREAM SILK & FRESH SENSITIVE SKIN 50GM,GR ENTERPRISES
VEET HAIR REMOVAL CREAM SILK & FRESH SUPREM ESSENC 50GM,GR ENTERPRISES
VEET HAIR REMOVAL CREAM SILK & FRESH SUPREM ESSENCE 25GM,GR ENTERPRISES
VEETA DAY MILK TOAST 3X200GM,ABS ENTERPRISES
VEETA DAY MILK TOAST 400GM,ABS ENTERPRISES
VEGA BATH ACC 1/4,EM ARR TRADERS
VEGA BATH ACC RS.110,EM ARR TRADERS
VEGA BATH ACC RS.120,EM ARR TRADERS
VEGA BATH ACC RS.140,EM ARR TRADERS
VEGA BATH ACC RS.175,EM ARR TRADERS
VEGA BATH ACC RS.250,EM ARR TRADERS
VEGA BATH ACC RS.70,EM ARR TRADERS
VEGA BATH ACC RS.99,EM ARR TRADERS
VEGA BATH ACCESSORIES RS.350,EM ARR TRADERS
VEGA BLACKHEAD REMOVER POINTED,EM ARR TRADERS
VEGA COTTON 50 BALLS,EM ARR TRADERS
VEGA COTTON PADS 50PCS,EM ARR TRADERS
VEGA FOOT SCRUBBER PD 02,EM ARR TRADERS
VEGA FOOT SCRUBBER PD-10,EM ARR TRADERS
VEGA FOOT SCRUBBER RS.110,EM ARR TRADERS
VEGA FOOT SCRUBBER RS.80,EM ARR TRADERS
VEGA HAIR BRUSH RS.175,EM ARR TRADERS
VEGA HAIR BRUSH RS.190,EM ARR TRADERS
VEGA HAIR BRUSH RS.199,EM ARR TRADERS
VEGA HAIR BRUSH RS.225,EM ARR TRADERS
VEGA HAIR BRUSH RS.250,EM ARR TRADERS
VEGA HAIR BRUSH RS.275,EM ARR TRADERS
VEGA HAIR BRUSH RS.299,EM ARR TRADERS
VEGA HAIR BRUSH RS.325,EM ARR TRADERS
VEGA HAIR BRUSH RS.340,EM ARR TRADERS
VEGA HAIR BRUSH RS.390,EM ARR TRADERS
VEGA HAIR DRYER VHDH-05,EM ARR TRADERS
VEGA HAIR DRYER VHDH-15,EM ARR TRADERS
VEGA HMC COMB RS.120,EM ARR TRADERS
VEGA HMC COMB RS.140,EM ARR TRADERS
VEGA HMC COMB RS.150,EM ARR TRADERS
VEGA HMC COMB RS.175,EM ARR TRADERS
VEGA HMC COMB RS.199,EM ARR TRADERS
VEGA HMC COMB RS.225,EM ARR TRADERS
VEGA HMC COMB RS.70,EM ARR TRADERS
VEGA HMC COMB RS.80,EM ARR TRADERS
VEGA MEHNDI DYE BRUSH,EM ARR TRADERS
VEGA NAIL CLIPER SMALL,EM ARR TRADERS
VEGA NAIL CLIPPER BIG,EM ARR TRADERS
VEGA NAIL FILE NF5,EM ARR TRADERS
VEGA SCISSOR LCS 02,EM ARR TRADERS
VEGA SCISSOR SCS 01,EM ARR TRADERS
VEGA SCISSOR SCS 03,EM ARR TRADERS
VEGA SHOWER CAP 01,EM ARR TRADERS
VEGA SHOWER CAP 02,EM ARR TRADERS
VEGA SILKY FLAT HAIR STRAIGHTENER VHSH-06,EM ARR TRADERS
VEGA WET WIPES ALOE VERA CUCUMBER & MINT OIL 10WIPES,EM ARR TRADERS
VEGA WET WIPES BASIL & CHAMOMILE 10WIPES,EM ARR TRADERS
VEGA WET WIPES GREEN TEA & WHITE LILY 10WIPES,EM ARR TRADERS
VEGA WET WIPES LEMON & MINT 10WIPES,EM ARR TRADERS
VERKA GHEE 1LTR,RAMESH KHANDELWAL & SONS
VERKA GHEE 500ML,RAMESH KHANDELWAL & SONS
VERKA GHEE TIN 1LTR,RAMESH KHANDELWAL & SONS
VERKA GHEE TIN 500ML,RAMESH KHANDELWAL & SONS
VERKA MANGO LASSI 200ML,RAMESH KHANDELWAL & SONS
VERKA NAMKEEN LASSI ZORO PRESERVATIES 200ML,RAMESH KHANDELWAL & SONS
VERKA PIO MANGO SHAKE 200ML,RAMESH KHANDELWAL & SONS
VERKA PIO MILK BADAM FLAVOURED 200ML,RAMESH KHANDELWAL & SONS
VERKA PIO MILK BUTTER SCOTCH FLAVOURED 200ML,RAMESH KHANDELWAL & SONS
VERKA PIO MILK CHOCOLATE FLAVOURED 200ML,RAMESH KHANDELWAL & SONS
VERKA PIO MILK ELAICHI FLAVOURED 200ML,RAMESH KHANDELWAL & SONS
VERKA PIO MILK GINGER & HONEY 200ML,RAMESH KHANDELWAL & SONS
VERKA PIO MILK PISTA FLAVOURED 200ML,RAMESH KHANDELWAL & SONS
VERKA PIO MILK STRAWBERRY FLAVOURED 200ML,RAMESH KHANDELWAL & SONS
VERKA PIO MILK THANDAI 200ML,RAMESH KHANDELWAL & SONS
VERKA RASEELA MANGO JUICE 200ML,RAMESH KHANDELWAL & SONS
VERKA SWEET LASSI 200ML,RAMESH KHANDELWAL & SONS
VICCO TURMERIC 50GM,JOHAR ENTERPRISES
VICCO TURMERIC 70GM,JOHAR ENTERPRISES
VICCO TURMERIC MOISTURISING EFFECT 100GM,JOHAR ENTERPRISES
VICCO TURMERIC MOISTURISING EFFECT 300GM,JOHAR ENTERPRISES
VICCO TURMERIC MOISTURISING EFFECT 50GM,JOHAR ENTERPRISES
VICCO TURMERIC WSO CREAM 15GM,JOHAR ENTERPRISES
VICCO TURMERIC WSO CREAM 30GM,JOHAR ENTERPRISES
VICCO VAJRADANTI PASTE 100GM,JOHAR ENTERPRISES
VICCO VAJRADANTI PASTE 150GM,JOHAR ENTERPRISES
VICCO VAJRADANTI PASTE 200GM,JOHAR ENTERPRISES
VICKS BABY RUB COMFORT FOR BABIES 25ML,NIRMAN ASSOCIATES
VICKS BABY RUB COMFORT FOR BABIES 50ML,NIRMAN ASSOCIATES
VICKS COUGH DROPS 2.7G,NIRMAN ASSOCIATES
VICKS COUGH DROPS GINGER 20DROPS,NIRMAN ASSOCIATES
VICKS COUGH DROPS MENTHOL 20DROPS,NIRMAN ASSOCIATES
VICKS INHALER 0.5ML,NIRMAN ASSOCIATES
VICKS VAPORUB 10ML,NIRMAN ASSOCIATES
VICKS VAPORUB 25ML,NIRMAN ASSOCIATES
VICKS VAPORUB 50ML,NIRMAN ASSOCIATES
VICKS VAPORUB 5ML,NIRMAN ASSOCIATES
VIM BAR 165GM,GUPTA SONS
VIM BAR 3X130GM+130GM FREE,GUPTA SONS
VIM BAR 80GM,GUPTA SONS
VIM BAR DISHWASH 3X200GM,GUPTA SONS
VIM BAR EXTRA ANTI AMELL WITH PUDINA 250GM,GUPTA SONS
VIM BAR EXTRA ANTI SMELL WITH PUDINA 130GM,GUPTA SONS
VIM BAR POWER OF 100 LEMONS 300GM,GUPTA SONS
VIM BAR REMOVES GREASE FASTEST 500GM,GUPTA SONS
VIM BAR TUB 250GM,GUPTA SONS
VIM DISHWASH POWER OF 100 LEMONS 250ML,GUPTA SONS
VIM DISHWASH POWER OF 100 LEMONS 750ML,GUPTA SONS
VIM DISHWASH POWER OF 100 LEMONS GREEN LIQUIED 250ML,GUPTA SONS
VIM DOUBLE POWER CONCERNTRATED GEL LEMONS 500ML,GUPTA SONS
VIM DROP DISHWASH ACTIVE GEL YELLOW 500ML,GUPTA SONS
VIM LIQUID DISHWASH POWER OF 100 LEMON 1.8LTR,GUPTA SONS
VIM LIQUID POWER OF 100 LEMONS 140ML,GUPTA SONS
VIM LIQUITDPOWER OF 100 LEMONS 55ML,GUPTA SONS
VIM POWER OF 100 LEMONS 225ML,GUPTA SONS
VIM POWER OF 100 LEMONS 500ML,GUPTA SONS
VIM POWER OF 100 LEMONS POUCH 500ML,GUPTA SONS
VIVEL SOAP ALOE VERA 4X100GM,ESS ENN MARKETING
VIVEL SOAP ALOE VERA 4x57GM,ESS ENN MARKETING
VIVEL SOAP GLYCERIN PURE ALMOND OIL 4X75GM,ESS ENN MARKETING
VIVEL SOAP GREEN TEA 4X100GM,ESS ENN MARKETING
VIVEL SOAP LOTUS OIL SOFT GLOWING SKIN 50GM,ESS ENN MARKETING
VIVEL SOAP LOTUS OIL SOFT GLOWING SKIN 5X100GM,ESS ENN MARKETING
VIVEL SOAP MIXED FRUIT 4X100GM,ESS ENN MARKETING
WAI WAI CHINESE HAKKA VEG NOODLES 200GM,KANWAL AGENCIES
WAI WAI CUP NOODLE NON VEG 65GM,KANWAL AGENCIES
WAI WAI CUP NOODLE VEG 65GM,KANWAL AGENCIES
WAI WAI NOODLES CHICKEN 75GM,KANWAL AGENCIES
WAI WAI NOODLES VEGETABLE 75GM,KANWAL AGENCIES
WEIKFIELD BAKING POWDER 100GM,JAGAT SINGH & SONS AGENCIES
WEIKFIELD BAKING POWDER 400GM,JAGAT SINGH & SONS AGENCIES
WEIKFIELD COCOA POWDER JAR 200GM,JAGAT SINGH & SONS AGENCIES
WEIKFIELD COCOA POWDER JAR 50GM,JAGAT SINGH & SONS AGENCIES
WEIKFIELD CORNFLOUR 100GM,JAGAT SINGH & SONS AGENCIES
WEIKFIELD CORNFLOUR 500GM,JAGAT SINGH & SONS AGENCIES
WEIKFIELD CUSTARD POWDER VANILLA 100GM,JAGAT SINGH & SONS AGENCIES
WEIKFIELD CUSTARD POWDER VANILLA 500GM,JAGAT SINGH & SONS AGENCIES
WEIKFIELD DRINKING CHOCOLATE 100GM,JAGAT SINGH & SONS AGENCIES
WEIKFIELD DRINKING CHOCOLATE 200GM,JAGAT SINGH & SONS AGENCIES
WEIKFIELD PASTA SPORTY ENERGY 500GM,JAGAT SINGH & SONS AGENCIES
WEIKFIELD PASTA SPORTY ENERGY FUSILLI 500GM,JAGAT SINGH & SONS AGENCIES
WEIKFIELD SWEET CHILLY SAUCE 400GM,JAGAT SINGH & SONS AGENCIES
WEIKFIELD WORCESTERSHIRE SAUCE 200GM,JAGAT SINGH & SONS AGENCIES
WHEEL ACTIVE 2IN1 CLEAN & FRESH 1KG,GUPTA SONS
WHEEL ACTIVE 2IN1 CLEAN & FRESH 4KG,GUPTA SONS
WHEEL ACTIVE 2IN1 CLEAN & FRESH 500GM,GUPTA SONS
WHEEL ACTIVE 2IN1 CLEAN & FRESH GREEN 1KG,GUPTA SONS
WHEEL ACTIVE POWDER 180GM,GUPTA SONS
WHISPER CHOICE REGULAR 7PADS,NIRMAN ASSOCIATES
WHISPER CHOICE ULTRA XL 20PADS,NIRMAN ASSOCIATES
WHISPER CHOICE ULTRA XL 6PADS,NIRMAN ASSOCIATES
WHISPER CHOICE WINGS 20PADS,NIRMAN ASSOCIATES
WHISPER CHOICE WINGS 8PADS,NIRMAN ASSOCIATES
WHISPER CHOICE XL 7PADS,NIRMAN ASSOCIATES
WHISPER DAILY LINERS CLEAN & FRESH NORMAL 20N,NIRMAN ASSOCIATES
WHISPER DAILY LINERS CLEAN & FRESH NORMAL 40N,NIRMAN ASSOCIATES
WHISPER MAXI FIT L WINGS 15 PADS,NIRMAN ASSOCIATES
WHISPER MAXI FIT L WINGS 8PADS,NIRMAN ASSOCIATES
WHISPER MAXI FIT REGULAR 15PADS,NIRMAN ASSOCIATES
WHISPER MAXI FIT REGULAR 8PADS,NIRMAN ASSOCIATES
WHISPER MAXI NIGHTS XL WINGS 15PADS,NIRMAN ASSOCIATES
WHISPER MAXI NIGHTS XL WINGS 7PADS,NIRMAN ASSOCIATES
WHISPER ULTRA CLEAN L WINGS 15PADS,NIRMAN ASSOCIATES
WHISPER ULTRA CLEAN L WINGS 30PADS,NIRMAN ASSOCIATES
WHISPER ULTRA CLEAN L WINGS 8PADS,NIRMAN ASSOCIATES
WHISPER ULTRA CLEAN XL WINGS 15PADS,NIRMAN ASSOCIATES
WHISPER ULTRA CLEAN XL WINGS 30PADS,NIRMAN ASSOCIATES
WHISPER ULTRA CLEAN XL WINGS 7 PADS,NIRMAN ASSOCIATES
WHISPER ULTRA CLEAN XL+ 44PADS,NIRMAN ASSOCIATES
WHISPER ULTRA NIGHT XL 15PADS,NIRMAN ASSOCIATES
WHISPER ULTRA NIGHT XL 30PADS,NIRMAN ASSOCIATES
WHISPER ULTRA NIGHT XL 7PADS,NIRMAN ASSOCIATES
WHISPER ULTRA NIGHT XXL 5PADS,NIRMAN ASSOCIATES
WHISPER ULTRA NIGHT XXXL WINGS 3PADS,NIRMAN ASSOCIATES
WHISPER ULTRA SOFT 2X SOFTER L 15PADS,NIRMAN ASSOCIATES
WHISPER ULTRA SOFT 2X SOFTER L 30PADS,NIRMAN ASSOCIATES
WHISPER ULTRA SOFT 2X SOFTER L 7PADS,NIRMAN ASSOCIATES
WHISPER ULTRA SOFT 2X SOFTER XL 15PADS,NIRMAN ASSOCIATES
WHISPER ULTRA SOFT 2X SOFTER XL 30PADS,NIRMAN ASSOCIATES
WHITE TIL 100GM,KHALSA STORE
WHOLE WHEAT BREAD 400GM,EMPIRE STORES
WILD STONE BODY DEODORANT FORESH SPICE 150ML,NAV BHARAT TRADERS
WILD STONE BODY DEODORANT GREY 150ML,NAV BHARAT TRADERS
WILD STONE BODY DEODORANT HYDRA ENERGY 150ML,NAV BHARAT TRADERS
WILD STONE BODY DEODORANT RED 150ML,NAV BHARAT TRADERS
WILD STONE BODY DEODORANT THUNDER 150ML,NAV BHARAT TRADERS
WILD STONE BODY PERFUME COPPER 120ML,NAV BHARAT TRADERS
WILD STONE BODY PERFUME GOLD 120ML,NAV BHARAT TRADERS
WILD STONE BODY PERFUME STEEL 120ML,NAV BHARAT TRADERS
WILD STONE DEO AQUA FRESH 100ML,NAV BHARAT TRADERS
WILD STONE DEO CHROME BODY PERFUME 120ML,NAV BHARAT TRADERS
WILD STONE DEO CODE TITANIUM BODY PERFUME 120ML,NAV BHARAT TRADERS
WILD STONE DEO LEGEND 150ML,NAV BHARAT TRADERS
WILD STONE DEO NIGHT RIDER 150ML,NAV BHARAT TRADERS
WILD STONE DEO PLATINUM BODY PERFUME 120ML,NAV BHARAT TRADERS
WILD STONE DEO ULTRA SENSUAL 150ML,NAV BHARAT TRADERS
WILD STONE SOAP FOREST SPICE 125GM,NAV BHARAT TRADERS
WILD STONE SOAP MUSK 125GM,NAV BHARAT TRADERS
WILD STONE SOAP SET BUY 3 GET 1 FREE 4X125GM,NAV BHARAT TRADERS
WILD STONE SOAP ULTRA SENSUAL 125GM,NAV BHARAT TRADERS
WILD STONE TALC ULTRA SENSUAL DEO 100GM,NAV BHARAT TRADERS
WILD STONE TALCUM  ULTRA SENSUAL DEO 300GM,NAV BHARAT TRADERS
WILD STONE TALCUM HYDRA ENERGY DEO 100GM,NAV BHARAT TRADERS
WILD STONE TALCUM HYDRA ENERGY DEO 300GM,NAV BHARAT TRADERS
WINTEX ELEGANT TOILET ROLL 4IN1,MONARCH PACKAGING & PAPER PRODUCTS
WINTEX EXCEL TOILET TISSUE 10IN1,MONARCH PACKAGING & PAPER PRODUCTS
WINTEX FAB 3PLY BATHROOM ROLLS 4IN1,MONARCH PACKAGING & PAPER PRODUCTS
WINTEX FAB TOILET ROLL 3PLY,MONARCH PACKAGING & PAPER PRODUCTS
WINTEX FACE TISSUES EXTRA SOFT & SUPER ABSORBENT20X20,MONARCH PACKAGING & PAPER PRODUCTS
WINTEX KITCHEN ROLL FAB 3IN1,MONARCH PACKAGING & PAPER PRODUCTS
WINTEX KITCHEN ROLL SUPER ULTRA PRINTED 250GM,MONARCH PACKAGING & PAPER PRODUCTS
WINTEX NEXXT 2PLAY TISSUE PAPER WHITE 33CMX33CM,MONARCH PACKAGING & PAPER PRODUCTS
WINTEX NEXXT 2PLAY TISSUE PAPER WHITE 40X40CM,MONARCH PACKAGING & PAPER PRODUCTS
WINTEX ULTRA TOILET TISSUES 1 ROLL,MONARCH PACKAGING & PAPER PRODUCTS
WINTEX VALUE PACK TOILET ROLL 4IN1,MONARCH PACKAGING & PAPER PRODUCTS
WIPRO BULB 100 WATTS,KANWAL AGENCIES
WIPRO BULB 200 WATTS,KANWAL AGENCIES
WIPRO BULB 40 WATTS,KANWAL AGENCIES
WIPRO BULB 60 WATTS,KANWAL AGENCIES
WIPRO LED BLUB 12W,KANWAL AGENCIES
WIPRO LED BLUB 14W,KANWAL AGENCIES
WIPRO LED BLUB 5W,KANWAL AGENCIES
WIPRO LED BLUB 7W,KANWAL AGENCIES
WIPRO LED BLUB 9W,KANWAL AGENCIES
WIPRO LED BLUB GARNET 5W,KANWAL AGENCIES
WIPRO LED BLUB GARNET 9W,KANWAL AGENCIES
WIPRO LED BLUB TEJAS 7W,KANWAL AGENCIES
WIPRO SMARTLITE 5W,KANWAL AGENCIES
WIPRO SMARTLITE CLASSIC 20WATTS,KANWAL AGENCIES
WOODEN CLOTHES HANGER,JAIN BARTAN STORE
WOODS NATURAL INCENSE AGARBTHIES 20N,KANWAL AGENCIES
WRIGLEY DOUBLEMINT SPEARMINT 13GM,KANWAL AGENCIES
WRIGLEYS DOUBLEMINT GUM PEPPERMINT 4GUM TABS,KANWAL AGENCIES
WRIGLEYS DOUBLEMINT GUM STRONGMINT 4GUM TABS,KANWAL AGENCIES
WRIGLEYS DOUBLEMINT MINTS PEPPERMINT 4.8GM,KANWAL AGENCIES
WRIGLEYS DOUBLEMINT MINTS PEPPERMINT 5 STICKS,KANWAL AGENCIES
WRIGLEYS DOUBLEMINT MINTS SPEARMINT 4.8GM,KANWAL AGENCIES
WRIGLEYS DOUBLEMINT PEPPERMINT FLAVOUR 23.8GM,KANWAL AGENCIES
YAKULT MILK  65ML,YAKULT DANONE INDIA PVT. LTD. 
YAKULT MILK LIGHT 65ML,YAKULT DANONE INDIA PVT. LTD. 
YARDLEY AFTER SHAVE LOTION GOLD WITH ALOE VERA 100ML,KANWAL AGENCIES
YARDLEY DEO ELEGANCE FOE MEN 150ML,KANWAL AGENCIES
YARDLEY DEO ELEGANGE + ARTHUR BUY 2 GET 1 GREE,KANWAL AGENCIES
YARDLEY DEO ENGLISH BLUEBELL REFRESHINH BODY SPRAY 150ML,KANWAL AGENCIES
YARDLEY DEO ENGLISH LAVENDER 150ML,KANWAL AGENCIES
YARDLEY DEO ENGLISH ROSE 150ML,KANWAL AGENCIES
YARDLEY DEO GENTLEMAN 150ML,KANWAL AGENCIES
YARDLEY DEO GOLD FOR MEN 150ML,KANWAL AGENCIES
YARDLEY DEO JASMINE 150ML,KANWAL AGENCIES
YARDLEY DEO LACE 150ML,KANWAL AGENCIES
YARDLEY DEO LACE SATIN 150ML,KANWAL AGENCIES
YARDLEY DEO LONDON MIST 150ML,KANWAL AGENCIES
YARDLEY DEO MORNING DEW 150ML,KANWAL AGENCIES
YARDLEY DEO RED ROSES 150ML,KANWAL AGENCIES
YARDLEY DEO SANDALWOOD 150ML,KANWAL AGENCIES
YARDLEY LATHER SAVING CREAM ELEGANCE 70GM,KANWAL AGENCIES
YARDLEY LATHER SHAVING CREAM GOLD 70GM,KANWAL AGENCIES
YARDLEY ROLL-ON ENGLISH BLOSSOM 50ML,KANWAL AGENCIES
YARDLEY ROLL-ON ENGLISH LAVENDER 50ML,KANWAL AGENCIES
YARDLEY ROLL-ON LONDON ROSE 50ML,KANWAL AGENCIES
YARDLEY ROLL-ON ROYAL BOUQUET 50ML,KANWAL AGENCIES
YARDLEY SOAP ENGLISH LAVENDER 3X100GM,KANWAL AGENCIES
YARDLEY SOAP JASMINE 3X100GM,KANWAL AGENCIES
YARDLEY SOAP RED ROSE 3X100GM,KANWAL AGENCIES
YARDLEY TALC ELEGANCE 250GM,KANWAL AGENCIES
YARDLEY TALC ENGLISH LAVENDER 250GM,KANWAL AGENCIES
YARDLEY TALC ENGLISH ROSE 250GM,KANWAL AGENCIES
YARDLEY TALC GENTLEMAN 250GM,KANWAL AGENCIES
YARDLEY TALC GOLD 250GM,KANWAL AGENCIES
YARDLEY TALC LACE 250GM,KANWAL AGENCIES
YARDLEY TALC LACE SATIN 250GM,KANWAL AGENCIES
YARDLEY TALC MORNING DEW 250GM,KANWAL AGENCIES
YARDLEY TALC ROYAL RED ROSE 250GM,KANWAL AGENCIES
YELLOW DUSTER,PRINCE HANDLOOM 
YUMMIEZ ALOO TIKKI 400GM,GRACE SALES PVT LTD
YUMMIEZ AMERICAN SWEET CORN 400GM,GRACE SALES PVT LTD
YUMMIEZ CHEESE CORN NUGGETS 400GM,GRACE SALES PVT LTD
YUMMIEZ CHICKEN AFGHANI SEEKH KABAB 250GM,GRACE SALES PVT LTD
YUMMIEZ CHICKEN BREAK FAST SALAMI 250GM,GRACE SALES PVT LTD
YUMMIEZ CHICKEN BREAK FAST SAUSAGE  250GM,GRACE SALES PVT LTD
YUMMIEZ CHICKEN BURGER PATTY 300GM,GRACE SALES PVT LTD
YUMMIEZ CHICKEN CHILLI SALAMI 250GM,GRACE SALES PVT LTD
YUMMIEZ CHICKEN CHILLI SAUSAGES 250GM,GRACE SALES PVT LTD
YUMMIEZ CHICKEN GARLIC FINGERS 400GM,GRACE SALES PVT LTD
YUMMIEZ CHICKEN KHEEMA 300GM,GRACE SALES PVT LTD
YUMMIEZ CHICKEN LASOONI TIKKA 300GM,GRACE SALES PVT LTD
YUMMIEZ CHICKEN MAGIC BALLS 250GM,GRACE SALES PVT LTD
YUMMIEZ CHICKEN NUGGETS 500GM,GRACE SALES PVT LTD
YUMMIEZ CHICKEN NUGGETS 750GM,GRACE SALES PVT LTD
YUMMIEZ CHICKEN PARTY PACK 600GM,GRACE SALES PVT LTD
YUMMIEZ CHICKEN PEPPER & HERB SALAMI 250GM,GRACE SALES PVT LTD
YUMMIEZ CHICKEN PEPPER & HERB SAUSAGES  250GM,GRACE SALES PVT LTD
YUMMIEZ CHICKEN POPCORN 400GM,GRACE SALES PVT LTD
YUMMIEZ CHICKEN PUNJABI TIKKA 400GM,GRACE SALES PVT LTD
YUMMIEZ CHICKEN SEEK KABAB 400GM,GRACE SALES PVT LTD
YUMMIEZ CHICKEN TANDOORI NUGGETS 400GM,GRACE SALES PVT LTD
YUMMIEZ FRENCH FRIES 425GM,GRACE SALES PVT LTD
YUMMIEZ GREEN PEAS 1KG,GRACE SALES PVT LTD
YUMMIEZ GREEN PEAS 500GM,GRACE SALES PVT LTD
YUMMIEZ MASALA NUGGET 400GM,GRACE SALES PVT LTD
YUMMIEZ VEG BURGER PATTY 360GM,GRACE SALES PVT LTD
YUMMIEZ VEG CHEESE FINGERS  PARTY PACK 600GM,GRACE SALES PVT LTD
YUMMIEZ VEG CHEESE FINGERS 400GM,GRACE SALES PVT LTD
YUMMIEZ VEG PIZZA POCKETS 340GM,GRACE SALES PVT LTD
ZANDU BALM 8ML,PREM AGENCIES
ZANDU BALM ULTRA POWER 8ML,PREM AGENCIES
ZANDU CHYAVANPRASHAD NO ADDED SUGAR 450GM,NATIONAL ENTERPRISES
ZANDU CHYAVANPRASHAD NO ADDED SUGAR 900GM,NATIONAL ENTERPRISES
ZANDU KESARI JIVAN 450GM,NATIONAL ENTERPRISES
ZANDU KESARI JIVAN 900GM,NATIONAL ENTERPRISES
