Prod Code,Product,MRP,Opening,Adjustment,Purchase,Pur Return,Sale,Schem,Combo,Issue,Deliver Recipt,Production,Stock Rsv,Stock Trans,Expiry,Total
2,PEN RS.5,5,150,0,0,0,5,0,0,0,0,0,0,0,0,145
3,PEN RS.10,10,43,0,0,0,6,0,0,0,0,0,0,0,0,37
5,RORITO ARGO SOFT GOLD PEN,50,0,0,0,0,0,0,0,0,0,0,0,0,0,0
11,REYNOLDS JETTER REVO PEN,15,3,0,0,0,0,0,0,0,0,0,0,0,0,3
15,REYNOLDS TRIMAZ REFILL0.5ML,20,0,0,0,0,0,0,0,0,0,0,0,0,0,0
26,EVEREADY ULTIMA AA 2PEC ALKALINE,65,0,0,0,0,0,0,0,0,0,0,0,0,0,0
27,EVEREADY ULTIMA ALKALINE 2112 AAA,35,2,0,0,0,0,0,0,0,0,0,0,0,0,2
28,DURACELL LASTS LONGER MUCH LONGER AAA ,38,124,0,0,0,0,0,0,0,0,0,0,0,0,124
32,MOTHER DAIRY CHILLZ KESAR ELAICHI FLAVOURED MILK 180ML,25,16,0,0,0,0,0,0,0,0,0,0,0,0,16
34,EVEREADY CELL 1015AA,12.5,35,0,0,0,0,0,0,0,0,0,0,0,0,35
37,DURACELL D 1.5V 2N,330,0,0,0,0,0,0,0,0,0,0,0,0,0,0
38,DURACELL C 1.5V 2N,250,0,0,0,0,0,0,0,0,0,0,0,0,0,0
44,FABER CASTELL 15 CONNECTOR PENS CONNECTOR FILZSTIFTE,80,0,0,0,0,0,0,0,0,0,0,0,0,0,0
57,FABER CASTELL 10 CONNECTOR PENS CONNECTOR FILZSTIFTE,50,0,0,0,0,0,0,0,0,0,0,0,0,0,0
71,FABER CASTELL 10 OLE GOLD SUPER DARK PENCILS,50,25,0,0,0,0,0,0,0,0,0,0,0,0,25
74,NAVNEET MY LONG BOOK 172PAGES,40,0,0,0,0,0,0,0,0,0,0,0,0,0,0
90,FABER CASTELL 24 COLOUR PENCILS TRIANGULAR SHAPE,200,0,0,0,0,0,0,0,0,0,0,0,0,0,0
92,FABER CASTELL 12 COLOUR PENCILS TRIANGULAR SHAPE,105,0,0,0,0,0,0,0,0,0,0,0,0,0,0
97,NATARAJ SHARPENER RS.3,3,3,0,0,0,0,0,0,0,0,0,0,0,0,3
98,AMUL MASTI SPICED BUTTERMILK 1LTR,55,4,0,0,0,2,0,0,0,0,0,0,0,0,2
120,KHARBUJA,55,0,0,0,0,0,0,0,0,0,0,0,0,0,0
127,FABER CASTELL 6 POSTER COLURS TIN BOX,90,0,0,0,0,0,0,0,0,0,0,0,0,0,0
136,NAVNEET FUN WAX CRAYONS 16 SHADES 1 GLITTER,28,0,0,0,0,0,0,0,0,0,0,0,0,0,0
139,FEVI STIK STICK 5GM,15,22,0,0,0,0,0,0,0,0,0,0,0,0,22
141,FEVI KWIK 3GM,25,0,0,0,0,0,0,0,0,0,0,0,0,0,0
144,NAVNEET MY 5 SUBJECT NOTEBOOK,180,0,0,0,0,0,0,0,0,0,0,0,0,0,0
145,NAVNEET NOTE HOLI SPECIAL SERISE 172PAGES,45,0,0,0,0,0,0,0,0,0,0,0,0,0,0
146,NAVNEET BLACK WOOD PENCILS,130,0,0,0,0,0,0,0,0,0,0,0,0,0,0
147,NAVNEET SOFT BOUND A4 SIZE 196PAGES,72,2,0,0,0,0,0,0,0,0,0,0,0,0,2
148,NAVNEET PLUS NOTE BOOK 144PAGES,27,0,0,0,0,0,0,0,0,0,0,0,0,0,0
150,NAVNEET CASE BOUND 192PAGES,120,5,0,0,0,0,0,0,0,0,0,0,0,0,5
151,NAVNEET MY CRAFT PAPER 50 SHEETS,50,0,0,0,0,0,0,0,0,0,0,0,0,0,0
152,NAVNEET SCHOOL NOTE BOOK 172PAGES,38,0,0,0,0,0,0,0,0,0,0,0,0,0,0
153,NAVNEET MY NOTES  A6 160PAGES,45,1,0,0,0,0,0,0,0,0,0,0,0,0,1
154,NAVNET MY 6 SUBJECT NOTEBOOK 300 PAGES,110,0,0,0,0,0,0,0,0,0,0,0,0,0,0
155,NAVNEET SOFT BOUND A4 SIZE 172PAGES,55,0,0,0,0,0,0,0,0,0,0,0,0,0,0
157,NAVNEET MY SCRAP BOOK 32 PAGES,40,6,0,0,0,0,0,0,0,0,0,0,0,0,6
158,NAVNEET THE ORIGINAL LONG BOOK 576PAGES,290,1,0,0,0,0,0,0,0,0,0,0,0,0,1
159,AXE DEO SIGNATURE BODY PERFUME CHAMPION 122ML,190,0,0,0,0,0,0,0,0,0,0,0,0,0,0
160,AXE DEO OCEAN BREEZE AQUA 150ML,190,0,0,0,0,0,0,0,0,0,0,0,0,0,0
161,AXE DEO MARINE SPLASH AQUA 150ML,199,0,0,0,0,0,0,0,0,0,0,0,0,0,0
163,AXE DEO MUSICSTAR 150ML,180,0,0,0,0,0,0,0,0,0,0,0,0,0,0
169,AXE DEO DARK TEMPTATION 150ML,190,1,0,0,0,0,0,0,0,0,0,0,0,0,1
172,WILD STONE BODY DEODORANT HYDRA ENERGY 150ML,180,0,0,0,0,0,0,0,0,0,0,0,0,0,0
176,NIVEA DEO ENERGY FRESH 150ML,199,0,0,0,0,0,0,0,0,0,0,0,0,0,0
177,NIVEA DEO WHITENING SENSITIVE 150ML,199,1,0,0,0,0,0,0,0,0,0,0,0,0,1
178,NIVEA MEN DEO FRESH ACTIVE 75ML,225,0,0,0,0,0,0,0,0,0,0,0,0,0,0
179,NIVEA DEO PEARL & BEAUTY GENTLE CARE ROLL ON 50ML,185,0,0,0,0,0,0,0,0,0,0,0,0,0,0
180,NIVEA MEN DEO COOL KICK ROLL ON 50ML,165,0,0,0,0,0,0,0,0,0,0,0,0,0,0
183,NIVEA DEO MEN SILVER PROTECT ANTIBACTERIAL150ML,199,1,0,0,0,0,0,0,0,0,0,0,0,0,1
184,GALA LAXMI PHOOL JHROO,150,0,0,0,0,0,0,0,0,0,0,0,0,0,0
185,WILD STONE DEO NIGHT RIDER 150ML,180,0,0,0,0,0,0,0,0,0,0,0,0,0,0
186,AXE DEO SIGNATURE BODY PERFUME MYSTERIOUS 125ML,190,0,0,0,0,0,0,0,0,0,0,0,0,0,0
187,WILD STONE DEO JUICE 150ML,195,0,0,0,0,0,0,0,0,0,0,0,0,0,0
188,NIVEA MEN DEO FRESH ACTIVE ROLL ON 50ML,165,1,0,0,0,0,0,0,0,0,0,0,0,0,1
189,D-SPARKLE DISINFECTANT TOILET CLENER 2X500ML,100,0,0,0,0,0,0,0,0,0,0,0,0,0,0
192,KNORR SOUP SWEET & SOUR NOODLE 50GM,50,0,0,0,0,0,0,0,0,0,0,0,0,0,0
193,NIVEA FACE WASH PURIFYING MIXED TO OILY SKIN 55ML,85,0,0,0,0,0,0,0,0,0,0,0,0,0,0
195,MOTHER DAIRY ICE CREAM ORANGE FRUITOLIC 60ML,10,0,0,0,0,0,0,0,0,0,0,0,0,0,0
196,PLAYBOY DEO PLAY IT SPICY 150ML,199,0,0,0,0,0,0,0,0,0,0,0,0,0,0
198,ONKAA MANJEETS BLACK SALT 200GM,10,0,0,0,0,0,0,0,0,0,0,0,0,0,0
200,ORGANIC NATION SWEET LIME PICKLE 400GM,150,0,0,0,0,0,0,0,0,0,0,0,0,0,0
201,FUN FOODS VEG MAYONNAISE EGGLESS 875GM,159,0,0,0,0,0,0,0,0,0,0,0,0,0,0
202,SURE ROLL ON WOMEN FREE SPIRIT 40ML,100,0,0,0,0,0,0,0,0,0,0,0,0,0,0
203,SURE ROLL ON WOMEN PASSION 40ML,90,0,0,0,0,0,0,0,0,0,0,0,0,0,0
204,SURE ROLL ON WOMEN PASSION 25ML,65,0,0,0,0,0,0,0,0,0,0,0,0,0,0
205,SURE ROLL ON WOMEN FREE SPIRIT 25ML,65,0,0,0,0,0,0,0,0,0,0,0,0,0,0
206,HIMALAYA NOURISHING SKIN CREAM 50ML,75,0,0,0,0,0,0,0,0,0,0,0,0,0,0
209,WILD STONE DEO DRIFT 120ML,199,0,0,0,0,0,0,0,0,0,0,0,0,0,0
210,PASEO ELEGANT HYGIENIC SOFT AND NATURAL NAPKIN 30X30 50SHEETS,70,11,0,0,0,0,0,0,0,0,0,0,0,0,11
211,COLGATE TOOTH BRUSH KIDS 2 GENTLE  SOFT,20,0,0,0,0,0,0,0,0,0,0,0,0,0,0
212,PARK AVENUE DEO GOOD MORNING 150ML,199,1,0,0,0,0,0,0,0,0,0,0,0,0,1
213,PARK AVENUE DEO ALPHA 150ML,190,0,0,0,0,0,0,0,0,0,0,0,0,0,0
214,HARRISON CI PAD LOCK 20MM,63,0,0,0,0,0,0,0,0,0,0,0,0,0,0
215,PARK AVENUE DEO TRANQUIL 150ML,199,0,0,0,0,0,0,0,0,0,0,0,0,0,0
216,HARRISON CI PAD LOCK 40MM,95,0,0,0,0,0,0,0,0,0,0,0,0,0,0
217,PARK AVENUE DEO VOYAGE 150ML,240,0,0,0,0,0,0,0,0,0,0,0,0,0,0
218,PARK AVENUE DEO ALTER EGO 150ML,240,0,0,0,0,0,0,0,0,0,0,0,0,0,0
219,HARRISON CI PAD LOCK 30MM,75,0,0,0,0,0,0,0,0,0,0,0,0,0,0
220,PARK AVENUE DEO IMAGINE 150ML,195,0,0,0,0,0,0,0,0,0,0,0,0,0,0
221,HARRISON T-26 60MM,194,0,0,0,0,0,0,0,0,0,0,0,0,0,0
222,HARRISON T-26 50MM,121,0,0,0,0,0,0,0,0,0,0,0,0,0,0
223,HARRISON T-26 55MM,137,0,0,0,0,0,0,0,0,0,0,0,0,0,0
225,SUNDROP PEANUT BUTTER CREAMY,15,0,0,0,0,0,0,0,0,0,0,0,0,0,0
226,BOX RS.80,80,0,0,0,0,0,0,0,0,0,0,0,0,0,0
228,GATSBY STYLING WAX POWER & SPIKES 75GM,180,0,0,0,0,0,0,0,0,0,0,0,0,0,0
231,OLD SPICE DEO MUSK 150ML,199,0,0,0,0,0,0,0,0,0,0,0,0,0,0
232,OLD SPICE DEO WHITEWATER150ML,199,0,0,0,0,0,0,0,0,0,0,0,0,0,0
233,SANWAK RICE 500GM,85,0,0,0,0,0,0,0,0,0,0,0,0,0,0
234,RITA TILE BRUSH,40,2,0,0,0,0,0,0,0,0,0,0,0,0,2
235,DESI CUCUMBER,43,1.076,0,5,0,1.806,0,0,0,0,0,0,0,0,4.27
238,GARNIER FRUCTIS SHAMPOO LONG & STRONG 640ML,400,0,0,0,0,0,0,0,0,0,0,0,0,0,0
242,CHANNA BURFI 500GM,115,0,0,0,0,0,0,0,0,0,0,0,0,0,0
243,BHUSHA PLAIN BURFI 500GM,125,0,0,0,0,0,0,0,0,0,0,0,0,0,0
245,BADAM BURFI 500GM,225,0,0,0,0,0,0,0,0,0,0,0,0,0,0
249,BADAM BUGGA BURFI 500GM,175,0,0,0,0,0,0,0,0,0,0,0,0,0,0
251,ODONIL NATURE AIR FRESHNER JASMINE MIST HANGER50GM,43,1,0,0,0,0,0,0,0,0,0,0,0,0,1
252,WILD STONE DEO AQUA FRESH 100ML,180,0,0,0,0,0,0,0,0,0,0,0,0,0,0
264,COLGATE TOOTH PASTE ACTIVE SALT HEALTHY WHITE 200GM,97,2,0,0,0,0,0,0,0,0,0,0,0,0,2
268,MEDIMIX SOAP TURMERIC & ARGAN OIL 5X125GM,220,0,0,0,0,0,0,0,0,0,0,0,0,0,0
269,PREMIUM EAU DE COLONGE COMBO 200GM,160,1,0,0,0,0,0,0,0,0,0,0,0,0,1
270,LAKME SUN EXPERT SPF 30 ULTRA MATTE LOTION LIGHT & NON STICKY 50ML,204,3,0,0,0,0,0,0,0,0,0,0,0,0,3
271,PARK AVENUE SHAVING BRUSH SILVER,80,1,0,0,0,0,0,0,0,0,0,0,0,0,1
276,PARK AVENUE AFTER SHAVE LOTION GOOD MORNING 50ML,125,1,0,0,0,0,0,0,0,0,0,0,0,0,1
277,PARK AVENUE AFTER SHAVE LOTION ACE 50ML,115,0,0,0,0,0,0,0,0,0,0,0,0,0,0
284,OLD SPICE AFTER SHAVE LOTION MUSK 150ML,215,2,0,0,0,0,0,0,0,0,0,0,0,0,2
285,PARK AVENUE SHAVING CREAM CLASSIC 30GM,30,0,0,0,0,0,0,0,0,0,0,0,0,0,0
286,PARK AVENUE LATHER SHAVING CREAM GOOD MORNING 70GM,65,3,0,0,0,0,0,0,0,0,0,0,0,0,3
288,GODREJ SHAVING CREAM LEMON FRESH 100GM,50,0,0,0,0,0,0,0,0,0,0,0,0,0,0
290,PARK AVENUE AFTER SHAVE LOTION GOOD MORNING WITH SPRAY 100ML,135,1,0,0,0,0,0,0,0,0,0,0,0,0,1
293,YARDLEY AFTER SHAVE LOTION ELEGANCE WITH ALOE VERA 50ML,120,0,0,0,0,0,0,0,0,0,0,0,0,0,0
295,WILD STONE AFTER SHAVE LOTION ULTRA SENSUAL 100ML,175,0,0,0,0,0,0,0,0,0,0,0,0,0,0
302,AXE AFTERSHAVE LOTION DARK TEMPTATION 100ML,200,0,0,0,0,0,0,0,0,0,0,0,0,0,0
304,DETTOL LATHER SHAVING CREAM FRESH 90GM,75,2,0,0,0,0,0,0,0,0,0,0,0,0,2
305,DETTOL LATHER SHAVING CREAM COOL 90GM,68,4,0,0,0,1,0,0,0,0,0,0,0,0,3
306,PARLE MILANO MINIS CHOCOLATE CHIP COOKIES 100GM,50,0,0,0,0,0,0,0,0,0,0,0,0,0,0
310,OLD SPICE SHAVE FOAM ORIGINAL 250GM,195,0,0,0,0,0,0,0,0,0,0,0,0,0,0
312,OLD SPICE SHAVE FOAM FRESH LIME 250GM,195,0,0,0,0,0,0,0,0,0,0,0,0,0,0
313,OLD SPICE LATHER SHAVING CREAM FRESH LIME 70GM,65,2,0,0,0,0,0,0,0,0,0,0,0,0,2
314,OLD SPICE LATHER SHAVING CREAM ORIGINAL 70GM,65,3,0,0,0,0,0,0,0,0,0,0,0,0,3
315,OLD SPICE LATHER SHAVING CREAM MUSK 70GM,65,2,0,0,0,0,0,0,0,0,0,0,0,0,2
316,PARLE MILANO DELICIOUSLY RICH CHOCOLATE CHIP COOKIES 150GM,60,0,0,0,0,0,0,0,0,0,0,0,0,0,0
320,GILLETTE SHAVING FOAM SENSITIVE 245GM,285,1,0,0,0,0,0,0,0,0,0,0,0,0,1
322,GILLETTE BODY SPRAY SPORT PROTECT 150ML,199,0,0,0,0,0,0,0,0,0,0,0,0,0,0
323,GILLETTE SHAVING GEL REGULAR 60GM,59,0,0,0,0,0,0,0,0,0,0,0,0,0,0
325,YARDLEY LATHER SHAVING CREAM GOLD 70GM,60,3,0,0,0,0,0,0,0,0,0,0,0,0,3
326,LIA PRIME ROSE AGARBATHIES 75GM,30,0,0,0,0,0,0,0,0,0,0,0,0,0,0
327,LIA PRIME ROSE AGARBATHIES 280GM,100,0,0,0,0,0,0,0,0,0,0,0,0,0,0
328,LIA CHANDANAM DIVINE & SOOTHING 35GM,15,0,0,0,0,0,0,0,0,0,0,0,0,0,0
329,LIA SAMTRUPTI AGARBATHIES 75GM,30,0,0,0,0,0,0,0,0,0,0,0,0,0,0
330,LIA NATURE GIFT AGARBATHIES 35GM,20,0,0,0,0,0,0,0,0,0,0,0,0,0,0
331,LIA JASMINE AGARBATHIES 35GM,15,0,0,0,0,0,0,0,0,0,0,0,0,0,0
332,LIA CHANDANAM AGARBATHIES 20GM,10,1,0,0,0,0,0,0,0,0,0,0,0,0,1
333,LIA NATURES GIFT 35GM,15,0,0,0,0,0,0,0,0,0,0,0,0,0,0
338,LIA SAMTRUPTI AGARBATHIES 130GM,50,0,0,0,0,0,0,0,0,0,0,0,0,0,0
341,MTR GULAB JAMUN 150GM,65,1,0,0,0,0,0,0,0,0,0,0,0,0,1
343,CYCLE SANDALUM AGARBATHIES 12N,10,10,0,0,0,2,0,0,0,0,0,0,0,0,8
346,CYCLE THREE IN ONE AGARBATHIES 115GM,50,4,0,0,0,0,0,0,0,0,0,0,0,0,4
347,CYCLE SANDALUM AGARBATHIES 110GM,50,9,0,0,0,0,0,0,0,0,0,0,0,0,9
354,WOODS NATURAL INCENSE AGARBTHIES 20N,75,1,0,0,0,0,0,0,0,0,0,0,0,0,1
357,JYOT SMALL,10,0,0,0,0,0,0,0,0,0,0,0,0,0,0
359,CLOTH CLIP PLASTIC RS.90,90,0,0,0,0,0,0,0,0,0,0,0,0,0,0
360,JOHNSONS BABY SOAP 75GM,45,4,0,0,0,1,0,0,0,0,0,0,0,0,3
361,JOHNSONS BABY SOAP 100GM,55,2,0,0,0,0,0,0,0,0,0,0,0,0,2
363,JOHNSONS BABY MILK SOAP 75GM,45,4,0,0,0,0,0,0,0,0,0,0,0,0,4
365,JOHNSONS BABY LOTION 100ML,80,2,0,0,0,0,0,0,0,0,0,0,0,0,2
366,JOHNSONS BABY LOTION 200ML,142,2,0,0,0,0,0,0,0,0,0,0,0,0,2
367,JOHNSONS BABY CREAM 100GM,127,2,0,0,0,0,0,0,0,0,0,0,0,0,2
369,JOHNSONS BABY MILK LOTION 50ML,47,1,0,0,0,0,0,0,0,0,0,0,0,0,1
370,JOHNSONS BABY MILK LOTION 100ML,89,2,0,0,0,0,0,0,0,0,0,0,0,0,2
371,JOHNSONS BABY MILK LOTION 200ML,156,0,0,0,0,0,0,0,0,0,0,0,0,0,0
372,JOHNSONS BABY CREAM 30GM,42,1,0,0,0,0,0,0,0,0,0,0,0,0,1
374,JOHNSONS BABY SHAMPOO NO MORE TEARS 200ML,156,0,0,0,0,0,0,0,0,0,0,0,0,0,0
375,JOHNSONS BABY OIL 100ML,100,0,0,0,0,0,0,0,0,0,0,0,0,0,0
377,JOHNSONS BABY HAIR OIL 60ML,43,2,0,0,0,0,0,0,0,0,0,0,0,0,2
378,JOHNSONS BABY HAIR OIL 100ML,67,0,0,0,0,0,0,0,0,0,0,0,0,0,0
379,JOHNSONS BABY TOP-TO-TOE WASH 100ML,70,1,0,0,0,0,0,0,0,0,0,0,0,0,1
383,JOHNSONS BABY POWDER 100GM,70,1,0,0,0,0,0,0,0,0,0,0,0,0,1
384,JOHNSONS BABY CREAM 50GM,66,2,0,0,0,0,0,0,0,0,0,0,0,0,2
386,JOHNSONS BABY CARE COLLECTION KIT RS.190,190,1,0,0,0,0,0,0,0,0,0,0,0,0,1
388,JOHNSONS BABY OIL 50ML,50,0,0,0,0,0,0,0,0,0,0,0,0,0,0
389,JOHNSONS BABY SHAMPOO NO MORE TEARS 60ML,52,1,0,0,0,0,0,0,0,0,0,0,0,0,1
390,JOHNSONS BABY LOTION 50ML,45,1,0,0,0,0,0,0,0,0,0,0,0,0,1
392,JOHNSONS BABY TOOTHBRUSH TENDER BRISTLE,33,2,0,0,0,0,0,0,0,0,0,0,0,0,2
393,JOHNSONS BABY POWDER 200GM,118,0,0,0,0,0,0,0,0,0,0,0,0,0,0
396,PLASTIC JUNA,20,17,0,0,0,0,0,0,0,0,0,0,0,0,17
400,HIMALAYA HAIR OIL ANTI DANDRUFF 200ML,160,0,0,0,0,0,0,0,0,0,0,0,0,0,0
404,JOHNSONS BABY SKINCARE 80WIPES,220,5,0,0,0,0,0,0,0,0,0,0,0,0,5
407,HIMALAYA SHAMPOO DRYNESS DEFENES PROTEIN 200ML,130,1,0,0,0,0,0,0,0,0,0,0,0,0,1
410,ORAL-B TOOTH BRUSH ALL ROUNDER CAVITY DEFENCE SOFT 1P,25,0,0,0,0,0,0,0,0,0,0,0,0,0,0
411,ORAL-B ALL ROUNDER GUM PROTECT 40EXTRA SOFT,32,0,0,0,0,0,0,0,0,0,0,0,0,0,0
412,ORAL-B TOOTH BRUSH EXTRA SOFT SENSITIVE SUPER THIN 1NOS,55,0,0,0,0,0,0,0,0,0,0,0,0,0,0
413,ORAL-B  TOOTH BRUSH ALL ROUNDER GUM PROTECT,32,0,0,0,0,0,0,0,0,0,0,0,0,0,0
414,ORAL-B TOOTH BRUSH WITH NEEM EXTRACT SOFT 1NOS,35,6,0,0,0,0,0,0,0,0,0,0,0,0,6
415,ORAL-B TOOTH BRUSH CAVITY DEFENSE BLACL MEDIUM 1NOS,30,0,0,0,0,0,0,0,0,0,0,0,0,0,0
416,ORAL-B TOOTH BRUSH GUM CARE IMPROVES GUM HEALTH IN 4 WEEKS SOFT 1NSO,75,3,0,0,0,0,0,0,0,0,0,0,0,0,3
417,ORAL-B TOOTH BRUSH PRO-HEALTH PLAQUE REMOVAL MEDIUM,75,0,0,0,0,0,0,0,0,0,0,0,0,0,0
418,ORAL-B TOOTH BRUSH SENSITIVE WHITENING SOFT 1P,45,0,0,0,0,0,0,0,0,0,0,0,0,0,0
419,ORAL-B MICKEY FOR KIDS SOFT,16,0,0,0,0,0,0,0,0,0,0,0,0,0,0
420,ORAL-B TOOTH BRUSH ALL ROUNDER CAVITY DEFENSE 123 SOFT 1NOS,28,0,0,0,0,0,0,0,0,0,0,0,0,0,0
421,ORAL-B TOOTH BRUSH ALLROUNDER CAVUTY DELICATE 123 SOFT 2NOS,44,0,0,0,0,0,0,0,0,0,0,0,0,0,0
422,ORAL-B TOOTH BRUSH KIDS SOFT,50,0,0,6,0,0,0,0,0,0,0,0,0,0,6
423,ORAL-B TOOTH BRUSH SENSITIVE WHITENING SOFT BUY2GET1FREE,90,0,0,0,0,0,0,0,0,0,0,0,0,0,0
424,ORAL-B TOOTH BRUSH ALL ROUNDER MEDIUM 1P,35,0,0,12,0,0,0,0,0,0,0,0,0,0,12
425,ORAL-B TOOTH BRUSH SHINY CLEAN SOFT 1NOS,20,0,0,0,0,0,0,0,0,0,0,0,0,0,0
426,ORAL-B TOOTH PASTE HEALTHY 32 MINT 40GM,16,0,0,0,0,0,0,0,0,0,0,0,0,0,0
427,COLGATE TOOTH PASTE VISIBLE WHITE 2X100GM,158,1,0,0,0,0,0,0,0,0,0,0,0,0,1
428,COLGATE TOOTH BRUSH EXTRA CLEAN MEDIUM,20,0,0,0,0,0,0,0,0,0,0,0,0,0,0
430,COLGATE TOOTH BRUSH 360 FLOSS TIP MEDIUM 1N,89,0,0,0,0,0,0,0,0,0,0,0,0,0,0
431,COLGATE TOOTH BRUSH SUPER SHINE MEDIUM 1NOS,20,0,0,0,0,0,0,0,0,0,0,0,0,0,0
432,COLGATE TOOTH BRUSH SENSITIVE ULTRA SOFT 1P,50,0,0,0,0,0,0,0,0,0,0,0,0,0,0
433,COLGATE TOOTH BRUSH SUPER FLEXI MEDIUM 1N,16,0,0,0,0,0,0,0,0,0,0,0,0,0,0
434,COLGATE TOOTH BRUSH ZIG ZAG SOFT 1N,25,1,0,0,0,0,0,0,0,0,0,0,0,0,1
435,COLGATE TOOTH PASTE TOTAL ADVANCED HEALTH BUY 2 140GM TOOTH BRUSH FREE,204,0,0,0,0,0,0,0,0,0,0,0,0,0,0
436,COLGATE TOOTH BRUSH ZIGZAG MEDIUM SHAVER PACK,37,0,0,0,0,0,0,0,0,0,0,0,0,0,0
437,COLGATE TOOTH BRUSH 360 WHOLE MOUTH CLEAN PACK OF 2 SOFT,121,0,0,0,0,0,0,0,0,0,0,0,0,0,0
439,BILT ETIQUETTE NAPKIN,55,0,0,0,0,0,0,0,0,0,0,0,0,0,0
441,PAPER NAPIN,70,-1,0,0,0,0,0,0,0,0,0,0,0,0,-1
442,JOHNSONS BABY CARE COLLECTION LUXURY,501,0,0,0,0,0,0,0,0,0,0,0,0,0,0
443,HIMALAYA PURIFYING NEEM PACK NORMAL TO OILY SKIN 100GM,135,0,0,0,0,0,0,0,0,0,0,0,0,0,0
444,PARK AVENUE DEO DIVE 135ML,180,0,0,0,0,0,0,0,0,0,0,0,0,0,0
445,PARK AVENUE DEO NEO SPRAY 100GM,240,0,0,0,0,0,0,0,0,0,0,0,0,0,0
447,CRYSTAL PIZZA CUTTER,105,1,0,0,0,0,0,0,0,0,0,0,0,0,1
448,CRYSTAL PEELER CUM SCRAPER,65,9,0,0,0,0,0,0,0,0,0,0,0,0,9
450,CRYSTAL ELETRONIC GAS LIGHTER,160,1,0,0,0,0,0,0,0,0,0,0,0,0,1
451,CRYSTAL MULTI-PURPOSE KNIFE,50,1,0,0,0,0,0,0,0,0,0,0,0,0,1
453,CRYSTAL BOTTLE CUM CAN OPENER,105,2,0,0,0,0,0,0,0,0,0,0,0,0,2
458,EVEREADY HOME LITE DIGI LED VALUE PACK,135,0,0,0,0,0,0,0,0,0,0,0,0,0,0
460,CRYSTAL LEMON SQUEEZER,200,2,0,0,0,0,0,0,0,0,0,0,0,0,2
461,CRYSTAL SERVING TONG,125,1,0,0,0,0,0,0,0,0,0,0,0,0,1
462,EVEREADY LED BULB 250 LUMENS 2.5W,199,0,0,0,0,0,0,0,0,0,0,0,0,0,0
467,BAYGON ALL INSECT KILLER 1LTR,296,0,0,0,0,0,0,0,0,0,0,0,0,0,0
468,ALLOUT FLASH GUARD,10,0,0,0,0,0,0,0,0,0,0,0,0,0,0
469,MORTEIN CHOTU INSTA 5 WORKS IN 5 MINUTES 25ML,49,-1,0,0,0,0,0,0,0,0,0,0,0,0,-1
470,MORTEIN ALL INSECT KILLER INSTA KILLS MOSQUITO KILER 200ML,85,1,0,0,0,0,0,0,0,0,0,0,0,0,1
473,ALLOUT MULTI INSECT KILLER 425ML,176,1,0,0,0,0,0,0,0,0,0,0,0,0,1
474,ALLOUT ANTI DENGUE COIL 10N,24,5,0,0,0,0,0,0,0,0,0,0,0,0,5
479,BAYGON ALL INSECT KILLER 250ML,87,2,0,0,0,0,0,0,0,0,0,0,0,0,2
481,MORTEIN POWERGARD ALL INSECT KILLER 225ML,89,0,0,0,0,0,0,0,0,0,0,0,0,0,0
482,MORTEIN NATURE GUARD COCKROACH KILLER 425ML,175,0,0,0,0,0,0,0,0,0,0,0,0,0,0
484,HIT KILLS HIDDEN COCKROACHES 400ML,182,1,0,0,0,0,0,0,0,0,0,0,0,0,1
485,HIT KILLS FLIES & MOSQUITOES 625ML,255,0,0,0,0,0,0,0,0,0,0,0,0,0,0
486,HIT KILLS HIDDEN COCKROACHES 625ML,255,-1,0,0,0,0,0,0,0,0,0,0,0,0,-1
487,HIT KILLS FLIES & MOSQUITOES 400ML,176,0,0,0,0,0,0,0,0,0,0,0,0,0,0
488,HIT KILLS FLIES & MOSQUITOES 200ML,94,1,0,0,0,0,0,0,0,0,0,0,0,0,1
489,HIT KILLS HIDDEN COCKROACHES 320ML,155,1,0,0,0,0,0,0,0,0,0,0,0,0,1
490,HIT KILLS FLIES & MOSQUITOES 320ML,149,2,0,0,0,0,0,0,0,0,0,0,0,0,2
492,MORTEIN MOSQUITO KILLER 500ML,160,0,0,0,0,0,0,0,0,0,0,0,0,0,0
493,MORTEIN POWERGARD RAT KILL 25GM,15,2,0,0,0,0,0,0,0,0,0,0,0,0,2
494,HIT KILLS RATS 25GM,12,4,0,0,0,0,0,0,0,0,0,0,0,0,4
496,DABUR ODOMOS NATURALS MOSQUITO REPELLENT CREAM 100GM,87,2,0,0,0,0,0,0,0,0,0,0,0,0,2
497,DABUR ODOMOS NATURALS 50GM,47,4,0,0,0,0,0,0,0,0,0,0,0,0,4
499,JOHNSONS BABY NAPPY 10DISPOSABLE PADS,85,5,0,0,0,0,0,0,0,0,0,0,0,0,5
500,JOHNSONS BABY NAPPY 20DISPOSABLE PADS,151,3,0,0,0,0,0,0,0,0,0,0,0,0,3
502,PAMPERS BABY DRY PANTS M 7-12KG 9 PANTS DIAPERS,300,0,0,0,0,0,0,0,0,0,0,0,0,0,0
505,PAMPERS BABY DRY LARGE9-14KG 2 DIAPERS,26,0,0,0,0,0,0,0,0,0,0,0,0,0,0
506,PAMPERS BABY DRY PANTS SMALL 4-8KG 9 PANTS DIAPERS,99,0,0,0,0,0,0,0,0,0,0,0,0,0,0
511,PAMPERS BABY DRY XL 12 PLUS 32 DIAPERS,520,0,0,0,0,0,0,0,0,0,0,0,0,0,0
514,MAMY POKO PANTS S 1DIAPER,11,0,0,0,0,0,0,0,0,0,0,0,0,0,0
516,MAMY POKO PANTS 9-14KG (L) 4DIAPERS,55,0,0,0,0,0,0,0,0,0,0,0,0,0,0
517,MAMY POKO PANTS 7-12KG(M) 4DIAPERS,50,0,0,0,0,0,0,0,0,0,0,0,0,0,0
518,MAMY POKO PANTS L 1DIAPER,14,0,0,0,0,0,0,0,0,0,0,0,0,0,0
527,PAMPERS BABY DRY PANTS MEDIUM7-12KG 9 DIAPERS,115,0,0,0,0,0,0,0,0,0,0,0,0,0,0
528,PAMPERS ACTIVE BABY MEDIUM 62DIAPERS,950,0,0,0,0,0,0,0,0,0,0,0,0,0,0
529,PAMPERS L 9-14KG 5 DIAPERS,70,0,0,0,0,0,0,0,0,0,0,0,0,0,0
533,PAMPERS BABY DRY PANTS MEDIUM 2DIAPERS,24,0,0,0,0,0,0,0,0,0,0,0,0,0,0
535,GOOD KNIGHT GREEN SHAKTI LOW SMOKE CPIL 10N,33,0,0,0,0,0,0,0,0,0,0,0,0,0,0
536,GOOD KNIGHT ADVANCED ACTIVE+CARTRIDGE,72,10,0,0,0,0,0,0,0,0,0,0,0,0,10
538,GOOD KNIGHT ADVANCED NEEM ACTIVE CHAUKA PACK 4COILS PACK,12,0,0,0,0,0,0,0,0,0,0,0,0,0,0
540,MORTEIN POWERGARD DEEP REACH COILS 8HRS,29,0,0,0,0,0,0,0,0,0,0,0,0,0,0
542,MORTEIN NATURGARD REFILL 45NIGHTS,52,0,0,0,0,0,0,0,0,0,0,0,0,0,0
543,MORTEIN POWERGARD RAT KILL CAKE 100GM,50,0,0,0,0,0,0,0,0,0,0,0,0,0,0
546,GOOD KNIGHT MACHINE+10 SILVER MATS,36,0,0,0,0,0,0,0,0,0,0,0,0,0,0
547,GOOD KNIGHT ADVANCED DUAL POWER MODE ACTIV+SYSTEM,99,0,0,0,0,0,0,0,0,0,0,0,0,0,0
548,GOOD KNIGHT ADVANCED LAVENDER 45ML,65,0,0,0,0,0,0,0,0,0,0,0,0,0,0
549,MORTEIN NATURGARD MACHINE+REFILL 45N,66,0,0,0,0,0,0,0,0,0,0,0,0,0,0
551,ALLOUT ULTRA REFFIL 45ML,72,3,0,0,0,1,0,0,0,0,0,0,0,0,2
558,AIR WICK AIR FRESHENER SPRAY HIMALAYAN MOUNTAIN MIST 200GM,150,0,0,0,0,0,0,0,0,0,0,0,0,0,0
559,CAREFREE 20 BELTED SANITARY NAPKINS,80,0,0,0,0,0,0,0,0,0,0,0,0,0,0
560,CAREFREE REGULAR 10 BELTED,70,0,0,0,0,0,0,0,0,0,0,0,0,0,0
561,REVIVE INSTANT STARCH ANTI BACTERIA 400GM,125,0,0,0,0,0,0,0,0,0,0,0,0,0,0
562,REVIVE LIQUID STIFFENER 95GM,30,2,0,0,0,0,0,0,0,0,0,0,0,0,2
563,REVIVE LIQUID STIFFENER 200GM,62,2,0,0,0,0,0,0,0,0,0,0,0,0,2
564,ROBIN DAZZLING LIQUID BLUE AFTERWASH 100ML,35,3,0,0,0,0,0,0,0,0,0,0,0,0,3
565,ROBIN DAZZLING LIQUID BLUE AFTERWASH 200ML,50,3,0,0,0,0,0,0,0,0,0,0,0,0,3
566,ROBIN LIQUID BLUE DAZZLING WHITENESS 75ML,20,0,0,0,0,0,0,0,0,0,0,0,0,0,0
567,ROBIN LIQUID BLUE DAZZLING WHITENESS 150ML,40,0,0,0,0,0,0,0,0,0,0,0,0,0,0
568,ROBIN FABRIC CLEANER CUFFS N COLLARS 200ML,53,0,0,0,0,0,0,0,0,0,0,0,0,0,0
569,ROBIN POWER BLUE DAZZLING WHITENESS 50GM,20,7,0,0,0,0,0,0,0,0,0,0,0,0,7
570,AIR WICK FRESHMATIC AUTOMATIC REFILL SPRAY ORANGE BLOSSOM 250ML,275,0,0,0,0,0,0,0,0,0,0,0,0,0,0
571,AIR WICK FRESHMATIC AUTOMATIC SPRAY LAVENDER AND CHAMOMILE COMBI PACK,550,0,0,0,0,0,0,0,0,0,0,0,0,0,0
572,ROBIN POWER BLUE DAZZLING WHITENESS 100GM,40,1,0,0,0,0,0,0,0,0,0,0,0,0,1
573,ROBIN POWER BLUE DAZZLING WHITENESS 200GM,58,3,0,0,0,0,0,0,0,0,0,0,0,0,3
575,UJALA SUPREME LIQUID 250ML,65,3,0,0,0,0,0,0,0,0,0,0,0,0,3
577,COMFORT FABRIC CONDITIONER AFTER WASH PINK 200ML,55,0,0,0,0,0,0,0,0,0,0,0,0,0,0
579,SILVO SILVER POLISH 90ML,80,4,0,0,0,0,0,0,0,0,0,0,0,0,4
580,LOVIN CAR AIR FRESHNER LIME,150,0,0,0,0,0,0,0,0,0,0,0,0,0,0
582,ODONIL NATURE AIR FRESHENER ORCHID DEW 75GM,67,2,0,0,0,0,0,0,0,0,0,0,0,0,2
583,NIVEA FACE WASH REFRESHING NORMAL SKIN 55ML,80,0,0,0,0,0,0,0,0,0,0,0,0,0,0
584,REVIVE INSTANT STARCH ANTI BACTERIA 200GM,65,3,0,0,0,0,0,0,0,0,0,0,0,0,3
586,COLIN GLASS CLEANER WITH SHINE BOOSTERS 250ML,56,3,0,0,0,0,0,0,0,0,0,0,0,0,3
589,AIR WICK AIR FRESHENER SPRAY AQUA FLORAL 300ML,130,0,0,0,0,0,0,0,0,0,0,0,0,0,0
590,NIVEA DEO FRESH FLOWER 150ML,190,1,0,0,0,0,0,0,0,0,0,0,0,0,1
591,PARK AVENUE SOAP GOOD MORNING 125GM,45,0,0,0,0,0,0,0,0,0,0,0,0,0,0
592,ODONIL NATURE AIR FRESHNER SANDAL BOUQUET 50GM,34,0,0,0,0,0,0,0,0,0,0,0,0,0,0
593,AMBI PUR AIR EFFECTS HARWAIIAN FLOWERS 275GM,250,0,0,0,0,0,0,0,0,0,0,0,0,0,0
594,AMBI PUR ULTRA CONTROL VANILLA BOUQUET 2X7.5ML,440,0,0,1,0,0,0,0,0,0,0,0,0,0,1
595,REVIVE INSTANT STARCH ANTI BECTERIA POUCH 50GM,15,0,0,0,0,0,0,0,0,0,0,0,0,0,0
596,ODONIL NATURE GOOD LIVING ROOM FRESHNING GEL ROSE DREMS 75GM,75,3,0,0,0,0,0,0,0,0,0,0,0,0,3
598,OLAY BODYWASH AGE DEFYING 400ML,269,0,0,0,0,0,0,0,0,0,0,0,0,0,0
604,DOVE CONDITIONER INTENSE REPAIR 190ML,190,1,0,0,0,0,0,0,0,0,0,0,0,0,1
605,DOVE SOAP CREAM BAR 50GM,25,4,0,0,0,0,0,0,0,0,0,0,0,0,4
609,MYSORE SANDAL GOLD SOAP 125GM,75,2,0,0,0,0,0,0,0,0,0,0,0,0,2
610,CAMAY SOAP INTERNATIONAL NATUREL 125GM,40,6,0,0,0,0,0,0,0,0,0,0,0,0,6
611,PRIL BAR LIME+VINEGAR 3X200GM,47,0,0,0,0,0,0,0,0,0,0,0,0,0,0
612,PRIL DISH BAR LIME & VINEGAR 3X200GM,42,0,0,0,0,0,0,0,0,0,0,0,0,0,0
614,PRIL LIQUID DISHWASH LIME 750ML,155,1,0,0,0,0,0,0,0,0,0,0,0,0,1
615,MO KLEEN ULTRA SHINE GLASS CLEANER COMBO 500ML,105,0,0,0,0,0,0,0,0,0,0,0,0,0,0
617,VIM DROP DISHWASH ACTIVE GEL YELLOW 500ML,105,2,0,0,0,0,0,0,0,0,0,0,0,0,2
619,MR MUSCLE GLASS & HOUSEHOLD CLEANER 500ML,72,2,0,0,0,0,0,0,0,0,0,0,0,0,2
620,MR MUSCLE TOILET & BATHROOM CLEANER FRAGRANCE HERBAL FRESH 450ML,69,2,0,0,0,0,0,0,0,0,0,0,0,0,2
621,DETTOL HAND WASH ORIGINAL LIQUID PUMP 200ML,87,2,0,0,0,0,0,0,0,0,0,0,0,0,2
622,DETTOL KITCHEN DISH & SLAB GEL LEMON FRESH COMBI PACK,310,0,0,0,0,0,0,0,0,0,0,0,0,0,0
626,DETTOL SOAP LASTING FRESH 75GM,25,0,0,0,0,0,0,0,0,0,0,0,0,0,0
627,DETTOL SOAP LASTING FRESH 3X75GM,69,0,0,0,0,0,0,0,0,0,0,0,0,0,0
630,DOVE DEO MEN SILVER CONTROL 150ML,225,1,0,0,0,0,0,0,0,0,0,0,0,0,1
632,DETTOL SOAP COOL 125GM,43,0,0,0,0,0,0,0,0,0,0,0,0,0,0
638,DETTOL SOAP COOL 3X70GM,72,0,0,0,0,0,0,0,0,0,0,0,0,0,0
639,DETTOL HAND WASH SENSITIVE LIQUID PUMP 200ML,87,2,0,0,0,0,0,0,0,0,0,0,0,0,2
648,MEDIMIX SOAP CLASSIC 4X125GM,148,0,0,0,0,0,0,0,0,0,0,0,0,0,0
650,REXONA SOAP COCONUT AND OLIVE OIL 4x54GM,40,1,0,0,0,0,0,0,0,0,0,0,0,0,1
651,REXONA SOAP COCONUT & OLIVE OILS PACK OF 4 100GM,87,3,0,0,0,0,0,0,0,0,0,0,0,0,3
654,GODREJ SHIKAKAI AMLA PLUS SOAP 78GM,20,6,0,0,0,0,0,0,0,0,0,0,0,0,6
656,PAMPERS BABY PANTS LIGHT & DRY SMALL 22DIAPERS,250,0,0,0,0,0,0,0,0,0,0,0,0,0,0
657,PAMPERS BABY DRY LARGE 5DIAPERS,75,0,0,0,0,0,0,0,0,0,0,0,0,0,0
658,PAMPERS BABY PANTS LIGHT & DRY LARGE 20DIAPERS,299,0,0,0,0,0,0,0,0,0,0,0,0,0,0
659,SURF EXCEL BAR 95GM,10,0,0,0,0,0,0,0,0,0,0,0,0,0,0
661,SURF EXCEL BAR 250GM,29,9,0,0,0,3,0,0,0,0,0,0,0,0,6
663,SURF EXCEL BAR 4X200GM,88,5,0,0,0,1,0,0,0,0,0,0,0,0,4
665,TIDE BAR 120GM,10,0,0,0,0,0,0,0,0,0,0,0,0,0,0
666,TIDE BAR 4X250GM,78,0,0,0,0,0,0,0,0,0,0,0,0,0,0
667,RIN BAR 75GM,5,0,0,0,0,0,0,0,0,0,0,0,0,0,0
668,RIN BAR 250GM,16,12,0,0,0,1,0,0,0,0,0,0,0,0,11
672,VIM BAR 80GM,5,0,0,0,0,0,0,0,0,0,0,0,0,0,0
673,VIM ANTI GERM WITH LEMON AND NEEM BAR 300GM,27,0,0,0,0,0,0,0,0,0,0,0,0,0,0
674,VIM BAR 165GM,10,-3,0,0,0,0,0,0,0,0,0,0,0,0,-3
675,VIM BAR POWER OF 100 LEMONS 250GM,26,0,0,0,0,0,0,0,0,0,0,0,0,0,0
677,HENKO MATIC FRONT LOAD 1KG,235,0,0,0,0,0,0,0,0,0,0,0,0,0,0
681,LUX SOAP FRESH SPLASH 3X150GM,108,5,0,0,0,0,0,0,0,0,0,0,0,0,5
683,LUX SOAP SOFT TOUCH 150GM,38,0,0,0,0,0,0,0,0,0,0,0,0,0,0
684,LUX SOAP VELVET TOUCH 54GM,10,0,0,0,0,0,0,0,0,0,0,0,0,0,0
685,LUX SOAP STRAWBERRY &  CREAM MINI 30GM,5,0,0,0,0,0,0,0,0,0,0,0,0,0,0
686,LUX SOAP SAFFRON GLOW 4X54GM,40,0,0,0,0,0,0,0,0,0,0,0,0,0,0
687,LUX SOAP CREAMY PERBECTION 75GM,30,7,0,0,0,0,0,0,0,0,0,0,0,0,7
688,LUX SOAP CREAMY PERBECTION 125GM,50,4,0,0,0,0,0,0,0,0,0,0,0,0,4
692,OB PRO COMFORT 10N,130,1,0,0,0,0,0,0,0,0,0,0,0,0,1
693,OB 20 TAMPONS REGULAR,210,5,0,0,0,0,0,0,0,0,0,0,0,0,5
698,MO KLEEN TAPS N TILES 500ML,75,0,0,0,0,0,0,0,0,0,0,0,0,0,0
700,PRIL PERFECT ACTIVE 2X 425ML,90,0,0,0,0,0,0,0,0,0,0,0,0,0,0
701,HARPIC POWER PLUS ALL IN 1 ORIGINAL500ML,80,0,0,0,0,0,0,0,0,0,0,0,0,0,0
702,MR WHITE SURF LEMON BLUE EDIT,58,0,0,0,0,0,0,0,0,0,0,0,0,0,0
704,HENKO STAIN CHAMPION NEEM 500GM,50,0,0,0,0,0,0,0,0,0,0,0,0,0,0
705,WHEEL LEMON & JASMINE POWDER 200GM,10,0,0,0,0,0,0,0,0,0,0,0,0,0,0
706,WHEEL POWDER LEMON & JASMINE 500GM,23,0,0,0,0,0,0,0,0,0,0,0,0,0,0
710,SCOTCH BRITE JET SCRUBBER,120,0,0,0,0,0,0,0,0,0,0,0,0,0,0
711,SCOTCH BRITE KITCHEN GLOVES FRESH LEMON SCENT SMALL,90,4,0,0,0,0,0,0,0,0,0,0,0,0,4
712,SCOTCH BRITE HANDY SCRUBBER,286,0,0,0,0,0,0,0,0,0,0,0,0,0,0
713,AIR WICK JASMINE BLOOM 50GM,70,0,0,0,0,0,0,0,0,0,0,0,0,0,0
715,CINTHOL SOAP DEO INSTA 3X100GM,99,1,0,0,0,0,0,0,0,0,0,0,0,0,1
717,CINTHOL SOAP LIME 4X75GM,76,2,0,0,0,0,0,0,0,0,0,0,0,0,2
719,GODREJ FAIR GLOW SOAP SET 4 X100GM,88,1,0,0,0,0,0,0,0,0,0,0,0,0,1
720,WILD STONE SOAP FOREST SPICE 125GM,40,0,0,0,0,0,0,0,0,0,0,0,0,0,0
721,WILD STONE SOAP ULTRA SENSUAL 125GM,40,0,0,0,0,0,0,0,0,0,0,0,0,0,0
722,WILD STONE SOAP SET BUY 3 GET 1 FREE 4X125GM,120,0,0,0,0,0,0,0,0,0,0,0,0,0,0
724,GODREJ NO.1 SOAP NATURE SOFT GLYCERIN & HONEY 75GM,23,0,0,0,0,0,0,0,0,0,0,0,0,0,0
725,GODREJ NO. 1 NATURE SOFT GLYCERIN & HONEY SOAP 50GM,15,0,0,0,0,0,0,0,0,0,0,0,0,0,0
726,WILD STONE SOAP MUSK 125GM,40,0,0,0,0,0,0,0,0,0,0,0,0,0,0
728,"HAMAM SOAP NEEM,TULSI & ALOE VERA 100GM",30,1,0,0,0,0,0,0,0,0,0,0,0,0,1
731,LIRIL 2000 SOAP TEA TREE 75GM,30,0,0,0,0,0,0,0,0,0,0,0,0,0,0
732,LIRIL 2000 SOAP TEA TREE 125GM,50,0,0,0,0,0,0,0,0,0,0,0,0,0,0
733,SANTOOR HAND WASH FRESH SWEET LIME PEEL & TULSI 3X180ML,96,0,0,0,0,0,0,0,0,0,0,0,0,0,0
734,SANTOOR SKIN SOFTNESS SOAP 4X125GM,115,-2,0,0,0,0,0,0,0,0,0,0,0,0,-2
738,TIDE PLUS POWDER 500GM,49,1,0,0,0,0,0,0,0,0,0,0,0,0,1
740,ARIEL COMPLETE PLUS 24HR FRESH 500GM,105,0,0,0,0,0,0,0,0,0,0,0,0,0,0
741,ARIEL MATIC FRONT AND TOP LOAD 1KG,195,0,0,0,0,0,0,0,0,0,0,0,0,0,0
742,ARIEL MATIC TOP & FRONT LOAD 1KG,242,0,0,0,0,0,0,0,0,0,0,0,0,0,0
743,ARIEL COMPLETE COLOUR & STYLE 1KG,185,0,0,0,0,0,0,0,0,0,0,0,0,0,0
744,ARIEL MATIC FRONT LOAD NEW BOX 1KG,242,0,0,0,0,0,0,0,0,0,0,0,0,0,0
745,ARIEL BRILLIANT CLEANING IN 1 WASH 1KG+200GM FREE,215,0,0,0,0,0,0,0,0,0,0,0,0,0,0
746,ARIEL BRILLIANT CLEANING IN 1 WASH 500GM,92,0,0,0,0,0,0,0,0,0,0,0,0,0,0
748,ARIEL COMPLETE PLUS 24HR FRESH 2KG,399,0,0,0,0,0,0,0,0,0,0,0,0,0,0
752,SURF EXCEL QUICKWASH POWDER 500GM,93,4,0,0,0,0,0,0,0,0,0,0,0,0,4
753,SURF EXCEL MATIC TOP LOAD POWDER 500GM,110,0,0,0,0,0,0,0,0,0,0,0,0,0,0
754,SURF EXCEL MATIC FRONT LOAD 500GM,120,2,0,0,0,0,0,0,0,0,0,0,0,0,2
755,VIM DISHWASH POWDER WITH EXTRA  LIME 1KG,26,0,0,0,0,0,0,0,0,0,0,0,0,0,0
757,ARIEL BRILLIANT CLEANING IN 1 WASH COLOUR 1KG,215,0,0,0,0,0,0,0,0,0,0,0,0,0,0
758,ARIEL MATIC TOP & FRONT LOAD 500GM,122,0,0,0,0,0,0,0,0,0,0,0,0,0,0
759,ARIEL BRILLIANT CLEANING IN 1 WASH COLOUR 2KG,399,0,0,0,0,0,0,0,0,0,0,0,0,0,0
760,ARIEL MATIC COMPLETE 2KG,453,0,0,0,0,0,0,0,0,0,0,0,0,0,0
763,SCOTCH BRITE STRIP MOP,325,1,0,0,0,0,0,0,0,0,0,0,0,0,1
764,SCOTCH BRITE BUTTERFLY & MOP,850,0,0,0,0,0,0,0,0,0,0,0,0,0,0
766,ARIEL COMPLETE PLUS MORNING BREEZE 1KG,185,0,0,0,0,0,0,0,0,0,0,0,0,0,0
767,MR WHITE LEMON BLUE 3.25KG EDIT,225,0,0,0,0,0,0,0,0,0,0,0,0,0,0
768,ARIEL BRILLIANT CLEANING IN 1 WASH 2KG,419,0,0,0,0,0,0,0,0,0,0,0,0,0,0
773,SOAP CASE RS.14,14,6,0,0,0,0,0,0,0,0,0,0,0,0,6
775,SCOTCH BRITE COTTON MOP,225,0,0,0,0,0,0,0,0,0,0,0,0,0,0
776,SURF EXCEL MATIC FRONT LOAD BOX1KG,225,0,0,0,0,0,0,0,0,0,0,0,0,0,0
778,AIR WICK LIFE SCENTS LUSH HIDEAWAY 210ML,249,0,0,0,0,0,0,0,0,0,0,0,0,0,0
779,NIROL SOAP,10,0,0,0,0,0,0,0,0,0,0,0,0,0,0
781,SCOTCH BRITE 1 SQUEEGEE 3M,239,0,0,0,0,0,0,0,0,0,0,0,0,0,0
782,SCOTCH BRITE SPONGE WIPE 10X 3WIPES,180,1,0,0,0,0,0,0,0,0,0,0,0,0,1
783,SCOTCH BRITE SCRUB SPONGE,40,1,0,0,0,0,0,0,0,0,0,0,0,0,1
784,SCOTCH BRITE SCRUB PAD 10X14CM,28,0,0,0,0,0,0,0,0,0,0,0,0,0,0
785,SCOTCH BRITE SPONGE WIPE 10X 1N,65,5,0,0,0,0,0,0,0,0,0,0,0,0,5
786,SCOTCH BRITE SUPER STRONG 2PADS 3M,63,18,0,0,0,0,0,0,0,0,0,0,0,0,18
787,SCOTCH BRITE RAPID ACTION PLATINUM PAD 3M,30,16,0,0,0,0,0,0,0,0,0,0,0,0,16
788,SCOTCH BRITE POWER SCRUB 3M,50,10,0,0,0,0,0,0,0,0,0,0,0,0,10
789,SCOTCH BRITE SCRUB 5PADS+SPONGE WIPE FREE,75,0,0,0,0,0,0,0,0,0,0,0,0,0,0
790,SCOTCH BRITE SCRUB SPONGE 1NOS,30,6,0,0,0,0,0,0,0,0,0,0,0,0,6
792,SCOTCH BRITE STAIN CUTTERS 1SCRUB,35,17,0,0,0,0,0,0,0,0,0,0,0,0,17
793,HARPIC BATHROOM CLEANING SPRAY 400ML,120,5,0,0,0,0,0,0,0,0,0,0,0,0,5
794,HARPIC FLUSHMATIC PINE 50GM,60,3,0,0,0,0,0,0,0,0,0,0,0,0,3
795,AIR WICK AROMA OIL REFILL VELVET ROSE 18GM,139,0,0,0,0,0,0,0,0,0,0,0,0,0,0
796,GLADE TOUCH & FRESH REFILL FRESH LEMON 12ML,75,2,0,0,0,0,0,0,0,0,0,0,0,0,2
798,AMBI PUR SET & REFRESH THAI DRAGON FRUIT 2ML,175,0,0,0,0,0,0,0,0,0,0,0,0,0,0
800,SURF EXCEL MATIC FRONT LOAD BOX2KG,480,5,0,0,0,0,0,0,0,0,0,0,0,0,5
801,SURF EXCEL MATIC TOP LOAD BOX 2X1KG=2KG,420,5,0,0,0,0,0,0,0,0,0,0,0,0,5
802,SANI FRESH ULTRA SHINE 2X500ML,168,0,0,0,0,0,0,0,0,0,0,0,0,0,0
806,MOPX SANITIZER & DEODORIZER CLEANER 1LTR EDIT,42,0,0,0,0,0,0,0,0,0,0,0,0,0,0
807,HARPIC PLUS BLEACH DISINFECTANT TOILET CLEANER POWER PLUS ORIGINAL 500ML,68,0,0,0,0,0,0,0,0,0,0,0,0,0,0
810,HARPIC HYGIENIC TOILET RIM BLOCK JASMINE 26GM,65,0,0,0,0,0,0,0,0,0,0,0,0,0,0
812,RENUKA CLASSIC CLOTH HANGER SET OF 12,395,1,0,0,0,0,0,0,0,0,0,0,0,0,1
814,WOODEN CLOTHES HANGER,60,13,0,0,0,0,0,0,0,0,0,0,0,0,13
815,RENUKA CLASSIC HANGER SET OF6,270,2,0,0,0,0,0,0,0,0,0,0,0,0,2
816,CLOTH HANGER TRUTH PACK OF 6,170,-1,0,0,0,0,0,0,0,0,0,0,0,0,-1
818,SCOTCH BRITE FLOOR CLOTH POCHHA,55,1,0,0,0,0,0,0,0,0,0,0,0,0,1
819,SCOTCH BRITE FLOOR CLOTH POCHHA 2N,103,1,0,0,0,0,0,0,0,0,0,0,0,0,1
823,MARGO SOAP NEEM CARE PACK 5X100GM,120,0,0,0,0,0,0,0,0,0,0,0,0,0,0
824,SIMCO HAIR FIXER CLASSIC 100GM,76,2,0,0,0,0,0,0,0,0,0,0,0,0,2
825,SIMCO HAIR FIXER SUPREME 100GM,64,4,0,0,0,0,0,0,0,0,0,0,0,0,4
826,SIMCO HAIR FIXER SUPREME 500GM,272,3,0,0,0,0,0,0,0,0,0,0,0,0,3
827,SIMCO HAIR FIXER SUPREME 300GM,173,6,0,0,0,0,0,0,0,0,0,0,0,0,6
828,SIMCO HAIR FIXER CLASSIC 500GM,323,1,0,0,0,0,0,0,0,0,0,0,0,0,1
829,SIMCO HAIR FIXER CLASSIC 300GM,205,5,0,0,0,0,0,0,0,0,0,0,0,0,5
831,LUX BODYWASH SOFT TOUCH ESSENCE & ROES WATER 100ML,70,0,0,0,0,0,0,0,0,0,0,0,0,0,0
832,OLAY FIRMING BUTTER ADVANCED MOISTURE BODYWASH 295ML,229,0,0,0,0,0,0,0,0,0,0,0,0,0,0
833,REVLON COLOR TOP SPEED 68 BROWNISH BLACK,650,0,0,0,0,0,0,0,0,0,0,0,0,0,0
834,PALMOLIVE HANDWASH LIQUID REMOVES GERMS 250ML,79,0,0,0,0,0,0,0,0,0,0,0,0,0,0
836,GATSBY BODY SHOWER GEL DOUBLE DEO ORIGINALPROTECTION 600ML,250,0,0,0,0,0,0,0,0,0,0,0,0,0,0
837,GATSBY BODY SHOWER GEL DOUBLE DEO REFRESH PROTECTION 600ML,250,0,0,0,0,0,0,0,0,0,0,0,0,0,0
839,LUX BODYWASH SOFT TOUCH FLORAL BEAUTY OIL 235ML,99,0,0,0,0,0,0,0,0,0,0,0,0,0,0
840,PALMOLIVE SHOWER GEL THERMAL SPA SKIN RENEWAL250ML,190,-1,0,0,0,0,0,0,0,0,0,0,0,0,-1
854,LOREAL SHAMPOO FALL RESIST ANTI DANDRUFF 175ML,150,0,0,0,0,0,0,0,0,0,0,0,0,0,0
855,LOREAL CONDITIONER SMOOTH INTENSE 65ML,80,0,0,0,0,0,0,0,0,0,0,0,0,0,0
856,LOREAL CONDITIONER SMOOTH INTENSE 175ML,185,0,0,0,0,0,0,0,0,0,0,0,0,0,0
858,LOREAL SHAMPOO FALL REPAIR 360ML,265,1,0,0,0,0,0,0,0,0,0,0,0,0,1
859,LOREAL SHAMPOO FALL RESIST 3X 75ML,58,0,0,0,0,0,0,0,0,0,0,0,0,0,0
864,CLEAR SHAMPOO ANTI-DANDRUFF COMPLETE ACTIVE CARE 350ML,270,0,0,0,0,0,0,0,0,0,0,0,0,0,0
867,PANTENE SHAMPOO ANTI DANDRUFF 180ML,115,1,0,0,0,0,0,0,0,0,0,0,0,0,1
868,HIMALAYA CONDITIONER DAMAGE REPAIR PROTEIN 200ML,135,1,0,0,0,0,0,0,0,0,0,0,0,0,1
869,HIMALAYA CONDITIONER  GENTLE DAILY CARE 100ML,78,1,0,0,0,0,0,0,0,0,0,0,0,0,1
870,HIMALAYA SHAMPOO ANTI DANDRUFF 400ML,216,0,0,0,0,0,0,0,0,0,0,0,0,0,0
871,HIMALAYA SHAMPOO DRYNESS DEFENES PROTEIN 400ML,220,0,0,0,0,0,0,0,0,0,0,0,0,0,0
872,HIMALAYA SHAMPOO ANTI DANDRUFF 100ML,68,1,0,0,0,0,0,0,0,0,0,0,0,0,1
873,HIMALAYA SHAMPOO PROTEIN GENTLE DAILY CARE 100ML,68,1,0,0,0,0,0,0,0,0,0,0,0,0,1
874,HIMALAYA CONDITIONER & HAIR DETANGLER 150ML,165,0,0,0,0,0,0,0,0,0,0,0,0,0,0
876,HIMALAYA SHAMPOO ANTI-HAIR FALL ALL HAIR TYPES 200ML,128,2,0,0,0,0,0,0,0,0,0,0,0,0,2
881,HERBAL ESSENCES CONDITIONER TOUCHABLY SMOOTH 300ML,190,0,0,0,0,0,0,0,0,0,0,0,0,0,0
882,HERBAL ESSENCES CONDITIONER TOTALLY TWISTED 300ML,240,0,0,0,0,0,0,0,0,0,0,0,0,0,0
883,CLINIC PLUS SHAMPOO STRONG&LONG HEALTH 340ML,145,0,0,0,0,0,0,0,0,0,0,0,0,0,0
884,CLINIC PLUS CONDITIONER SOFT & SILKY CREAM 160ML,132,0,0,0,0,0,0,0,0,0,0,0,0,0,0
885,LOTUS YOUTHRX NIGHT CREAM 50GM,525,0,0,0,0,0,0,0,0,0,0,0,0,0,0
886,LOTUS YOUTHRX ANTI AGEING TRANSFORMING CREAM 10GM,120,0,0,0,0,0,0,0,0,0,0,0,0,0,0
887,LOTUS YOUTHRX ANTI AGEING TRANSFORMING CREAM 50GM,545,0,0,0,0,0,0,0,0,0,0,0,0,0,0
888,LOTUS SHEAMOIST BUTTER & REAL STRAWBERRY MOISTURISER120GM,245,0,0,0,0,0,0,0,0,0,0,0,0,0,0
890,HALO NOURISHING SHAMPOO PROTEIN & EGG,270,1,0,0,0,0,0,0,0,0,0,0,0,0,1
893,GARNIER FRUCTIS SHAMPOO LONG & STRONG 175ML,135,0,0,0,0,0,0,0,0,0,0,0,0,0,0
895,GARNIER FRUCTIS SHAMPOO GOODBYE DAMAGE 175ML,150,0,0,0,0,0,0,0,0,0,0,0,0,0,0
896,GARNIER FRUCTIS SHAMPOO ANTI DANDRUFF 175ML,120,0,0,0,0,0,0,0,0,0,0,0,0,0,0
897,GARNIER FRUCTIS SHAMPOO NORMAL CARE 340ML,250,0,0,0,0,0,0,0,0,0,0,0,0,0,0
898,GARNIER FRUCTIS SHAMPOO GOODBYE DAMAGE 640ML,359,0,0,0,0,0,0,0,0,0,0,0,0,0,0
899,GARNIER FRUCTIS SHAMPOO TRIPLE NUTRITION 640ML,400,0,0,0,0,0,0,0,0,0,0,0,0,0,0
901,DOVE SHAMPOO DANDRUFF CARE 180ML,145,1,0,0,0,0,0,0,0,0,0,0,0,0,1
902,DOVE SHAMPOO DAMAGE THERAPY 80ML,69,0,0,0,0,0,0,0,0,0,0,0,0,0,0
908,DOVE CONDITIONER DAILY SHINE 80ML,90,1,0,0,0,0,0,0,0,0,0,0,0,0,1
910,SUNSILK CONDITIONER SHINY SMOOTH & TANGLE FREE AMLA PEARL 180ML,143,0,0,0,0,0,0,0,0,0,0,0,0,0,0
913,SUNSILK SHAMPOO STRONG & ABUNDANT 400ML,220,0,0,0,0,0,0,0,0,0,0,0,0,0,0
914,SUNSILK SHAMPOO RADIANT SHINE 80ML,60,0,0,0,0,0,0,0,0,0,0,0,0,0,0
915,SUNSILK SHAMPOO STRONG & ABUNDANT 80ML,66,0,0,0,0,0,0,0,0,0,0,0,0,0,0
917,LISTERINE MOUTHWASH COOLMINT 500ML,199,0,0,0,0,0,0,0,0,0,0,0,0,0,0
920,COLGATE MOUTHWASH PLAX VISIBLE WHITE 250ML,99,0,0,0,0,0,0,0,0,0,0,0,0,0,0
922,COLGATE MOUTHWASH PLAX PEPPER MINT 250ML,105,2,0,0,0,0,0,0,0,0,0,0,0,0,2
926,VANISH SHAKTI O2 PLUS STAIN REMOVER POWDER 120GM,52,0,0,0,0,0,0,0,0,0,0,0,0,0,0
927,VANISH SHAKTI O2 PLUS STAIN REMOVER POWDER 240GM,95,0,0,0,0,0,0,0,0,0,0,0,0,0,0
928,VANISH SHAKTI O2 PLUS STAIN REMOVER POWDER 450GM,170,0,0,0,0,0,0,0,0,0,0,0,0,0,0
929,VANISH LIQUID REMOVES STAINS 180ML,35,0,0,0,0,0,0,0,0,0,0,0,0,0,0
930,VANISH LIQUID REMOVES STAINS 500ML,80,0,0,0,0,0,0,0,0,0,0,0,0,0,0
932,EZEE LIQUID DETERGENT 200GM,49,0,0,0,0,0,0,0,0,0,0,0,0,0,0
943,EZEE LIQUID DETERGENT 500GM,90,4,0,0,0,0,0,0,0,0,0,0,0,0,4
944,EZEE LIQUID DETERGENT 1KG,175,1,0,0,0,0,0,0,0,0,0,0,0,0,1
949,ROBIN LIQUID BLEACH FABRIC STAIN REMOVER 500ML,60,0,0,0,0,0,0,0,0,0,0,0,0,0,0
950,SAFEWASH LIQUID DETERGENT COMB PACK 2 200GM,75,0,0,0,0,0,0,0,0,0,0,0,0,0,0
951,SAFEWASH LIQUID DETERGENT NEEM COMBO PACK 2 X 500ML,170,4,0,0,0,0,0,0,0,0,0,0,0,0,4
954,LIZOL DISINFECTANT SURFACE CLEANER CITRUS 2LTR,327,0,0,0,0,0,0,0,0,0,0,0,0,0,0
955,HARPIC POWER FRESH CITRUS 39GM,149,0,0,0,0,0,0,0,0,0,0,0,0,0,0
958,BCPL NAPHTHALENE BALLS,32,0,0,0,0,0,0,0,0,0,0,0,0,0,0
961,GODREJ NUPUR MEHENDI 50GM,35,2,0,0,0,0,0,0,0,0,0,0,0,0,2
962,CHERRY BLOSSOM BLACK POLISH 15GM,27,5,0,0,0,0,0,0,0,0,0,0,0,0,5
963,CHERRY BLOSSOM DARK TAN POLISH 15GM,27,7,0,0,0,0,0,0,0,0,0,0,0,0,7
964,CHERRY BLOSSOM BLACK POLISH 40GM,50,3,0,0,0,0,0,0,0,0,0,0,0,0,3
965,CHERRY BLOSSOM DARK TAN POLISH 40GM,40,6,0,0,0,0,0,0,0,0,0,0,0,0,6
966,KIWI BLACK SHOE POLISH 40GM,49,5,0,0,0,0,0,0,0,0,0,0,0,0,5
967,KIWI DARKTAN  SHOE POLISH 40GM,49,5,0,0,0,0,0,0,0,0,0,0,0,0,5
968,KIWI DARKTAN SHOE POLISH 15GM,30,3,0,0,0,0,0,0,0,0,0,0,0,0,3
969,KIWI BLACK SHOE POLISH 15GM,27,4,0,0,0,0,0,0,0,0,0,0,0,0,4
971,KIWI WAX RICH COLOUR SHINE BLACK INSTANT POLISH 75ML,74,1,0,0,0,0,0,0,0,0,0,0,0,0,1
972,KIWI WAX RICH SHINE & PROTECT BROWN INSTANT POLISH 75ML,74,5,0,0,0,0,0,0,0,0,0,0,0,0,5
977,KIWI SPORT SHOE CLEANER 100ML,79,0,0,0,0,0,0,0,0,0,0,0,0,0,0
978,CHERRY BLOSSOM SPORTS SHOE CLEANER WHITE 120GM,33,0,0,0,0,0,0,0,0,0,0,0,0,0,0
979,KIWI WHITENER 120GM,35,0,0,0,0,0,0,0,0,0,0,0,0,0,0
981,KIWI 2 IN 1 BRUSH,80,4,0,0,0,0,0,0,0,0,0,0,0,0,4
982,KIWI LEATHER SHOE SHINE BRUSH,65,4,0,0,0,0,0,0,0,0,0,0,0,0,4
984,CIF CREAM SURFACE CLEANER 250ML,68,0,0,0,0,0,0,0,0,0,0,0,0,0,0
985,CIF CREAM SURFACE CLEANER LEMON 250ML,78,0,0,0,0,0,0,0,0,0,0,0,0,0,0
986,RIN FABRIC WHITENER 500ML,52,4,0,0,0,0,0,0,0,0,0,0,0,0,4
987,DOMEX FLOOR CLEANER DISINFECTANT  500ML,85,6,0,0,0,0,0,0,0,0,0,0,0,0,6
988,DOMEX 2 IN 1 PHENOLIC CLEANER 500ML,85,0,0,0,0,0,0,0,0,0,0,0,0,0,0
991,PINE SHAKTI CONCENTRATE FLOOR FRESHNER 275ml,70,19,0,0,0,0,0,0,0,0,0,0,0,0,19
996,MO KLEEN MARBLE CLEANER 500ML,60,0,0,0,0,0,0,0,0,0,0,0,0,0,0
997,MO KLEEN MARBLE CLEANER 1LTR,115,0,0,0,0,0,0,0,0,0,0,0,0,0,0
999,DOMEX ZERO STAIN 7X THICKER FORMULA FRESH POWER 450ML,70,1,0,0,0,0,0,0,0,0,0,0,0,0,1
1000,PHENOL LAMP BRAND 450ML,60,2,0,0,0,0,0,0,0,0,0,0,0,0,2
1001,YELLOW DUSTER,25,53,0,0,0,0,0,0,0,0,0,0,0,0,53
1002,DUSTER KITCHEN SMALL,15,0,0,0,0,0,0,0,0,0,0,0,0,0,0
1003,POCHHA FLOOR XXL,35,-7,0,0,0,0,0,0,0,0,0,0,0,0,-7
1004,POCHHA MEDIUM,30,101,0,0,0,0,0,0,0,0,0,0,0,0,101
1006,FAIR & LOVELY FACEWASH MAX FAIRNESS MEN 20GM,31,0,0,0,0,0,0,0,0,0,0,0,0,0,0
1007,FAIR & LOVELY FACEWASH POLLUTION CLEAN-UP 100GM,135,0,0,0,0,0,0,0,0,0,0,0,0,0,0
1008,GARNIER MEN FACEWASH OIL CLEAR 50GM,90,0,0,0,0,0,0,0,0,0,0,0,0,0,0
1009,GARNIER MEN FACEWASH POWER LIGHT 50GM,90,0,0,0,0,0,0,0,0,0,0,0,0,0,0
1010,GARNIER MEN FACEWASH INTENSE FRESH 50GM,95,0,0,0,0,0,0,0,0,0,0,0,0,0,0
1011,GARNIER MEN FACEWASH INTENSE FRESH 100GM,185,0,0,0,0,0,0,0,0,0,0,0,0,0,0
1012,GARNIER MEN FACEWASH POWER LIGHT 100GM,180,1,0,0,0,0,0,0,0,0,0,0,0,0,1
1015,GARNIER FACEWASH GENTLE SOOTHING ORANGE 50ML,47,0,0,0,0,0,0,0,0,0,0,0,0,0,0
1018,GARNIER FACEWASH PURE EXFOLIATING EUCALYPTUS 50ML,70,0,0,0,0,0,0,0,0,0,0,0,0,0,0
1019,GARNIER FACEWASH PURE EXFOLIATING EUCALYPTUS 100ML,135,0,0,0,0,0,0,0,0,0,0,0,0,0,0
1020,GARNIER WHITE COMPLETE GENTLE EXFOLIATING SCRUB PURE LEMON 50GM,85,0,0,0,0,0,0,0,0,0,0,0,0,0,0
1025,GARNIER WRINKLE LIFT ANTI AGEING CREAM 18GM,165,0,0,0,0,0,0,0,0,0,0,0,0,0,0
1026,GARNIER WRINKLE LIFT ANTI AGEING CREAM 40GM,275,0,0,0,0,0,0,0,0,0,0,0,0,0,0
1028,GARNIER SUN CONTROL DAILY MOISTURISER SPF15 50GM,185,0,0,0,0,0,0,0,0,0,0,0,0,0,0
1029,GARNIER SUN CONTROL DAILY MOISTURISER SPF15 UVA+ 50ML,185,0,0,0,0,0,0,0,0,0,0,0,0,0,0
1030,GARNIER MEN POWER LIGHT FAIRNESS MOISTURISER SPF 15 20GM,90,0,0,0,0,0,0,0,0,0,0,0,0,0,0
1038,OLAY TOTAL EFFECTS 7 IN 1 DAY CREAM NORMAL DAY SPF15 20GM,399,0,0,0,0,0,0,0,0,0,0,0,0,0,0
1040,OLAY AGE PROTECT ANTI AGEING CREAM 18GM,160,0,0,0,0,0,0,0,0,0,0,0,0,0,0
1041,OLAY WHITE RADIANCE SPF 24 UVA/UVB MOISTURISER 50GM,999,0,0,0,0,0,0,0,0,0,0,0,0,0,0
1043,OLAY TOTAL EFFECTS 7 IN 1 ANTI-AGEING CREAM NORMAL DAY SPF15 50GM,799,0,0,0,0,0,0,0,0,0,0,0,0,0,0
1044,OLAY TOTAL EFFECTS 7 IN 1 FOAMING CLEANSER 50GM,140,0,0,0,0,0,0,0,0,0,0,0,0,0,0
1045,OLAY TOTAL EFFECTS 7 IN 1 FOAMING CLEANSER 100GM,260,0,0,0,0,0,0,0,0,0,0,0,0,0,0
1048,OLAY NATURAL WHITE FOAMING CLEANSER 50GM,99,0,0,0,0,0,0,0,0,0,0,0,0,0,0
1062,HIMALAYA NOURISHING SKIN CREAM 150ML,160,0,0,0,0,0,0,0,0,0,0,0,0,0,0
1063,HIMALAYA FACEWASH PURIFYING NEEM FOAMING 150ML,190,0,0,0,0,0,0,0,0,0,0,0,0,0,0
1066,HIMALAYA PROTECTIVE SUNSCREEN LOTION SPF15100ML,200,0,0,0,0,0,0,0,0,0,0,0,0,0,0
1067,GARNIER PURE ACTIVE EXFOLIATING APRICOT FACE SCRUB 50GM,70,0,0,0,0,0,0,0,0,0,0,0,0,0,0
1074,HIMALAYA ANTI WRINKLE CREAM 25GM,130,0,0,0,0,0,0,0,0,0,0,0,0,0,0
1077,GARNIER FACEWASH LIGHT COMPLETE 50GM,70,0,0,0,0,0,0,0,0,0,0,0,0,0,0
1086,HIMALAYA GENTLE EXFOLIATING APRICOT SCRUB 50GM,70,0,0,0,0,0,0,0,0,0,0,0,0,0,0
1087,HIMALAYA GENTLE EXFOLIATING WALNUT SCRUB 50GM,70,0,0,0,0,0,0,0,0,0,0,0,0,0,0
1088,HIMALAYA PURIFYING NEEM SCRUB 100GM,130,1,0,0,0,0,0,0,0,0,0,0,0,0,1
1089,HIMALAYA GENTLE EXFOLIATING APRICOT SCRUB 100GM,130,0,0,0,0,0,0,0,0,0,0,0,0,0,0
1091,HIMALAYA REFRESHING FRUIT PACK NORMAL TO DRY SKIN 100GM,130,0,0,0,0,0,0,0,0,0,0,0,0,0,0
1100,CLEAN & CLEAR FACEWASH  FOAMING OIL FREE 50ML,63,1,0,0,0,0,0,0,0,0,0,0,0,0,1
1101,CLEAN & CLEAR FACEWASH FOAMING OIL FREE 100ML,117,1,0,0,0,0,0,0,0,0,0,0,0,0,1
1104,CLEAN & CLEAR FACEWASH DEEP ACTION OIL FREE 40ML,50,0,0,0,0,0,0,0,0,0,0,0,0,0,0
1106,CLEAN & CLEAR BLACKHAED CLEARING DAILY SCRUB 80GM,103,1,0,0,0,0,0,0,0,0,0,0,0,0,1
1107,CLEAN & CLEAR BLACKHEAD CLEARING DAILY SCRUB 20GM,30,1,0,0,0,0,0,0,0,0,0,0,0,0,1
1108,CLEAN & CLEAR BLACKHEAD CLEARING DAILY SCRUB 50GM,51,0,0,0,0,0,0,0,0,0,0,0,0,0,0
1116,GILLETTE VENUS OCEANA 2DISPOSABLE RAZORS,325,2,0,0,0,0,0,0,0,0,0,0,0,0,2
1119,NEUTROGENA FINE FAIRNESS CREAM SPF 20 PA 20GM,99,0,0,0,0,0,0,0,0,0,0,0,0,0,0
1123,NEUTROGENA ULTRA SHEER DRY TOUCH SUNBLOCK SPF50 88ML,549,0,0,0,0,0,0,0,0,0,0,0,0,0,0
1125,NEUTROGENA LIGHT NIGHT CREAM 63GM,449,0,0,0,0,0,0,0,0,0,0,0,0,0,0
1126,NEUTROGENA FINE FAIRNESS CREAM SPF 20 PA+ 50GM,349,0,0,0,0,0,0,0,0,0,0,0,0,0,0
1127,NEUTROGENA BODY MOISTURIZER DRY SKIN 250ML,399,0,0,0,0,0,0,0,0,0,0,0,0,0,0
1128,NEUTROGENA FOAMING CLEANSER DEEP CLEAN 50GM,115,0,0,0,0,0,0,0,0,0,0,0,0,0,0
1129,NEUTROGENA FOAMING CLEANSER DEEP CLEAN 100GM,199,0,0,0,0,0,0,0,0,0,0,0,0,0,0
1137,NIVEA CREME 200ML,240,1,0,0,0,0,0,0,0,0,0,0,0,0,1
1138,NIVEA CREME 60ML,79,2,0,0,0,0,0,0,0,0,0,0,0,0,2
1139,NIVEA BODY LOTION WHITENING COOL SENSATION SPF15 ALL SKIN TYPES 200ML,240,0,0,0,0,0,0,0,0,0,0,0,0,0,0
1140,NIVEA SOFT LIGHT MOISTURISER 200ML,250,1,0,0,0,0,0,0,0,0,0,0,0,0,1
1141,NIVEA SOFT LIGHT MOISTURISER 100ML,150,0,0,0,0,0,0,0,0,0,0,0,0,0,0
1142,NIVEA REFRESHING TONER AQUA EFFECT 125ML,149,0,0,0,0,0,0,0,0,0,0,0,0,0,0
1144,NIVEA BODY LOTION EXPRESS HYDRATION NORMAL SKIN 400ML,349,0,0,0,0,0,0,0,0,0,0,0,0,0,0
1145,NIVEA BODY LOTION WHITENING EVEN TONEBUV PROTECT 400ML,369,0,0,0,0,0,0,0,0,0,0,0,0,0,0
1146,NIVEA BODY LOTION WHITENING EVEN TONE UV PROTECT 75ML,75,1,0,0,0,0,0,0,0,0,0,0,0,0,1
1147,NIVEA BODY LOTION SMOOTH MILK 200ML,225,1,0,0,0,0,0,0,0,0,0,0,0,0,1
1148,NIVEA DEO COOL KICK ROLL ON 25ML,99,0,0,0,0,0,0,0,0,0,0,0,0,0,0
1149,NIVEA CREME 100ML,135,3,0,0,0,0,0,0,0,0,0,0,0,0,3
1153,LOTUS SHEAMOIST BUTTER & REAL STRAWBERRY MOISTURISER 60GM,165,0,0,0,0,0,0,0,0,0,0,0,0,0,0
1154,LOTUS WHITEGLOW MASSAGE CREME 60GM,375,0,0,0,0,0,0,0,0,0,0,0,0,0,0
1155,LOTUS WHITEGLOW DEEP MOISTURISING CREME 60GM,295,0,0,0,0,0,0,0,0,0,0,0,0,0,0
1156,LOTUS FACE WASH NEEM & CLOVE PURIFYING 80GM,125,0,0,0,0,0,0,0,0,0,0,0,0,0,0
1157,LOTUS YUOTHRX FACE MASQUE 80GM,295,0,0,0,0,0,0,0,0,0,0,0,0,0,0
1158,LOTUS YUOTHRX ACTIVE ANTI AGEING EXFOLIATOR 100GM,295,0,0,0,0,0,0,0,0,0,0,0,0,0,0
1163,LOTUS NUTRANITE NIGHT CREME 50GM,395,0,0,0,0,0,0,0,0,0,0,0,0,0,0
1164,LOTUS WHITEGLOW GEL CREME 60GM,345,0,0,0,0,0,0,0,0,0,0,0,0,0,0
1167,LOTUS QUINCENOURISH SEED MASSAGE CREME 50GM,345,0,0,0,0,0,0,0,0,0,0,0,0,0,0
1170,LOTUS PAPYABLEM ANTI-BLEMISH CREME 50GM,395,0,0,0,0,0,0,0,0,0,0,0,0,0,0
1171,LOTUS WHITEGLOW GEL CREME 20GM,79,0,0,0,0,0,0,0,0,0,0,0,0,0,0
1172,LOTUS WHITEGLOW HAND & BODY LOTION 300ML,295,0,0,0,0,0,0,0,0,0,0,0,0,0,0
1173,LOTUS WHITEGLOW 3IN1 DEEP CLEANSING SKIN WHITENING FACIAL FOAM 100GM,195,0,0,0,0,0,0,0,0,0,0,0,0,0,0
1194,LOTUS FACE WASH NEEM & CLOVE PURIFYING 120GM,175,0,0,0,0,0,0,0,0,0,0,0,0,0,0
1195,LOTUS FACE WASH TEA TREE & CINNAMON OIL CONTROL 120GM,175,0,0,0,0,0,0,0,0,0,0,0,0,0,0
1196,LOTUS FACE WASH JOJOBAWASH 120GM,175,0,0,0,0,0,0,0,0,0,0,0,0,0,0
1197,LOTUS FACE WASH BERRY SCRUB STRAWBERRY & ALOE VERA 120GM,175,0,0,0,0,0,0,0,0,0,0,0,0,0,0
1198,LOTUS SCRUB APRISCRUB FRESH APRICOT 100GM,135,0,0,0,0,0,0,0,0,0,0,0,0,0,0
1199,LOTUS FACE WASH JOJOBAWASH 80GM,125,0,0,0,0,0,0,0,0,0,0,0,0,0,0
1200,LOTUS FACE WASH BERRY SCRUB STRAWBERRY & ALOE VERA 80GM,125,0,0,0,0,0,0,0,0,0,0,0,0,0,0
1201,LOTUS SCRUB APRISCRUB FRESH APRICOT 180GM,245,0,0,0,0,0,0,0,0,0,0,0,0,0,0
1216,LOTUS TEATREECLEAR TEA TREE CLARIFYING FACE PACK 60GM,165,0,0,0,0,0,0,0,0,0,0,0,0,0,0
1217,LOTUS FRUJUVENATE SKIN PERFECTING & REJUVENATING FRUIT PACK 60GM,165,0,0,0,0,0,0,0,0,0,0,0,0,0,0
1218,LOTUS FRUJUVENATE SKIN PERFECTING & REJUVENATING FRUIT PACK 120GM,295,0,0,0,0,0,0,0,0,0,0,0,0,0,0
1220,LOTUS ROSETONE FACIAL SKIN TONER 100ML,265,0,0,0,0,0,0,0,0,0,0,0,0,0,0
1221,LOTUS FAIRGEL LIQUORICE & GREEN TEA FAIRNESS GEL 100GM,270,0,0,0,0,0,0,0,0,0,0,0,0,0,0
1225,LOTUS SAFE SUN INTENSIVE SUNBLOCK SPRAY 80ML,345,0,0,0,0,0,0,0,0,0,0,0,0,0,0
1228,ZANDU BALM 25ML,85,1,0,0,0,0,0,0,0,0,0,0,0,0,1
1229,IODEX MULTI PURPOSE PAIN BALM 45GM,105,2,0,0,0,0,0,0,0,0,0,0,0,0,2
1238,HIMALAYA NOURISHING SKIN CREAM 100ML,125,0,0,0,0,0,0,0,0,0,0,0,0,0,0
1239,HIMALAYA NOURISHING SKIN CREAM 200ML,220,0,0,0,0,0,0,0,0,0,0,0,0,0,0
1243,VASELINE HEALTHY WHITE SUN+POLLUTION PROTECTION PPF SPF24 100ML,120,4,0,0,0,0,0,0,0,0,0,0,0,0,4
1244,VASELINE HEALTHY WHITE SPF24 300ML,325,0,0,0,0,0,0,0,0,0,0,0,0,0,0
1246,VASELINE ALOE FRESH LOTION 300ML,265,0,0,0,0,0,0,0,0,0,0,0,0,0,0
1250,PONDS MOISTURISING LOTION TRIPLE VITAMIN 100ML,81,3,0,0,0,0,0,0,0,0,0,0,0,0,3
1251,PONDS MOISTURISING LOTION TRIPLE VITAMIN 300ML,230,2,0,0,0,0,0,0,0,0,0,0,0,0,2
1254,PONDS WHITE BEAUTY WINTER ANTI SPOT MOISTURISER SPF15 35GM,160,0,0,0,0,0,0,0,0,0,0,0,0,0,0
1255,PONDS WHITE BEAUTY DAILY SPOTLESS LIGHTENING CREAM 50GM,199,0,0,0,0,0,0,0,0,0,0,0,0,0,0
1256,PONDS PURE WHITE FACIAL FOAM 100GM,192,0,0,0,0,0,0,0,0,0,0,0,0,0,0
1257,PONDS PURE WHITE FACIAL FOAM 50GM,104,0,0,0,0,0,0,0,0,0,0,0,0,0,0
1258,PONDS WHITE BEAUTY SPOT-LESS FAIRNESS DAY CREAM NORMAL SKIN 23GM,64,2,0,0,0,0,0,0,0,0,0,0,0,0,2
1259,PONDS WHITE BEAUTY WINTER ANTI SPOT MOISTURISER SPF15 23GM,85,0,0,0,0,0,0,0,0,0,0,0,0,0,0
1260,PONDS MEN FACE WASH ACNO CLEAR OIL CONTROL PIMPLE & OIL FIGHTER 50GM,95,0,0,0,0,0,0,0,0,0,0,0,0,0,0
1264,PONDS FACEWASH DAILY 50GM,95,0,0,0,0,0,0,0,0,0,0,0,0,0,0
1265,PONDS FACEWASH DAILY 100GM,155,0,0,0,0,0,0,0,0,0,0,0,0,0,0
1275,LAKME ABSOLUTE PERFECT RADIANCE SKIN LIGHTENING DAY CREME 15GM,120,0,0,0,0,0,0,0,0,0,0,0,0,0,0
1276,LAKME SUN EXPERT SPF50 PA 100ML,580,0,0,0,0,0,0,0,0,0,0,0,0,0,0
1277,LAKME 9 TO 5 INSTA LIGHT WITH SUNSCREEN 40GM,149,0,0,0,0,0,0,0,0,0,0,0,0,0,0
1278,LAKME 9 TO 5 INSTA LIGHT WITH SUNSCREEN 20GM,79,0,0,0,0,0,0,0,0,0,0,0,0,0,0
1279,LAKME CREME FACEWASH BLUSH & GLOW WITH PEACH EXTRACTS 100GM,190,1,0,0,0,0,0,0,0,0,0,0,0,0,1
1280,LAKME PEACH MILK MOISTURIZER SPF 24 ALL SKIN TYPES 120ML,219,2,0,0,0,0,0,0,0,0,0,0,0,0,2
1281,LAKME CREME FACEWASH BLUSH & GLOW WITH PEACH EXTRACTS 50GM,99,2,0,0,0,0,0,0,0,0,0,0,0,0,2
1285,LAKME FACEWASH BLUSH & GLOW STRAWBERRY 100GM,175,0,0,0,0,0,0,0,0,0,0,0,0,0,0
1288,LAKME FACEWASH CLEAN UP CLEAR PORES GREEN TEA EXTRACTS 50GM,99,0,0,0,0,0,0,0,0,0,0,0,0,0,0
1290,PEARS FACEWASH PURE AND GENTLE 60GM,115,0,0,0,0,0,0,0,0,0,0,0,0,0,0
1291,PEARS FACEWASH FRESH RENEWAL CLEANSING 60GM,110,0,0,0,0,0,0,0,0,0,0,0,0,0,0
1294,EVERYUTH PURE&LIGHT TAN REMOVAL SCRUB 50GM,115,1,0,0,0,0,0,0,0,0,0,0,0,0,1
1304,VASELINE PURE SKIN JELLY ORIGINAL 25ML,35,0,0,0,0,0,0,0,0,0,0,0,0,0,0
1305,VASELINE PURE SKIN JELLY ORIGINAL 50ML,62,0,0,0,0,0,0,0,0,0,0,0,0,0,0
1306,VASELINE PURE SKIN JELLY ORIGINAL 85GM,105,0,0,0,0,0,0,0,0,0,0,0,0,0,0
1309,YARDLEY TALC LACE 250GM,160,0,0,0,0,0,0,0,0,0,0,0,0,0,0
1310,YARDLEY TALC ENGLISH LAVENDER 250GM,160,1,0,0,0,0,0,0,0,0,0,0,0,0,1
1311,YARDLEY BODY LOTION ENGLISH LAVENDER 200ML,199,0,0,0,0,0,0,0,0,0,0,0,0,0,0
1312,YARDLEY TALC GOLD 250GM,160,0,0,0,0,0,0,0,0,0,0,0,0,0,0
1314,YARDLEY TALC GENTLEMAN 250GM,160,1,0,0,0,0,0,0,0,0,0,0,0,0,1
1315,YARDLEY TALC JASMINE 100GM,85,0,0,0,0,0,0,0,0,0,0,0,0,0,0
1316,YARDLEY TALC ENGLISH LAVENDER 100GM,90,0,0,0,0,0,0,0,0,0,0,0,0,0,0
1318,YARDLEY TALC SANDALWOOD 250GM,160,1,0,0,0,0,0,0,0,0,0,0,0,0,1
1320,YARDLEY TALC ELEGANCE 100GM,65,0,0,0,0,0,0,0,0,0,0,0,0,0,0
1321,HAIR & CARE SILK-N-SHINE 18ML,42,0,0,0,0,0,0,0,0,0,0,0,0,0,0
1322,HAIR & CARE SILK-N-SHINE 50ML,95,0,0,0,0,0,0,0,0,0,0,0,0,0,0
1323,HAIR & CARE SILK-N-SHINE 100ML,180,0,0,0,0,0,0,0,0,0,0,0,0,0,0
1333,DERMI COOL TALCUM REGULAR 50GM,32,0,0,0,0,0,0,0,0,0,0,0,0,0,0
1335,AXE SIGNATURE TALC PULSE 300GM,125,1,0,0,0,0,0,0,0,0,0,0,0,0,1
1336,PARK AVENUE TALC GOOD MORNING DEO 300GM,130,0,0,0,0,0,0,0,0,0,0,0,0,0,0
1337,PARK AVENUE DEO TALC COOL BLUE 200GM,99,0,0,0,0,0,0,0,0,0,0,0,0,0,0
1344,PONDS TALCUM MAGIC FRESHNESS 400GM,250,1,0,0,0,0,0,0,0,0,0,0,0,0,1
1345,PONDS TALCUM DREAMFLOWER 400GM,220,0,0,0,0,0,0,0,0,0,0,0,0,0,0
1347,PONDS TALCUM MAGIC FRESHNESS 100GM,92,3,0,0,0,0,0,0,0,0,0,0,0,0,3
1348,PONDS TALCUM DREAMFLOWER 200GM,155,2,0,0,0,0,0,0,0,0,0,0,0,0,2
1349,PONDS DREAMFLOWER FRAGRANT TALCUM 100GM,76,0,0,0,0,0,0,0,0,0,0,0,0,0,0
1350,PARK AVENUE TALC DOUBLE DEO 100GM,65,0,0,0,0,0,0,0,0,0,0,0,0,0,0
1354,SECRET TEMPTATION DEO TALC ROMANCE 100GM,65,1,0,0,0,0,0,0,0,0,0,0,0,0,1
1357,NYCIL COOL HERBAL NEEM TALCUM 150GM,99,0,0,0,0,0,0,0,0,0,0,0,0,0,0
1361,NAVRATNA JUMBO NOTEBOOK 124 PAGES,35,0,0,0,0,0,0,0,0,0,0,0,0,0,0
1368,DOVE BODY LOTION INDULGENT NOURISHMENT 250ML,275,0,0,0,0,0,0,0,0,0,0,0,0,0,0
1369,DOVE BODY LOTION INDULGENT NOURISHMENT 400ML,350,0,0,0,0,0,0,0,0,0,0,0,0,0,0
1370,DOVE BODY LOTION GO FRESH NOURISHMENT 250ML,270,0,0,0,0,0,0,0,0,0,0,0,0,0,0
1371,DOVE BODY LOTION GO FRESH NOURISHMENT 400ML,370,0,0,0,0,0,0,0,0,0,0,0,0,0,0
1372,DOVE BODY LOTION ESSENTIAL NOURISHMENT 400ML,370,0,0,0,0,0,0,0,0,0,0,0,0,0,0
1373,DOVE BODY LOTION ESSENTIAL NOURISHMENT 250ML,270,0,0,0,0,0,0,0,0,0,0,0,0,0,0
1375,DOVE FACEWASH GO FRESH NUTRIUM MOISTURE 50ML,115,0,0,0,0,0,0,0,0,0,0,0,0,0,0
1376,DOVE FACEWASH GO FRESH NUTRIUM MOISTURE 100GM,210,0,0,0,0,0,0,0,0,0,0,0,0,0,0
1377,DOVE FACEWASH BEAUTY MOISTURE 50GM,115,0,0,0,0,0,0,0,0,0,0,0,0,0,0
1379,EVERYUTH ORANGE PEEL-OFF MASK 3X ACTION 90GM,100,0,0,0,0,0,0,0,0,0,0,0,0,0,0
1390,NAVRATNA COOL TALC ACTIVE DEO 400GM,165,0,0,0,0,0,0,0,0,0,0,0,0,0,0
1391,PREMIUM TALC LAVENDER COMBI 300GM,150,0,0,0,0,0,0,0,0,0,0,0,0,0,0
1393,DABUR GULABARI 59ML,28,0,0,0,0,0,0,0,0,0,0,0,0,0,0
1395,WILD STONE TALCUM  ULTRA SENSUAL DEO 300GM,165,3,0,0,0,1,0,0,0,0,0,0,0,0,2
1396,PARK AVENUE TALC CLASSIC DEO 300GM,100,0,0,0,0,0,0,0,0,0,0,0,0,0,0
1401,LAURELS TOILET TISSUE 10 IN 1,225,1,0,0,0,0,0,0,0,0,0,0,0,0,1
1402,LAURELS TISSUE PAPER ECOSOFT 6 IN 1,110,0,0,0,0,0,0,0,0,0,0,0,0,0,0
1404,LAURELS KITCHEN TOWEL ROLL XTRA ABSORB 1P,70,0,0,0,0,0,0,0,0,0,0,0,0,0,0
1406,BEETA KITCHEN ROLL,130,0,0,0,0,0,0,0,0,0,0,0,0,0,0
1407,PREMIER TOILET TISSUE SUPER SOFT 4IN1,200,5,0,0,0,0,0,0,0,0,0,0,0,0,5
1410,NALA TAPE 2 IN 1,105,0,0,0,0,0,0,0,0,0,0,0,0,0,0
1411,NALA TAPE,50,0,0,0,0,0,0,0,0,0,0,0,0,0,0
1425,FAIR & LOVELY FACEWASH MULTI VITAMIN 20GM,25,0,0,0,0,0,0,0,0,0,0,0,0,0,0
1426,FAIR & LOVELY FACEWASH POLLUTION CLEAN-UP 50GM,70,0,0,0,0,0,0,0,0,0,0,0,0,0,0
1427,PREMIER TISSUE HANKY,10,0,0,0,0,0,0,0,0,0,0,0,0,0,0
1429,HIMALAYA ANTI HAIR FALL CREAM 175ML,100,0,0,0,0,0,0,0,0,0,0,0,0,0,0
1430,HIMALAYA WINTER DEFENSE MOISTURIZING CREAM 50ML,75,0,0,0,0,0,0,0,0,0,0,0,0,0,0
1433,LOREAL TOTAL REPAIR 5 NOURISHING OIL SERUM 40ML,150,1,0,0,0,0,0,0,0,0,0,0,0,0,1
1434,LOREAL TOTAL REPAIR MASQUE 200GM,369,0,0,0,0,0,0,0,0,0,0,0,0,0,0
1436,PANTENE CONDITIONER SILKY SMOOTH CARE 340ML,264,0,0,0,0,0,0,0,0,0,0,0,0,0,0
1440,LOTUS ALMONDYOYTH ANTI-WRINKLE CREAM 50GM,395,0,0,0,0,0,0,0,0,0,0,0,0,0,0
1442,OLAY REGENERIST REVITALISING HYDRATION CREAM MOISTURISER SPF15 50GM,1399,0,0,0,0,0,0,0,0,0,0,0,0,0,0
1443,LOTUS WHITEGLOW SKIN WHITENING & BRIGHTENING CLEANSING MILK 80ML,225,0,0,0,0,0,0,0,0,0,0,0,0,0,0
1444,LOTUS NUTRAMOIST SKIN RENEWAL DAILY MOISTURISING CREME 50GM,395,0,0,0,0,0,0,0,0,0,0,0,0,0,0
1447,HIMALAYA CLEAR COMPLEXION WHITENING DRY CREAM 50GM,250,0,0,0,0,0,0,0,0,0,0,0,0,0,0
1454,AMBI PUR AQUA ULTRA CONTROL 7.5ML,299,1,0,0,0,0,0,0,0,0,0,0,0,0,1
1455,AMBI PUR REFILL LAVENDER SPA 7.5ML,195,2,0,0,0,0,0,0,0,0,0,0,0,0,2
1459,LOREAL EXCELLENCE CREME COLOURANT AISHWARYA BROWN 425,590,1,0,0,0,0,0,0,0,0,0,0,0,0,1
1460,REVLON COLOR TOP SPEED 70 NATURAL BLACK,650,0,0,0,0,0,0,0,0,0,0,0,0,0,0
1461,REVLON COLOR 3DB DEEP BURGUNDY,380,0,0,0,0,0,0,0,0,0,0,0,0,0,0
1462,REVLON COLOR 4N MEDIUM BROWN,380,0,0,0,0,0,0,0,0,0,0,0,0,0,0
1463,REVLON COLOR 2N BROWN BLACK,380,0,0,0,0,0,0,0,0,0,0,0,0,0,0
1465,LOREAL CASTING CREAM GLOSS 400 DARK BROWN,550,0,0,0,0,0,0,0,0,0,0,0,0,0,0
1467,GARNIER COLOR NATURALS LIGHT BROWN 5 60ML,180,1,0,0,0,0,0,0,0,0,0,0,0,0,1
1468,GARNIER COLOR NATURALS 5 LIGHT BROWN,80,0,0,0,0,0,0,0,0,0,0,0,0,0,0
1469,GARNIER COLOR NATURALS CREAM 1NATURAL BLACK 3OILS,65,0,0,0,0,0,0,0,0,0,0,0,0,0,0
1470,GODREJ EXPERT POWDER HAIR COLOUR NATURAL BROWN 4.00,30,7,0,0,0,0,0,0,0,0,0,0,0,0,7
1475,LAKME NAIL REMOVER 27ML,80,15,0,0,0,0,0,0,0,0,0,0,0,0,15
1483,LAKME ABSOLUTE PERFECT RADIANCE SKIN LIGHTENING DAY CREME WITH SUNSCREENS 50GM,315,2,0,0,0,0,0,0,0,0,0,0,0,0,2
1484,LAKME PEACH MILK SOFT CREAM 50GM,100,0,0,0,0,0,0,0,0,0,0,0,0,0,0
1485,LAKME PEACH MILK MOISTURIZER SPF 24 NUTRITIV MOISTURE TECHNOLOGY 120ML,240,0,0,0,0,0,0,0,0,0,0,0,0,0,0
1492,LAKME 9 TO 5 COMPLEXION CARE CREAM BRONZE SPF30PA 9GM,99,0,0,0,0,0,0,0,0,0,0,0,0,0,0
1500,LOTUS LIP THERAPY CHERRY SPF 4GM,135,0,0,0,0,0,0,0,0,0,0,0,0,0,0
1505,LAKME FACE WASH BLUSH & GLOW LEMON GEL 100GM,175,0,0,0,0,0,0,0,0,0,0,0,0,0,0
1514,LAKME FACEWASH CLEAN UP CLEAR PORES GREEN TEA EXTRACTS 100GM,190,0,0,0,0,0,0,0,0,0,0,0,0,0,0
1517,LAKME FACE WASH BLUSH & GLOW LEMON GEL 50GM,99,0,0,0,0,0,0,0,0,0,0,0,0,0,0
1520,LAKME FACEWASH BLUSH & GLOW STRAWBERRY 50GM,99,2,0,0,0,0,0,0,0,0,0,0,0,0,2
1528,LAKME SUN EXPERT SPF40 ULTRA MATTE COMPACT 7GM,210,0,0,0,0,0,0,0,0,0,0,0,0,0,0
1536,PONDS AGE MIRACLE WRINKLE CORRECTOR SPF 18PA DAR CREAM 35GM,449,2,0,0,0,0,0,0,0,0,0,0,0,0,2
1539,DABUR GULABARI MOISTURISING COLD CREAM 100GM,135,0,0,0,0,0,0,0,0,0,0,0,0,0,0
1540,CLINIC PLUS DAILY CARE HAIR OIL 200ML,85,0,0,0,0,0,0,0,0,0,0,0,0,0,0
1541,GARNIER HAIR OIL ULTRA DOUX 100ML,75,1,0,0,0,0,0,0,0,0,0,0,0,0,1
1542,GARNIER HAIR OIL ULTRA DOUX 200ML,120,0,0,0,0,0,0,0,0,0,0,0,0,0,0
1544,PARACHUTE COCONUT OIL BOX 100ML,41,0,0,0,0,0,0,0,0,0,0,0,0,0,0
1545,PARACHUTE COCONUT OIL BOTTLE 175ML,69,1,0,0,0,0,0,0,0,0,0,0,0,0,1
1546,PARACHUTE COCONUT OIL BOTTLE 500ML,199,1,0,0,0,0,0,0,0,0,0,0,0,0,1
1548,PARACHUTE COCONUT OIL BOX 175ML,73,0,0,0,0,0,0,0,0,0,0,0,0,0,0
1549,DABUR ANMOL GOLD PURE COCONUT OIL BOX 500ML,138,0,0,0,0,0,0,0,0,0,0,0,0,0,0
1553,PARACHUTE ADVANSED COCONUT HAIR OIL BOTTLE 170ML,80,1,0,0,0,0,0,0,0,0,0,0,0,0,1
1554,PARACHUTE ADVANSED COCONUT HAIR OIL BOTTLE 300ML,135,0,0,0,0,0,0,0,0,0,0,0,0,0,0
1555,KEO KARPIN HAIR OIL 50ML,20,5,0,0,0,0,0,0,0,0,0,0,0,0,5
1556,KEO KARPIN HAIR OIL 100ML,42,4,0,0,0,0,0,0,0,0,0,0,0,0,4
1557,KEO KARPIN HAIR OIL 200ML,80,2,0,0,0,1,0,0,0,0,0,0,0,0,1
1559,DABUR ALMOND HAIR OIL 100ML,60,3,0,0,0,0,0,0,0,0,0,0,0,0,3
1560,BAJAJ HAIR OIL ALMOND DROPS 50ML,32,4,0,0,0,0,0,0,0,0,0,0,0,0,4
1561,BAJAJ HAIR OIL AMLA WITH ALMOND&ROSEMARY OIL 160ML,40,0,0,0,0,0,0,0,0,0,0,0,0,0,0
1562,BAJAJ HAIR OIL ALMOND DROPS 100ML,60,2,0,0,0,1,0,0,0,0,0,0,0,0,1
1563,BAJAJ HAIR OIL ALMOND DROPS 200ML,115,2,0,0,0,0,0,0,0,0,0,0,0,0,2
1564,BAJAJ HAIR OIL ALMOND DROPS 300ML,165,2,0,0,0,0,0,0,0,0,0,0,0,0,2
1565,BAJAJ HAIR OIL ALMOND DROPS 500ML,265,2,0,0,0,0,0,0,0,0,0,0,0,0,2
1566,DABUR CHYAWANPRAKASH SUGARFREE 500GM,190,0,0,0,0,0,0,0,0,0,0,0,0,0,0
1567,DABUR AMLA HAIR OIL 100ML,44,4,0,0,0,0,0,0,0,0,0,0,0,0,4
1568,DABUR AMLA HAIR OIL 200ML,88,1,0,0,0,1,0,0,0,0,0,0,0,0,0
1569,DABUR AMLA HAIR OIL 300ML,130,1,0,0,0,0,0,0,0,0,0,0,0,0,1
1570,NIHAR SHANTI HAIR OIL 34ML,10,2,0,0,0,0,0,0,0,0,0,0,0,0,2
1571,NIHAR SHANTI HAIR OIL 80ML,20,2,0,0,0,0,0,0,0,0,0,0,0,0,2
1572,NIHAR SHANTI HAIR OIL 190ML,47,1,0,0,0,0,0,0,0,0,0,0,0,0,1
1573,NIHAR SHANTI HAIR OIL 300ML,78,0,0,0,0,0,0,0,0,0,0,0,0,0,0
1574,HAIR & CARE OIL 50ML,30,2,0,0,0,0,0,0,0,0,0,0,0,0,2
1575,HAIR & CARE OIL 100ML,55,2,0,0,0,0,0,0,0,0,0,0,0,0,2
1576,HAIR & CARE OIL 200ML,109,2,0,0,0,0,0,0,0,0,0,0,0,0,2
1577,HAIR & CARE OIL 300ML,150,0,0,0,0,0,0,0,0,0,0,0,0,0,0
1579,CLEAR ACTIVE CARE HAIR OIL 150ML,105,3,0,0,0,0,0,0,0,0,0,0,0,0,3
1580,CLINIC PLUS DAILY CARE HAIR OIL 100ML,46,0,0,0,0,0,0,0,0,0,0,0,0,0,0
1582,MEDIKER ANTI-LICE TREATMENT 50ML,50,5,0,0,0,0,0,0,0,0,0,0,0,0,5
1584,DABUR VATIKA COCONUT HAIR OIL 150ML,84,0,0,0,0,0,0,0,0,0,0,0,0,0,0
1585,DABUR VATIKA COCONUT HAIR OIL 300ML,167,1,0,0,0,0,0,0,0,0,0,0,0,0,1
1586,DABUR SARSO AMLA HAIR OIL 50ML,10,0,0,0,0,0,0,0,0,0,0,0,0,0,0
1587,DABUR SARSO AMLA HAIR OIL 100ML,20,6,0,0,0,0,0,0,0,0,0,0,0,0,6
1588,DABUR SARSO AMLA HAIR OIL 200ML,47,6,0,0,0,0,0,0,0,0,0,0,0,0,6
1589,HIMALAYA PURIFYING NEEM PACK NORMAL TO OILY SKIN 50GM,75,0,0,0,0,0,0,0,0,0,0,0,0,0,0
1596,PARACHUTE ADVANSED JASMINE HAIR OIL 90ML,44,2,0,0,0,0,0,0,0,0,0,0,0,0,2
1597,PARACHUTE ADVANSED JASMINE HAIR OIL 200ML,92,0,0,0,0,0,0,0,0,0,0,0,0,0,0
1598,PARACHUTE ADVANSED JASMINE HAIR OIL 300ML,135,1,0,0,0,0,0,0,0,0,0,0,0,0,1
1606,VEET HAIR REMOVAL CREAM DRY SKIN CREAM 60GM,110,0,0,0,0,0,0,0,0,0,0,0,0,0,0
1609,VEET EASYGRIP FULL BODY WAXING KIT DRY SKIN 20WAX STRIPS,174,0,0,0,0,0,0,0,0,0,0,0,0,0,0
1610,VEET EASYGRIP WAX STRIP NORMAL SKIN 20 STRIPS,174,0,0,0,0,0,0,0,0,0,0,0,0,0,0
1611,VEET EASYGRIP WAX KIT SENSITIVE SKIN 20WAX,190,0,0,0,0,0,0,0,0,0,0,0,0,0,0
1612,ANNE FRENCH FLORAL HAIR REMOVER CREAM 40GM,55,0,0,0,0,0,0,0,0,0,0,0,0,0,0
1613,ANNE FRENCH ROSE HAIR REMOVER CREAM 40GM,55,0,0,0,0,0,0,0,0,0,0,0,0,0,0
1614,ANNE FRENCH ORIENTAL ROSE HAIR REMOVER CREAM 40GM,62,1,0,0,0,0,0,0,0,0,0,0,0,0,1
1621,DABUR LAL TAIL 50ML,48,0,0,0,0,0,0,0,0,0,0,0,0,0,0
1622,NAVRATNA OIL 100ML,70,1,0,0,0,0,0,0,0,0,0,0,0,0,1
1623,NAVRATNA OIL 200ML,130,1,0,0,0,0,0,0,0,0,0,0,0,0,1
1624,DABUR LAL TAIL 100ML,95,-1,0,0,0,0,0,0,0,0,0,0,0,0,-1
1625,HIMALAYA LIP BALM 10GM,30,0,0,0,0,0,0,0,0,0,0,0,0,0,0
1631,HIMALAYA ANTI-HAIR FALL HAIR OIL 200ML,180,1,0,0,0,0,0,0,0,0,0,0,0,0,1
1632,MOOV SPRAY 80GM,199,0,0,0,0,0,0,0,0,0,0,0,0,0,0
1635,MOOV SPRAY 35GM,110,1,0,0,0,0,0,0,0,0,0,0,0,0,1
1638,FEM FAIRNESS NATURALS GOLD BLEACH CREAM 64GM,84,1,0,0,0,0,0,0,0,0,0,0,0,0,1
1640,DABUR BADAM TAIL 50ML,195,0,0,0,0,0,0,0,0,0,0,0,0,0,0
1641,SAT ISABGOL 50GM,50,45,0,0,0,0,0,0,0,0,0,0,0,0,45
1642,SAT ISABGOL 100GM,100,0,0,0,0,0,0,0,0,0,0,0,0,0,0
1643,SAT ISABGOL 200GM,180,40,0,0,0,1,0,0,0,0,0,0,0,0,39
1649,MOOV TUBE 25GM,85,4,0,0,0,0,0,0,0,0,0,0,0,0,4
1650,MOOV TUBE 15GM,60,1,0,0,0,0,0,0,0,0,0,0,0,0,1
1651,PARK AVENUE STYLING GEL CHROME 100GM,95,0,0,0,0,0,0,0,0,0,0,0,0,0,0
1652,PARK AVENUE STYLING GEL GLACIER 100GM,95,0,0,0,0,0,0,0,0,0,0,0,0,0,0
1653,ITCH GUARD 25GM,67.7,4,0,0,0,0,0,0,0,0,0,0,0,0,4
1654,PARK AVENUE HAIR GEL SOFT HOLD 300GM,160,1,0,0,0,0,0,0,0,0,0,0,0,0,1
1656,PARK AVENUE SHAVNG REGEN GEL 70GM,65,0,0,0,0,0,0,0,0,0,0,0,0,0,0
1658,SETWET HAIR GEL COOL HOLD 100ML,100,0,0,0,0,0,0,0,0,0,0,0,0,0,0
1666,PARACHUTE AFTERSHOWER HAIR CREAM 50GM,45,0,0,0,0,0,0,0,0,0,0,0,0,0,0
1667,PARACHUTE AFTERSHOWER NON STICKY HAIR CREAM 100GM,85,0,0,0,0,0,0,0,0,0,0,0,0,0,0
1669,DETTOL ANTISEPTIC LIQUID 60ML,22.73,6,0,0,0,0,0,0,0,0,0,0,0,0,6
1670,DETTOL ANTISEPTIC LIQUID 110ML,37.49,2,0,0,0,0,0,0,0,0,0,0,0,0,2
1671,DETTOL ANTISEPTIC LIQUID 200ML,65.29,5,0,0,0,0,0,0,0,0,0,0,0,0,5
1672,SAVLON ANTISEPTIC 50ML,19.96,0,0,0,0,0,0,0,0,0,0,0,0,0,0
1673,SAVLON ANTISEPTIC 100ML,36.9,3,0,0,0,0,0,0,0,0,0,0,0,0,3
1674,ENO NIMBU SHIKANJI FLAVOUR 5GM,8,0,0,0,0,0,0,0,0,0,0,0,0,0,0
1675,ENO LEMON FLAVOUR 100GM,99,2,0,0,0,0,0,0,0,0,0,0,0,0,2
1676,ENO ORANGE FLAVOUR 5GM,7,42,0,0,0,0,0,0,0,0,0,0,0,0,42
1677,ENO REGULAR 100GM,99,1,0,0,0,0,0,0,0,0,0,0,0,0,1
1679,FAIR & LOVELY FOREVER GLOW 25GM,59,0,0,0,0,0,0,0,0,0,0,0,0,0,0
1681,FAIR & LOVELY CREAM MULTI VITAMIN 25GM,50,0,0,0,0,0,0,0,0,0,0,0,0,0,0
1684,FAIR & LOVELY ADVANCED MULTI VITAMIN BLUE LENS 25GM,48,0,0,0,0,0,0,0,0,0,0,0,0,0,0
1687,FAIR & LOVELY WINTER FAIRNESS CREAM 25GM,57,0,0,0,0,0,0,0,0,0,0,0,0,0,0
1688,JOHNSONS BUDS 75 STEMS,70,0,0,0,0,0,0,0,0,0,0,0,0,0,0
1689,JOHNSONS COTTON BUDS 30STEMS,36,8,0,0,0,0,0,0,0,0,0,0,0,0,8
1690,JOHNSONS COTTON BUDS 15STEMS,20,11,0,0,0,0,0,0,0,0,0,0,0,0,11
1691,PONDS MOISTURISING COLD CREAM SOFT GLOWING SKIN 100ML,145,0,0,0,0,0,0,0,0,0,0,0,0,0,0
1692,PONDS MOISTURISING COLD CREAM 30ML,50,3,0,0,0,0,0,0,0,0,0,0,0,0,3
1693,HANA TOOTHPICKS 32GM,20,0,0,0,0,0,0,0,0,0,0,0,0,0,0
1695,LACTO CALAMINE ALOE MOISTURE 100ML,125,0,0,0,0,0,0,0,0,0,0,0,0,0,0
1696,LACTO CALAMINE CLASSIC 120ML,135,0,0,0,0,0,0,0,0,0,0,0,0,0,0
1697,LACTO CALAMINE FACEWASH SKIN OIL CONTROL SUMMER OFFICR,69,4,0,0,0,0,0,0,0,0,0,0,0,0,4
1698,LACTO CALAMINE ALOE MOISTURE 30ML,48,0,0,0,0,0,0,0,0,0,0,0,0,0,0
1699,LACTO CALAMINE DEEP CLEANSING FACEWASH,48,0,0,0,0,0,0,0,0,0,0,0,0,0,0
1700,WIPRO SMARTLITE TWISTER 15WATTS,250,0,0,0,0,0,0,0,0,0,0,0,0,0,0
1701,WIPRO SMARTLITE TWISTER 23WATTS,280,0,0,0,0,0,0,0,0,0,0,0,0,0,0
1702,WIPRO SMARTLITE TWISTER 20WATTS,260,0,0,0,0,0,0,0,0,0,0,0,0,0,0
1703,WIPRO SMARTLITE CLASSIC 15WATTS,170,1,0,0,0,0,0,0,0,0,0,0,0,0,1
1704,WIPRO SMARTLITE CLASSIC 23WATTS,240,0,0,0,0,0,0,0,0,0,0,0,0,0,0
1705,WIPRO SMARTLITE CLASSIC 20WATTS,210,0,0,0,0,0,0,0,0,0,0,0,0,0,0
1708,WIPRO BULB 40 WATTS,15,20,0,0,0,0,0,0,0,0,0,0,0,0,20
1709,WIPRO BULB 100 WATTS,16,14,0,0,0,0,0,0,0,0,0,0,0,0,14
1710,WIPRO BULB 200 WATTS,30,10,0,0,0,0,0,0,0,0,0,0,0,0,10
1711,WIPRO CLEAR LAMP 15W,16,0,0,0,0,0,0,0,0,0,0,0,0,0,0
1712,KRACK HELL REPAIR 15GM,50,1,0,0,0,0,0,0,0,0,0,0,0,0,1
1714,KRACK HEEL REPAIR CREAM 25GM,80,0,0,0,0,0,0,0,0,0,0,0,0,0,0
1716,ITCH GUARD 12GM,58,1,0,0,0,0,0,0,0,0,0,0,0,0,1
1717,RING GUARD 12GM,51,0,0,0,0,0,0,0,0,0,0,0,0,0,0
1725,SCHOLL HARD SKIN FOOT FILE,150,0,0,0,0,0,0,0,0,0,0,0,0,0,0
1728,SCHOLL HEEL REPAIR CREAM 25GM,125,0,0,0,0,0,0,0,0,0,0,0,0,0,0
1733,SCHOLL DUAL ACTOIN FOOT FILE,100,0,0,0,0,0,0,0,0,0,0,0,0,0,0
1738,AMBI PUR REFILL EXOTIC JASMINE 7.5ML,195,0,0,0,0,0,0,0,0,0,0,0,0,0,0
1739,SCHOLL FOOT & NAIL CREAM 75GM,200,0,0,0,0,0,0,0,0,0,0,0,0,0,0
1740,NIVEA LIP BALM HYDRO CARE SPF10 5GM,145,0,0,0,0,0,0,0,0,0,0,0,0,0,0
1741,NIVEA LIP BALM FRUITY SHINE PINK GUAVA 5GM,175,0,0,0,0,0,0,0,0,0,0,0,0,0,0
1742,NIVEA LIP BALM PEARLY SHINE 4.8GM,159,0,0,0,0,0,0,0,0,0,0,0,0,0,0
1743,NIVEA MEN LIP BALM ACTIVE CARE 4.8GM,130,0,0,0,0,0,0,0,0,0,0,0,0,0,0
1744,NIVEA LIP BALM CARE & COLOUR RED 4.8GM,200,0,0,0,0,0,0,0,0,0,0,0,0,0,0
1746,NIVEA LIP BALM CARE & COLOUR ROSE 4.8GM,200,0,0,0,0,0,0,0,0,0,0,0,0,0,0
1747,EVA LIP BALM ROSE MOISTURISING 4.5GM,130,0,0,0,0,0,0,0,0,0,0,0,0,0,0
1751,VASELINE LIP CARE ALOE SMOOTHE 10GM,45,0,0,0,0,0,0,0,0,0,0,0,0,0,0
1752,LOTUS LIP BALM FRUITY FUSION 5GM,125,0,0,0,0,0,0,0,0,0,0,0,0,0,0
1753,LOTUS LIP BALM STRAWBERRY 5GM,125,0,0,0,0,0,0,0,0,0,0,0,0,0,0
1754,LOTUS LIP THERAPY VANILLA 4GM,135,0,0,0,0,0,0,0,0,0,0,0,0,0,0
1757,VEGA HAIR DYE BRUSH RS.60,60,0,0,0,0,0,0,0,0,0,0,0,0,0,0
1758,VEGA HMC COMB RS 185,185,0,0,0,0,0,0,0,0,0,0,0,0,0,0
1761,VEGA FOOT SCRUBBER RS.110,110,0,0,0,0,0,0,0,0,0,0,0,0,0,0
1762,VEGA HAIR GROOMING SET,125,0,0,0,0,0,0,0,0,0,0,0,0,0,0
1766,VEGA MEN T-LOOK BEARD TRIMMER VHTH-10,1099,1,0,0,0,0,0,0,0,0,0,0,0,0,1
1767,VEGA POWDER PUFF 1N,90,1,0,0,0,0,0,0,0,0,0,0,0,0,1
1768,VEGA TRAVEL KIT- 02,129,0,0,0,0,0,0,0,0,0,0,0,0,0,0
1769,VEGA HAIR BRUSH RS.375,375,0,0,0,0,0,0,0,0,0,0,0,0,0,0
1770,VEGA TWEEZER TW-04,120,2,0,0,0,0,0,0,0,0,0,0,0,0,2
1771,VEGA SCISSOR LCS 02,225,0,0,0,0,0,0,0,0,0,0,0,0,0,0
1772,VEGA BATH ACC BA 1/3,275,1,0,0,0,0,0,0,0,0,0,0,0,0,1
1773,VEGA EYE SHADOW MAKE-UP BRUSH 1N,40,0,0,0,0,0,0,0,0,0,0,0,0,0,0
1774,VEGA NAIL CLIPPER SNC 01,90,1,0,0,0,0,0,0,0,0,0,0,0,0,1
1775,VEGA NAIL CLIPER SMALL,45,-2,0,0,0,0,0,0,0,0,0,0,0,0,-2
1776,VEGA NAIL FILE CUTICLE TRIMMER 1N,70,0,0,0,0,0,0,0,0,0,0,0,0,0,0
1777,VEGA SCISSOR 02,150,0,0,0,0,0,0,0,0,0,0,0,0,0,0
1778,VEGA NAIL FILE NF5,60,1,0,0,0,0,0,0,0,0,0,0,0,0,1
1779,VEGA HAIR BRUSH RS.325,325,1,0,0,0,0,0,0,0,0,0,0,0,0,1
1780,VEGA MEHANDI BRUSH 01,60,1,0,0,0,0,0,0,0,0,0,0,0,0,1
1781,VEGA HAIR BRUSH RS.275,275,1,0,0,0,0,0,0,0,0,0,0,0,0,1
1782,VEGA HMC COMB RS.80,80,1,0,0,0,0,0,0,0,0,0,0,0,0,1
1783,VEGA HMC COMB RS.150,150,3,0,0,0,0,0,0,0,0,0,0,0,0,3
1784,VEGA FOOT SCRUBBER PD 21 RS.140,140,2,0,0,0,0,0,0,0,0,0,0,0,0,2
1785,VEGA HMC 07 COMB,99,0,0,0,0,0,0,0,0,0,0,0,0,0,0
1786,VEGA HMC COMB RS.120,120,4,0,0,0,0,0,0,0,0,0,0,0,0,4
1787,VEGA HAIR BRUSH RS.140,140,1,0,0,0,0,0,0,0,0,0,0,0,0,1
1788,VICKS INHALER 0.5ML,50,0,0,0,0,0,0,0,0,0,0,0,0,0,0
1799,RUBBER BAND RS.1O PC,10,0,0,0,0,0,0,0,0,0,0,0,0,0,0
1800,F.RUBBER BAND RS.10,12,0,0,0,0,0,0,0,0,0,0,0,0,0,0
1801,RUBBER BAND RS.8,8,0,0,0,0,0,0,0,0,0,0,0,0,0,0
1802,RUBBER BAND RS.5,10,0,0,0,0,0,0,0,0,0,0,0,0,0,0
1803,F.RUBBER BAND RS.20,20,0,0,0,0,0,0,0,0,0,0,0,0,0,0
1804,RUBBER BAND RS.15,15,0,0,0,0,0,0,0,0,0,0,0,0,0,0
1805,RUBBER BAND RS.6,6,0,0,0,0,0,0,0,0,0,0,0,0,0,0
1806,HAIR CLIP RS.62 PAIR,62,0,0,0,0,0,0,0,0,0,0,0,0,0,0
1807,PLASTIC TOUNGE CLEANER,10,0,0,0,0,0,0,0,0,0,0,0,0,0,0
1812,FEM FAIRNESS NATURALS PEARL CREME BLEACH 8GM,32,0,0,0,0,0,0,0,0,0,0,0,0,0,0
1816,FEM FAIRNESS NATURALS SAFFRON BLEACH CREAM 24GM,57,0,0,0,0,0,0,0,0,0,0,0,0,0,0
1817,FANCY RUBBER BAND RS.20,20,0,0,0,0,0,0,0,0,0,0,0,0,0,0
1819,DOVE DEO GO FRESH POMEGRANATE & LEMON 150ML,225,0,0,0,0,0,0,0,0,0,0,0,0,0,0
1820,DOVE DEO TALCO 150ML,225,0,0,0,0,0,0,0,0,0,0,0,0,0,0
1821,DOVE DEO GO FRESH GRAPEFRUIT & LEMONGRASS 150ML,225,1,0,0,0,0,0,0,0,0,0,0,0,0,1
1822,DOVE DEO GO FRESH CUCUMBER & GREEN TEA SCENT 150ML,225,0,0,0,0,0,0,0,0,0,0,0,0,0,0
1823,DOVE DEO COTTON SOFT 150ML,225,1,0,0,0,0,0,0,0,0,0,0,0,0,1
1824,YARDLEY DEO RED ROSES 150ML,190,0,0,0,0,0,0,0,0,0,0,0,0,0,0
1825,YARDLEY DEO ENGLISH ROSE 150ML,190,0,0,0,0,0,0,0,0,0,0,0,0,0,0
1827,YARDLEY DEO SANDALWOOD 150ML,190,0,0,0,0,0,0,0,0,0,0,0,0,0,0
1828,YARDLEY DEO ARTHUR 150ML,180,0,0,0,0,0,0,0,0,0,0,0,0,0,0
1829,SECRET TEMPTATION DEO MYSTERY 150ML,185,0,0,0,0,0,0,0,0,0,0,0,0,0,0
1830,SECRET TEMPTATION DEO AFFAIR 150ML,185,0,0,0,0,0,0,0,0,0,0,0,0,0,0
1831,SECRET TEMPTATION DEO ROMANCE 150ML,185,1,0,0,0,0,0,0,0,0,0,0,0,0,1
1835,SETWET JUMBO GEL OFFER 250ML,150,0,0,0,0,0,0,0,0,0,0,0,0,0,0
1837,EVA DEO DEW 125ML,122,0,0,0,0,0,0,0,0,0,0,0,0,0,0
1838,EVA DEO FRESH 125ML,122,3,0,0,0,0,0,0,0,0,0,0,0,0,3
1848,ZATAK DEO MUSK,150,0,0,0,0,0,0,0,0,0,0,0,0,0,0
1853,NIVEA DEO FRESH NATURALS FRESH FEELING 150ML,199,0,0,0,0,0,0,0,0,0,0,0,0,0,0
1854,COLGATE TOOTH PASTE ACTIVE SALT 50GM,18,0,0,0,0,0,0,0,0,0,0,0,0,0,0
1855,COLGATE TOOTH PASTE ACTIVE SALT 100GM,49,0,0,0,0,0,0,0,0,0,0,0,0,0,0
1856,COLGATE TOOTH PASTE ACTIVE SALT 200GM,90,1,0,0,0,0,0,0,0,0,0,0,0,0,1
1858,COLGATE TOOTH PASTE CIBACA 80GM,30,0,0,0,0,0,0,0,0,0,0,0,0,0,0
1859,COLGATE TOOTH PASTE STRAWBERRY FLAVOR 40GM,35,0,0,0,0,0,0,0,0,0,0,0,0,0,0
1861,COLGATE TOOTH PASTE MAXFRESH SPICY FRESH 80GM,48,0,0,0,0,0,0,0,0,0,0,0,0,0,0
1862,COLGATE TOOTH PASTE MAXFRESH SPICY FRESH 150GM,88,4,0,0,0,0,0,0,0,0,0,0,0,0,4
1863,COLGATE TOOTH PASTE MAXFRESH PEPPERMINT ICE 80GM,48,0,0,0,0,0,0,0,0,0,0,0,0,0,0
1864,COLGATE TOOTH PASTE MAXFRESH PEPPERMINT ICE 150GM,88,2,0,0,0,1,0,0,0,0,0,0,0,0,1
1865,COLGATE TOOTH PASTE MAXFRESH SPICY FRESH COOLING CRYSTALS 2X150GM,156,0,0,0,0,0,0,0,0,0,0,0,0,0,0
1866,COLGATE TOOTH PASTE MAXFRESH CITRUS BLAST 150GM,88,4,0,0,0,0,0,0,0,0,0,0,0,0,4
1867,NEEM ACTIVE TOOTHPASTE NATURAL ORIGIN 125GM,47,4,0,0,0,0,0,0,0,0,0,0,0,0,4
1868,NEEM ACTIVE TOOTHPASTE NATURAL ORIGIN 200GM,75,5,0,0,0,0,0,0,0,0,0,0,0,0,5
1870,COLGATE TOOTH PASTE 150GM,55,0,0,0,0,0,0,0,0,0,0,0,0,0,0
1871,COLGATE TOOTH PASTE SUGAR AND ACID NEUTRALIZER 300GM,96,0,0,0,0,0,0,0,0,0,0,0,0,0,0
1872,COLGATE TOOTH PASTE MEGA SAVER PACK 300GM,115,0,0,0,0,0,0,0,0,0,0,0,0,0,0
1874,DABUR RED PASTE 100GM,50,2,0,0,0,0,0,0,0,0,0,0,0,0,2
1875,DABUR RED PASTE 200GM,92,4,0,0,0,0,0,0,0,0,0,0,0,0,4
1876,DABUR RED PASTE 300GM,132,0,0,0,0,0,0,0,0,0,0,0,0,0,0
1877,COLGATE TOOTH PASTE SENSITIVE PRO-RELIEF 30GM,40,0,0,0,0,0,0,0,0,0,0,0,0,0,0
1878,COLGATE TOOTH PASTE SENSITIVE PRO-RELIEF 70GM,111,0,0,0,0,0,0,0,0,0,0,0,0,0,0
1879,COLGATE TOOTH PASTE SENSITIVE ORIGINAL 80GM,99,0,0,0,0,0,0,0,0,0,0,0,0,0,0
1880,COLGATE TOOTH PASTE SENSITIVE ORIGINAL 40GM,55,0,0,0,0,0,0,0,0,0,0,0,0,0,0
1882,COLGATE TOOTH PASTE SUGAR AND ACID NEUTRALIZER 100GM,48,0,0,0,0,0,0,0,0,0,0,0,0,0,0
1885,DABUR BABOOL TOOTH PASTE  200GM,46,2,0,0,0,0,0,0,0,0,0,0,0,0,2
1886,COLGATE TOOTH PASTE HERBAL 200GM,88,2,0,0,0,0,0,0,0,0,0,0,0,0,2
1888,DABUR MESWAK 200GM,94,3,0,0,0,0,0,0,0,0,0,0,0,0,3
1889,DABUR MESWAK 100GM,50,1,0,0,0,0,0,0,0,0,0,0,0,0,1
1890,SENSODYNE RAPID RELIEF 40GM,75,2,0,0,0,0,0,0,0,0,0,0,0,0,2
1891,SENSODYNE RAPID RELIEF 80GM,140,2,0,0,0,0,0,0,0,0,0,0,0,0,2
1892,SENSODYNE FRESH MINT 40GM,60,1,0,0,0,0,0,0,0,0,0,0,0,0,1
1893,YUMMIEZ CHICKEN GARLIC FINGERS 400GM,210,2,0,4,0,0,0,0,0,0,0,0,0,0,6
1894,YUMMIEZ CHICKEN TANDOORI NUGGETS 400GM,205,2,0,0,0,0,0,0,0,0,0,0,0,0,2
1896,YUMMIEZ CHICKEN BURGER PATTY 300GM,150,2,0,0,0,0,0,0,0,0,0,0,0,0,2
1897,YUMMIEZ CHICKEN NUGGETS 500GM,210,2,0,4,0,0,0,0,0,0,0,0,0,0,6
1898,YUMMIEZ CHICKEN CHILLI SALAMI 250GM,135,2,0,3,0,0,0,0,0,0,0,0,0,0,5
1899,YUMMIEZ LUCKNOW SEEKH KABAB 400GM,185,0,0,0,0,0,0,0,0,0,0,0,0,0,0
1901,YUMMIEZ CHICKEN PUNJABI TIKKA 400GM,270,2,0,0,0,0,0,0,0,0,0,0,0,0,2
1902,BLUE FLAME CHICKEN RESHMI KEBABS 240GM,185,0,0,0,0,0,0,0,0,0,0,0,0,0,0
1906,CHATHA FOODS CHICKEN FRANKFURTUERS 500GM,190,0,0,0,0,0,0,0,0,0,0,0,0,0,0
1923,BASA FISH FILLETS 1KG,350,0,0,0,0,0,0,0,0,0,0,0,0,0,0
1927,YUMMIEZ CHEESE CORN NUGGETS 400GM,190,7,0,0,0,0,0,0,0,0,0,0,0,0,7
1929,YUMMIEZ VEG CHEESE FINGERS 400GM,180,1,0,0,0,0,0,0,0,0,0,0,0,0,1
1931,YUMMIEZ VEG BURGER PATTY 360GM,110,0,0,0,0,0,0,0,0,0,0,0,0,0,0
1932,YUMMIEZ VEG NUGGETS DINOZ 300GM,105,0,0,0,0,0,0,0,0,0,0,0,0,0,0
1933,YUMMIEZ VEG PIZZA POCKETS 340GM,170,3,0,0,0,0,0,0,0,0,0,0,0,0,3
1934,SAFAL FROZEN MIX VEGETABLES 500GM,50,8,0,0,0,0,0,0,0,0,0,0,0,0,8
1935,SAFAL FROZEN GREEN PEAS 500GM,100,11,0,0,0,0,0,0,0,0,0,0,0,0,11
1939,MCCAIN VEGGIE NUGGETS 325GM,119,7,0,0,0,0,0,0,0,0,0,0,0,0,7
1941,MCCAIN CHILLI GARLIC POTATO BITES 450GM,110,6,0,0,0,0,0,0,0,0,0,0,0,0,6
1945,MCCAIN FRENCH FRIES 200GM,45,0,0,0,0,0,0,0,0,0,0,0,0,0,0
1946,MCCAIN ALOO TIKKI 400GM,95,4,0,0,0,0,0,0,0,0,0,0,0,0,4
1947,MCCAIN SMILES 415GM,112,7,0,0,0,0,0,0,0,0,0,0,0,0,7
1948,MCCAIN VEGGIE BURGER PATTY 360GM,115,6,0,0,0,0,0,0,0,0,0,0,0,0,6
1951,MCCAIN FRENCH FRIES 420GM,95,4,0,0,0,0,0,0,0,0,0,0,0,0,4
1953,YUMMIEZ GREEN PEAS 1KG,150,0,0,0,0,0,0,0,0,0,0,0,0,0,0
1958,AMUL ICE CREAM MOROCAN DRY FRUIT TUB 1LTR,220,0,0,0,0,0,0,0,0,0,0,0,0,0,0
1959,AMUL ICE CREAM ALPHONSO MARVEL 2LTR,240,2,0,0,0,0,0,0,0,0,0,0,0,0,2
1960,AMUL ICE CREAM KAJU KISMIS 2LTR,240,0,0,0,0,0,0,0,0,0,0,0,0,0,0
1961,AMUL ICE CREAM FRUIT N NUT FANTASY 2LTR,260,-2,0,0,0,0,0,0,0,0,0,0,0,0,-2
1962,AMUL ICE CREAM STRAWBERRY 1.25LTR,140,2,0,0,0,0,0,0,0,0,0,0,0,0,2
1964,AMUL ICE CREAM SHAHI ANJIR ROYALE FIG 1LTR,220,0,0,0,0,0,0,0,0,0,0,0,0,0,0
1967,AMUL ICE CREAM KAJU DRAKSH 75ML,15,0,0,0,0,0,0,0,0,0,0,0,0,0,0
1972,MOTHER DAIRY ICE CREAM COOKIE N CRUMB TUB 1LTR,280,2,0,0,0,0,0,0,0,0,0,0,0,0,2
1973,MOTHER DAIRY ICE CREAM STRAWBERRY CRUSH 1LTR,280,0,0,0,0,0,0,0,0,0,0,0,0,0,0
1974,MOTHER DAIRY ICE CREAM CHOCO ALMONDS TUB 1LTR,280,1,0,0,0,0,0,0,0,0,0,0,0,0,1
1979,MOTHER DAIRY ICE CREAM MANGO MARVEL TUB 1LTR,280,0,0,0,0,0,0,0,0,0,0,0,0,0,0
1980,MOTHER DAIRY ICE CREAM SUGAR FREE KESAR ALMOND 500ML,140,5,0,0,0,0,0,0,0,0,0,0,0,0,5
1981,MOTHER DAIRY ICE CREAM SUGAR FREE NATURAL VANILLA 500ML,130,0,0,0,0,0,0,0,0,0,0,0,0,0,0
1982,MOTHER DAIRY ICE CREAM BUTTER SCOTCH 1.25LTR,175,0,0,0,0,0,0,0,0,0,0,0,0,0,0
1983,MOTHER DAIRY ICE CREAM STRAWBERRY 1.25LTR,150,3,0,0,0,0,0,0,0,0,0,0,0,0,3
1984,MOTHER DAIRY ICE CREAM COMBO BUTTER SCOTCH+VANILLA 2X700ML,170,0,0,0,0,0,0,0,0,0,0,0,0,0,0
1985,MOTHER DAIRY ICE CREAM CHOCO CHIP 1.25LTR,200,2,0,0,0,0,0,0,0,0,0,0,0,0,2
1986,MOTHER DAIRY ICE CREAM FRENCH VANILLA 750ML,130,0,0,0,0,0,0,0,0,0,0,0,0,0,0
1990,MOTHER DAIRY ICE CREAM LIC LOLLEEZ MANGO 50ML,7,0,0,0,0,0,0,0,0,0,0,0,0,0,0
1991,MOTHER DAIRY ICE CREAM STRAWBERRY CUP 60ML,10,18,0,0,0,0,0,0,0,0,0,0,0,0,18
1992,MOTHER DAIRY ICE CREAM VANILLA CUP 60ML,10,15,0,0,0,2,0,0,0,0,0,0,0,0,13
1993,MOTHER DAIRY ICE CREAM BUTTER SCOTCH CUP 75ML,20,32,0,0,0,0,0,0,0,0,0,0,0,0,32
1994,MOTHER DAIRY ICE CREAM CHOCOLATE CHIP CUP 75ML,20,15,0,0,0,0,0,0,0,0,0,0,0,0,15
1995,MOTHER DAIRY ICE CREAM CASSATA 150ML,50,11,0,0,0,0,0,0,0,0,0,0,0,0,11
1996,MOTHER DAIRY ICE CREAM MANGO FRUITO LIC 60ML,20,0,0,0,0,0,0,0,0,0,0,0,0,0,0
1997,MOTHER DAIRY ICE CREAM CHILLZ CHOCOLATE TREAT BAR 75ML,25,5,0,0,0,0,0,0,0,0,0,0,0,0,5
1998,MOTHER DAIRY ICE CREAM CONE CHILLZ CHOCOLATE BLISS 100ML,35,10,0,0,0,0,0,0,0,0,0,0,0,0,10
1999,MOTHER DAIRY ICE CREAM CHILLZ CHOCOLATE BAR 65ML,20,25,0,0,0,0,0,0,0,0,0,0,0,0,25
2001,LONDON DAIRY ICE CREAM NATURAL STRAWBERRY 1LTR,650,0,0,0,0,0,0,0,0,0,0,0,0,0,0
2002,LONDON DAIRY ICE CREAM CHOCOLATE HAZELNUT 500ML,350,2,0,0,0,0,0,0,0,0,0,0,0,0,2
2003,LONDON DAIRY ICE CREAM PARALINES & CREAM 125ML,125,13,0,0,0,0,0,0,0,0,0,0,0,0,13
2009,CATCH CLUB SODA 750ML,25,28,0,0,0,0,0,0,0,0,0,0,0,0,28
2010,CATCH CLUB SODA 500ML,18,45,0,0,0,0,0,0,0,0,0,0,0,0,45
2011,CATCH MINERAL WATER HIMALAYAS 1LTR,35,0,0,0,0,0,0,0,0,0,0,0,0,0,0
2012,CATCH MINERAL WATER 200ML,10,73,0,0,0,0,0,0,0,0,0,0,0,0,73
2015,KINLEY WATER 1LTR,19,141,0,0,0,4,0,0,0,0,0,0,0,0,137
2016,AQUAFINA WATER 1LTR,20,299,0,72,0,16,0,0,0,0,0,0,0,0,355
2019,GATORADE SPORT MIX LEMON 4X25GM,80,5,0,0,0,0,0,0,0,0,0,0,0,0,5
2020,COCOJAL 200ML,38,507,0,0,0,16,0,0,0,0,0,0,0,0,491
2021,MTR BADAM DRINK 180ML,45,0,0,0,0,0,0,0,0,0,0,0,0,0,0
2022,SCHWEPPES TONIC WATER 300ML,50,-14,0,0,0,0,0,0,0,0,0,0,0,0,-14
2023,AMUL KOOL CAFE MILK N COFFEE CAN 200ML,30,9,0,0,0,0,0,0,0,0,0,0,0,0,9
2031,REAL JUICE BURRST AAMPANNA 200ML,20,0,0,0,0,0,0,0,0,0,0,0,0,0,0
2035,SOFIT MILK NATURAL 1LTR,120,10,0,0,0,0,0,0,0,0,0,0,0,0,10
2038,APPY FIZZ 1LTR,58,10,0,0,0,0,0,0,0,0,0,0,0,0,10
2041,TROPICANA JUICE ORANGE 200ML,20,7,0,0,0,2,0,0,0,0,0,0,0,0,5
2044,AMUL MASTI SPICED BUTTER MILK 200ML,10,259,0,0,0,48,0,0,0,0,0,0,0,0,211
2046,VERKA PIO MILK ELAICHI FLAVOURED 200ML,25,28,0,0,0,0,0,0,0,0,0,0,0,0,28
2047,VERKA RASEELA MANGO JUICE 200ML,17,12,0,0,0,0,0,0,0,0,0,0,0,0,12
2048,VERKA SWEET LASSI 200ML,25,16,0,0,0,11,0,0,0,0,0,0,0,0,5
2051,MOTHER DAIRY LASSI MANGO BTL 200ML,20,0,0,0,0,0,0,0,0,0,0,0,0,0,0
2052,MOTHER DAIRY LASSI STRAWBERRY 200ML,20,0,0,0,0,0,0,0,0,0,0,0,0,0,0
2053,VERKA MILK GREEN 500ML,23,10,-9,144,0,145,0,0,0,0,0,0,0,0,0
2054,VERKA MILK YELLOW 500ML,18,13,-13,48,0,48,0,0,0,0,0,0,0,0,0
2056,VERKA LASSI 1000ML,25,0,0,12,0,12,0,0,0,0,0,0,0,0,0
2057,COCA COLA BOTTLE 2LTR,80,20,0,0,0,2,0,0,0,0,0,0,0,0,18
2061,COCA COLA BOTTLE 500ML,30,89,0,0,0,2,0,0,0,0,0,0,0,0,87
2062,THUMS UP BOTTLE 750ML,35,0,0,0,0,0,0,0,0,0,0,0,0,0,0
2067,KINLEY CLUB SODA 600ML,18,124,0,0,0,1,0,0,0,0,0,0,0,0,123
2068,MINUTE MAID PULPY ORANGE BOTTLE 400ML,30,0,0,0,0,0,0,0,0,0,0,0,0,0,0
2072,SLICE BOTTLE 1.2LTR,65,6,0,0,0,0,0,0,0,0,0,0,0,0,6
2073,SLICE BOTTLE 1.75LTR,85,5,0,0,0,0,0,0,0,0,0,0,0,0,5
2075,MOUNTAIN DEW BOTTLE 2LTR,80,17,0,0,0,1,0,0,0,0,0,0,0,0,16
2076,PEPSI BOTTLE 2LTR,80,4,0,0,0,0,0,0,0,0,0,0,0,0,4
2077,MIRINDA BOTTLE ORANGE 2LTR,80,13,0,0,0,0,0,0,0,0,0,0,0,0,13
2078,MIRINDA BOTTLE ORANGE 1.25LTR,60,4,0,0,0,0,0,0,0,0,0,0,0,0,4
2079,7UP LEMON BOTTLE 1LTR,50,0,0,0,0,0,0,0,0,0,0,0,0,0,0
2080,MOUNTAIN DEW BOTTLE 1.25LTR,60,2,0,0,0,0,0,0,0,0,0,0,0,0,2
2081,PEPSI BOTTLE 1LTR,45,0,0,0,0,0,0,0,0,0,0,0,0,0,0
2083,MIRINDA BOTTLE ORANGE 600ML,35,4,0,0,0,0,0,0,0,0,0,0,0,0,4
2086,7UP LEMON BOTTLE 600ML,35,7,0,0,0,1,0,0,0,0,0,0,0,0,6
2087,MOUNTAIN DEW 330ML,20,0,0,0,0,0,0,0,0,0,0,0,0,0,0
2088,LEHAR CLUB SODA 750ML,18,93,0,0,0,6,0,0,0,0,0,0,0,0,87
2090,PEPSI DIET CAN 250ML,25,49,0,0,0,0,0,0,0,0,0,0,0,0,49
2091,MOUNTAIN DEW BOTTLE 600ML,35,34,0,0,0,0,0,0,0,0,0,0,0,0,34
2093,MIRINDA CAN ORANGE 250ML,25,21,0,0,0,0,0,0,0,0,0,0,0,0,21
2099,7UP NIMBOOZ 350ML,20,41,0,0,0,0,0,0,0,0,0,0,0,0,41
2101,BRITANNIA CHEESE CUBES CLASSIC 200GM,125,0,0,0,0,0,0,0,0,0,0,0,0,0,0
2106,BRITANNIA SLIMZ CHEESY SLICE 200GM,155,0,0,0,0,0,0,0,0,0,0,0,0,0,0
2107,MOTHER DAIRY PANEER 200GM,65,38,0,0,0,5,0,0,0,0,0,0,0,0,33
2108,VERKA PANEER 200GM,60,16,-10,40,0,16,0,0,0,0,0,0,0,0,30
2110,AMUL ICE CREAM FROSTIK ALMOND CRUNCH 4PACKS X70ML,95,0,0,0,0,0,0,0,0,0,0,0,0,0,0
2112,BRITANNIA CHEESE SPREADZ ASLI PEPPER 180GM,85,0,0,0,0,0,0,0,0,0,0,0,0,0,0
2114,BRITANNIA CHEESE SPREADZ MEXICAN CHILLI 180GM,85,1,0,0,0,0,0,0,0,0,0,0,0,0,1
2116,YUMMIEZ VEG CHEESE FINGERS  PARTY PACK 600GM,265,0,0,0,0,0,0,0,0,0,0,0,0,0,0
2117,BRITANNIA CHEESE SPREADZ CLASSIC TUB 180GM,85,1,0,0,0,0,0,0,0,0,0,0,0,0,1
2118,AMUL CHEESE TIN 400GM,195,3,0,0,0,0,0,0,0,0,0,0,0,0,3
2119,BRITANNIA CHEESE PROCESSED TIN 400GM,240,0,0,0,0,0,0,0,0,0,0,0,0,0,0
2120,AMUL CHEESE SPREAD SPICY GARLIC 200GM,80,3,0,0,0,0,0,0,0,0,0,0,0,0,3
2121,AMUL CHEESE SPREAD PLAIN 200GM,80,7,0,0,0,0,0,0,0,0,0,0,0,0,7
2122,AMUL GOUDA CHEESE PURE NATURAL CHEESE 250GM,210,0,0,0,0,0,0,0,0,0,0,0,0,0,0
2123,BRITANNIA CHEESE BLOCK 200GM,130,0,0,0,0,0,0,0,0,0,0,0,0,0,0
2124,BRITANNIA CHEESE BLOCK 400GM,250,0,0,0,0,0,0,0,0,0,0,0,0,0,0
2125,NUTRALITE BUTTER GARLIC & OREGANO TUB 200GM,85,2,0,0,0,0,0,0,0,0,0,0,0,0,2
2126,NUTRALITE BUTTER OMEGA3 TUB 500GM,175,1,0,0,0,0,0,0,0,0,0,0,0,0,1
2127,FERRERO ROCHER 300GM,740,2,0,0,0,0,0,0,0,0,0,0,0,0,2
2130,KINDER JOY FOR BOYS 20GM,40,32,0,0,0,0,0,0,0,0,0,0,0,0,32
2131,NESTLE SELECTION 107GM,75,0,0,0,0,0,0,0,0,0,0,0,0,0,0
2133,NESTLE MUNCH PARTY TIME 72GM,60,0,0,0,0,0,0,0,0,0,0,0,0,0,0
2134,NESTLE MUNCH MAHA 10.1GM,5,89,0,0,0,1,0,0,0,0,0,0,0,0,88
2135,BOURN VITA 5STAR JAR 500GM,226,3,0,0,0,0,0,0,0,0,0,0,0,0,3
2139,CADBURY GEMS BALL 17.8GM,35,51,0,0,0,1,0,0,0,0,0,0,0,0,50
2141,POLO MINT ROLL 15GM,5,67,0,0,0,1,0,0,0,0,0,0,0,0,66
2143,SNICKERS CHOCOLATE 54GM,35,7,0,0,0,1,0,0,0,0,0,0,0,0,6
2144,BOUNTY CHOCOLATE 57GM,50,14,0,0,0,0,0,0,0,0,0,0,0,0,14
2145,DOUBLEMINT EXTRA STRONG CHEWING GUM 13GM,10,0,0,0,0,0,0,0,0,0,0,0,0,0,0
2146,RITE BITE EASY CALM 50GM,90,0,0,0,0,0,0,0,0,0,0,0,0,0,0
2147,RITE BITE EASY IMMUNE 50GM,90,0,0,0,0,0,0,0,0,0,0,0,0,0,0
2148,RITE BITE EASY SLIM 50GM,90,0,0,0,0,0,0,0,0,0,0,0,0,0,0
2149,NESTLE KITKAT 37.3GM,25,35,0,0,0,0,0,0,0,0,0,0,0,0,35
2150,NESTLE KITKAT 12.8GM,10,65,0,0,0,8,0,0,0,0,0,0,0,0,57
2151,NESTLE BAR ONE 22GM,10,80,0,0,0,0,0,0,0,0,0,0,0,0,80
2152,NESTLE BAR ONE 12GM,5,58,0,0,0,2,0,0,0,0,0,0,0,0,56
2155,MARS CHOCOLATE 33GM,20,0,0,0,0,0,0,0,0,0,0,0,0,0,0
2156,CADBURY DAIRY MILK CHOCOLATE 14GM,10,56,0,0,0,0,0,0,0,0,0,0,0,0,56
2157,TWIX CHOCOLATE 50GM,50,29,0,0,0,2,0,0,0,0,0,0,0,0,27
2158,GALAXY FRUIT & NUT 43GM,40,0,0,0,0,0,0,0,0,0,0,0,0,0,0
2162,NESTLE MILKYBAR MOULD 13GM,10,0,0,0,0,0,0,0,0,0,0,0,0,0,0
2163,NESTLE MILKYBAR CHOO 10GM,5,37,0,0,0,1,0,0,0,0,0,0,0,0,36
2164,NESTLE MILKYBAR CHOO CHOKO 11.5GM,5,0,0,0,0,0,0,0,0,0,0,0,0,0,0
2169,CADBURY DAIRY MILK FRUIT & NUT 80GM,89,35,0,0,0,0,0,0,0,0,0,0,0,0,35
2170,CADBURY DAIRY MILK FRUIT & NUT 40GM,40,70,0,0,0,0,0,0,0,0,0,0,0,0,70
2171,CADBURY DAIRY MILK SILK FRUIT & NUT 55GM,65,35,0,0,0,2,0,0,0,0,0,0,0,0,33
2173,CADBURY DAIRY MILK CHOCOLATE 8.1GM,5,78,0,0,0,0,0,0,0,0,0,0,0,0,78
2174,CADBURY DAIRY MILK SILK CARAMELLO 60GM,80,0,0,0,0,0,0,0,0,0,0,0,0,0,0
2175,CADBURY DAIRY MILK SILK ORANGE PEEL 60GM,60,0,0,0,0,0,0,0,0,0,0,0,0,0,0
2177,5 STAR CHOCOLATE FRUIT & NUT 36GM,25,0,0,0,0,0,0,0,0,0,0,0,0,0,0
2178,5 STAR CHOCOLATE 10.5GM,5,126,0,0,0,0,0,0,0,0,0,0,0,0,126
2179,MINUTE MAID GUAVA 150ML,10,0,0,0,0,0,0,0,0,0,0,0,0,0,0
2180,TWIX MINIATURES PACKET 150GM,149,0,0,0,0,0,0,0,0,0,0,0,0,0,0
2185,NESTLE CARAMEL ECLAIRS 3.4GM,1,0,0,0,0,0,0,0,0,0,0,0,0,0,0
2187,FOXS FRUITS CANDY 90GM,47,0,0,0,0,0,0,0,0,0,0,0,0,0,0
2189,MARS MINIS PACK 270GM,199,0,0,0,0,0,0,0,0,0,0,0,0,0,0
2190,MARS MINIATURES PACKET 150GM,149,2,0,0,0,0,0,0,0,0,0,0,0,0,2
2191,SNICKERS POUCH 227GM,229,0,0,0,0,0,0,0,0,0,0,0,0,0,0
2193,FOXS BLACKCURRENT CANDY TIN 180GM,150,0,0,0,0,0,0,0,0,0,0,0,0,0,0
2194,FOXS FRUITS FLAVOURED CANDY TIN 180GM,140,6,0,0,0,0,0,0,0,0,0,0,0,0,6
2197,DRUK BABY CORN TIN 450GM,80,1,0,0,0,0,0,0,0,0,0,0,0,0,1
2198,DRUK SWEET CORN CREAM STYLE TIN 450GM,65,3,0,0,0,0,0,0,0,0,0,0,0,0,3
2200,FRUTINS SWEET CORN WHOLE GRAIN 450GM,45,0,0,0,0,0,0,0,0,0,0,0,0,0,0
2201,FRUTINS BAKED BEANS TOMATO SAUCE 440GM,75,0,0,0,0,0,0,0,0,0,0,0,0,0,0
2206,DRUK PINEAPPLE SLICES 850ML,115,1,0,0,0,0,0,0,0,0,0,0,0,0,1
2220,TOP RAMEN ATTA NOODLES 280GM,60,2,0,0,0,0,0,0,0,0,0,0,0,0,2
2235,KNORR SOUPY NOODLES MAST MASALA 120GM,24,0,0,0,0,0,0,0,0,0,0,0,0,0,0
2238,KNORR SOUPY NOODLES MAST MASALA 240GM,48,0,0,0,0,0,0,0,0,0,0,0,0,0,0
2239,SUNFEAST YIPPEE NOODLES CLASSIC MASALA 70GM,12,0,0,0,0,0,0,0,0,0,0,0,0,0,0
2240,SUNFEAST YIPPEE NOODLES MAGIC MASALA 70GM,10,0,0,0,0,0,0,0,0,0,0,0,0,0,0
2241,SUNFEAST YIPPEE NOODLES CLASSIC MASALA 280GM,40,0,0,0,0,0,0,0,0,0,0,0,0,0,0
2242,SUNFEAST YIPPEE NOODLES MAGIC MASALA 280GM,45,0,0,0,0,0,0,0,0,0,0,0,0,0,0
2244,WAI WAI CHINESE HAKKA VEG NOODLES 200GM,30,11,0,0,0,0,0,0,0,0,0,0,0,0,11
2245,CHINGS HAKKA VEG NOODLES 150GM,25,0,0,0,0,0,0,0,0,0,0,0,0,0,0
2246,CHINGS HAKKA EEG NOODLES 150GM,27,8,0,0,0,0,0,0,0,0,0,0,0,0,8
2249,SUNFEAST PASTA TREAT PIZZA MASALA 70GM,20,0,0,0,0,0,0,0,0,0,0,0,0,0,0
2250,SUNFEAST PASTA TREAT TOMATO CHEESE 70GM,20,0,0,0,0,0,0,0,0,0,0,0,0,0,0
2251,SUNFEAST PASTA TREAT CHEESE 70GM,20,0,0,0,0,0,0,0,0,0,0,0,0,0,0
2253,WAI WAI NOODLES CHICKEN 75GM,10,0,0,0,0,0,0,0,0,0,0,0,0,0,0
2254,WAI WAI NOODLES VEGETABLE 75GM,10,0,0,0,0,0,0,0,0,0,0,0,0,0,0
2260,MAGGI PAZZTA MASALA PENNE 65GM,24,5,0,0,0,0,0,0,0,0,0,0,0,0,5
2261,MAGGI PAZZTA CHEESE MACARONI 70GM,24,8,0,0,0,3,0,0,0,0,0,0,0,0,5
2262,MAGGI PAZZTA TOMATO TWIST 64GM,25,0,0,0,0,0,0,0,0,0,0,0,0,0,0
2267,BAMBINO VERMICELLI 500GM,36,7,0,0,0,0,0,0,0,0,0,0,0,0,7
2268,BAMBINO VERMICELLI 225GM,20,9,0,0,0,1,0,0,0,0,0,0,0,0,8
2269,BAMBINO MACARONI 900GM,75,4,0,0,0,0,0,0,0,0,0,0,0,0,4
2270,BAMBINO PASTA PENNE 500GM,79,5,0,0,0,0,0,0,0,0,0,0,0,0,5
2272,BAMBINO VERMICELLI 900GM,70,3,0,0,0,0,0,0,0,0,0,0,0,0,3
2273,BAMBINO PASTA SPIRALI 250GM,50,6,0,0,0,0,0,0,0,0,0,0,0,0,6
2274,MAMA NOODLES 400GM,30,8,0,0,0,0,0,0,0,0,0,0,0,0,8
2275,MOTHERS RECIPE POTATO PAPAD 75GM,26,0,0,0,0,0,0,0,0,0,0,0,0,0,0
2277,HALDIRAMS ORANGE CRUSH 1LTR,150,0,0,0,0,0,0,0,0,0,0,0,0,0,0
2279,KNORR CHINESE SCHEZWAN NOODLES 70GM,12,1,0,0,0,0,0,0,0,0,0,0,0,0,1
2280,KNORR CHINESE HOT & SPICY NOODLES 70GM,12,3,0,0,0,0,0,0,0,0,0,0,0,0,3
2283,DABUR HONEY 50GM,37,0,0,0,0,0,0,0,0,0,0,0,0,0,0
2284,DABUR HONEY 100GM,59,0,0,0,0,0,0,0,0,0,0,0,0,0,0
2285,DABUR HONEY 500GM,199,0,0,0,0,0,0,0,0,0,0,0,0,0,0
2286,DABUR HONEY 1KG,380,0,0,0,0,0,0,0,0,0,0,0,0,0,0
2287,KISSAN ORANGE MARMALADE 500GM,145,0,0,0,0,0,0,0,0,0,0,0,0,0,0
2288,KISSAN PINEAPPLE JAM 500GM,145,2,0,0,0,0,0,0,0,0,0,0,0,0,2
2289,KISSAN MIXED FRUIT JAM 500GM,135,2,0,4,0,0,0,0,0,0,0,0,0,0,6
2290,KISSAN ORANGE MARMALADE 200GM,70,0,0,2,0,0,0,0,0,0,0,0,0,0,2
2291,KISSAN MANGO JAM 200GM,70,0,0,2,0,0,0,0,0,0,0,0,0,0,2
2292,KISSAN PINEAPPLE JAM 200GM,70,2,0,0,0,0,0,0,0,0,0,0,0,0,2
2293,DRUK APPLE JAM 500GM,110,1,0,0,0,0,0,0,0,0,0,0,0,0,1
2294,DRUK ORANGE MARMALADE 500GM,117,1,0,0,0,0,0,0,0,0,0,0,0,0,1
2295,DRUK ORANGE MARMALADE 200GM,50,0,0,0,0,0,0,0,0,0,0,0,0,0,0
2299,KEYA ALL PURPOSE SEASONING 60GM,99,3,0,0,0,0,0,0,0,0,0,0,0,0,3
2300,KEYA NUTMEG POWDER 65GM,195,2,0,0,0,0,0,0,0,0,0,0,0,0,2
2301,KEYA PARSLEY 15GM,99,1,0,0,0,0,0,0,0,0,0,0,0,0,1
2302,KEYA PASTA SEASONING 40GM,99,6,0,0,0,0,0,0,0,0,0,0,0,0,6
2304,KEYA SHAHI JEERA 55GM,95,0,0,0,0,0,0,0,0,0,0,0,0,0,0
2305,KEYA CHAI MASALA 60GM,125,1,0,0,0,0,0,0,0,0,0,0,0,0,1
2306,KEYA KASHMIRI PAPRIKA POWDER 55GM,95,1,0,0,0,0,0,0,0,0,0,0,0,0,1
2307,KEYA ROSEMARY 13GM,99,2,0,0,0,0,0,0,0,0,0,0,0,0,2
2308,KEYA SALAD SEASONING 65GM,99,0,0,0,0,0,0,0,0,0,0,0,0,0,0
2309,KEYA CARDAMON SEED POWDER 70GM,249,1,0,0,0,0,0,0,0,0,0,0,0,0,1
2310,KEYA SRI LANKAN CINNAMON POWDER 55GM,149,1,0,0,0,0,0,0,0,0,0,0,0,0,1
2311,DRUK PINEAPPLE JAM 500GM,117,2,0,0,0,0,0,0,0,0,0,0,0,0,2
2313,SMITH & JONES GINGER PASTE 250GM,49,0,0,0,0,0,0,0,0,0,0,0,0,0,0
2314,SMITH & JONES GARLIC PASTE 250GM,49,0,0,0,0,0,0,0,0,0,0,0,0,0,0
2315,SMITH & JONES GINGER GARLIC PASTE 200GM,40,0,0,0,0,0,0,0,0,0,0,0,0,0,0
2319,GRANORO MEZZI GOMITI 500GM,150,0,0,0,0,0,0,0,0,0,0,0,0,0,0
2320,LEONARDO PREMIUM PASTA MEZZI GOMITI 500GM,125,0,0,0,0,0,0,0,0,0,0,0,0,0,0
2321,MTR UTTAPPAM 500GM,95,1,0,0,0,0,0,0,0,0,0,0,0,0,1
2322,MTR VADA 500GM,155,1,0,0,0,0,0,0,0,0,0,0,0,0,1
2323,MTR UPMA 170GM,35,3,0,0,0,2,0,0,0,0,0,0,0,0,1
2324,MTR OATS UPMA 45GM,15,0,0,0,0,0,0,0,0,0,0,0,0,0,0
2325,MTR VADA 200GM,88,2,0,0,0,0,0,0,0,0,0,0,0,0,2
2327,MTR PEAS AND MUSHROOM CURRY 300GM,70,0,0,0,0,0,0,0,0,0,0,0,0,0,0
2328,MTR PULIOGARE POWDER TAMARIND RICE MASALA 200GM,75,1,0,0,0,0,0,0,0,0,0,0,0,0,1
2329,MTR RICE IDLI 500GM,95,0,0,0,0,0,0,0,0,0,0,0,0,0,0
2330,MTR RAVA IDLI 200GM,60,2,0,0,0,0,0,0,0,0,0,0,0,0,2
2331,MTR GULAB JAMUN 175GM BUY1 GET1 FREE,99,1,0,0,0,0,0,0,0,0,0,0,0,0,1
2332,MTR SAMBAR MIX 200GM,70,2,0,0,0,0,0,0,0,0,0,0,0,0,2
2333,MTR MASALA UPMA 200GM,55,2,0,0,0,0,0,0,0,0,0,0,0,0,2
2334,MTR DHOKLA 200GM,45,0,0,0,0,0,0,0,0,0,0,0,0,0,0
2336,MTR KHAMAN DHOKLA 180GM,52,0,0,0,0,0,0,0,0,0,0,0,0,0,0
2338,MTR RAVA DOSA 500GM,95,3,0,0,0,0,0,0,0,0,0,0,0,0,3
2339,MTR DOSA 200GM,60,3,0,0,0,0,0,0,0,0,0,0,0,0,3
2340,MTR RICE IDLI 200GM,60,2,0,0,0,0,0,0,0,0,0,0,0,0,2
2341,MTR RAVA IDLI 500GM,95,2,0,0,0,0,0,0,0,0,0,0,0,0,2
2342,MTR GOBI MANCHURIAN 300GM,60,0,0,0,0,0,0,0,0,0,0,0,0,0,0
2344,MTR SAMBAR POWDER 100GM,40,0,0,0,0,0,0,0,0,0,0,0,0,0,0
2345,MTR DOSA 500GM,95,2,0,0,0,0,0,0,0,0,0,0,0,0,2
2346,PRUNES CALIFORNIA,391,0,0,0,0,0,0,0,0,0,0,0,0,0,0
2348,FUN FOODS CHOCOLATE SYRUP 300GM,75,0,0,0,0,0,0,0,0,0,0,0,0,0,0
2349,NUTELLA FERRERO 350GM,370,9,0,0,0,1,0,0,0,0,0,0,0,0,8
2350,BHUIRA TOMATO CHUTNEY 460GM,250,1,0,0,0,0,0,0,0,0,0,0,0,0,1
2351,BHUIRA PEACH PRESERVE 470GM,250,1,0,0,0,0,0,0,0,0,0,0,0,0,1
2352,BHUIRA THREE FRUIT MARMALADE JAM 470GM,240,1,0,0,0,0,0,0,0,0,0,0,0,0,1
2353,BHUIRA STRAWBERRY PRESERVE JAM 470GM,250,0,0,0,0,0,0,0,0,0,0,0,0,0,0
2355,FUN FOODS SOYA SAUCE 210GM,45,2,0,0,0,0,0,0,0,0,0,0,0,0,2
2358,DRUK GREEN CHILLI SAUCE 200GM,42,0,0,0,0,0,0,0,0,0,0,0,0,0,0
2359,DRUK SOYA SAUCE 200GM,42,0,0,0,0,0,0,0,0,0,0,0,0,0,0
2360,DRUK RED CHILLI SAUCE 200GM,42,2,0,0,0,0,0,0,0,0,0,0,0,0,2
2361,CHINGS RED CHILLI SAUCE 200GM,50,1,0,0,0,0,0,0,0,0,0,0,0,0,1
2362,CHINGS DARK SOY SAUCE 200GM,50,1,0,0,0,0,0,0,0,0,0,0,0,0,1
2363,CHINGS CHILLI VINEGAR 170ML,45,1,0,0,0,0,0,0,0,0,0,0,0,0,1
2369,BRITANNIA CAKE NUT & RAISIN ROMANCE 160GM,50,0,0,0,0,0,0,0,0,0,0,0,0,0,0
2371,BRITANNIA TIGER GLUCOSE 54GM,4,0,0,0,0,0,0,0,0,0,0,0,0,0,0
2375,BRITANNIA 50-50 SWEET N SALTY 100GM,10,25,0,0,0,4,0,0,0,0,0,0,0,0,21
2376,BRITANNIA 50-50 SWEET N SALTY 55GM,5,1,0,0,0,0,0,0,0,0,0,0,0,0,1
2377,BRITANNIA 50-50 MASKA CHASKA 55GM,10,1,0,0,0,0,0,0,0,0,0,0,0,0,1
2381,BRITANNIA TIGER KAJU BADAM COOKIES 32GM,5,20,0,0,0,0,0,0,0,0,0,0,0,0,20
2410,MAGGI HOT & SWEET TOMATO CHILLI SAUCE 1KG,152,0,0,0,0,0,0,0,0,0,0,0,0,0,0
2412,MAGGI HOT & SWEET TOMATO CHILLI SAUCE 500GM,101,4,0,0,0,0,0,0,0,0,0,0,0,0,4
2413,MAGGI RICH TOMATO KETCHUP 500GM,97,3,0,0,0,0,0,0,0,0,0,0,0,0,3
2414,MAGGI BHUNA MASALA MAKHANI 65GM,34,16,0,0,0,0,0,0,0,0,0,0,0,0,16
2416,MAGGI IMLI PICHKOO 90GM,20,0,0,0,0,0,0,0,0,0,0,0,0,0,0
2417,DABUR HOMMADE COCONUT MILK 200ML,75,15,0,0,0,0,0,0,0,0,0,0,0,0,15
2418,CAPSICO RED PEPPER SAUCE 60GM,60,5,0,0,0,0,0,0,0,0,0,0,0,0,5
2419,JOHN WEST SARDINES SUNFLOWER OIL 120MG,225,0,0,0,0,0,0,0,0,0,0,0,0,0,0
2420,MAGGI TOMATO PICHKOO 90GM,15,0,0,0,0,0,0,0,0,0,0,0,0,0,0
2440,MTR DAL MAKHANI 300GM,90,0,0,0,0,0,0,0,0,0,0,0,0,0,0
2441,MTR RAJMA MASALA 300GM,80,0,0,0,0,0,0,0,0,0,0,0,0,0,0
2442,MTR PAV BHAJI 300GM,80,0,0,0,0,0,0,0,0,0,0,0,0,0,0
2443,MTR BHINDI MASALA 300GM,70,0,0,0,0,0,0,0,0,0,0,0,0,0,0
2444,MTR PALAK PANEER 300GM,95,0,0,0,0,0,0,0,0,0,0,0,0,0,0
2446,MTR VEGETABLE PULAO 250GM,90,0,0,0,0,0,0,0,0,0,0,0,0,0,0
2448,MTR PANEER MAKHANI 300GM,95,0,0,0,0,0,0,0,0,0,0,0,0,0,0
2450,MTR RAJMA CHAWAL 300ML,70,0,0,0,0,0,0,0,0,0,0,0,0,0,0
2451,MTR MASALA RICE 250GM,70,0,0,0,0,0,0,0,0,0,0,0,0,0,0
2452,MTR KADHI PAKORA 300GM,65,0,0,0,0,0,0,0,0,0,0,0,0,0,0
2453,MTR DAL FRY 300GM,80,0,0,0,0,0,0,0,0,0,0,0,0,0,0
2454,MTR KHAMAN DHOKLA 500GM,100,0,0,0,0,0,0,0,0,0,0,0,0,0,0
2455,MTR CHANA MASALA 300GM,80,0,0,0,0,0,0,0,0,0,0,0,0,0,0
2456,MTR MIXED VEGETABLE CURRY 300GM,80,0,0,0,0,0,0,0,0,0,0,0,0,0,0
2457,MTR PANEER TIKKA MASALA 300GM,95,0,0,0,0,0,0,0,0,0,0,0,0,0,0
2458,MTR MUTTAR PANEER 300GM,95,0,0,0,0,0,0,0,0,0,0,0,0,0,0
2460,GITS DAHI VADA MIX 200GM,70,0,0,0,0,0,0,0,0,0,0,0,0,0,0
2461,GITS RAVA DOSAI MIX 200GM,35,0,0,0,0,0,0,0,0,0,0,0,0,0,0
2462,GITS RAVA IDLI MIX 200GM,45,0,0,0,0,0,0,0,0,0,0,0,0,0,0
2463,GITS KESAR KULFI MIX 100GM,75,0,0,0,0,0,0,0,0,0,0,0,0,0,0
2464,GITS SAMBHAR MIX 100GM,40,1,0,0,0,0,0,0,0,0,0,0,0,0,1
2465,GITS VERMICELLI KHEER MIX 100GM,40,0,0,0,0,0,0,0,0,0,0,0,0,0,0
2466,GITS RABDI MIX,55,0,0,0,0,0,0,0,0,0,0,0,0,0,0
2467,GITS RICE IDLI MIX 200GM,50,0,0,0,0,0,0,0,0,0,0,0,0,0,0
2468,GITS UTTAPPAM MIX 200GM,45,0,0,0,0,0,0,0,0,0,0,0,0,0,0
2469,GITS DALVADA MIX 200GM,70,0,0,0,0,0,0,0,0,0,0,0,0,0,0
2470,GITS DOSAI MIX 200GM,45,0,0,0,0,0,0,0,0,0,0,0,0,0,0
2471,GITS KHAMAN DHOLKA MIX 180GM,50,0,0,0,0,0,0,0,0,0,0,0,0,0,0
2474,NUTRELA SOYA GRANULES (KEEMA)200GM,45,0,0,0,0,0,0,0,0,0,0,0,0,0,0
2478,HEINZ TOMATO KETCHUP 200GM,59,2,0,0,0,0,0,0,0,0,0,0,0,0,2
2479,HEINZ TOMATO KETCHUP 450GM,99,6,0,0,0,0,0,0,0,0,0,0,0,0,6
2481,KISSAN FRESH TOMATO KETCHUP 200GM,56,0,0,6,0,0,0,0,0,0,0,0,0,0,6
2482,KISSAN CHILLI TOMATO KETCHUP 500GM,94,0,0,0,0,0,0,0,0,0,0,0,0,0,0
2483,KISSAN FRESH TOMATO KETCHUP 1KG,130,3,0,3,0,0,0,0,0,0,0,0,0,0,6
2484,KISSAN CHATAKDAAR KETCHUP 200GM,59,0,0,0,0,0,0,0,0,0,0,0,0,0,0
2486,MOTHERS RECIPE MANGO PICKLE 200GM,42,0,0,0,0,0,0,0,0,0,0,0,0,0,0
2487,MOTHERS RECIPE GARLIC PICKLE 200GM,43,0,0,0,0,0,0,0,0,0,0,0,0,0,0
2488,MOTHERS RECIPE STUFFED GREEN CHILLI PICKLE 200GM,42,0,0,0,0,0,0,0,0,0,0,0,0,0,0
2491,MOTHERS RECIPE MANGO PICKLE 400GM,94,2,0,0,0,0,0,0,0,0,0,0,0,0,2
2494,MOTHERS RECIPE GREEN CHILLI PICKLE 400GM,94,0,0,0,0,0,0,0,0,0,0,0,0,0,0
2507,KISSAN ORANGE SQUASH 700ML,140,0,0,0,0,0,0,0,0,0,0,0,0,0,0
2508,KISSAN PINEAPPLE SQUASH 700ML,140,0,0,0,0,0,0,0,0,0,0,0,0,0,0
2509,KISSAN LEMON SQUASH 700ML,140,0,0,0,0,0,0,0,0,0,0,0,0,0,0
2510,DRUK MANGO SQUASH 700ML,120,2,0,0,0,0,0,0,0,0,0,0,0,0,2
2513,NESTLE FESTIVE GREETINGS 138.7GM,100,0,0,0,0,0,0,0,0,0,0,0,0,0,0
2514,MAGGI MASALA-E-MAGIC 6GM,5,115,0,0,0,4,0,0,0,0,0,0,0,0,111
2516,KELLOGGS OATS SIMPLY PONGAL BUY 3 GET 1,45,0,0,0,0,0,0,0,0,0,0,0,0,0,0
2519,NILONS SEWAIYAN 125GM,15,-1,0,0,0,0,0,0,0,0,0,0,0,0,-1
2521,NESTLE MILKMAID 400GM,113,7,0,0,0,2,0,0,0,0,0,0,0,0,5
2523,NISSIN CUP NOODLES ROGAN JOSH RICHMUTTON CURRY 75GM,50,0,0,0,0,0,0,0,0,0,0,0,0,0,0
2526,NISSIN CUP NOODLES MAST MASALA,25,0,0,0,0,0,0,0,0,0,0,0,0,0,0
2527,UNIBIC CHOCO CHIP COOKIES 150GM,40,2,0,0,0,0,0,0,0,0,0,0,0,0,2
2528,UNIBIC CASHEW COOKIES 150GM,45,2,0,0,0,2,0,0,0,0,0,0,0,0,0
2530,UNIBIC BUTTER COOKIES 150GM,40,3,0,0,0,0,0,0,0,0,0,0,0,0,3
2531,UNIBIC MULTIGRAIN BREAKFAST COOKIES 150GM,50,0,0,0,0,0,0,0,0,0,0,0,0,0,0
2532,UNIBIC SUGARFREE VANILLA CREAM COOKIES 75GM,50,0,0,0,0,0,0,0,0,0,0,0,0,0,0
2535,UNIBIC CHOCO CHIP COOKIES 75GM,20,11,0,0,0,0,0,0,0,0,0,0,0,0,11
2536,UNIBIC GINGER NUT COOKIES 75GM,15,11,0,0,0,0,0,0,0,0,0,0,0,0,11
2538,SPLENDA SUGARFREE & DIGESTIVE COOKIES 100GM,85,0,0,0,0,0,0,0,0,0,0,0,0,0,0
2539,SUNFEAST SNACKY SALTED CRACKERS 64GM,10,8,0,0,0,0,0,0,0,0,0,0,0,0,8
2540,SUNFEAST SNACKY CHILLI TWIST CRACKERS 64GM,10,11,0,0,0,0,0,0,0,0,0,0,0,0,11
2541,SUNFEAST GLUCOSE BISCUITS 32GM,3,22,0,0,0,0,0,0,0,0,0,0,0,0,22
2542,SUNFEAST MARIE LIGHT ORGINAL 100GM,10,0,0,0,0,0,0,0,0,0,0,0,0,0,0
2543,SUNFEAST HIFI KAJU BADAM COOKIES 150GM,20,0,0,0,0,0,0,0,0,0,0,0,0,0,0
2544,SUNFEAST GLUCOSE BISCUITS 64GM,5,31,0,0,0,0,0,0,0,0,0,0,0,0,31
2545,SUNFEAST GLUCOSE BISCUITS 128GM,10,1,0,0,0,0,0,0,0,0,0,0,0,0,1
2546,SUNFEAST DARK FANTASY CHOCO FILLS 75GM,30,0,0,0,0,0,0,0,0,0,0,0,0,0,0
2548,SUNFEAST MOMS MAGIC RICH BUTTER 100GM,20,7,0,0,0,0,0,0,0,0,0,0,0,0,7
2549,SUNFEAST MARIE LIGHT ORIGANAL 200GM,20,0,0,0,0,0,0,0,0,0,0,0,0,0,0
2559,PARLE HIDE&SEEK CHOCO ROLLS 75GM,25,16,0,0,0,0,0,0,0,0,0,0,0,0,16
2562,PARLE 20-20 CASHEW COOKIES 40GM,5,2,0,0,0,0,0,0,0,0,0,0,0,0,2
2563,PARLE 20-20 BUTTER COOKIES 100GM,10,4,0,0,0,0,0,0,0,0,0,0,0,0,4
2564,PARLE 20-20 CASHEW COOKIES 80GM,10,6,0,0,0,0,0,0,0,0,0,0,0,0,6
2565,PARLE 20-20 CASHEW COOKIES 200GM,25,4,0,0,0,0,0,0,0,0,0,0,0,0,4
2566,PARLE 20-20 BUTTER COOKIES 200GM,20,2,0,0,0,0,0,0,0,0,0,0,0,0,2
2567,PARLE GLUCOSE 40GM,3,83,0,0,0,0,0,0,0,0,0,0,0,0,83
2568,PARLE GLUCOSE 75GM,5,51,0,0,0,0,0,0,0,0,0,0,0,0,51
2569,PARLE GLUCOSE 150GM,10,17,0,0,0,0,0,0,0,0,0,0,0,0,17
2570,PARLE GLUCOSE 300GM,20,12,0,0,0,0,0,0,0,0,0,0,0,0,12
2571,PARLE TOP SPIN SUGARY CRACKERS 76GM,10,11,0,0,0,2,0,0,0,0,0,0,0,0,9
2572,PARLE KRACKJACK SWEET & SALTY CRACKERS 75.6GM,10,43,0,0,0,0,0,0,0,0,0,0,0,0,43
2573,PARLE KRACKJACK SWEET & SALTY CRACKERS 200GM,25,18,0,0,0,0,0,0,0,0,0,0,0,0,18
2574,PARLE KREAMS CHOCOLATE 37.5GM,5,0,0,0,0,0,0,0,0,0,0,0,0,0,0
2575,PARLE KREAMS CHOCOLATE 120GM,10,0,0,0,0,0,0,0,0,0,0,0,0,0,0
2576,PARLE HIDE & SEEK ORANGE CHOCO CHIP CREME SANDWICHES 100GM,25,0,0,0,0,0,0,0,0,0,0,0,0,0,0
2577,PARLE KREAMS ORANGE 110GM,10,0,0,0,0,0,0,0,0,0,0,0,0,0,0
2580,PARLE HIDE&SEEK CHOCOLATE CHIP COOKIES 33GM,10,41,0,0,0,0,0,0,0,0,0,0,0,0,41
2582,OREO BISCUIT ORIGINAL 50GM,10,24,0,0,0,0,0,0,0,0,0,0,0,0,24
2583,OREO BISCUIT ORIGINAL 120GM,30,11,0,0,0,5,0,0,0,0,0,0,0,0,6
2585,PARLE MONACO ZEERA 80GM,10,27,0,0,0,1,0,0,0,0,0,0,0,0,26
2586,PARLE G CHOTA BHEEM 70GM,5,44,0,0,0,0,0,0,0,0,0,0,0,0,44
2588,UNIBIC MILK COOKIES 62.5GM,10,0,0,0,0,0,0,0,0,0,0,0,0,0,0
2589,PARLE KISMI TOFEE POUCH,50,0,0,0,0,0,0,0,0,0,0,0,0,0,0
2590,PARLE COCONUT CRUNCHY BISCUIT 108GM,10,26,0,0,0,1,0,0,0,0,0,0,0,0,25
2591,PARLE HAPPY CHOCO CHIP COOKIES 45GM,5,0,0,0,0,0,0,0,0,0,0,0,0,0,0
2592,PARLE MILK SHAKTI 85GM,10,0,0,0,0,0,0,0,0,0,0,0,0,0,0
2593,PARLE MARIE WITH WHEAT BENEFITS 100GM,10,0,0,0,0,0,0,0,0,0,0,0,0,0,0
2594,PARLE MILK SHAKTI 100GM,10,13,0,0,0,1,0,0,0,0,0,0,0,0,12
2598,BROWN & POLSON CORNFLOUR 500GM,77,2,0,0,0,0,0,0,0,0,0,0,0,0,2
2599,BROWN & POLSON CUSTARD POWDER VANILLA 500GM,125,2,0,0,0,0,0,0,0,0,0,0,0,0,2
2600,BROWN & POLSON CUSTARD POWDER VANILLA 100GM,35,3,0,3,0,0,0,0,0,0,0,0,0,0,6
2601,BROWN & POLSON CORNFLOUR 100GM,25,4,0,2,0,0,0,0,0,0,0,0,0,0,6
2602,WEIKFIELD CUSTARD POWDER VANILLA 100GM,35,4,0,0,0,0,0,0,0,0,0,0,0,0,4
2603,WEIKFIELD CUSTARD POWDER VANILLA 500GM,135,4,0,0,0,0,0,0,0,0,0,0,0,0,4
2604,HARNIK CARAMEL PUDDING MIX 100GM,40,2,0,0,0,0,0,0,0,0,0,0,0,0,2
2605,SOLAR GELL A TONE INSTANT 50GM,75,0,0,0,0,0,0,0,0,0,0,0,0,0,0
2606,HARNIK CARAMEL CHOCOLATE PUDDING MIX 90GM,48,2,0,0,0,0,0,0,0,0,0,0,0,0,2
2607,REX BAKING POWDER 100GM,30,2,0,3,0,0,0,0,0,0,0,0,0,0,5
2609,REX STRAWBERRY JELLY MIX 85GM,30,0,0,0,0,0,0,0,0,0,0,0,0,0,0
2610,JABSONS BHARUCHI SALTED ROASTED PEANUTS WITHOUT SKIN 150GM,45,3,0,0,0,0,0,0,0,0,0,0,0,0,3
2611,JABSONS BHARUCHI ROASTED SALTED PEANUTS WITH SKIN150GM,40,0,0,0,0,0,0,0,0,0,0,0,0,0,0
2612,JABSONS SUPREME HAND PICKED CHANNA WHITE 150GM,65,1,0,0,0,0,0,0,0,0,0,0,0,0,1
2613,JABSONS SUPREME HAND PICKED CHANA BLACK 150GM,60,0,0,0,0,0,0,0,0,0,0,0,0,0,0
2614,HORLICKS BISCUIT 100GM,10,22,0,0,0,0,0,0,0,0,0,0,0,0,22
2617,HORLICKS BISCUIT 50GM,5,11,0,0,0,0,0,0,0,0,0,0,0,0,11
2620,UNIBIC SUGARFREE OATMEAL COOKIES 75GM,40,1,0,0,0,0,0,0,0,0,0,0,0,0,1
2621,UNIBIC CHOCO NUT COOKIES 150GM,50,0,0,0,0,0,0,0,0,0,0,0,0,0,0
2622,UNIBIC FRUIT & NUT COOKIES FAMILY150GM,50,0,0,0,0,0,0,0,0,0,0,0,0,0,0
2624,UNIBIC SUGARFREE CASHEW COOKIES 75GM,40,5,0,0,0,0,0,0,0,0,0,0,0,0,5
2628,SPLENDA SUGARFREE & DIGESTIVE COOKIES VANILLA BUTTER 100GM,85,0,0,0,0,0,0,0,0,0,0,0,0,0,0
2629,MANAKA 250GM,156,4,0,0,0,0,0,0,0,0,0,0,0,0,4
2630,BADAM GIRI 250GM,260,7,0,0,0,0,0,0,0,0,0,0,0,0,7
2632,KAJU PLAIN 250GM,325,24,0,0,0,0,0,0,0,0,0,0,0,0,24
2633,AKHROT GIRI 200GM,275,6,0,0,0,0,0,0,0,0,0,0,0,0,6
2634,KISMIS 250GM,105,23,0,0,0,0,0,0,0,0,0,0,0,0,23
2635,MONGINIS CHOCOLATE BAR CAKE 175GM,40,0,0,0,0,0,0,0,0,0,0,0,0,0,0
2637,MONGINIS SLICE CAKE VANILLA 30GM,5,45,0,0,0,2,0,0,0,0,0,0,0,0,43
2638,LOTTE CHOCO PIE 6PACKS,70,0,0,0,0,0,0,0,0,0,0,0,0,0,0
2639,LOTTE CHOCO PIE 12PACKS,140,3,0,0,0,0,0,0,0,0,0,0,0,0,3
2643,RASNA FRUITFUN ORANGE 100GM,40,2,0,0,0,0,0,0,0,0,0,0,0,0,2
2644,RASNA FRUITFUN PINEAPPLE 100GM,40,0,0,0,0,0,0,0,0,0,0,0,0,0,0
2646,RASNA FRUITPLUS LEMON 100GM,40,1,0,0,0,0,0,0,0,0,0,0,0,0,1
2653,JAMUN VINEGAR,85,0,0,0,0,0,0,0,0,0,0,0,0,0,0
2655,BASIC AYURVEDA KARELA & JAMUN POWDER 200GM,142,0,0,0,0,0,0,0,0,0,0,0,0,0,0
2657,SUNFEAST BOUNCE TANGY ORANGE CREME BISCUITS 100GM,10,8,0,0,0,0,0,0,0,0,0,0,0,0,8
2659,TANG ORANGE 100GM,30,4,0,0,0,0,0,0,0,0,0,0,0,0,4
2660,SHIPCOS ICE CREAM WAFERS 65GM,29,0,0,0,0,0,0,0,0,0,0,0,0,0,0
2661,CADBURY CELEBRATIONS RICH DRY FRUIT COLLECTION 264GM,675,0,0,0,0,0,0,0,0,0,0,0,0,0,0
2662,WEIKFIELD DRINKING CHOCOLATE 200GM,100,1,0,0,0,0,0,0,0,0,0,0,0,0,1
2663,WEIKFIELD DRINKING CHOCOLATE 100GM,60,3,0,0,0,0,0,0,0,0,0,0,0,0,3
2664,WEIKFIELD MUSTARD SEASONING 100GM,80,4,0,0,0,0,0,0,0,0,0,0,0,0,4
2666,CADBURY HOT CHOCOLATE 200GM,160,4,0,0,0,0,0,0,0,0,0,0,0,0,4
2667,CADBURY COCOA 150GM,205,5,0,0,0,0,0,0,0,0,0,0,0,0,5
2669,HERSHEYS SYRUP STRAWBERRY 623GM,200,0,0,0,0,0,0,0,0,0,0,0,0,0,0
2670,HERSHEYS SYRUP CHOCOLATE 623GM,180,1,0,0,0,0,0,0,0,0,0,0,0,0,1
2676,PARLE CHEESLINGS CLASSIC 300GM,100,4,0,0,0,0,0,0,0,0,0,0,0,0,4
2677,PARLE HIDE&SEEK BOURBON 40GM,5,0,0,0,0,0,0,0,0,0,0,0,0,0,0
2683,LAYS AMERICAN STYLE CREAM & ONION 24GM,10,10,0,0,0,2,0,0,0,0,0,0,0,0,8
2690,BINGO YUMITOS SALT SPRINKLED 60GM,20,0,0,0,0,0,0,0,0,0,0,0,0,0,0
2710,ANJIR 250GM,303,28,0,0,0,1,0,0,0,0,0,0,0,0,27
2711,NATURO FRUIT BITES ORANGE 180GM,100,0,0,0,0,0,0,0,0,0,0,0,0,0,0
2712,ORGANIC INDIA TEA TULSI MASALA CHAI 50GM,105,0,0,0,0,0,0,0,0,0,0,0,0,0,0
2713,ORGANIC INDIA TEA TULSI GREEN TEA 50GM,105,0,0,0,0,0,0,0,0,0,0,0,0,0,0
2715,ORGANIC INDIA TEA TULSI ORIGINAL 50GM,85,0,0,0,0,0,0,0,0,0,0,0,0,0,0
2718,LOPCHU DARJEELING TEA 25BAGS,80,8,0,0,0,0,0,0,0,0,0,0,0,0,8
2720,TWINING GREEN TEA LEMON & HONEY 25BAGS,285,0,0,0,0,0,0,0,0,0,0,0,0,0,0
2721,TWINING GREEN TEA JASMINE 25BAGS,285,1,0,0,0,0,0,0,0,0,0,0,0,0,1
2722,TWINING DARJEELING TEA 25 BAGS,180,0,0,0,0,0,0,0,0,0,0,0,0,0,0
2723,TWINING CLASSIC  EARL GREY TEA 25BAGS,285,-1,0,0,0,0,0,0,0,0,0,0,0,0,-1
2724,TWININGS TEA CLASSICS  LADY GREY 25BAGS,270,0,0,0,0,0,0,0,0,0,0,0,0,0,0
2725,TWINING GREEN TEA 25BAGS,280,1,0,0,0,0,0,0,0,0,0,0,0,0,1
2726,TWINING CLASSIC ASSAM TEA 100 BAGS,490,0,0,0,0,0,0,0,0,0,0,0,0,0,0
2727,TWINING ENGLISH BREAKFAST TEA 25BAGS,265,0,0,0,0,0,0,0,0,0,0,0,0,0,0
2728,TWINING ELAICHI TEA 25BAGS,265,0,0,0,0,0,0,0,0,0,0,0,0,0,0
2730,TWINING GREEN TEA EARL GREY 25BAGS,285,1,0,0,0,0,0,0,0,0,0,0,0,0,1
2731,TWINING EARL GREY GREEN TEA 25BAGS,240,0,0,0,0,0,0,0,0,0,0,0,0,0,0
2733,TWINING DARJEELING TEA 25BAG,285,1,0,0,0,0,0,0,0,0,0,0,0,0,1
2734,TWINING GREEN TEA & MINT 25BAGS,285,1,0,0,0,0,0,0,0,0,0,0,0,0,1
2735,TETLEY TEA 25BAGS,50,3,0,0,0,0,0,0,0,0,0,0,0,0,3
2736,TETLEY LEMON TEA 25BAGS,105,0,0,0,0,0,0,0,0,0,0,0,0,0,0
2737,TETLEY ELAICHI TEA 25BAGS,110,0,0,0,0,0,0,0,0,0,0,0,0,0,0
2738,TETLEY GINGER TEA 25BAGS,110,0,0,0,0,0,0,0,0,0,0,0,0,0,0
2740,TETLEY GREEN TEA GINGER MINT & LEMON 30BAGS,140,3,0,0,0,0,0,0,0,0,0,0,0,0,3
2741,TETLEY GREEN TEA LEMON & HONEY 30BAGS,160,0,0,0,0,0,0,0,0,0,0,0,0,0,0
2742,TETLEY GREEN TEA GINGER MINT & LEMON 10BAGS,60,3,0,0,0,0,0,0,0,0,0,0,0,0,3
2744,TETLEY GREEN TEA LEMON & HONEY 10BAGS,60,4,0,0,0,0,0,0,0,0,0,0,0,0,4
2745,TETLEY LEMON TEA 12BAGS,55,0,0,0,0,0,0,0,0,0,0,0,0,0,0
2746,TETLEY ELAICHI TEA 12BAGS,55,0,0,0,0,0,0,0,0,0,0,0,0,0,0
2748,TETLEY MASALA TEA 12BAGS,55,0,0,0,0,0,0,0,0,0,0,0,0,0,0
2750,TETLEY LEMON TEA 50BAGS,200,0,0,0,0,0,0,0,0,0,0,0,0,0,0
2751,TETLEY GREEN TEA LONG LEAF 50GM,50,0,0,0,0,0,0,0,0,0,0,0,0,0,0
2753,NESCAFE SUNRISE PREMIUM COFFEE 200GM,300,0,0,0,0,0,0,0,0,0,0,0,0,0,0
2756,NESCAFE CLASSIC 4.5GM,10,60,0,0,0,0,0,0,0,0,0,0,0,0,60
2757,NESCAFE CLASSIC RS.2,2,39,0,0,0,24,0,0,0,0,0,0,0,0,15
2758,NESCAFE CLASSIC 1.5GM,5,0,0,0,0,0,0,0,0,0,0,0,0,0,0
2765,BRU GOLD 7GM,10,5,0,10,0,0,0,0,0,0,0,0,0,0,15
2766,BRU GOLD 3GM,5,0,0,0,0,0,0,0,0,0,0,0,0,0,0
2767,BRU GOLD JAR 25GM,70,3,0,0,0,0,0,0,0,0,0,0,0,0,3
2768,BRU GOLD JAR 50GM,120,2,0,1,0,0,0,0,0,0,0,0,0,0,3
2770,NESCAFE CLASSIC JAR 50GM,140,0,0,0,0,0,0,0,0,0,0,0,0,0,0
2771,NESCAFE CLASSIC JAR 25GM,70,9,0,0,0,0,0,0,0,0,0,0,0,0,9
2772,NESTLE MILKYBAR MOOSHA 20GM,10,52,0,0,0,1,0,0,0,0,0,0,0,0,51
2775,BRU INSTANT COFFEE 10GM,10,10,0,12,0,1,0,0,0,0,0,0,0,0,21
2776,BRU INSTANT COFFEE 50GM,85,4,0,0,0,0,0,0,0,0,0,0,0,0,4
2777,BRU INSTANT COFFEE 100GM,165,0,0,1,0,0,0,0,0,0,0,0,0,0,1
2782,COMPLAN KESAR BADAM BEST EVER FORMULA 200GM,120,0,0,0,0,0,0,0,0,0,0,0,0,0,0
2783,PEDIASURE VANILLA DELIGHT JAR 400GM,540,0,0,0,0,0,0,0,0,0,0,0,0,0,0
2784,PEDIASURE VANILLA DELIGHT JAR 200GM,290,0,0,0,0,0,0,0,0,0,0,0,0,0,0
2785,PEDIASURE PREMIUM CHOCOLATE FLAVOUR JAR 200GM,300,0,0,0,0,0,0,0,0,0,0,0,0,0,0
2786,TATA TEA PREMIUM JAR 1KG,365,0,0,0,0,0,0,0,0,0,0,0,0,0,0
2788,BOOST 3X MORE STAMINA 75GM,35,6,0,0,0,0,0,0,0,0,0,0,0,0,6
2789,BOOST 3X STAMINA 450GM,217,0,0,0,0,0,0,0,0,0,0,0,0,0,0
2790,BOOST PLUS JAR 200GM,186,0,0,0,0,0,0,0,0,0,0,0,0,0,0
2791,PEDIASURE PREMIUM CHOCOLATE 400GM,540,0,0,0,0,0,0,0,0,0,0,0,0,0,0
2792,HORLICKS ELAICHI SURPRISE JAR 500GM,226,1,0,0,0,0,0,0,0,0,0,0,0,0,1
2796,HORLICKS JUNIOR CHOCOLATE JAR 500GM,272,0,0,0,0,0,0,0,0,0,0,0,0,0,0
2799,HORLICKS CHOCOLATE DELIGHT JAR 200GM,97,1,0,0,0,1,0,0,0,0,0,0,0,0,0
2801,HORLICKS CLASSIC MALT JAR 200GM,105,1,0,0,0,0,0,0,0,0,0,0,0,0,1
2803,COMPLAN CHOCOLATE PLANNED MILK DRINK JAR 450GM,245,0,0,0,0,0,0,0,0,0,0,0,0,0,0
2804,BOURN VITA SHAKTI JAR 500GM,215,6,0,0,0,0,0,0,0,0,0,0,0,0,6
2805,BOURN VITA JAR 200GM,105,0,0,0,0,0,0,0,0,0,0,0,0,0,0
2806,BOURN VITA LIL CHAMPS JAR 500GM,278,4,0,0,0,0,0,0,0,0,0,0,0,0,4
2807,BOURN VITA LIL CHAMPS JAR 200GM,136,2,0,0,0,0,0,0,0,0,0,0,0,0,2
2808,HORLICKS CHOCOLATE DELIGHT 75GM,30,49,0,0,0,0,0,0,0,0,0,0,0,0,49
2809,TWINING CLASSIC  EARL GREY TEA 100BAGS,830,1,0,0,0,0,0,0,0,0,0,0,0,0,1
2810,TWINING GREEN TEA 100BAGS,870,1,0,0,0,0,0,0,0,0,0,0,0,0,1
2815,LIPTON ICE TEA LEMON & MINT GREEN TEA 500GM,150,0,0,0,0,0,0,0,0,0,0,0,0,0,0
2817,LIPTON YELLOW LABEL TEA 500GM,345,0,0,0,0,0,0,0,0,0,0,0,0,0,0
2818,NESTEA ICED TEA LEMON 2X13GM,40,3,0,0,0,0,0,0,0,0,0,0,0,0,3
2822,BROOKE BOND TAJ MAHAL BOX TEA 500GM,225,4,0,0,0,0,0,0,0,0,0,0,0,0,4
2823,BROOKE BOND TAJ MAHAL TEA 100GM,48,1,0,0,0,0,0,0,0,0,0,0,0,0,1
2828,BROOKE BOND RED LABEL SPECIAL TEA 250GM,125,0,0,0,0,0,0,0,0,0,0,0,0,0,0
2834,NESCAFE GOLD JAR 50GM,265,1,0,0,0,0,0,0,0,0,0,0,0,0,1
2835,NESCAFE GOLD DECAFFEINATED JAR 100GM,540,3,0,0,0,0,0,0,0,0,0,0,0,0,3
2836,NESCAFE GOLD JAR 100GM,420,2,0,0,0,0,0,0,0,0,0,0,0,0,2
2837,NESCAFE GOLD BLEND 10 SINGLE SERVE PACKS 10X1.5GM,100,3,0,0,0,0,0,0,0,0,0,0,0,0,3
2839,NESCAFE GOLD JAR 200GM,810,1,0,0,0,0,0,0,0,0,0,0,0,0,1
2840,BRU GOLD JAR 100GM,245,2,0,0,0,0,0,0,0,0,0,0,0,0,2
2842,DABUR CHYAWANPRASH AWALEHA 500GM,160,0,0,0,0,0,0,0,0,0,0,0,0,0,0
2843,DABUR CHYAWANPRASH AWALEHA 1KG,295,0,0,0,0,0,0,0,0,0,0,0,0,0,0
2844,GLUCON-D NIMBU PANI 500GM,150,2,0,0,0,0,0,0,0,0,0,0,0,0,2
2845,GLUCON-D TANGY ORANGE 500GM,150,2,0,0,0,0,0,0,0,0,0,0,0,0,2
2846,GLUCON-D ORIGINAL 500GM,95,2,0,0,0,0,0,0,0,0,0,0,0,0,2
2848,GLUCON-D ORIGINAL 200GM,41,4,0,0,0,0,0,0,0,0,0,0,0,0,4
2849,GLUCON-D TANGY ORANGE 200GM,68,5,0,0,0,0,0,0,0,0,0,0,0,0,5
2852,GLUCON-D TANGY ORANGE 100GM,35,5,0,0,0,0,0,0,0,0,0,0,0,0,5
2854,DAURALA SUGER CUBES 500GM,63,39,0,0,0,0,0,0,0,0,0,0,0,0,39
2862,ORGANIC INDIA TEA TULSI GREEN TEA 100GM,175,0,0,0,0,0,0,0,0,0,0,0,0,0,0
2864,ORGANIC INDIA TEA TULSI GINGER 100GM,140,0,0,0,0,0,0,0,0,0,0,0,0,0,0
2867,ORGANIC INDIA TEA TULSI GINGER JAR 100GM,190,0,0,0,0,0,0,0,0,0,0,0,0,0,0
2868,ORGANIC TULSI JAR 100GM,150,0,0,0,0,0,0,0,0,0,0,0,0,0,0
2869,ORGANIC INDIA TEA TULSI GREEN TEA JAR 100GM,230,0,0,0,0,0,0,0,0,0,0,0,0,0,0
2870,ORGANIC INDIA TEA TULSI MASALA CHAI JAR 100GM,230,0,0,0,0,0,0,0,0,0,0,0,0,0,0
2875,TATA TEA PREMIUM 1KG,350,0,0,0,0,0,0,0,0,0,0,0,0,0,0
2876,TATA TEA PREMIUM 100GM,30,14,0,0,0,3,0,0,0,0,0,0,0,0,11
2877,TATA TEA PREMIUM 250GM,90,37,0,0,0,0,0,0,0,0,0,0,0,0,37
2878,TATA TEA PREMIUM 500GM,180,11,0,0,0,0,0,0,0,0,0,0,0,0,11
2879,TATA TEA GOLD 500GM,216,8,0,0,0,0,0,0,0,0,0,0,0,0,8
2880,TATA TEA GOLD 250GM,108,16,0,0,0,0,0,0,0,0,0,0,0,0,16
2881,BOURN VITA SHAKTI POUCH 500GM,199,6,0,0,0,0,0,0,0,0,0,0,0,0,6
2882,BOURN VITA SHAKTI POUCH 75GM,30,26,0,0,0,0,0,0,0,0,0,0,0,0,26
2883,MTR BADAM DRINK MIX 500GM,220,0,0,0,0,0,0,0,0,0,0,0,0,0,0
2884,KISSAN SQUEEZO TOMATO KETCHUP 450GM,101,2,0,0,0,0,0,0,0,0,0,0,0,0,2
2885,KISSAN SQUEEZO TOMATO KETCHUP 900GM,172,1,0,0,0,0,0,0,0,0,0,0,0,0,1
2886,TABASCO PEPPER SAUCE 60ML,199,0,0,0,0,0,0,0,0,0,0,0,0,0,0
2889,KISSAN CHOTU FRESH TOMATO KETCHUP 90GM,15,10,0,12,0,0,0,0,0,0,0,0,0,0,22
2891,NESTEA ICED TEA LEMON 400GM,165,4,0,0,0,0,0,0,0,0,0,0,0,0,4
2893,DURGA MUSTARD OIL 1LTR,112,-1,0,0,0,0,0,0,0,0,0,0,0,0,-1
2894,DURGA MUSTARD OIL 500ML,60,16,0,0,0,0,0,0,0,0,0,0,0,0,16
2895,HAFED MUSTARD OIL 1LTR,123,0,0,0,0,0,0,0,0,0,0,0,0,0,0
2897,PARMAL RICE 1KG,35,43,0,0,0,1,0,0,0,0,0,0,0,0,42
2898,DAL MOOTH 1KG,98,0,0,0,0,0,0,0,0,0,0,0,0,0,0
2899,DAL MOOTH 500GM,40,0,0,0,0,0,0,0,0,0,0,0,0,0,0
2900,DAL URAD CHILKA 1KG,82,17,0,0,0,0,0,0,0,0,0,0,0,0,17
2901,DAL URAD CHILKA 500GM,41,23,0,0,0,2,0,0,0,0,0,0,0,0,21
2902,DAL MOONG SABUT 1KG,90,20,0,0,0,0,0,0,0,0,0,0,0,0,20
2903,DAL MOONG SABUT 500GM,45,30,0,0,0,1,0,0,0,0,0,0,0,0,29
2904,DAL CHANNA 1KG,80,15,0,0,0,2,0,0,0,0,0,0,0,0,13
2905,DAL CHANNA 500GM,40,28,0,0,0,1,0,0,0,0,0,0,0,0,27
2906,DAL MALKA 1KG,72,17,0,0,0,0,0,0,0,0,0,0,0,0,17
2907,DAL MALKA 500GM,37,35,0,0,0,0,0,0,0,0,0,0,0,0,35
2908,DAL KABULI CHANNA 1KG,100,16,0,0,0,0,0,0,0,0,0,0,0,0,16
2909,DAL KABULI CHANNA 500GM,50,31,0,0,0,1,0,0,0,0,0,0,0,0,30
2910,DAL KALA CHANNA 500GM,38,38,0,0,0,1,0,0,0,0,0,0,0,0,37
2911,DAL KALA CHANNA 1KG,76,16,0,0,0,0,0,0,0,0,0,0,0,0,16
2912,DAL LAL MASURI 500GM,38,32,0,0,0,1,0,0,0,0,0,0,0,0,31
2913,DAL LAL MASURI 1KG,76,20,0,0,0,0,0,0,0,0,0,0,0,0,20
2914,DAL RAJMA CHITRA 500GM,60,30,0,0,0,1,0,0,0,0,0,0,0,0,29
2915,DAL RAJMA CHITRA 1KG,120,17,0,0,0,0,0,0,0,0,0,0,0,0,17
2916,DAL KALI MASOOR 1KG,74,19,0,0,0,0,0,0,0,0,0,0,0,0,19
2917,DAL KALI MASOOR 500GM,38,21,0,0,0,2,0,0,0,0,0,0,0,0,19
2918,BAJRA 1KG,25,5,0,0,0,0,0,0,0,0,0,0,0,0,5
2919,DAL MOONG CHILKA 500GM,45,36,0,0,0,0,0,0,0,0,0,0,0,0,36
2920,DAL MOONG CHILKA 1KG,89,17,0,0,0,0,0,0,0,0,0,0,0,0,17
2921,DAL ARHAR 1KG,95,17,0,0,0,1,0,0,0,0,0,0,0,0,16
2922,DAL ARHAR 500GM,48,24,0,0,0,0,0,0,0,0,0,0,0,0,24
2923,DAL MOONG DHULI 500GM,48,31,0,0,0,2,0,0,0,0,0,0,0,0,29
2924,DAL MOONG DHULI 1KG,96,19,0,0,0,0,0,0,0,0,0,0,0,0,19
2925,DAL MA SABUT 500GM,42,23,0,0,0,1,0,0,0,0,0,0,0,0,22
2926,DAL MA SABUT 1KG,84,22,0,0,0,0,0,0,0,0,0,0,0,0,22
2927,DAL SOYABEAN 500GM,45,10,0,0,0,0,0,0,0,0,0,0,0,0,10
2929,DAL URAD DHULI 500GM,48,27,0,0,0,0,0,0,0,0,0,0,0,0,27
2930,DAL URAD DHULI 1KG,96,16,0,0,0,0,0,0,0,0,0,0,0,0,16
2931,DAL RONGI 1KG,76,13,0,0,0,0,0,0,0,0,0,0,0,0,13
2932,DAL RONGI 500GM,38,12,0,0,0,0,0,0,0,0,0,0,0,0,12
2933,DAL RED RAJMA 500GM,55,20,0,0,0,0,0,0,0,0,0,0,0,0,20
2934,DAL RED RAJMA 1KG,109,15,0,0,0,0,0,0,0,0,0,0,0,0,15
2936,SAFFOLA SALT PLUS LESS SODIUM 1KG,31,-3,0,0,0,0,0,0,0,0,0,0,0,0,-3
2938,SHAKTI BHOG SOOJI 500GM,35,33,0,0,0,0,0,0,0,0,0,0,0,0,33
2940,SHAKTI BHOG BESAN 1KG,120,15,0,0,0,2,0,0,0,0,0,0,0,0,13
2942,SMALL ELAICHI 10GM,22,200,0,0,0,0,0,0,0,0,0,0,0,0,200
2943,KACHA PEANUT 500GM,75,19,0,0,0,2,0,0,0,0,0,0,0,0,17
2944,TATA SALT 1KG,19,80,0,0,0,1,0,0,0,0,0,0,0,0,79
2945,SHAKTI BHOG POHA 500GM,60,2,0,0,0,0,0,0,0,0,0,0,0,0,2
2947,SABUDANA 500GM,43,18,0,0,0,1,0,0,0,0,0,0,0,0,17
2948,BURA 1KG,62,3,0,0,0,0,0,0,0,0,0,0,0,0,3
2949,CHANNA WITHOUT CHILKA 240GM,50,38,0,0,0,2,0,0,0,0,0,0,0,0,36
2950,CHANNA CHILKA 240GM,47,44,0,0,0,4,0,0,0,0,0,0,0,0,40
2951,MAGAJ 100GM,48,5,0,0,0,0,0,0,0,0,0,0,0,0,5
2952,WHITE TIL 100GM,21,3,0,0,0,0,0,0,0,0,0,0,0,0,3
2953,SAUNF 100GM,26,36,0,0,0,1,0,0,0,0,0,0,0,0,35
2954,RAI 100GM,13,23,0,0,0,0,0,0,0,0,0,0,0,0,23
2955,COCONUT POWDER 100GM,30,20,0,0,0,0,0,0,0,0,0,0,0,0,20
2957,MOTI ELAICHI 100GM,155,4,0,0,0,0,0,0,0,0,0,0,0,0,4
2958,BLACK TIL 100GM,10,0,0,0,0,0,0,0,0,0,0,0,0,0,0
2959,LONG 20GM,20,81,0,0,0,1,0,0,0,0,0,0,0,0,80
2960,MULATHI 50GM,18,5,0,0,0,0,0,0,0,0,0,0,0,0,5
2962,AJI NO MOTO 100GM,20,0,0,0,0,0,0,0,0,0,0,0,0,0,0
2963,BOMBAY SAUNF 100GM,25,26,0,0,0,2,0,0,0,0,0,0,0,0,24
2964,SABUT DHANIA 100GM,17,27,0,0,0,2,0,0,0,0,0,0,0,0,25
2966,BLACK SALT 200GM,10,-10,0,0,0,0,0,0,0,0,0,0,0,0,-10
2967,AMRITSARI WARRIAN 250GM,55,0,0,0,0,0,0,0,0,0,0,0,0,0,0
2970,KHASKHAS 100GM,65,5,0,0,0,0,0,0,0,0,0,0,0,0,5
2971,SHIV PUJARI JEERA 100GM,31,52,0,0,0,0,0,0,0,0,0,0,0,0,52
2973,SABUT LAL MIRCHI 100GM,26,24,0,0,0,1,0,0,0,0,0,0,0,0,23
2975,IMLI 250GM,32,0,0,0,0,0,0,0,0,0,0,0,0,0,0
2976,RAMDEV CHILLI POWDER 200GM,65,0,0,0,0,0,0,0,0,0,0,0,0,0,0
2977,RAMDEV CHILLI POWDER 100GM,30,27,0,0,0,0,0,0,0,0,0,0,0,0,27
2978,RAMDEV TURMERIC POWDER 200GM,54,0,0,0,0,0,0,0,0,0,0,0,0,0,0
2979,HALDIRAMS ALOO BHUJIA 200GM,44,23,0,0,0,0,0,0,0,0,0,0,0,0,23
2980,HALDIRAMS DIET MURMURA 180GM,30,10,0,0,0,1,0,0,0,0,0,0,0,0,9
2982,HALDIRAMS BHELPURI 200GM,42,22,0,0,0,0,0,0,0,0,0,0,0,0,22
2983,HALDIRAMS PEANUTS HEENG JEERA 42GM,10,0,0,0,0,0,0,0,0,0,0,0,0,0,0
2984,HALDIRAMS PLAIN BHUJIA 200GM,44,23,0,0,0,1,0,0,0,0,0,0,0,0,22
2985,HALDIRAMS KASHMIRI MIXTURE 400GM,133,5,0,0,0,0,0,0,0,0,0,0,0,0,5
2986,HALDIRAMS HARA CHIDWA 200GM,45,0,0,0,0,0,0,0,0,0,0,0,0,0,0
2987,HALDIRAMS KASHMIRI MIXTURE 200GM,65,10,0,0,0,2,0,0,0,0,0,0,0,0,8
2989,HALDIRAMS KAJU MIXTURE 200GM,70,10,0,0,0,0,0,0,0,0,0,0,0,0,10
2991,HALDIRAMS ALL IN ONE 200GM,46,7,0,0,0,1,0,0,0,0,0,0,0,0,6
2992,HALDIRAMS KABULI CHANA 200GM,44,0,0,0,0,0,0,0,0,0,0,0,0,0,0
2993,HALDIRAMS MOONG DAL PLAIN 200GM,49,0,0,0,0,0,0,0,0,0,0,0,0,0,0
2994,HALDIRAMS CHAI PURI 200GM,45,0,0,0,0,0,0,0,0,0,0,0,0,0,0
2995,HALDIRAMS CHAKOLI 200GM,46,7,0,0,0,0,0,0,0,0,0,0,0,0,7
2996,HALDIRAMS BOONDI RAITA 200GM,44,58,0,0,0,1,0,0,0,0,0,0,0,0,57
2997,HALDIRAMS MOONG DAL 400GM,97,5,0,0,0,0,0,0,0,0,0,0,0,0,5
2998,HALDIRAMS PLAIN BHUJIA 400GM,87,5,0,0,0,0,0,0,0,0,0,0,0,0,5
3000,HALDIRAMS BHUJIA MASALA 400GM,87,4,0,0,0,0,0,0,0,0,0,0,0,0,4
3004,HALDIRAMS KACHORI 200GM,45,2,0,0,0,0,0,0,0,0,0,0,0,0,2
3010,HALDIRAMS KARANCHY MIXTURE 200GM,40,0,0,0,0,0,0,0,0,0,0,0,0,0,0
3013,HALDIRAMS MATHRI 200GM,45,10,0,0,0,0,0,0,0,0,0,0,0,0,10
3014,HALDIRAMS MINI BHAKHAR BADI 200GM,46,0,0,0,0,0,0,0,0,0,0,0,0,0,0
3015,HALDIRAMS KHATTA MEETHA 200GM,42,24,0,0,0,0,0,0,0,0,0,0,0,0,24
3017,HALDIRAMS DIET CHIDWA 180GM,30,8,0,0,0,0,0,0,0,0,0,0,0,0,8
3018,HALDIRAMS MEDIUM MASALA PAPAD 200GM,55,22,0,0,0,0,0,0,0,0,0,0,0,0,22
3025,CATCH HING 25GM,50,0,0,0,0,0,0,0,0,0,0,0,0,0,0
3026,CATCH HING 50GM,75,6,0,0,0,0,0,0,0,0,0,0,0,0,6
3027,CATCH CHAT MASALA SPRINKLERS 100GM,55,5,0,0,0,0,0,0,0,0,0,0,0,0,5
3028,CATCH BLACK SALT 200GM,32,3,0,0,0,0,0,0,0,0,0,0,0,0,3
3029,CATCH TABLE SALT 200GM,25,5,0,0,0,0,0,0,0,0,0,0,0,0,5
3030,CATCH DAHI MASALA 50GM,28,0,0,0,0,0,0,0,0,0,0,0,0,0,0
3033,TATA SALT LEMON CORIANDER 50GM,45,0,0,0,0,0,0,0,0,0,0,0,0,0,0
3034,TATA SALT RED PAPRIKA 50GM,45,0,0,0,0,0,0,0,0,0,0,0,0,0,0
3035,BLACK SALT 100GM,6,66,0,0,0,1,0,0,0,0,0,0,0,0,65
3036,SENDA NAMAK 200GM,10,0,0,0,0,0,0,0,0,0,0,0,0,0,0
3037,FRYAMS 200GM,15,4,0,0,0,0,0,0,0,0,0,0,0,0,4
3039,SHAKAR 1KG,58,19,0,0,0,1,0,0,0,0,0,0,0,0,18
3042,MITHA SODA 40GM,5,46,0,0,0,0,0,0,0,0,0,0,0,0,46
3043,RAMDEV GARAM MASALA 200GM,70,0,0,0,0,0,0,0,0,0,0,0,0,0,0
3044,ANARDANA 100GM,60,11,0,0,0,0,0,0,0,0,0,0,0,0,11
3045,CATCH RED CHILLI POWDER 100GM,29,26,0,0,0,0,0,0,0,0,0,0,0,0,26
3046,SHAKTI BHOG MAIDA 500GM,35,63,0,0,0,1,0,0,0,0,0,0,0,0,62
3048,TRUST SUPERFINE SUGAR 1KG,30,0,0,0,0,0,0,0,0,0,0,0,0,0,0
3049,CATCH KUTI MIRCH 100GM,36,31,0,0,0,1,0,0,0,0,0,0,0,0,30
3050,RAMDEV TURMERIC POWDER 100GM,26,51,0,0,0,0,0,0,0,0,0,0,0,0,51
3053,KALONGI 100GM,25,11,0,0,0,0,0,0,0,0,0,0,0,0,11
3054,TEJ PATTA 10GM,5,34,0,0,0,1,0,0,0,0,0,0,0,0,33
3055,DAL CHINI 25GM,10,33,0,0,0,0,0,0,0,0,0,0,0,0,33
3056,KUTU ATTA 500GM,60,0,0,0,0,0,0,0,0,0,0,0,0,0,0
3057,FOOD COLOUR 10GM,5,16,0,0,0,0,0,0,0,0,0,0,0,0,16
3061,CATCH DAL MAKHANI MASALA 100GM,51,0,0,0,0,0,0,0,0,0,0,0,0,0,0
3062,CATCH RAJMA MASALA 100GM,58,17,0,0,0,0,0,0,0,0,0,0,0,0,17
3063,CATCH JEERA POWDER 100GM,55,18,0,0,0,0,0,0,0,0,0,0,0,0,18
3066,CATCH PAV BHAJI MASALA 100GM,58,7,0,0,0,0,0,0,0,0,0,0,0,0,7
3067,CATCH SAMBHAR MASALA 100GM,57,1,0,0,0,0,0,0,0,0,0,0,0,0,1
3068,CATCH BLACK PEPPER POWDER 100GM,160,9,0,0,0,0,0,0,0,0,0,0,0,0,9
3069,CATCH CHICKEN MASALA 100GM,65,9,0,0,0,0,0,0,0,0,0,0,0,0,9
3070,CATCH DRY MANGO POWDER 100GM,60,8,0,0,0,0,0,0,0,0,0,0,0,0,8
3071,CATCH CHANA MASALA 100GM,60,9,0,0,0,0,0,0,0,0,0,0,0,0,9
3072,CATCH CHATPATA CHAT MASALA 100GM,60,12,0,0,0,0,0,0,0,0,0,0,0,0,12
3073,CATCH KITCHEN KING 100GM,64,16,0,0,0,0,0,0,0,0,0,0,0,0,16
3074,CATCH MEAT MASALA 100GM,66,14,0,0,0,0,0,0,0,0,0,0,0,0,14
3075,CATCH KASHMIRI MIRCH POWDER 100GM,50,0,0,0,0,0,0,0,0,0,0,0,0,0,0
3076,CATCH GARAM MASALA 100GM,75,15,0,0,0,0,0,0,0,0,0,0,0,0,15
3079,MDH DEGGI MIRCH 100GM,54,38,0,0,0,0,0,0,0,0,0,0,0,0,38
3080,MDH GARAM MASALA 100GM,72,35,0,0,0,0,0,0,0,0,0,0,0,0,35
3081,MDH LAL MIRCH POWDER 100GM,31,7,0,0,0,0,0,0,0,0,0,0,0,0,7
3082,MDH HALDI POWDER 100GM,28,7,0,0,0,0,0,0,0,0,0,0,0,0,7
3083,MDH DHANIA POWDER 100GM,33,0,0,0,0,0,0,0,0,0,0,0,0,0,0
3084,MDH MEAT KA MASALA 100GM,66,24,0,0,0,0,0,0,0,0,0,0,0,0,24
3086,CATCH JEERA WHOLE 100GM,49,32,0,0,0,0,0,0,0,0,0,0,0,0,32
3087,CATCH JEERA WHOLE 200GM,75,0,0,0,0,0,0,0,0,0,0,0,0,0,0
3089,CATCH CORIANDER POWDER 100GM,26,25,0,0,0,3,0,0,0,0,0,0,0,0,22
3091,CATCH AJWAIN WHOLE 100GM,50,27,0,0,0,0,0,0,0,0,0,0,0,0,27
3092,CATCH RAI WHOLE 100GM,30,22,0,0,0,0,0,0,0,0,0,0,0,0,22
3093,CATCH METHI DANA WHOLE 100GM,20,35,0,0,0,0,0,0,0,0,0,0,0,0,35
3094,CATCH SUPER GARAM MASALA 100GM,40,0,0,0,0,0,0,0,0,0,0,0,0,0,0
3095,CATCH RAITA MASALA 100GM,45,0,0,0,0,0,0,0,0,0,0,0,0,0,0
3100,NESTLE SLIM DAHI 400GM,70,16,0,0,0,3,0,0,0,0,0,0,0,0,13
3101,MOTHER DAIRY DAHI 400GM,40,14,0,0,0,4,0,0,0,0,0,0,0,0,10
3102,NESTLE JEERA RAITA 380GM,65,10,0,0,0,1,0,0,0,0,0,0,0,0,9
3103,NESTLE JEERA RAITA 185GM,35,0,0,0,0,0,0,0,0,0,0,0,0,0,0
3107,NESTLE GREEK YOGHURT MANGO 100GM,35,10,0,0,0,0,0,0,0,0,0,0,0,0,10
3108,NESTLE GREEK YOGHURT STRAWBERRY 100GM,35,10,0,0,0,1,0,0,0,0,0,0,0,0,9
3109,VERKA DAHI 200GM,15,-4,11,48,0,55,0,0,0,0,0,0,0,0,0
3110,VERKA DAHI 400GM,25,10,-10,32,0,32,0,0,0,0,0,0,0,0,0
3111,MOTHER DAIRY NUTRIFIT MANGO 100ML,10,0,0,0,0,0,0,0,0,0,0,0,0,0,0
3112,MOTHER DAIRY NUTRIFIT STRAWBERRY,10,0,0,0,0,0,0,0,0,0,0,0,0,0,0
3113,MOTHER DAIRY LASSI SWEET BTL 200ML,20,0,0,0,0,0,0,0,0,0,0,0,0,0,0
3114,AMUL BUTTER 500GM,225,0,0,0,0,0,0,0,0,0,0,0,0,0,0
3115,AMUL BUTTER 100GM,46,145,0,0,0,7,0,0,0,0,0,0,0,0,138
3116,NUTRALITE BUTTER OMEGA3 500GM,180,0,0,0,0,0,0,0,0,0,0,0,0,0,0
3117,NUTRALITE BUTTER GARLIC & OREGANO TUB 100GM,42,4,0,0,0,0,0,0,0,0,0,0,0,0,4
3118,MOTHER DAIRY BUTTER 500GM,225,1,0,0,0,0,0,0,0,0,0,0,0,0,1
3119,BRITANNIA TIGER STRAWBERRY BISCUITS 50GM,5,0,0,0,0,0,0,0,0,0,0,0,0,0,0
3120,BRITANNIA CHEESE PIZZA 200GM,140,0,0,0,0,0,0,0,0,0,0,0,0,0,0
3121,MOTHER DAIRY MISHTI DOI 85GM,15,14,0,0,0,1,0,0,0,0,0,0,0,0,13
3122,MOTHER DAIRY MISHTI DOI 400GM,55,9,0,0,0,1,0,0,0,0,0,0,0,0,8
3123,TREAT MILK RUSK CRISPY N CRUNCHY ROUND 400GM,69,21,0,0,0,0,0,0,0,0,0,0,0,0,21
3124,TREAT MILK RUSK EXTRA CRISPY 400GM,69,12,0,0,0,1,0,0,0,0,0,0,0,0,11
3125,BONN BURGERS 225GM,25,4,0,0,0,0,0,0,0,0,0,0,0,0,4
3126,BONN MILK PAVS 400GM,30,3,0,0,0,0,0,0,0,0,0,0,0,0,3
3127,BONN WHOLEWHEAT 400GM,30,6,0,8,0,2,0,0,0,0,0,0,0,0,12
3128,BONN HEALTHY SLICE 500GM,30,11,0,4,0,1,0,0,0,0,0,0,0,0,14
3129,BONN SANDWICH BREAD 400GM,25,6,0,3,0,1,0,0,0,0,0,0,0,0,8
3130,BONN GARLIC BREAD 200GM,25,5,0,0,0,3,0,0,0,0,0,0,0,0,2
3131,BONN PIZZA BASE 200GM,30,5,0,0,0,0,0,0,0,0,0,0,0,0,5
3133,BONN BROWN BREAD 400GM,30,28,0,30,0,18,0,0,0,0,0,0,0,0,40
3134,BONN MULTIGRAIN BREAD 400GM,45,9,0,0,0,1,0,0,0,0,0,0,0,0,8
3135,BONN BUNS 170GM,15,2,0,0,0,3,0,0,0,0,0,0,0,0,-1
3136,BONN FRUIT BREAD,15,0,0,0,0,0,0,0,0,0,0,0,0,0,0
3137,AMUL MILK TAAZA HOMOGENISED TONED 1LTR,60,28,0,0,0,0,0,0,0,0,0,0,0,0,28
3139,BONN WHITE SLICED BREAD 700GM,40,4.282,0,18,0,5,0,0,0,0,0,0,0,0,17.282
3148,KELLOGGS FRUIT AND NUT CRUNCHY MUESLI 750GM,400,5,0,0,0,0,0,0,0,0,0,0,0,0,5
3150,KELLOGGS SPECIAL K 290GM,135,4,0,0,0,0,0,0,0,0,0,0,0,0,4
3154,BAGRRYS CORNFLAKES ORGINAL & THE BAST 500GM,95,0,0,0,0,0,0,0,0,0,0,0,0,0,0
3155,BAGRRYS CRUNCHY MUESLI FRUIT & NUT WITH CRANBERRIES 400GM,290,0,0,0,0,0,0,0,0,0,0,0,0,0,0
3160,KELLOGGS MUESLI CRUNCHY N CRISPY BERRY FLAVOUR 500GM,240,0,0,0,0,0,0,0,0,0,0,0,0,0,0
3162,NOURISH ORGANICS BUCKWHEAT COOKIES 150GM,210,0,0,0,0,0,0,0,0,0,0,0,0,0,0
3163,NOURISH ORGANICS OATMEAL COOKIES 100GM,130,0,0,0,0,0,0,0,0,0,0,0,0,0,0
3164,EXPRESS FOODS HARVEST CRUNCH WHITE JUMBO OATS JAR 800GM,175,1,0,0,0,0,0,0,0,0,0,0,0,0,1
3166,QUAKER OATS JAR1KG,232,0,0,0,0,0,0,0,0,0,0,0,0,0,0
3171,BAGRRYS OATS ATTA 500GM,94,0,0,0,0,0,0,0,0,0,0,0,0,0,0
3173,KELLOGGS CHOCOS WHOLE GRAIN 700GM,280,5,0,0,0,0,0,0,0,0,0,0,0,0,5
3174,KELLOGGS ALL BRAN WHEAT FLAKES 425GM,199,6,0,0,0,0,0,0,0,0,0,0,0,0,6
3175,KELLOGGS CORN FLAKES ORIGINAL & THE BEST 250GM,92,8,0,0,0,0,0,0,0,0,0,0,0,0,8
3177,NOURISH ORGANICS AMARANTH MUESLI 300GM,400,0,0,0,0,0,0,0,0,0,0,0,0,0,0
3178,NOURISH ORGANICS AMARANTH COOKIES 150GM,170,0,0,0,0,0,0,0,0,0,0,0,0,0,0
3179,BAGRRYS OAT BRAN 200GM,80,0,0,0,0,0,0,0,0,0,0,0,0,0,0
3186,KELLOGGS CORN FLAKES 875GM,295,5,0,0,0,1,0,0,0,0,0,0,0,0,4
3192,AASHIRVAAD MULTIGRAIN ATTA 5KG,275,14.216,0,0,0,0,0,0,0,0,0,0,0,0,14.216
3193,AASHIRVAAD SELECT ATTA 5KG,275,12,0,0,0,1,0,0,0,0,0,0,0,0,11
3194,AASHIRVAAD WHOLE WHEAT ATTA 5KG,175,3,0,0,0,0,0,0,0,0,0,0,0,0,3
3197,SHAKTI BHOG ATTA 10KG,375,1,0,0,0,0,0,0,0,0,0,0,0,0,1
3198,SHAKTI BHOG ATTA 5KG,185,7,0,0,0,1,0,0,0,0,0,0,0,0,6
3199,EGG,5,447,0,300,0,59,0,0,0,0,0,0,0,0,688
3200,BITTER GOURD,45,0.42,0,0,0,0,0,0,0,0,0,0,0,0,0.42
3201,TINDA,65,0.378,0,0,0,0,0,0,0,0,0,0,0,0,0.378
3202,BABUGOSA,200,-1.116,0,4,0,3.162,0,0,0,0,0,0,0,0,-0.278
3203,GREEN ONION,25,0,0,0,0,0,0,0,0,0,0,0,0,0,0
3204,BROCCOLI,180,0.482,0,2,0,0.938,0,0,0,0,0,0,0,0,1.544
3205,ORGANIC SARSON KA SAAG,40,0,0,0,0,0,0,0,0,0,0,0,0,0,0
3206,BANANA,6,15,0,0,0,3,0,0,0,0,0,0,0,2,10
3207,RED APPLE,200,5.162,0,5,0,5.408,0,0,0,0,0,0,0,0,4.754
3208,KINOO,70,0,0,0,0,0,0,0,0,0,0,0,0,0,0
3209,POMEGRANATE,110,2.384,0,0,0,0.87,0,0,0,0,0,0,0,0,1.514
3211,KASHMIRI NAAKH,70,0,0,0,0,0,0,0,0,0,0,0,0,0,0
3213,PAPAYA,67,0.262,0,5,0,2.67,0,0,0,0,0,0,0,0,2.592
3215,SPINACH,15,0,0,0,0,0,0,0,0,0,0,0,0,0,0
3217,GUAVA,80,0,0,0,0,0,0,0,0,0,0,0,0,0,0
3219,CHIKOO,90,1.14,0,0,0,0,0,0,0,0,0,0,0,0,1.14
3220,TOMATO,63,-0.629,0,10,0,1.428,0,0,0,0,0,0,0,0,7.943
3221,GREEN PEAS,95,5.872,0,5,0,0.51,0,0,0,0,0,0,0,0,10.362
3222,GREEN CHILLI,45,1.222,0,0,0,0.03,0,0,0,0,0,0,0,0,1.192
3224,GREEN CAPSICUM,65,0.338,0,0,0,0.13,0,0,0,0,0,0,0,0,0.208
3225,CARROT,45,2.002,0,0,0,0.384,0,0,0,0,0,0,0,0,1.618
3226,MUSHROOM BOX,35,1,0,0,0,0,0,0,0,0,0,0,0,0,1
3227,POTATO,43,42.654,0,0,0,2.238,0,0,0,0,0,0,0,0,40.416
3228,ONION,40,25.728,0,0,0,5.252,0,0,0,0,0,0,0,0,20.476
3229,LEMON,60,2.14,0,2,0,1.022,0,0,0,0,0,0,0,0.3,2.818
3230,GARLIC,60,0.98,0,0,0,0.2,0,0,0,0,0,0,0,0,0.78
3231,CAULIFLOWER,75,-1.017,0,0,0,0,0,0,0,0,0,0,0,0,-1.017
3232,GINGER,130,3.062,0,0,0,0.362,0,0,0,0,0,0,0,0,2.7
3233,BRINJAL ,55,0.124,0,0,0,0,0,0,0,0,0,0,0,0,0.124
3234,BEAN,65,1.982,0,0,0,0,0,0,0,0,0,0,0,0.31,1.672
3235,RADISH,15,0,0,0,0,0,0,0,0,0,0,0,0,0,0
3236,CABBAGE,45,0.496,0,5,0,0,0,0,0,0,0,0,0,0,5.496
3237,ORANGE,90,0,0,0,0,0,0,0,0,0,0,0,0,0,0
3238,GHIYA,45,-1.544,0,0,0,0,0,0,0,0,0,0,0,0,-1.544
3240,LADY FINGER,35,0,0,0,0,0,0,0,0,0,0,0,0,0,0
3241,ORGANIC GHIYA,30,0,0,0,0,0,0,0,0,0,0,0,0,0,0
3243,ICE CUBE 1KG,25,18,0,25,0,0,0,0,0,0,0,0,0,0,43
3245,AMUL GOLD MILK 1LTR,64,24,0,0,0,0,0,0,0,0,0,0,0,0,24
3250,BRITANNIA GHEE DANEDAR 1LTR,525,0,0,0,0,0,0,0,0,0,0,0,0,0,0
3252,VERKA GHEE TIN 500ML,230,0,0,0,0,0,0,0,0,0,0,0,0,0,0
3253,VERKA GHEE TIN 1LTR,450,1,0,0,0,0,0,0,0,0,0,0,0,0,1
3254,VERKA GHEE 1LTR,450,5,0,0,0,1,0,0,0,0,0,0,0,0,4
3255,VERKA PURE COW GHEE 1LTR,460,0,0,0,0,0,0,0,0,0,0,0,0,0,0
3256,NESTLE SLIM MILK LOW FAT 1LTR,80,50,0,0,0,1,0,0,0,0,0,0,0,0,49
3258,LEONARDO OLIVE POMICE OIL 1LTR,699,0,0,0,0,0,0,0,0,0,0,0,0,0,0
3269,LEONARDO BLACK SLICE HOJIBLANCA OLIVE 230GM,199,0,0,0,0,0,0,0,0,0,0,0,0,0,0
3274,TILSONA TIL OIL 500ML,138,2,0,0,0,0,0,0,0,0,0,0,0,0,2
3275,KOHINOOR BASMATI RICE DUBAR 5KG,520,0,0,0,0,0,0,0,0,0,0,0,0,0,0
3276,KOHINOOR BASMATI RICE TIBAR 5KG,540,0,0,0,0,0,0,0,0,0,0,0,0,0,0
3277,KOHINOOR SILVER 5KG,670,2,0,0,0,0,0,0,0,0,0,0,0,0,2
3280,DAAWAT TRADITIONAL BASMATI RICE 5KG,996,0,0,0,0,0,0,0,0,0,0,0,0,0,0
3281,DAAWAT SUPER BASMATI RICE 5KG,800,0,0,0,0,0,0,0,0,0,0,0,0,0,0
3282,DAAWAT BIRYANI BASMATI RICE 5KG,1000,1,0,0,0,0,0,0,0,0,0,0,0,0,1
3283,DAAWAT PULAV BASMATI RICE 5KG,600,1,0,0,0,0,0,0,0,0,0,0,0,0,1
3284,KOHINOOR PLATINUM BASMATI RICE 5KG,1020,1,0,0,0,0,0,0,0,0,0,0,0,0,1
3285,DAAWAT ROZANA GOLD BASMATI RICE 5KG,495,1,0,0,0,0,0,0,0,0,0,0,0,0,1
3288,DAAWAT SUPER BASMATI RICE 1KG,160,3,0,0,0,0,0,0,0,0,0,0,0,0,3
3290,KOHINOOR SUPER BASMATI RICE 1KG,150,0,0,0,0,0,0,0,0,0,0,0,0,0,0
3293,DAAWAT ROZANA GOLD BASMATI RICE 1KG,95,5,0,0,0,0,0,0,0,0,0,0,0,0,5
3295,DAAWAT PULAV BASMATI RICE 1KG,115,6,0,0,0,1,0,0,0,0,0,0,0,0,5
3296,KOHINOOR GOLD BASMATI RICE 1KG,200,0,0,0,0,0,0,0,0,0,0,0,0,0,0
3297,KOHINOOR PLATINUM BASMATI RICE 1KG,200,0,0,0,0,0,0,0,0,0,0,0,0,0,0
3298,KOHINOOR BASMATI RICE TIBAR 1KG,105,0,0,0,0,0,0,0,0,0,0,0,0,0,0
3299,DAAWAT BIRYANI BASMATI RICE 1KG,200,2,0,0,0,0,0,0,0,0,0,0,0,0,2
3301,KOHINOOR BROWN BASMATI RICE 1KG,155,0,0,0,0,0,0,0,0,0,0,0,0,0,0
3303,TATA TEA AGNI 250GM,50,10,0,0,0,1,0,0,0,0,0,0,0,0,9
3304,APPY FIZZ 250ML,15,0,0,0,0,0,0,0,0,0,0,0,0,0,0
3306,FROOTI MANGO BTL 250ML,18,0,0,0,0,0,0,0,0,0,0,0,0,0,0
3307,FROOTI MANGO 500ML,35,28,0,0,0,0,0,0,0,0,0,0,0,0,28
3308,FROOTI MANGO DRINK BOTTLE 1LTR,60,3,0,0,0,0,0,0,0,0,0,0,0,0,3
3310,KELLOGGS SPECIAL K 140GM,60,3,0,0,0,0,0,0,0,0,0,0,0,0,3
3312,PARK AVENUE SHAVING BRUSH 1N,54,0,0,0,0,0,0,0,0,0,0,0,0,0,0
3313,VEGA NAIL CLIPPER BIG,60,16,0,0,0,0,0,0,0,0,0,0,0,0,16
3314,FEVI KWIK 1GM,10,0,0,0,0,0,0,0,0,0,0,0,0,0,0
3315,FEVI GUM LIME 50ML,10,0,0,0,0,0,0,0,0,0,0,0,0,0,0
3317,PLAYING CARDS LANCER,75,0,0,0,0,0,0,0,0,0,0,0,0,0,0
3319,DABUR HINGOLI BOTTLE,22,2,0,0,0,0,0,0,0,0,0,0,0,0,2
3320,HAJMOLA IMLI BOTTLE 120N,30,0,0,0,0,0,0,0,0,0,0,0,0,0,0
3321,HAJMOLA PUDINA BOTTLE 120GM,30,5,0,0,0,0,0,0,0,0,0,0,0,0,5
3322,PARLE HIDE&SEEK CAFFE MOCHA 120GM,30,17,0,0,0,1,0,0,0,0,0,0,0,0,16
3323,GILLETTE MACH3 TURBO 2CARTRIDGES,360,3,0,0,0,0,0,0,0,0,0,0,0,0,3
3324,GILLETTE MACH3 TURBO 4CARTRIDGES,630,0,0,0,0,0,0,0,0,0,0,0,0,0,0
3325,GILLETTE MACH3 TURBO 8CARTRIDGES,1080,2,0,0,0,0,0,0,0,0,0,0,0,0,2
3326,GILLETTE MACH3 TURBO 8CARTRIDGES IMPORTED BLADES,899,0,0,0,0,0,0,0,0,0,0,0,0,0,0
3327,FEVI KWIK 500MG,5,70,0,0,0,2,0,0,0,0,0,0,0,0,68
3328,GILLETTE MACH3 6+2FREE 8CARTRIDGES,775,1,0,0,0,0,0,0,0,0,0,0,0,0,1
3330,GILLETTE FUSION 4 CARTRIDGES,799,0,0,0,0,0,0,0,0,0,0,0,0,0,0
3331,GILLETTE FUSION POWER 8CARTRIDGES,1600,0,0,0,0,0,0,0,0,0,0,0,0,0,0
3332,GILLETTE VECTOR 3 4 CARTRIDGES,210,0,0,0,0,0,0,0,0,0,0,0,0,0,0
3333,GILLETTE VECTOR COMFORT STRIP 1REFILLABLE,50,0,0,0,0,0,0,0,0,0,0,0,0,0,0
3334,GILLETTE VECTOR 6CARTRIDGES,150,3,0,0,0,0,0,0,0,0,0,0,0,0,3
3335,GILLETTE VECTOR COMFORT STRIP 2N,60,4,0,0,0,0,0,0,0,0,0,0,0,0,4
3336,GILLETTE VENUS RAZOR PACK OF 2,249,0,0,0,0,0,0,0,0,0,0,0,0,0,0
3337,GILLETTE FUSION POWER 1CARTRIDGE 1RAZOR 1BATTERY,475,1,0,0,0,0,0,0,0,0,0,0,0,0,1
3338,GILLETTE MACH3  8CARTRIDGS,840,0,0,0,0,0,0,0,0,0,0,0,0,0,0
3339,GILLETTE WILMAN2 6CARTRIDGES,79,2,0,0,0,0,0,0,0,0,0,0,0,0,2
3340,GILLETTE FUSION PROGLIDE 4 CARTRIDGES,999,3,0,0,0,0,0,0,0,0,0,0,0,0,3
3341,GILLETTE FUSION POWER 4 CARTRIDGES,930,0,0,0,0,0,0,0,0,0,0,0,0,0,0
3342,GILLETTE MACH3 4CARTRIDGES,520,2,0,0,0,0,0,0,0,0,0,0,0,0,2
3343,GILLATTE POWER BEADS COOL WAVE CLEAR GEL 85GM,209,0,0,0,0,0,0,0,0,0,0,0,0,0,0
3344,GILLETTE VENUS 3 BLADES,199,0,0,0,0,0,0,0,0,0,0,0,0,0,0
3345,GILLETTE 7 O CLOCK STERLING RAZOR,80,0,0,0,0,0,0,0,0,0,0,0,0,0,0
3346,GILLETTE MACH3 DURACOMFORT BLADES 1PRESTO,180,0,0,0,0,0,0,0,0,0,0,0,0,0,0
3347,GILLETTE MACH3 TURBO RAZOR,200,0,0,0,0,0,0,0,0,0,0,0,0,0,0
3349,GILLETTE MACH3 SENSITIVE 2CARTRIDGES,360,1,0,0,0,0,0,0,0,0,0,0,0,0,1
3350,GILLETTE MACH3 SENSITIVE 4CARTRIDGES,630,1,0,0,0,0,0,0,0,0,0,0,0,0,1
3351,GILLETTE EXCLUSIVE GIFT SET,849,0,0,0,0,0,0,0,0,0,0,0,0,0,0
3352,GILLETTE GUARD RAZOR 1N,22,4,0,0,0,0,0,0,0,0,0,0,0,0,4
3353,GILLETTE GUARD 1CARTRIDGES,10,0,0,0,0,0,0,0,0,0,0,0,0,0,0
3356,DURACELL AA ULTRA LONG LASTING,90,0,0,0,0,0,0,0,0,0,0,0,0,0,0
3359,EVEREADY CELL AAA1012,13,121,0,0,0,2,0,0,0,0,0,0,0,0,119
3360,EVEREADY ULTRALED TORCH DL,200,0,0,0,0,0,0,0,0,0,0,0,0,0,0
3361,NIPPO GOLD CELL AAA,12,0,0,0,0,0,0,0,0,0,0,0,0,0,0
3364,DURACELL ULTRA  2AAA 2022,75,0,0,0,0,0,0,0,0,0,0,0,0,0,0
3365,NIPPO HYPER LEAKPROOF METAL CLAD,18.5,9,0,0,0,0,0,0,0,0,0,0,0,0,9
3366,EVEREADY  HEAVY DUTY 1050,19,15,0,0,0,0,0,0,0,0,0,0,0,0,15
3367,EVEREADY ULTIMA  ALKALINE 2115AA,35,0,0,0,0,0,0,0,0,0,0,0,0,0,0
3371,FEVICOL MR 8GM,5,0,0,0,0,0,0,0,0,0,0,0,0,0,0
3374,NAVNEET POCKET DIARY REGULAR 72PAGES,5,-1,0,0,0,0,0,0,0,0,0,0,0,0,-1
3376,NAVNEET MY NOTE BOOK JUMBO SIZE SKETCH 100 PAGES,25,0,0,0,0,0,0,0,0,0,0,0,0,0,0
3377,NAVNEET DOUGH 6SHADES,75,0,0,0,0,0,0,0,0,0,0,0,0,0,0
3378,NAVNEET LEGALLY CASE BOUND 192PAGES,75,2,0,0,0,0,0,0,0,0,0,0,0,0,2
3379,NAVNEET SOFT BOUND SINGLE LINE 84PAGES,30,4,0,0,0,0,0,0,0,0,0,0,0,0,4
3380,NAVNEET NOTEBOOK JUMBO SIZE 172PAGES,45,18,0,0,0,0,0,0,0,0,0,0,0,0,18
3381,NAVNEET MY NOTE BOOK JUMBO SIZE RED & BLUE 100 PAGES,30,0,0,0,0,0,0,0,0,0,0,0,0,0,0
3382,NAVNEET CRICKET SPECIAL EDITION 172PAGES,60,0,0,0,0,0,0,0,0,0,0,0,0,0,0
3383,NAVNEET NOTEBOOK 384PAGES,170,0,0,0,0,0,0,0,0,0,0,0,0,0,0
3385,NAVNEET REGISTER  RS.110,110,0,0,0,0,0,0,0,0,0,0,0,0,0,0
3386,NAVNEET MY NOTE BOOK JUMBO SIZE MEDIUM 100 PAGES,25,0,0,0,0,0,0,0,0,0,0,0,0,0,0
3392,DOVE DEO GO FRESH ANTI-PERSPIRANT150ML,225,1,0,0,0,0,0,0,0,0,0,0,0,0,1
3396,EVA DEO GROOVE 125ML,122,0,0,0,0,0,0,0,0,0,0,0,0,0,0
3397,EVA DEO EXOTIC TROPICAL DELIGHT 150ML,180,0,0,0,0,0,0,0,0,0,0,0,0,0,0
3398,EVA DEO  GLEE 125ML,122,0,0,0,0,0,0,0,0,0,0,0,0,0,0
3401,LAKME KAJAL EYECONIC GREEN 0.35GM,250,0,0,0,0,0,0,0,0,0,0,0,0,0,0
3410,VEGA HAIR BRUSH RS.180,180,0,0,0,0,0,0,0,0,0,0,0,0,0,0
3411,VEGA HMC COMB RS.60,60,0,0,0,0,0,0,0,0,0,0,0,0,0,0
3412,VEGA HAIR BRUSH RS.150,150,1,0,0,0,0,0,0,0,0,0,0,0,0,1
3413,VEGA HAIR BRUSH RS.160,160,0,0,0,0,0,0,0,0,0,0,0,0,0,0
3414,VEGA 4 WAY BUFFER,90,0,0,0,0,0,0,0,0,0,0,0,0,0,0
3415,VEGA FOOT SCRUBBER PD 09,140,1,0,0,0,0,0,0,0,0,0,0,0,0,1
3416,VEGA TRIMMER VHTH,1599,0,0,0,0,0,0,0,0,0,0,0,0,0,0
3418,VEGA HAIR ROLLER HR01,180,0,0,0,0,0,0,0,0,0,0,0,0,0,0
3419,VEAG ORANGE SPONGE,90,0,0,0,0,0,0,0,0,0,0,0,0,0,0
3420,VEGA MY STYLE FLAT HAIR STRAIGHTNER VHSH14,1099,2,0,0,0,0,0,0,0,0,0,0,0,0,2
3421,VEGA COMB HMC-044,120,0,0,0,0,0,0,0,0,0,0,0,0,0,0
3422,VEGA TWEEZER(SQUARE TIP),60,2,0,0,0,0,0,0,0,0,0,0,0,0,2
3423,VEGA TWEEZER(SLANT TIP),80,2,0,0,0,0,0,0,0,0,0,0,0,0,2
3424,VEGA FOOT SCRUBBER RS.70,70,0,0,0,0,0,0,0,0,0,0,0,0,0,0
3425,VEGA FOOT SCRUBBER PD 02,175,0,0,0,0,0,0,0,0,0,0,0,0,0,0
3426,VEGA COMB HMC-03,140,0,0,0,0,0,0,0,0,0,0,0,0,0,0
3427,VEGA HMC COMB RS.125,125,0,0,0,0,0,0,0,0,0,0,0,0,0,0
3428,FEM FAIRNESS NATURALS GOLD CREME BLEACH 24GM,64,0,0,0,0,0,0,0,0,0,0,0,0,0,0
3429,FEM FAIRNESS NATURAL SAFFRON BLEACH CREME 8GM,30,0,0,0,0,0,0,0,0,0,0,0,0,0,0
3437,LOREAL CASTING CREAM GLOSS 500 MEDIUM BROWN,550,1,0,0,0,0,0,0,0,0,0,0,0,0,1
3442,ANNE FRENCH SENSUAL SANDAL HAIR REMOVER CREAM 40GM,62,0,0,0,0,0,0,0,0,0,0,0,0,0,0
3443,ANNE FRENCH ALOE HAIR REMOVER CREAM 40GM,62,1,0,0,0,0,0,0,0,0,0,0,0,0,1
3447,PARK AVENUE STYLING GEL NEON 100GM,95,0,0,0,0,0,0,0,0,0,0,0,0,0,0
3450,PARACHUTE COCONUT OIL BOX 250ML,94,1,0,0,0,0,0,0,0,0,0,0,0,0,1
3451,DABUR ANMOL GOLD PURE COCONUT OIL BOX 200ML,70,2,0,0,0,0,0,0,0,0,0,0,0,0,2
3452,PARACHUTE COCONUT OIL BOTTLE 250ML,105,2,0,0,0,0,0,0,0,0,0,0,0,0,2
3454,NAVRATNA OIL 300ML,165,0,0,0,0,0,0,0,0,0,0,0,0,0,0
3455,NAVRATNA OIL 50ML,36,3,0,0,0,0,0,0,0,0,0,0,0,0,3
3458,HIMALAYA ANTI-HAIR FALL HAIR OIL 100ML,93,0,0,0,0,0,0,0,0,0,0,0,0,0,0
3460,EVA LIP BALM 9GM,30,0,0,0,0,0,0,0,0,0,0,0,0,0,0
3464,HIMALAYA ANTI-WRINKLE CREAM 50GM,250,0,0,0,0,0,0,0,0,0,0,0,0,0,0
3465,POND WHITE BEAUTY SPOTLESS LIGHTENING CREAM 25GM,69,0,0,0,0,0,0,0,0,0,0,0,0,0,0
3466,VARDHAN DESI GUR 500GM,60,0,0,0,0,0,0,0,0,0,0,0,0,0,0
3468,PONDS AGE MIRACLE CELL REGEN DAY CREAM SPF15 PA++ 50GM,625,0,0,0,0,0,0,0,0,0,0,0,0,0,0
3469,PONDS AGE MIRACLE CELL REGEN DAY CREAM SPF 15 PA 10GM,120,0,0,0,0,0,0,0,0,0,0,0,0,0,0
3474,DETTOL ANTISEPTIC LIQUID 500ML,132.92,4,0,0,0,0,0,0,0,0,0,0,0,0,4
3475,ANKITA HAIR DYE BRUSH,12,0,0,0,0,0,0,0,0,0,0,0,0,0,0
3476,WIPRO SMARTLITE CLASSIC 11WATTS,160,0,0,0,0,0,0,0,0,0,0,0,0,0,0
3477,RING GUARD 20GM,66.4,0,0,0,0,0,0,0,0,0,0,0,0,0,0
3479,FAIR & LOVELY ANTI MARKS SPOT ERASER PEN 10ML,129,0,0,0,0,0,0,0,0,0,0,0,0,0,0
3481,FAIR & LOVELY ADVANCED MULTI VITAMIN CREAM 25GM,50,9,0,0,0,1,0,0,0,0,0,0,0,0,8
3482,FAIR & LOVELY ANTI MARKS CREAM 50GM,120,0,0,0,0,0,0,0,0,0,0,0,0,0,0
3483,FAIR & LOVELY ANTI MARKS CREAM 25GM,65,0,0,0,0,0,0,0,0,0,0,0,0,0,0
3486,ENO LEMON FLAVOUR 5GM,42,0,0,0,0,0,0,0,0,0,0,0,0,0,0
3488,SCHOLL ROUGH SKIN REMOVER 75GM,200,0,0,0,0,0,0,0,0,0,0,0,0,0,0
3489,TOOTH PICK RS.14,14,20,0,0,0,0,0,0,0,0,0,0,0,0,20
3490,VEGA SILKY SHINY & SMOOTH HAIR VHSH-18,999,1,0,0,0,0,0,0,0,0,0,0,0,0,1
3491,HIMALAYA LIP BALM NATURAL INSENTIVE 4.5GM,100,0,0,0,0,0,0,0,0,0,0,0,0,0,0
3493,AMBI PUR SET & REFRESH REFILL NEW ZEALAND SPRINGS 2ML,175,0,0,0,0,0,0,0,0,0,0,0,0,0,0
3494,HIMALAYA NATURAL MOISTURIZING  LIP BUTTER 10GM,125,0,0,0,0,0,0,0,0,0,0,0,0,0,0
3502,HIMALAYA FACEWASH PURIFYING NEEM 150ML,150,0,0,0,0,0,0,0,0,0,0,0,0,0,0
3503,HIMALAYA FACEWASH PURIFYING NEEM 100ML,117,1,0,0,0,0,0,0,0,0,0,0,0,0,1
3505,HIMALAYA PROTECTIVE SUNSCREEN LOTION  SPF 15 50ML,105,0,0,0,0,0,0,0,0,0,0,0,0,0,0
3506,OLAY MOISTURISING CREAM 100GM,549,1,0,0,0,0,0,0,0,0,0,0,0,0,1
3508,OLAY MOISTURISING CREAM 50GM,299,0,0,0,0,0,0,0,0,0,0,0,0,0,0
3509,HIMALAYA REFRESHING FRUIT PACK NORMAL TO DRY SKIN 50GM,70,0,0,0,0,0,0,0,0,0,0,0,0,0,0
3510,HIMALAYA FACEWASH PURIFYING NEEM 200ML,170,0,0,0,0,0,0,0,0,0,0,0,0,0,0
3515,FAIR & LOVELY MAX FAIRNESS CREAM 25GM,65,0,0,0,0,0,0,0,0,0,0,0,0,0,0
3516,FAIR AND HANDSOME DEEP ACTION PEPTIDE CREAM 30GM,75,0,0,0,0,0,0,0,0,0,0,0,0,0,0
3517,FAIR AND  HANDSOME DEEP ACTION PEPTIDE CREAM 15GM,30,0,0,0,0,0,0,0,0,0,0,0,0,0,0
3518,FAIR AND HANDSOME DEEP ACTION PEPTIDE CREAM 60GM,135,2,0,0,0,0,0,0,0,0,0,0,0,0,2
3519,GARNIER FACEWASH GENTLE SOOTHING ORANGE FRUIT WATER 100GM,89,0,0,0,0,0,0,0,0,0,0,0,0,0,0
3521,GARNIER MEN FACEWASH OIL CLEAR 100GM,180,1,0,0,0,0,0,0,0,0,0,0,0,0,1
3522,GARNIER MEN POWER LIGHT SWEAT+OIL CONTROL 20GM,90,0,0,0,0,0,0,0,0,0,0,0,0,0,0
3525,GARNIER FACE WASH POWER WHITE DOUBLE ACTION 50GM,95,0,0,0,0,0,0,0,0,0,0,0,0,0,0
3526,GARNIER MEN OILCLEAR OIL CONTROL FAIRNESS CREAM 45GM,180,0,0,0,0,0,0,0,0,0,0,0,0,0,0
3533,NEUTROGENA OIL FREE ACNE WASH FACIAL CLEANSER 75ML,549,0,0,0,0,0,0,0,0,0,0,0,0,0,0
3535,NEUTROGENA DEEP CLEAN FACIAL CLEANSER OILY SKIN 200ML,399,0,0,0,0,0,0,0,0,0,0,0,0,0,0
3536,NEUTROGENA DEEP CLEAN FACIAL CLEANSER OILY SKIN 50ML,110,0,0,0,0,0,0,0,0,0,0,0,0,0,0
3537,NEUTROGENA OIL FREE EYE MAKEUP REMOVER 162ML,399,0,0,0,0,0,0,0,0,0,0,0,0,0,0
3539,NIVEA BODY LOTION WHITENING COOL SENSATION SPF15 ALL SKIN TYPES 75ML,95,2,0,0,0,0,0,0,0,0,0,0,0,0,2
3540,NIVEA BODY LOTION EXPRESS HYDRATION 75ML,70,2,0,0,0,0,0,0,0,0,0,0,0,0,2
3542,CLEAN & CLEAR SKIN BALANCING OIL FREE LOTION 50ML,80,0,0,0,0,0,0,0,0,0,0,0,0,0,0
3543,PARK AVENUE DEO TALC STORM 200GM,99,0,0,0,0,0,0,0,0,0,0,0,0,0,0
3547,NIVEA SHOWER GEL CREME SMOOTH 250ML,175,0,0,0,0,0,0,0,0,0,0,0,0,0,0
3548,NIVEA BODY LOTION SMOOTH MILK 75ML,90,1,0,0,0,0,0,0,0,0,0,0,0,0,1
3549,NIVEA BODY MILK NOURISHING LOTION 75ML,75,2,0,0,0,0,0,0,0,0,0,0,0,0,2
3552,NIVEA BODY LOTION EXPRESS HYDRATION 200ML,190,1,0,0,0,0,0,0,0,0,0,0,0,0,1
3553,NIVEA BODY LOTION UV PROTECT 200ML,210,0,0,0,0,0,0,0,0,0,0,0,0,0,0
3559,NIVEA CREME 30ML,45,5,0,0,0,0,0,0,0,0,0,0,0,0,5
3560,NIVEA MEN OIL CONTRO MOISTURISER UV 15ML,99,2,0,0,0,0,0,0,0,0,0,0,0,0,2
3561,NIVEA MEN DARK SPOT REDUCTION MOISTURISER  20ML SPF30,99,2,0,0,0,0,0,0,0,0,0,0,0,0,2
3571,PARACHUTE AFTERSHOWER ANTI-DANDRUFF CREAM 100GM,89,0,0,0,0,0,0,0,0,0,0,0,0,0,0
3575,LOTUS WHITEGLOW SKIN WHITENING & BRIGHTENING NOURISHING NIGHT CREME 60GM,375,0,0,0,0,0,0,0,0,0,0,0,0,0,0
3586,UNCLE CHIPS PLAIN SALTED 66GM,20,6,0,0,0,0,0,0,0,0,0,0,0,0,6
3588,DIET CHIPS 100GM,25,0,0,0,0,0,0,0,0,0,0,0,0,0,0
3591,PONDS MEN FACE WASH ACNO CLEAR OIL CONTROL PIMPLE & OIL FIGHTER 100GM,185,0,0,0,0,0,0,0,0,0,0,0,0,0,0
3592,PONDS WHITE BEAUTY DAILY SPOTLESS FACIAL FOAM 50GM,86,0,0,0,0,0,0,0,0,0,0,0,0,0,0
3593,PONDS FACE WASH WHITE BEAUTY SPOT-LESS FAIRNESS 50GM,75,0,0,0,0,0,0,0,0,0,0,0,0,0,0
3594,PONDS WHITE BEAUTY DAILY SPOTLESS FACIAL FOAM 20GM,32,0,0,0,0,0,0,0,0,0,0,0,0,0,0
3595,DOVE BEAUTY MOISTUR FACIAL CLEANSER 100GM,225,0,0,0,0,0,0,0,0,0,0,0,0,0,0
3596,PONDS FACE WASH WHITE BEAUTY SPOT-LESS FAIRNESS 100GM,140,2,0,0,0,0,0,0,0,0,0,0,0,0,2
3598,NEUTROGENA DEEP CLEAN BLACKHEAD DAILY SCRUB 40GM,129,0,0,0,0,0,0,0,0,0,0,0,0,0,0
3599,NEUTROGENA DEEP CLEAN BLACKHEAD DAILY SCRUB 100GM,299,0,0,0,0,0,0,0,0,0,0,0,0,0,0
3606,LAKME PEACH MILK MOISTURISER ALL SKIN TYPES 120ML,220,2,0,0,0,0,0,0,0,0,0,0,0,0,2
3607,LAKME MAXIMUM MOISTURISER PEACH MILK 200ML,290,0,0,0,0,0,0,0,0,0,0,0,0,0,0
3608,LAKME SUN EXPERT SOF50 ULTRA MATTE LOTION LIGHT & NON STICKY 100ML,450,1,0,0,0,0,0,0,0,0,0,0,0,0,1
3610,LAKME SUN EXPERT FAIRNESS SPF30 50ML,200,0,0,0,0,0,0,0,0,0,0,0,0,0,0
3611,LAKME SUN EXPERT ULTRA MATTE GEL SPF 30  LIGHT & NON STICKY 100ML,350,2,0,0,0,0,0,0,0,0,0,0,0,0,2
3612,LAKME SUN EXPERT FAIRNESS+UV LOTION SFP24 PA++ ALL SKIN,190,0,0,0,0,0,0,0,0,0,0,0,0,0,0
3614,BIOTIQUE BIO GREEN APPLE FRESH DAILY PURIFYING SHAMPOO & CONDITIONER 400ML,299,0,0,0,0,0,0,0,0,0,0,0,0,0,0
3615,BIOTIQUE BIO MARGOSA ANTI-DANDRUFF SHAMPOO & CONDITIONER 400ML,299,1,0,0,0,0,0,0,0,0,0,0,0,0,1
3616,BIOTIQUE BIO KELP PROTEIN SHAMPOO FOR FALLING HAIR 400ML,299,1,0,0,0,0,0,0,0,0,0,0,0,0,1
3617,BIOTIQUE BIO KELP PROTEIN SHAMPOO FOR FALLING HAIR 200ML,155,1,0,0,0,0,0,0,0,0,0,0,0,0,1
3618,BIOTIQUE BIO GREEN APPLE FRESH DAILY PURIFYING SHAMPOO & CONDITIONER 190ML,159,1,0,0,0,0,0,0,0,0,0,0,0,0,1
3619,BIOTIQUE BIO HONEY CREAM REJUVENATING BODY WASH 190ML,180,1,0,0,0,0,0,0,0,0,0,0,0,0,1
3620,BIOTIQUE BIO WINTER CHERRY REJUVENATING BODY NOURISHER 190ML,180,0,0,0,0,0,0,0,0,0,0,0,0,0,0
3621,NAVRATNA COOL TALC MINT FRESH 100GM,68,0,0,0,0,0,0,0,0,0,0,0,0,0,0
3622,AXE TALC PULSE 100GM,60,0,0,0,0,0,0,0,0,0,0,0,0,0,0
3623,AXE TALC DARK TEMPTATION 100GM,65,0,0,0,0,0,0,0,0,0,0,0,0,0,0
3624,AXE TALC SIGNATURE DENIM 100GM,65,0,0,0,0,0,0,0,0,0,0,0,0,0,0
3626,NIVEA TALC PURE GENTLE CARE 400GM,160,0,0,0,0,0,0,0,0,0,0,0,0,0,0
3627,NIVEA TALC MUSK GENTLE CARE 400GM,160,0,0,0,0,0,0,0,0,0,0,0,0,0,0
3628,NIVEA TALC PURE GENTLE CARE 100GM,70,0,0,0,0,0,0,0,0,0,0,0,0,0,0
3629,NIVEA TALC MUSK GENTLE CARE 100GM,70,0,0,0,0,0,0,0,0,0,0,0,0,0,0
3633,CINTHOL DEO TALC COOL 300GM,125,0,0,0,0,0,0,0,0,0,0,0,0,0,0
3634,CINTHOL DEO TALC LONG LASTING 100GM,45,0,0,0,0,0,0,0,0,0,0,0,0,0,0
3640,DABUR GULABARI GULAB JAL 250ML,75,2,0,0,0,0,0,0,0,0,0,0,0,0,2
3641,DERMI COOL REGULAR TALC 150GM,90,0,0,0,0,0,0,0,0,0,0,0,0,0,0
3642,EVERYUTH FACEWASH ALOE VERA 50GM,60,0,0,0,0,0,0,0,0,0,0,0,0,0,0
3643,EVERYUTH FACEWASH ALOE VERA 100GM,95,0,0,0,0,0,0,0,0,0,0,0,0,0,0
3645,EVERYUTH ULTRA MILD APRICOT SCRUB 100GM,110,0,0,0,0,0,0,0,0,0,0,0,0,0,0
3646,EVERYUTH NATURALS WALNUT APRICOT SCRUB 100GM,130,0,0,0,0,0,0,0,0,0,0,0,0,0,0
3647,EVERYUTH NATURAL GOLDEN GLOW PEEL-OFF MASK 90GM,115,0,0,0,0,0,0,0,0,0,0,0,0,0,0
3648,YARDLEY TALC ELEGANCE 250GM,160,1,0,0,0,0,0,0,0,0,0,0,0,0,1
3649,YARDLEY TALC GOLD 100GM,80,0,0,0,0,0,0,0,0,0,0,0,0,0,0
3651,YARDLEY TALC ROYAL RED ROSE 250GM,160,1,0,0,0,0,0,0,0,0,0,0,0,0,1
3652,YARDLEY TALC ENGLISH ROSE 100GM,85,0,0,0,0,0,0,0,0,0,0,0,0,0,0
3654,EMAMI TALC GOLDEN BEAUTY ALPINE DEW 2X100GM,70,0,0,0,0,0,0,0,0,0,0,0,0,0,0
3655,EMAMI TALC GOLDEN BEAUTY ALPINE DEW 2X400GM,199,0,0,0,0,0,0,0,0,0,0,0,0,0,0
3656,PASEO ELEGANT FICAL BOX 150SHEETS,125,0,0,0,0,0,0,0,0,0,0,0,0,0,0
3657,EVERYUTH LEMON FACEWASH OIL CLEAR 50GM,52,0,0,0,0,0,0,0,0,0,0,0,0,0,0
3658,EVERYUTH ORANGE PEEL-OFF MASK 50GM,70,0,0,0,0,0,0,0,0,0,0,0,0,0,0
3659,EVERYUTH NATURALS FAIRNESS PEEL-OFF MASK 30GM,50,0,0,0,0,0,0,0,0,0,0,0,0,0,0
3661,EVERYUTH 3IN1 NEEM FACE PACK 50GM,60,0,0,0,0,0,0,0,0,0,0,0,0,0,0
3662,LOREAL SHAMPOO FALL REPAIR 75ML,60,1,0,0,0,0,0,0,0,0,0,0,0,0,1
3663,PANTENE SHAMPOO HAIR FALL CONTROL 180ML,115,2,0,0,0,0,0,0,0,0,0,0,0,0,2
3668,CLINIC PLUS CONDITIONER SOFT & SILKY CREAM 80ML,58,0,0,0,0,0,0,0,0,0,0,0,0,0,0
3670,DOVE CONDITIONER DAMAGE THERAPY 40ML,38,0,0,0,0,0,0,0,0,0,0,0,0,0,0
3671,SUNSILK CONDITIONER RADIANT SHINE 80ML,58,0,0,0,0,0,0,0,0,0,0,0,0,0,0
3673,SUNSILK CONDITIONER STRONG & ABUNDANT 80ML,73,0,0,0,0,0,0,0,0,0,0,0,0,0,0
3676,GILLETTE MACH3 SUPER SAVER PACK,730,0,0,0,0,0,0,0,0,0,0,0,0,0,0
3685,COLGATE MOUTHWASH PLAX SENSITIVE 250ML,105,1,0,0,0,0,0,0,0,0,0,0,0,0,1
3687,YARDLEY DEO QUANTUM BODY SPRAY FRO MEN 150ML,190,0,0,0,0,0,0,0,0,0,0,0,0,0,0
3688,YARDLEY DEO GENTLEMAN ROYALE 150ML,190,0,0,0,0,0,0,0,0,0,0,0,0,0,0
3690,LIZOL DISINFECTANT SURFACE CLEANER JASMINE 500ML,89,4,0,0,0,0,0,0,0,0,0,0,0,0,4
3691,LIZOL DISINFECTANT SURFACE CLEANER JASMINE 1LTR,158,0,0,0,0,0,0,0,0,0,0,0,0,0,0
3692,COLIN ULTRA SHINE GLASS & HOUSEHOLD CLEANER LEMON 500ML,72,0,0,0,0,0,0,0,0,0,0,0,0,0,0
3693,HARPIC DISINFECTANT TOILET CLEANER FRESH CITRUS 650ML,80,0,0,0,0,0,0,0,0,0,0,0,0,0,0
3694,NAVRATNA COOL TALC MINT FRESH 400GM,165,0,0,0,0,0,0,0,0,0,0,0,0,0,0
3695,BORO PLUS TALCUM ICE ICY COOL 150GM,95,0,0,0,0,0,0,0,0,0,0,0,0,0,0
3696,BORO PLUS TALCUM ICE ICY COOL 50GM,30,0,0,0,0,0,0,0,0,0,0,0,0,0,0
3699,NIVEA SHOWER GEL FRESH POWERFRUIT 250ML,195,1,0,0,0,0,0,0,0,0,0,0,0,0,1
3702,DOMEX TOILET EXPERT ORIGINAL 500ML,78,0,0,0,0,0,0,0,0,0,0,0,0,0,0
3703,YARDLEY AFTER SHAVE LOTION ELEGANCE WITH ALOE VERA 100ML,205,2,0,0,0,0,0,0,0,0,0,0,0,0,2
3704,OLD SPICE AFTER SHAVE LOTION MUSK SMELL LIKE A MEN 50ML,120,1,0,0,0,0,0,0,0,0,0,0,0,0,1
3706,BRASSO METAL POLISH 90ML,80,1,0,0,0,0,0,0,0,0,0,0,0,0,1
3709,ODONIL NATURE AIR FRESHNER ORCHID DEW 50GM,34,0,0,0,0,0,0,0,0,0,0,0,0,0,0
3712,DETTOL HAND WASH SKINCARE LIQUID PUMP 200ML,87,2,0,0,0,0,0,0,0,0,0,0,0,0,2
3714,RIN PERFECT SHINE 70ML,16,0,0,0,0,0,0,0,0,0,0,0,0,0,0
3715,LIFEBUOY HANDWASH NATURE 185ML,46,3,0,0,0,0,0,0,0,0,0,0,0,0,3
3718,"HAMAM SOAP NEEM,TULSI & ALOE VERA 150GM",41,0,0,0,0,0,0,0,0,0,0,0,0,0,0
3719,PEARS SOAP SOFT &  FRESH 125GM,67,5,0,0,0,0,0,0,0,0,0,0,0,0,5
3721,DOVE DEO MEN SENSITIVE SHIELD 150ML,225,0,0,0,0,0,0,0,0,0,0,0,0,0,0
3722,DOVE SOAP FRESH MOISTURE BAR 75GM,48,5,0,0,0,0,0,0,0,0,0,0,0,0,5
3724,FIAMA SOAP GLYCERINE & OIL 75GM,36,0,0,0,0,0,0,0,0,0,0,0,0,0,0
3728,VIVEL SOAP ALOE VERA 125GM,25,0,0,0,0,0,0,0,0,0,0,0,0,0,0
3729,FIAMA DI WILLS GELBAR PURE RIO SPLASH 125GM,58,0,0,0,0,0,0,0,0,0,0,0,0,0,0
3730,DETTOL SOAP RE-ENERGIZE 2 X185ML,77,0,0,0,0,0,0,0,0,0,0,0,0,0,0
3733,DETTOL HAND WASH ORIGINAL LIQUID REFILL 175ML,40,3,0,0,0,0,0,0,0,0,0,0,0,0,3
3734,LUX SOAP FRESH SPLASH 100GM,27,1,0,0,0,0,0,0,0,0,0,0,0,0,1
3736,SANTOOR SOAP SANDAL & TURMERIC 4X100GM,90,3,0,0,0,0,0,0,0,0,0,0,0,0,3
3737,TIDE BAR 250GM,21,0,0,0,0,0,0,0,0,0,0,0,0,0,0
3738,RIN BAR 150GM,10,12,0,0,0,9,0,0,0,0,0,0,0,0,3
3739,WHEEL BAR GREEN 115GM,5,0,0,0,0,0,0,0,0,0,0,0,0,0,0
3740,VIM POWER OF 100 LEMONS 3X200GM,46,0,0,0,0,0,0,0,0,0,0,0,0,0,0
3741,NIVEA MEN AFTER SHAVE BALM FRESH ACTIVE 100ML,235,2,0,0,0,0,0,0,0,0,0,0,0,0,2
3746,MYSORE SANDAL SOAP 75GM,35,1,0,0,0,0,0,0,0,0,0,0,0,0,1
3747,MYSORE SANDAL SOAP 150GM,72,0,0,0,0,0,0,0,0,0,0,0,0,0,0
3748,MARGO SOAP ORIGINAL NEEM 100X4GM,75,0,0,0,0,0,0,0,0,0,0,0,0,0,0
3750,LIFEBUOY SOAP TOTAL PLUS 35GM,5,0,0,0,0,0,0,0,0,0,0,0,0,0,0
3751,JOHNSONS BABY SOAP 150GM,80,2,0,0,0,0,0,0,0,0,0,0,0,0,2
3753,JOHNSONS BABY SHAMPOO NO MORE TEARS 100ML,80,0,0,0,0,0,0,0,0,0,0,0,0,0,0
3754,JOHNSONS BABYNATURAL  MASSAGE OIL 100ML,99,0,0,0,0,0,0,0,0,0,0,0,0,0,0
3756,JOHNSONS BABY SHAMPOO NO MORE TEARS 475ML,307,1,0,0,0,0,0,0,0,0,0,0,0,0,1
3757,JOHNSONS BABY HAIR OIL 200ML,105,0,0,0,0,0,0,0,0,0,0,0,0,0,0
3758,JOHNSONS BABY OIL WITH VITAMIN E 200ML,165,1,0,0,0,0,0,0,0,0,0,0,0,0,1
3759,JOHNSONS BABY OIL 500ML,340,1,0,0,0,0,0,0,0,0,0,0,0,0,1
3764,JOHNSONS BABY POWDER 700GM,300,1,0,0,0,0,0,0,0,0,0,0,0,0,1
3766,JOHNSONS BABY POWDER BLOSSOMS 200GM,123,1,0,0,0,0,0,0,0,0,0,0,0,0,1
3767,JOHNSONS BABY POWDER 400GM,186,0,0,0,0,0,0,0,0,0,0,0,0,0,0
3771,SAVLON ANTISEPTIC 1LTR,253,0,0,0,0,0,0,0,0,0,0,0,0,0,0
3773,SAVLON SOAP GENTLE MOISTURISING 125GM,40,0,0,0,0,0,0,0,0,0,0,0,0,0,0
3774,SAVLON SOAP ALOE VRA GENTLE MOISTURISING 125GM,45,0,0,0,0,0,0,0,0,0,0,0,0,0,0
3776,AXE AFTERSHAVE DENIM LOTION 100GM,205,0,0,0,0,0,0,0,0,0,0,0,0,0,0
3778,GILLETTE MACH3 REFILLABLE RAZOR,125,0,0,0,0,0,0,0,0,0,0,0,0,0,0
3779,GILLETTE SHAVING GEL SENSITIVE 25GM,40,0,0,0,0,0,0,0,0,0,0,0,0,0,0
3781,GILLETTE  SHAVE GEL PURE & SENSITIVE 195GM,299,2,0,0,0,0,0,0,0,0,0,0,0,0,2
3782,OLD SPICE DEO AFTER PARTY 150ML,199,0,0,0,0,0,0,0,0,0,0,0,0,0,0
3783,PARK AVENUE DEO ENTICE 50GM,135,0,0,0,0,0,0,0,0,0,0,0,0,0,0
3790,MCVITIES DIGESTIVE WHOLE WHEAT 500GM,100,0,0,0,0,0,0,0,0,0,0,0,0,0,0
3791,GILLETTE SHAVING FOAM REGULAR 196GM,185,1,0,0,0,0,0,0,0,0,0,0,0,0,1
3793,YARDLEY DEO GOLD FOR MEN 150ML,190,0,0,0,0,0,0,0,0,0,0,0,0,0,0
3794,NIVEA MEN SHAVING FOAM EXTRA MOISTURE ORIGINALS 200ML,199,0,0,0,0,0,0,0,0,0,0,0,0,0,0
3795,GILLETTE SERIES AFTER SHAVEN SPLASH COOL WAVE 50ML,268,0,0,0,0,0,0,0,0,0,0,0,0,0,0
3796,GILLETTE FUSION EDITION TRAVEL PACK,299,0,0,0,0,0,0,0,0,0,0,0,0,0,0
3797,GILLETTE SHAVING FOAM REGULAR 418GM,199,2,0,0,0,0,0,0,0,0,0,0,0,0,2
3799,ODOMOS MOSQUITO REPELLENT CREAM ALOE VERA 100GM,78,0,0,0,0,0,0,0,0,0,0,0,0,0,0
3800,SURE ROLLON MEN SPORT 40ML,90,0,0,0,0,0,0,0,0,0,0,0,0,0,0
3804,WILD STONE AFTER SHAVE LOTION ULTRA SENSUAL 50ML,105,0,0,0,0,0,0,0,0,0,0,0,0,0,0
3807,DOVE CONDITIONER DAMAGE THERAPY 180ML,186,0,0,0,0,0,0,0,0,0,0,0,0,0,0
3815,LIA CHANDANAM DIVINE & SOOTHING 280GM,100,0,0,0,0,0,0,0,0,0,0,0,0,0,0
3818,CYCLE THREE IN ONE AGARBATHIES 19GM,10,21,0,0,0,5,0,0,0,0,0,0,0,0,16
3820,CYCLE SANDALUM AGARBATHIES 65GM,30,3,0,0,0,0,0,0,0,0,0,0,0,0,3
3821,LIA PRIME ROSE AGARBATHIES 20GM,10,-2,0,0,0,0,0,0,0,0,0,0,0,0,-2
3823,HERITAGE GOLD DUBAR BASMATI RICE 1KG,80,0,0,0,0,0,0,0,0,0,0,0,0,0,0
3824,COLGATE TOOTH PASTE SENSITIVE PRO RELIEF ENAMEL REPAIR 70GM,130,0,0,0,0,0,0,0,0,0,0,0,0,0,0
3826,COLGATE TOOTH PASTE HERBAL 100GM,51,0,0,0,0,0,0,0,0,0,0,0,0,0,0
3828,CLOSEUP TOOTH PASTE MILK CALCIUM FILLED GEL,67,0,0,0,0,0,0,0,0,0,0,0,0,0,0
3829,CLOSEUP TOOTH PASTE DEEP ACTION MENTHOL FRESH 150GM,94,1,0,0,0,0,0,0,0,0,0,0,0,0,1
3830,SENSODYNE FRESH GEL 80GM,99,3,0,0,0,0,0,0,0,0,0,0,0,0,3
3831,PEPSODENT TOOTH PASTE CENTERFRESH 150GM,90,0,0,0,0,0,0,0,0,0,0,0,0,0,0
3835,SENSODYNE FRESH GEL 40GM,60,0,0,0,0,0,0,0,0,0,0,0,0,0,0
3836,COLGATE TOOTH PASTE BARBIE KIDS 80GM,79,1,0,0,0,0,0,0,0,0,0,0,0,0,1
3838,PEPSODENT TOOTH PASTE COMPLETE GUM CARE 70GM,50,0,0,0,0,0,0,0,0,0,0,0,0,0,0
3841,CHERRY BLOSSOM NEUTRAL HANDY SHINE 1N,65,7,0,0,0,0,0,0,0,0,0,0,0,0,7
3842,CHERRY BLOSSOM EXPREZZ WHITE CLEANER 90GM,45,4,0,0,0,0,0,0,0,0,0,0,0,0,4
3843,KIWI WHITENER CANVAS,24,0,0,0,0,0,0,0,0,0,0,0,0,0,0
3844,KIWI EXPRESS SHINE NEUTRAL SPONG 7ML,65,4,0,0,0,1,0,0,0,0,0,0,0,0,3
3851,GATSBY STYLING WAX HARD & FREE 75GM,180,0,0,0,0,0,0,0,0,0,0,0,0,0,0
3852,GATSBY SUPER HARD HAIR SPRAY 200ML,140,0,0,0,0,0,0,0,0,0,0,0,0,0,0
3855,MORTEIN NATURGARD MOSQUITO KILLER 425ML,175,0,0,0,0,0,0,0,0,0,0,0,0,0,0
3858,MORTEIN DENGUE MOSQUITOES ALL INSECT KILLER 400ML,165,-3,0,0,0,0,0,0,0,0,0,0,0,0,-3
3862,DABUR AMLA HAIR OIL 450ML,199,0,0,0,0,0,0,0,0,0,0,0,0,0,0
3863,DABUR GULABARI 120ML,45,2,0,0,0,0,0,0,0,0,0,0,0,0,2
3864,PAMPERS BABY DRY PANTS NWE BABY UP TO 5KG 10PANTS,80,2,0,0,0,0,0,0,0,0,0,0,0,0,2
3865,PAMPERS BABY DRY XL 5 DIAPERS,97,0,0,0,0,0,0,0,0,0,0,0,0,0,0
3866,PAMPERS PREMIUM CARE PANTS MEDIUM EXTRA ABSORB CHANNELS 20PANTS,375,0,0,0,0,0,0,0,0,0,0,0,0,0,0
3867,PAMPERS BABY DRY PANTS EXTRA LARGE 20PANTS,389,2,0,0,0,0,0,0,0,0,0,0,0,0,2
3868,PAMPERS NEW BABY UPTO 5KG 24 DIAPERS,325,0,0,0,0,0,0,0,0,0,0,0,0,0,0
3870,PAMPERS PANTS NEW BABY XS 24 PANTS,264,0,0,0,0,0,0,0,0,0,0,0,0,0,0
3871,PAMPERS BABY DRY MEDIUM 5DIAPERS,70,2,0,0,0,1,0,0,0,0,0,0,0,0,1
3872,PAMPERS BABY PANTS LIGHT & DRY SMALL 20DIAPERS,229,0,0,0,0,0,0,0,0,0,0,0,0,0,0
3878,PAMPERS BABY PANTS LIGHT & DRY LARGE 46DIAPERS,499,0,0,0,0,0,0,0,0,0,0,0,0,0,0
3885,PAMPERS XL MAGIC GEL 16 PANTS DIAPERS,299,0,0,0,0,0,0,0,0,0,0,0,0,0,0
3886,PAMPERS BABY DRY OANTS MEDIUM 38PANTS,499,0,0,0,0,0,0,0,0,0,0,0,0,0,0
3887,PAMPERS BABY DRY NB SMALL 11 DIAPERS,139,2,0,0,0,0,0,0,0,0,0,0,0,0,2
3891,VASELINE LIP CARE TOTAL MOISTURE 10GM,45,5,0,0,0,0,0,0,0,0,0,0,0,0,5
3893,CLINIC PLUS SHAMPOO STRONG SCALP 80ML,45,0,0,0,0,0,0,0,0,0,0,0,0,0,0
3894,CLINIC PLUS SHAMPOO STRONG&LONG HEALTH 80ML,45,1,0,0,0,0,0,0,0,0,0,0,0,0,1
3896,LAKME SUN EXPERT ULTRA MATTE GEL SPF 50 LIGHT & NON STICKY 50ML,300,1,0,0,0,0,0,0,0,0,0,0,0,0,1
3897,AXE SIGNATURE TALC DENIM 300GM,125,2,0,0,0,0,0,0,0,0,0,0,0,0,2
3899,LAKME FRUIT MOISTURE PEACH MILK 120ML,195,0,0,0,0,0,0,0,0,0,0,0,0,0,0
3900,VASELINE LIP THERAPY ORIGINAL 4GM,150,0,0,0,0,0,0,0,0,0,0,0,0,0,0
3902,AXE DEO PULSE 150ML,190,0,0,0,0,0,0,0,0,0,0,0,0,0,0
3904,VASELINE INTENSIVE CARE ALOE SOOTHE DRY SKIN PUMP 400ML,265,1,0,0,0,0,0,0,0,0,0,0,0,0,1
3906,PONDS MOISTURISING COLD CREAM 55ML,82,0,0,0,0,0,0,0,0,0,0,0,0,0,0
3915,CAREFREE EXTRA LARGE SANITARY PADS 10 BELT,85,0,0,0,0,0,0,0,0,0,0,0,0,0,0
3920,WHISPER ULTRA NIGHT XL 7PADS,85,3,0,0,0,0,0,0,0,0,0,0,0,0,3
3921,WHISPER MAXI NIGHTS XL WINGS 15PADS,182,3,0,0,0,0,0,0,0,0,0,0,0,0,3
3922,WHISPER MAXI FIT REGULAR 15PADS,143,2,0,0,0,0,0,0,0,0,0,0,0,0,2
3923,WHISPER ULTRA SOFT LWINGS 8PADS,80,0,0,0,0,0,0,0,0,0,0,0,0,0,0
3924,WHISPER ULTRA CLEAN REGULAR 15PADS,125,0,0,0,0,0,0,0,0,0,0,0,0,0,0
3925,WHISPER CHOICE REGULAR 8PADS,29,0,0,0,0,0,0,0,0,0,0,0,0,0,0
3927,WHISPER MAXI FIT REGULAR 8PADS,80,0,0,0,0,0,0,0,0,0,0,0,0,0,0
3928,WHISPER MAXI FIT L WINGS 8PADS,80,1,0,0,0,0,0,0,0,0,0,0,0,0,1
3934,VIM DISHWASH POWDER 1KG,24,0,0,0,0,0,0,0,0,0,0,0,0,0,0
3935,VIM LIQUID POWER OF 100 LEMONS 140ML,20,2,0,0,0,0,0,0,0,0,0,0,0,0,2
3936,WHEEL ACTIVE POWDER LEMON GREEN 1KG,52,0,0,0,0,0,0,0,0,0,0,0,0,0,0
3938,WHISPER ULTRA CLEAN  XL 15PADS,143,9,0,0,0,1,0,0,0,0,0,0,0,0,8
3939,WHISPER ULTRA CLEAN L WINGS 8PADS,80,7,0,0,0,0,0,0,0,0,0,0,0,0,7
3940,WHISPER ULTRA NIGHT XL 15PADS,175,10,0,0,0,0,0,0,0,0,0,0,0,0,10
3941,WHISPER ULTRA CLEAN XL+ WINGS 15PADS,165,8,0,0,0,0,0,0,0,0,0,0,0,0,8
3942,WHISPER ULTRA CLEAN+ ULTRA NIGHTS PADS,154,0,0,0,0,0,0,0,0,0,0,0,0,0,0
3944,LAKME SUN EXPERT FAIRNESS+UV LOTION SPF30 ALL SKIN TYPER 50ML,200,0,0,0,0,0,0,0,0,0,0,0,0,0,0
3946,LEONARDO EXTRA VIRGIN OLIVE OIL 500ML,649,0,0,0,0,0,0,0,0,0,0,0,0,0,0
3948,LEONARDO OLIVE POMACE OIL 500ML,389,0,0,0,0,0,0,0,0,0,0,0,0,0,0
3949,TILSONA TIL OIL 200ML,64,2,0,0,0,1,0,0,0,0,0,0,0,0,1
3950,LEONARDO OLIVE OIL EXTRA LIGHT 2LTR,2199,0,0,0,0,0,0,0,0,0,0,0,0,0,0
3952,RAMDEV STRONG HING 50GM,110,0,0,0,0,0,0,0,0,0,0,0,0,0,0
3953,RAMDEV STRONG HING 100GM,170,0,0,0,0,0,0,0,0,0,0,0,0,0,0
3954,RAMDEV STRONG HING 25GM,60,11,0,0,0,0,0,0,0,0,0,0,0,0,11
3955,RAMDEV STRONG HING 10GM,27,0,0,0,0,0,0,0,0,0,0,0,0,0,0
3956,RAMDEV CORIANDER POWDER 100GM,27,33,0,0,0,1,0,0,0,0,0,0,0,0,32
3961,ARAROOT 100GM,5,0,0,0,0,0,0,0,0,0,0,0,0,0,0
3962,DABUR HOMMADE TOMATO PUREE 200GM,25,10,0,0,0,0,0,0,0,0,0,0,0,0,10
3963,AMUL PURE GHEE 500ML,255,0,0,0,0,0,0,0,0,0,0,0,0,0,0
3964,COLGATE MOUTHWASH PLAX FRESH TEA 60ML,25,0,0,0,0,0,0,0,0,0,0,0,0,0,0
3966,VERKA GHEE 500ML,225,11,0,0,0,1,0,0,0,0,0,0,0,0,10
3967,PAMPERS PANTS NEW BABY XS 8 PANTS,88,0,0,0,0,0,0,0,0,0,0,0,0,0,0
3968,MDH AMCHOOR POWDER 100GM,66,0,0,0,0,0,0,0,0,0,0,0,0,0,0
3969,MDH CHUNKY CHAT MASALA 100GM,60,34,0,0,0,0,0,0,0,0,0,0,0,0,34
3970,CATCH JALJEERA 100GM,52,0,0,0,0,0,0,0,0,0,0,0,0,0,0
3974,CATCH SHAHI PANEER MASALA 100GM,76,8,0,0,0,0,0,0,0,0,0,0,0,0,8
3977,MDH CHANA MASALA 100GM,59,27,0,0,0,0,0,0,0,0,0,0,0,0,27
3991,WILD STONE TALCUM HYDRA ENERGY DEO 100GM,70,0,0,0,0,0,0,0,0,0,0,0,0,0,0
3993,CLEAN AND DRY INTIMATE WASH DAILY 90ML,150,0,0,0,0,0,0,0,0,0,0,0,0,0,0
3994,DABUR ODOMOS MOSQUITO REPELLENT CREAM 50GM,47,0,0,0,0,0,0,0,0,0,0,0,0,0,0
3995,DETTOL HAND SANITIZER 200ML,260,3,0,0,0,0,0,0,0,0,0,0,0,0,3
3998,PARK AVENUE DEO EMPAWER 135ML,180,0,0,0,0,0,0,0,0,0,0,0,0,0,0
3999,PARK AVENUE SHAVING FOAM MOISTURISING 200ML,150,0,0,0,0,0,0,0,0,0,0,0,0,0,0
4000,PREMIUM EAU DE COLONGE 100ML,100,0,0,0,0,0,0,0,0,0,0,0,0,0,0
4001,PARK AVENUE DEO ALEXANDER FOE MAN WITH CLASS 120ML,199,0,0,0,0,0,0,0,0,0,0,0,0,0,0
4002,PARK AVENUE DEO ELEVATE 25GM,79,0,0,0,0,0,0,0,0,0,0,0,0,0,0
4003,MORTEIN POWERGARD ALL INSECT KILLER  625ML,240,0,0,0,0,0,0,0,0,0,0,0,0,0,0
4004,DETTOL HAND WASH LIQUID SENSITIVE 185ML,39,0,0,0,0,0,0,0,0,0,0,0,0,0,0
4005,DABUR HONEY 400GM,175,0,0,0,0,0,0,0,0,0,0,0,0,0,0
4025,GILLETTE SHAVING GEL CONDITIONING SOIN REVITALISANT 196GM,299,0,0,0,0,0,0,0,0,0,0,0,0,0,0
4027,GILLETTE FUSION HYDRA GEL SENSITIVE 75ML,129,0,0,0,0,0,0,0,0,0,0,0,0,0,0
4028,GILLETTE SHAVE GEL FUSION HYDRA GEL ULTRA PROTECTION 195GM,375,0,0,0,0,0,0,0,0,0,0,0,0,0,0
4029,SHAGUN ENVELOP RS.55,55,1,0,0,0,0,0,0,0,0,0,0,0,0,1
4030,SHAGUN ENVELOP RS.75,75,9,0,0,0,0,0,0,0,0,0,0,0,0,9
4031,SHAGUN ENVELOP RS.140,140,1,0,0,0,0,0,0,0,0,0,0,0,0,1
4032,SHAGUN ENVELOP 37,37,0,0,0,0,0,0,0,0,0,0,0,0,0,0
4033,SHAGUN ENVELOP RS.15,15,0,0,0,0,0,0,0,0,0,0,0,0,0,0
4034,OLD SPICE AFTER SHAVE LOTION MUSK ATOMISER 150ML,270,3,0,0,0,0,0,0,0,0,0,0,0,0,3
4035,GATSBY DEODORANT 150ML,150,0,0,0,0,0,0,0,0,0,0,0,0,0,0
4037,GILLETTE AFTER SHAVE SPLASH ARCTIC ICE BOLD 50ML,268,2,0,0,0,0,0,0,0,0,0,0,0,0,2
4039,YARDLEY DEO CHARMING PRINCESS 150ML,190,0,0,0,0,0,0,0,0,0,0,0,0,0,0
4040,GILLETTE SATIN CARE FOR WOMEN,43,0,0,0,0,0,0,0,0,0,0,0,0,0,0
4041,GILLETTE PRESTO BUY 3 GET 1 FREE,72,0,0,0,0,0,0,0,0,0,0,0,0,0,0
4042,GILLETTE 7 O CLOCK STAINLESS BLADE 5 PIECES,30,18,0,0,0,0,0,0,0,0,0,0,0,0,18
4046,JOHNSONS BABY SKINCARE 20WIPES,70,1,0,0,0,0,0,0,0,0,0,0,0,0,1
4047,LAURELS PREMIUM SOFT SERVIETTES 2PLY,45,0,0,0,0,0,0,0,0,0,0,0,0,0,0
4050,MEDINI SANDAL DELUXE DHOOP,12,0,0,0,0,0,0,0,0,0,0,0,0,0,0
4053,LAURELS SOFT FACE TISSUE BOX,45,0,0,0,0,0,0,0,0,0,0,0,0,0,0
4055,COSCO CRICKET BALL,63,1,0,0,0,0,0,0,0,0,0,0,0,0,1
4056,LIFEBUOY HAND SANITIZER 55ML,60,0,0,0,0,0,0,0,0,0,0,0,0,0,0
4057,REVLON COLOR 1WN SOFTBLACK,380,0,0,0,0,0,0,0,0,0,0,0,0,0,0
4059,REVLON COLOR 3RB DARK MAHOGANY BROWN,380,0,0,0,0,0,0,0,0,0,0,0,0,0,0
4063,PAMPERS PREMIUM PANTS ULTRA SOFT MEDIUM 20DIAPERS,375,0,0,0,0,0,0,0,0,0,0,0,0,0,0
4064,PAMPERS BABY DRY MEDIUM 42PANTS DIAPERS MAGIC GEL,499,0,0,0,0,0,0,0,0,0,0,0,0,0,0
4065,PAMPERS XL 12+KG PANTS 2 DIAPERS,37,0,0,0,0,0,0,0,0,0,0,0,0,0,0
4066,PAMPERS PREMIUM PANTS ULTRA SOFT & DRY MEDIUM 9DIAPERS,170,0,0,0,0,0,0,0,0,0,0,0,0,0,0
4070,PAMPERS PREMIUM PANTS ULTRA SOFT & DRY LARGE 20DIAPERS,410,-1,0,0,0,0,0,0,0,0,0,0,0,0,-1
4071,PAMPERS ACTIVE BABY LARGE 9-14KG 50 DIAPERS,870,0,0,0,0,0,0,0,0,0,0,0,0,0,0
4073,MAMY POKO PANTS 12KG XL 7DIAPERS,125,0,0,0,0,0,0,0,0,0,0,0,0,0,0
4074,MAMY POKO PANTS 7-12KG (M) 9DIAPERS,110,0,0,0,0,0,0,0,0,0,0,0,0,0,0
4076,MAMY POKO PANTS 7-12KG (M) 1DIAPER,13,0,0,0,0,0,0,0,0,0,0,0,0,0,0
4077,MAMY POKO PANTS 4-8KG (S) 9DIAPERS,99,0,0,0,0,0,0,0,0,0,0,0,0,0,0
4078,MAMY POKO PANTS 4-8KG (S) 4DIAPERS,44,0,0,0,0,0,0,0,0,0,0,0,0,0,0
4079,PAMPERS BABY DRY 9-14KG (L) 9 PANT DIAPERS,125,0,0,0,0,0,0,0,0,0,0,0,0,0,0
4080,PASEO ELEGANT FACIAL SOFTNESS,12,0,0,0,0,0,0,0,0,0,0,0,0,0,0
4081,YARDLEY SOAP ENGLISH LAVENDER 100GM,62,0,0,0,0,0,0,0,0,0,0,0,0,0,0
4082,YARDLEY SOAP ENGLISH ROSE 100GM,56,0,0,0,0,0,0,0,0,0,0,0,0,0,0
4083,YARDLEY SOAP ENGLISH ROSE 3X100GM,180,0,0,0,0,0,0,0,0,0,0,0,0,0,0
4084,YARDLEY SOAP SANDALWOOD 3X100GM,177,1,0,0,0,0,0,0,0,0,0,0,0,0,1
4087,CINTHOL SOAP LIME 3X125GM,94,0,0,0,0,0,0,0,0,0,0,0,0,0,0
4088,FAIR GLOW SOAP SET 4X75GM,68,0,0,0,0,0,0,0,0,0,0,0,0,0,0
4089,HIT KILLS HIDDEN COCKROACHES 225ML,98,0,0,0,0,0,0,0,0,0,0,0,0,0,0
4090,MORTEIN POWERGARD MACHINE + REFILL COMBI PACK,72,0,0,0,0,0,0,0,0,0,0,0,0,0,0
4093,MR MUSCLE KITCHEN CLEANER ORANGE 500ML,90,2,0,0,0,0,0,0,0,0,0,0,0,0,2
4094,GOOD KNIGHT ADVANCED ACTIV+SYSTEM,85,8,0,0,0,0,0,0,0,0,0,0,0,0,8
4095,VIM DOUBLE POWER NEEM ANTIGERM LIQUID 500ML,120,0,0,0,0,0,0,0,0,0,0,0,0,0,0
4097,COMFORT FABRIC CONDITIONER FRAGRANCE PEARLS AFTER WASH BLUE 800ML,205,2,0,0,0,0,0,0,0,0,0,0,0,0,2
4098,ARIEL COMPLETE COLOUR & STYLE 500GM,94,0,0,0,0,0,0,0,0,0,0,0,0,0,0
4099,ARIEL MATIC FRONT LOAD BOX 1KG,265,2,0,0,0,0,0,0,0,0,0,0,0,0,2
4102,ARIEL BRILLIANT CLEANING IN 1 WASH 3KG,430,0,0,0,0,0,0,0,0,0,0,0,0,0,0
4103,ARIEL MATIC FRONT & TOP LOAD 500GM,120,0,0,0,0,0,0,0,0,0,0,0,0,0,0
4104,ARIEL MATIC TOP & FRONT LOAD BOX 2KG,480,0,0,0,0,0,0,0,0,0,0,0,0,0,0
4105,TIDE POWER JASMINE & ROSE 2KG,196,0,0,0,0,0,0,0,0,0,0,0,0,0,0
4106,TIDE PLUS POWDER 2KG,187,0,0,0,0,0,0,0,0,0,0,0,0,0,0
4107,TIDE PLUS JASMINE & ROSE 4KG,389,0,0,0,0,0,0,0,0,0,0,0,0,0,0
4108,SURF EXCEL QUICKWASH POWDER 200GM,38,0,0,0,0,0,0,0,0,0,0,0,0,0,0
4109,SURF EXCEL QUICKWASH POWDER 1KG,170,3,0,0,0,0,0,0,0,0,0,0,0,0,3
4112,RIN POWDER REFRESH LEMON  AND ROSE 1KG,74,1,0,0,0,0,0,0,0,0,0,0,0,0,1
4113,RIN POWDER 125GM,10,0,0,0,0,0,0,0,0,0,0,0,0,0,0
4115,WHISPER MAXI FIT L WINGS 15 PADS,143,1,0,0,0,0,0,0,0,0,0,0,0,0,1
4116,VIM ULTRA POWDER 1KG,33,0,0,0,0,0,0,0,0,0,0,0,0,0,0
4118,WHEEL POWDER LEMON & ORANGE 1KG,48,0,0,0,0,0,0,0,0,0,0,0,0,0,0
4119,WHEEL POWDER LEMON & JASMINE 4KG,180,0,0,0,0,0,0,0,0,0,0,0,0,0,0
4120,SURF EXCEL QUICKWASH POWDER 2KG,380,0,0,0,0,0,0,0,0,0,0,0,0,0,0
4121,SURF EXCEL MATIC TOP LOAD BOX 1KG,225,8,0,0,0,0,0,0,0,0,0,0,0,0,8
4125,HARPIC POWER PLUS ALL IN 1 ORIGINAL 200ML,35,8,0,0,0,3,0,0,0,0,0,0,0,0,5
4126,SCOTCH BRITE HEAVY DUTY 1 PADS,35,18,0,0,0,0,0,0,0,0,0,0,0,0,18
4127,SCOTCH BRITE SCRUB PAD 10CMX14CM BUY2GET1FREE,70,0,0,0,0,0,0,0,0,0,0,0,0,0,0
4128,SCOTCH BRITE SCRUB PAD 3M,15,15,0,0,0,2,0,0,0,0,0,0,0,0,13
4129,COLGATE TOOTH BRUSH SLIM SOFT DEEP CLEANING,55,0,0,0,0,0,0,0,0,0,0,0,0,0,0
4130,COLGATE TOOTH BRUSH SLIM SOFT PACK OF 2,95,0,0,0,0,0,0,0,0,0,0,0,0,0,0
4131,COLGATE TOOTH BRUSH 360 FLOSS TIP SOFT,89,0,0,0,0,0,0,0,0,0,0,0,0,0,0
4132,ORAB-B TOOTH BRUSH PRO HEALTH SENSITIVE EXTRA SOFT 1N,75,0,0,0,0,0,0,0,0,0,0,0,0,0,0
4133,ORAL-B PRO-HEALTH MULTI PROTECTION+ SENSITIVITY PACK,85,0,0,0,0,0,0,0,0,0,0,0,0,0,0
4134,ORAL-B PRO-HEALTH SUPERIOR CLEAN SOFT,65,0,0,0,0,0,0,0,0,0,0,0,0,0,0
4135,ORAL-B TOOTH BRUSH WITH NEEM EXTRACT MEDIUM 1NOS,35,0,0,7,0,0,0,0,0,0,0,0,0,0,7
4141,BAMBI CUFF & COLLAR CLEANER 200ML,55,2,0,0,0,0,0,0,0,0,0,0,0,0,2
4146,HALDIRAMS SALTED BANANA CHIPS 200GM,52,7,0,0,0,0,0,0,0,0,0,0,0,0,7
4148,SABU DANA MIXTURE 250GM,46,0,0,0,0,0,0,0,0,0,0,0,0,0,0
4149,FLOOR CLEANER 1LTR,40,0,0,0,0,0,0,0,0,0,0,0,0,0,0
4154,FLY KILLER RS.20,20,0,0,0,0,0,0,0,0,0,0,0,0,0,0
4160,SCOTCH BRITE TOILET BRUSH (DOUBLE SIDED),190,0,0,0,0,0,0,0,0,0,0,0,0,0,0
4161,SCOTCH BRITE TOILET BRUSH (SINGLE SIDED),140,2,0,0,0,1,0,0,0,0,0,0,0,0,1
4162,DUST PAN WONDER SMART PLASTIC,44,0,0,0,0,0,0,0,0,0,0,0,0,0,0
4164,DUST PAN RS.45,45,0,0,0,0,0,0,0,0,0,0,0,0,0,0
4165,FLOOR TODAY FLOOR WIPER,102,1,0,0,0,0,0,0,0,0,0,0,0,0,1
4166,CLASSIC FLOOR WIPER SMALL,105,0,0,0,0,0,0,0,0,0,0,0,0,0,0
4167,FLOOR WIPER RS.150,150,0,0,0,0,0,0,0,0,0,0,0,0,0,0
4168,CLASSIC FLOOR WIPER BIG,310,6,0,0,0,0,0,0,0,0,0,0,0,0,6
4171,DUSTER CHECK COTTON,25,51,0,0,0,0,0,0,0,0,0,0,0,0,51
4172,COOKSMART COTTON APRONS,95,3,0,0,0,0,0,0,0,0,0,0,0,0,3
4173,POCHHA FLOOR SMALL,25,-8,0,0,0,0,0,0,0,0,0,0,0,0,-8
4174,LOCK RS.150,150,0,0,0,0,0,0,0,0,0,0,0,0,0,0
4175,LOCK RS.60,60,0,0,0,0,0,0,0,0,0,0,0,0,0,0
4176,LOCK RS.50,50,0,0,0,0,0,0,0,0,0,0,0,0,0,0
4177,LOCK RS.40,40,0,0,0,0,0,0,0,0,0,0,0,0,0,0
4178,LOCK RS.57,57,0,0,0,0,0,0,0,0,0,0,0,0,0,0
4179,LOCK RS.120,120,0,0,0,0,0,0,0,0,0,0,0,0,0,0
4180,CLINIC PLUS SHAMPOO STRONG&LONG HEALTH 175ML,75,0,0,0,0,0,0,0,0,0,0,0,0,0,0
4181,HIMALAYA SHAMPOO ANTI-HAIR FALL ALL HAIR TYPES 100ML,68,2,0,0,0,0,0,0,0,0,0,0,0,0,2
4182,SAFEWASH LIQUID DETERGENT MEGAOFFER 1KG,360,1,0,0,0,0,0,0,0,0,0,0,0,0,1
4185,HEAD & SHOULDER SHAMPOO SILKY BLACK 675ML,485,1,0,0,0,0,0,0,0,0,0,0,0,0,1
4187,HALDIRAMS PUNJABI MASALA PAPAD SPICY 200GM,55,5,0,0,0,0,0,0,0,0,0,0,0,0,5
4191,MOTHERS RECIPE MOONG PAPAD 200GM,68,3,0,0,0,0,0,0,0,0,0,0,0,0,3
4192,JABSONS KHAKHRA GOL GAPPA PANIPURI MASALA 180GM,50,0,0,0,0,0,0,0,0,0,0,0,0,0,0
4193,LIJJAT PAPAD 200GM,50,8,0,0,0,1,0,0,0,0,0,0,0,0,7
4194,ZANDU BALM 8ML,35,0,0,0,0,0,0,0,0,0,0,0,0,0,0
4195,VICKS VAPORUB 10ML,32,6,0,0,0,0,0,0,0,0,0,0,0,0,6
4196,VICKS VAPORUB 5ML,18,3,0,0,0,0,0,0,0,0,0,0,0,0,3
4198,BOROLINE ANTISEPTIC AYURVEDIC CREAM 40GM,65,2,0,0,0,0,0,0,0,0,0,0,0,0,2
4200,NAPHTHALENE BALLS 200GM,75,0,0,0,0,0,0,0,0,0,0,0,0,0,0
4205,PEPSODENT TOOTH PASTE GERMI CHECK HEALTHY FRESH 200GM,80,0,0,0,0,0,0,0,0,0,0,0,0,0,0
4206,PEPSODENT TOOTH PASTE EXPERT PROTECTION GUM CARE 150GM,98,0,0,0,0,0,0,0,0,0,0,0,0,0,0
4207,CLOSEUP TOOTH PASTE DEEP ACTION RED HOT 150GM,82,0,0,0,0,0,0,0,0,0,0,0,0,0,0
4209,CLOSEUP TOOTH PASTE RED HOT 300GM,163,0,0,0,0,0,0,0,0,0,0,0,0,0,0
4214,COLGATE TOOTH PASTE CAVIY PROTECTION 23GM,10,0,0,0,0,0,0,0,0,0,0,0,0,0,0
4215,LOTUS LEMONPURE TURMERIC & LEMON CLEANSING MILK NORMAL TO DRY SKIN 80ML,225,0,0,0,0,0,0,0,0,0,0,0,0,0,0
4218,NEUTROGENA RAPID WRINKLE REPAIR EYE CREAM 14ML,599,0,0,0,0,0,0,0,0,0,0,0,0,0,0
4219,NEUTROGENA FINE FAIRNESS BRIGHTENING SERUM 30ML,799,0,0,0,0,0,0,0,0,0,0,0,0,0,0
4223,OLAY NATURAL WHITE UV PROTECTION INSTANTGLOWING FAIRNESS 40GM,199,0,0,0,0,0,0,0,0,0,0,0,0,0,0
4224,OLAY AGE PROTECT ANTI AGEING CREAM 40GM,290,0,0,0,0,0,0,0,0,0,0,0,0,0,0
4230,LOTUS WHITE GLOW 3IN1 DEEP CLEANSING FACIAL FOAM 50GM,120,0,0,0,0,0,0,0,0,0,0,0,0,0,0
4233,COCA COLA DIET 300ML,20,0,0,0,0,0,0,0,0,0,0,0,0,0,0
4234,THUMS UP BOTTLE 1.25LTR,60,1,0,0,0,0,0,0,0,0,0,0,0,0,1
4235,COKE DIET CAN 300ML,35,0,0,0,0,0,0,0,0,0,0,0,0,0,0
4236,COCA COLA CAN 300ML,35,26,0,0,0,0,0,0,0,0,0,0,0,0,26
4239,LIMCA CAN 300ML,35,0,0,0,0,0,0,0,0,0,0,0,0,0,0
4240,MAAZA MANGO CAN 240ML,20,22,0,0,0,0,0,0,0,0,0,0,0,0,22
4242,VEGA TRIMMER VHTH 05,999,1,0,0,0,0,0,0,0,0,0,0,0,0,1
4244,VEGA FOOT SCRUBBER RS.140,140,2,0,0,0,0,0,0,0,0,0,0,0,0,2
4245,VEGA DRY BRUSH RS.70,70,0,0,0,0,0,0,0,0,0,0,0,0,0,0
4246,VEGA BABY BRUSH RS.490,490,0,0,0,0,0,0,0,0,0,0,0,0,0,0
4248,FERRERO ROCHER 62.5GM,140,7,0,0,0,0,0,0,0,0,0,0,0,0,7
4249,VEGA CLEANSING SPONGE 4N,170,2,0,0,0,0,0,0,0,0,0,0,0,0,2
4250,FERRERO ROCHER 200GM,475,0,0,0,0,0,0,0,0,0,0,0,0,0,0
4259,GARNIER FACEWASH PURE ACTIVE REAL NEEM 50ML,55,0,0,0,0,0,0,0,0,0,0,0,0,0,0
4261,CLEAN & CLEAR FACEWASH DEEP ACTION 80ML,95,0,0,0,0,0,0,0,0,0,0,0,0,0,0
4262,LAKME FACEWASH PERFECT RADIANCE 50GM,130,0,0,0,0,0,0,0,0,0,0,0,0,0,0
4263,HIMALAYA ANTI-DANDRUFF HAIR CREAM 175ML,100,0,0,0,0,0,0,0,0,0,0,0,0,0,0
4264,CLEAN & CLEAR FACEWASH MORNING ENERGY APPLE 100ML,130,2,0,0,0,0,0,0,0,0,0,0,0,0,2
4267,PANTENE SHAMPOO TOTAL DAMAGE CARE 10 180ML,115,0,0,0,0,0,0,0,0,0,0,0,0,0,0
4270,LOTUS LIP THERAPY VELVETY ROSE 4GM,135,0,0,0,0,0,0,0,0,0,0,0,0,0,0
4272,BRITANNIA BOURBON THE ORIGINAL 32GM,5,0,0,0,0,0,0,0,0,0,0,0,0,0,0
4273,BRITANNIA MARIE GOLD BISCUITS 68GM,10,6,0,0,0,4,0,0,0,0,0,0,0,0,2
4275,BRITANNIA GOOD DAY CHOCO NUT COOKIES 150GM,40,0,0,0,0,0,0,0,0,0,0,0,0,0,0
4276,BRITANNIA GOOD DAY CHOCOCHIP COOKIES 120GM,30,13,0,0,0,0,0,0,0,0,0,0,0,0,13
4277,BRITANNIA NICE TIME BISCUITS 150GM,25,31,0,0,0,3,0,0,0,0,0,0,0,0,28
4278,BRITANNIA GOOD DAY RICH BUTTER COOKIES 100GM,15,0,0,0,0,0,0,0,0,0,0,0,0,0,0
4279,GATSBY WETLOOK HYPER SOLID GEL 150GM,80,1,0,0,0,0,0,0,0,0,0,0,0,0,1
4280,BRITANNIA GOOD DAY CASHEW COOKIES 100GM,20,0,0,0,0,0,0,0,0,0,0,0,0,0,0
4282,DOVE BODY WASH GENTLE EXFLOITING NUTRIUM MOISTURE190ML,99,1,0,0,0,0,0,0,0,0,0,0,0,0,1
4284,EVERYUTH NATURAL GOLDEN GLOW PEEL-OFF MASK 50GM,70,0,0,0,0,0,0,0,0,0,0,0,0,0,0
4285,EVERYUTH NATURALS WALNUT APRICOT SCRUB 50GM,70,0,0,0,0,0,0,0,0,0,0,0,0,0,0
4287,PARLE MAGIX KREAMS ORANGE 100GM,10,9,0,0,0,0,0,0,0,0,0,0,0,0,9
4288,PARLE HIDE&SEEK BOURBON CHOCOLATE FLAVOURED 150GM,25,0,0,0,0,0,0,0,0,0,0,0,0,0,0
4289,PARLE HAPPY HAPPY CHOCOLETY SANDWICH BISCUITS 120GM,20,0,0,0,0,0,0,0,0,0,0,0,0,0,0
4290,PARLE MAGIX ORANGE 58GM,5,2,0,0,0,0,0,0,0,0,0,0,0,0,2
4292,PARLE MONACO CRISPY LIGHT  SALTY SNACK CLASSIC 80GM,10,15,0,0,0,6,0,0,0,0,0,0,0,0,9
4294,BRITANNIA GOOD DAY NUTS COOKIE PISTA CASHEW ALMOND 200GM,40,6,0,0,0,2,0,0,0,0,0,0,0,0,4
4295,PARLE MONACO JEFFS ZEERA BISCUITS 200GM,50,1,0,0,0,0,0,0,0,0,0,0,0,0,1
4296,PARLE FAB JAM-IN 100GM,20,0,0,0,0,0,0,0,0,0,0,0,0,0,0
4297,SUNFEAST BOUNCE ELAICHI DELIGHT 50GM,5,1,0,0,0,0,0,0,0,0,0,0,0,0,1
4299,MCVITIES DIGESTIVE WHOLE WHEAT 250GM,50,7,0,0,0,0,0,0,0,0,0,0,0,0,7
4301,MCVITIES DIGESTIVE WHOLE WHEAT 66.5GM,10,4,0,0,0,2,0,0,0,0,0,0,0,0,2
4302,MCVITIES CASHEW COOKIES 200GM,35,0,0,0,0,0,0,0,0,0,0,0,0,0,0
4303,MCVITIES DIGESTIVE WHOLE WHEAT 100GM,20,23,0,0,0,1,0,0,0,0,0,0,0,0,22
4305,PONDS WHITE BEAUTY SUN DULLNESS REMOVAL DAILY FACIAL SCRUB SPOTLESS FAIRNESS 100GM,225,3,0,0,0,0,0,0,0,0,0,0,0,0,3
4306,GATSBY TREATMENT HAIR CREAM NORMAL 70GM,70,0,0,0,0,0,0,0,0,0,0,0,0,0,0
4308,EVERYUTH LEMON FACEWASH OIL CLEAR 100GM,95,0,0,0,0,0,0,0,0,0,0,0,0,0,0
4309,PONDS WHITE BEAUTY BB+ ALL IN ONE FAIRNESS CREAM SPF 30PA++ 18GM,140,1,0,0,0,0,0,0,0,0,0,0,0,0,1
4311,GATSBY HAIR GEL WATER GLOSS HYPER SOLID 50GM,50,0,0,0,0,0,0,0,0,0,0,0,0,0,0
4312,GATSBY HAIR GEL WATER GLOSS HARD 50GM,50,0,0,0,0,0,0,0,0,0,0,0,0,0,0
4313,GATSBY HAIR GEL WATER GLOSS HARD 100GM,80,0,0,0,0,0,0,0,0,0,0,0,0,0,0
4314,EVERYUTH FACEWASH HYDRATING FRUIT 50GM,55,0,0,0,0,0,0,0,0,0,0,0,0,0,0
4315,MCVITIES DIGESTIVE NO ADDED SUGAR 150GM,50,9,0,0,0,0,0,0,0,0,0,0,0,0,9
4316,MCVITIES PASTACHIO COOKIES 100GM,25,9,0,0,0,0,0,0,0,0,0,0,0,0,9
4317,EVERYUTH FACEWASH PURIFYING NEEM 50GM,52,0,0,0,0,0,0,0,0,0,0,0,0,0,0
4319,DABUR GULABARI FACE CLEANSER ROSE GLOW 100ML,75,0,0,0,0,0,0,0,0,0,0,0,0,0,0
4324,AMUL CHEESE SLICES 750GM,346,0,0,0,0,0,0,0,0,0,0,0,0,0,0
4325,MORDE DARK CHOCOCHIP 100GM,25,17,0,0,0,0,0,0,0,0,0,0,0,0,17
4326,BRITANNIA CHEESE SLICES 480GM(24 SLICES),350,0,0,0,0,0,0,0,0,0,0,0,0,0,0
4328,ACT II POPCORN BUTTER PEPPER 70GM,30,15,0,0,0,0,0,0,0,0,0,0,0,0,15
4331,AMUL CHEESE SPREAD JEERA 200GM,80,0,0,0,0,0,0,0,0,0,0,0,0,0,0
4332,SUNFEAST BUTTER COOKIES 150GM,20,0,0,0,0,0,0,0,0,0,0,0,0,0,0
4341,BAAZ BIG,15,0,0,0,0,0,0,0,0,0,0,0,0,0,0
4342,BAAZ SMALL,10,0,0,0,0,0,0,0,0,0,0,0,0,0,0
4343,NALA PANI,10,6,0,0,0,0,0,0,0,0,0,0,0,0,6
4347,BORO PLUS ANTISEPTIC CREAM 80ML,100,1,0,0,0,0,0,0,0,0,0,0,0,0,1
4351,CLOTH BRUSH RS.50,50,0,0,0,0,0,0,0,0,0,0,0,0,0,0
4352,ACT II MOVIE THEATRE BUTTER FLAVOUR 70GM,33,0,0,0,0,0,0,0,0,0,0,0,0,0,0
4355,NISSIN CUP NOODLES SPICY CHICKEN 75GM,40,0,0,0,0,0,0,0,0,0,0,0,0,0,0
4356,NISSIN CUP NOODLE MANCHOW 55GM,25,0,0,0,0,0,0,0,0,0,0,0,0,0,0
4358,MCVITIES WHOLE WHEAT MARIE 100GM,15,14,0,0,0,2,0,0,0,0,0,0,0,0,12
4360,AMUL MITHAI MATE 400GM,105,0,0,0,0,0,0,0,0,0,0,0,0,0,0
4361,MCVITIES CASHEW COOKIES 100GM,25,10,0,0,0,0,0,0,0,0,0,0,0,0,10
4362,MCVITIES DIGESTIVE  DARK CHOCOLATE 200GM,158,0,0,0,0,0,0,0,0,0,0,0,0,0,0
4364,WEIKFIELD BAKING POWDER 200GM,45,0,0,0,0,0,0,0,0,0,0,0,0,0,0
4365,REX BAKING POWDER 400GM,65,0,0,0,0,0,0,0,0,0,0,0,0,0,0
4366,WEIKFIELD CORNFLOUR 100GM,25,8,0,0,0,0,0,0,0,0,0,0,0,0,8
4368,HARNIK ICE CREAM MIX POWDER,35,0,0,0,0,0,0,0,0,0,0,0,0,0,0
4371,HARNIK JELLY CRYSTALS LEMON 90GM,45,0,0,0,0,0,0,0,0,0,0,0,0,0,0
4378,CATCH FLAVOURED WATER GREEN APPLE 750ML,50,11,0,0,0,1,0,0,0,0,0,0,0,0,10
4380,MONGINIS VEG CAKES FRUIT 65GM,15,36,0,0,0,0,0,0,0,0,0,0,0,0,36
4381,PARLE CHEESLING JAR 150GM,45,0,0,0,0,0,0,0,0,0,0,0,0,0,0
4383,YAKULT MILK  65ML,12,80,0,0,0,10,0,0,0,0,0,0,0,0,70
4385,DRUK MANGO PANNA 500ML,120,2,0,0,0,0,0,0,0,0,0,0,0,0,2
4386,HALDIRAMS KHUS SYRUP 1KG,150,0,0,0,0,0,0,0,0,0,0,0,0,0,0
4388,FROOTI BOTTLE 2LTR,98,3,0,0,0,0,0,0,0,0,0,0,0,0,3
4390,RASNA FRUITFUN ALPHONSO MANGO 100GM,40,2,0,0,0,0,0,0,0,0,0,0,0,0,2
4394,MTR CHOCOLATE DRINK 180ML,45,0,0,0,0,0,0,0,0,0,0,0,0,0,0
4395,TANG ORANGE 750GM,180,0,0,0,0,0,0,0,0,0,0,0,0,0,0
4396,TANG MANGO 500GM,125,2,0,0,0,0,0,0,0,0,0,0,0,0,2
4397,AMUL KOOL BADAM SHAKER 200ML,35,0,0,0,0,0,0,0,0,0,0,0,0,0,0
4399,SOFIT MILK VANILLA 1LTR,120,3,0,0,0,0,0,0,0,0,0,0,0,0,3
4403,SUGAR FREE GOLD 50SACHET,72,1,0,0,0,0,0,0,0,0,0,0,0,0,1
4404,SUGAR FREE GOLD 25 SACHETS,44,2,0,0,0,0,0,0,0,0,0,0,0,0,2
4408,AMUL FRESH CREAM 1LTR,182,6,0,0,0,0,0,0,0,0,0,0,0,0,6
4409,AMUL FRESH CREAM 200GM,46,0,0,0,0,0,0,0,0,0,0,0,0,0,0
4410,NESTLE DAHI 150GM,25,2,0,0,0,0,0,0,0,0,0,0,0,0,2
4411,VERKA KHEER 200GM,20,2,0,12,0,10,0,0,0,0,0,0,0,0,4
4413,SUGAR FREE NATURA 50SACHETS,80,3,0,0,0,0,0,0,0,0,0,0,0,0,3
4416,SUGAR FREE NATURA 25SACHETS,42,0,0,0,0,0,0,0,0,0,0,0,0,0,0
4418,BRITANNIA MILK BIKIS MILKY SANDWICH 200GM,40,8,0,0,0,0,0,0,0,0,0,0,0,0,8
4419,SUGAR FREE NATURA 200 SPOONS,135,2,0,0,0,0,0,0,0,0,0,0,0,0,2
4420,RED BULL CAN SUGAR FREE 250ML,99,18,0,0,0,0,0,0,0,0,0,0,0,0,18
4423,SUGAR FREE GOLD 300TAB,180,2,0,0,0,0,0,0,0,0,0,0,0,0,2
4424,SUGAR FREE NATURA 500TAB,285,2,0,0,0,0,0,0,0,0,0,0,0,0,2
4425,SUGAR FREE NATURA 300FELLETS,185,3,0,0,0,0,0,0,0,0,0,0,0,0,3
4426,SUGAR FREE GOLD 500PELLETS,235,3,0,0,0,0,0,0,0,0,0,0,0,0,3
4427,SUGAR FREE NATURA 200PELLETS,130,3,0,0,0,0,0,0,0,0,0,0,0,0,3
4428,SUGAR FREE NATURA DIET SUGAR 80GM,225,3,0,0,0,0,0,0,0,0,0,0,0,0,3
4429,SUGAR FREE GOLD 200 SPOONS,125,1,0,0,0,0,0,0,0,0,0,0,0,0,1
4435,JABSONS ROASTED PEANUTS SPICY MASALA 150GM,50,1,0,0,0,0,0,0,0,0,0,0,0,0,1
4436,JABSONS ROASTED PEANUTS HING JEERA 140GM,50,5,0,0,0,0,0,0,0,0,0,0,0,0,5
4437,JABSONS ROASTED CHANA NIMBOO PUDINA 150GM,50,5,0,0,0,0,0,0,0,0,0,0,0,0,5
4438,JABSONS ROASTED PEANUTS CHILLY GARLIC 150GM,50,0,0,0,0,0,0,0,0,0,0,0,0,0,0
4439,JABSONS ROASTED PEANUTS CHEESE TOMATO 150GM,40,0,0,0,0,0,0,0,0,0,0,0,0,0,0
4440,JABSONS ROASTED CHANA BLACK PEPPER 150GM,50,1,0,0,0,0,0,0,0,0,0,0,0,0,1
4441,JABSONS ROASTED CHANA SPICY MASALA 180GM,50,4,0,0,0,0,0,0,0,0,0,0,0,0,4
4442,HALDIRAMS CHANA JOR GARAM 200GM,45,10,0,0,0,0,0,0,0,0,0,0,0,0,10
4443,HALDIRAMS NUT CRACKER 200GM,45,23,0,0,0,0,0,0,0,0,0,0,0,0,23
4444,TATA TEA GOLD 1KG,420,1,0,0,0,0,0,0,0,0,0,0,0,0,1
4446,BROOKE BOND RED LABEL TEA 200GM,80,0,0,0,0,0,0,0,0,0,0,0,0,0,0
4447,BROOKE BOND TAAZA TEA 250GM,55,4,0,0,0,0,0,0,0,0,0,0,0,0,4
4448,TATA TEA PREMIUM 100BAGS,100,5,0,0,0,0,0,0,0,0,0,0,0,0,5
4455,BROOKE BOND RED LABEL 85GM,35,0,0,0,0,0,0,0,0,0,0,0,0,0,0
4458,BROOKE BOND RED LABEL NATURAL CARE TEA 250GM,120,5,0,0,0,0,0,0,0,0,0,0,0,0,5
4459,BROOKE BOND RED LABEL SPECIAL 500GM,233,0,0,0,0,0,0,0,0,0,0,0,0,0,0
4462,ORGANIC INDIA TEA TULSI ORIGINAL 100GM,140,3,0,0,0,0,0,0,0,0,0,0,0,0,3
4465,ORGANIC INDIA TEA TULSI MASALA CHAI  25BAGS,174,0,0,0,0,0,0,0,0,0,0,0,0,0,0
4466,ORGANIC INDIA TEA TULSI  MASALA CHAI 100GM,175,0,0,0,0,0,0,0,0,0,0,0,0,0,0
4467,ORGANIC INDIA TEA TULSI GINGER 50GM,85,0,0,0,0,0,0,0,0,0,0,0,0,0,0
4469,NOURISH ORGANICS BROWN RICE COOKIES 100GM,130,0,0,0,0,0,0,0,0,0,0,0,0,0,0
4470,ORGANIC INDIA TEA TULSI INDIA BREAKFAST 18BAGS,78,0,0,0,0,0,0,0,0,0,0,0,0,0,0
4472,ORGANIC INDIA TEA TULSI SWEET ROSE TEA 18BAGS,148,0,0,0,0,0,0,0,0,0,0,0,0,0,0
4473,ORGANIC INDIA TEA TULSI SWEET LEMON TEA 18 BAGS,154,0,0,0,0,0,0,0,0,0,0,0,0,0,0
4475,LOPCHU TEA ESTATE DARJEELING GOLDEN ORANGE PEKOE 250GM,455,5,0,0,0,0,0,0,0,0,0,0,0,0,5
4476,LOPCHU TEA ESTATE DARJEELING GOLDEN ORANGE PEKOE 500GM,875,2,0,0,0,0,0,0,0,0,0,0,0,0,2
4477,LOPCHU TEA ESTATE DARJEELING FLOWERY ORANGE PEKOE 500GM,590,0,0,0,0,0,0,0,0,0,0,0,0,0,0
4478,BROOKE BOND RED LABEL TEA 31GM,10,11,0,0,0,0,0,0,0,0,0,0,0,0,11
4480,TETLEY GREEN TEA LONG LEAF 250GM,210,2,0,0,0,0,0,0,0,0,0,0,0,0,2
4481,TATA TEA AGNI 75GM,20,0,0,0,0,0,0,0,0,0,0,0,0,0,0
4484,TWINING LEMON FLAVOURED TEA 100 BAGS,830,1,0,0,0,0,0,0,0,0,0,0,0,0,1
4485,TWINING GREEN TEA & LEMON 100BAGS,870,1,0,0,0,0,0,0,0,0,0,0,0,0,1
4488,BROOKE BOND TAAZA 50GM,15,0,0,0,0,0,0,0,0,0,0,0,0,0,0
4490,NESTLE EVERYDAY DAIRY WHITENER 200GM,86,10,0,0,0,1,0,0,0,0,0,0,0,0,9
4491,NESTLE EVERYDAY DAIRY WHITENER 1KG,413,6,0,0,0,0,0,0,0,0,0,0,0,0,6
4492,NESTLE EVERYDAY DAIRY WHITENER 400GM,169,7,0,0,0,2,0,0,0,0,0,0,0,0,5
4493,NESTLE EVERYDAY DAIRY WHITENER 20GM,10,24,0,0,0,5,0,0,0,0,0,0,0,0,19
4498,COMPLAN MEMORY CHARGERS 200GM,145,0,0,0,0,0,0,0,0,0,0,0,0,0,0
4499,COMPLAN NUTRI-GRO BADAM KHEER FLAVOUR 400GM,260,0,0,0,0,0,0,0,0,0,0,0,0,0,0
4500,COMPLAN CHOCOLATE MILK DRINK JAR 200GM,130,0,0,0,0,0,0,0,0,0,0,0,0,0,0
4501,BOURN VITA SHAKTI JAR 1KG,348,0,0,0,0,0,0,0,0,0,0,0,0,0,0
4502,COMPLAN MEMORY BADAM CHOCOLATE JAR 450GM,320,0,0,0,0,0,0,0,0,0,0,0,0,0,0
4505,COMPLAN COMPLETE PLANNED MILK DRINK 500GM,245,1,0,0,0,0,0,0,0,0,0,0,0,0,1
4506,COMPLAN PISTA BADAM FLAVOUR 500GM,290,1,0,0,0,0,0,0,0,0,0,0,0,0,1
4507,COMPLAN NATURAL COMPLETE PLANNED MILK DRINK 500GM,218,0,0,0,0,0,0,0,0,0,0,0,0,0,0
4509,COMPLAN STRAWBERRY MILK DRINK 500GM,225,0,0,0,0,0,0,0,0,0,0,0,0,0,0
4510,COMPLAN MEMORY CHARGERS 400GM,245,0,0,0,0,0,0,0,0,0,0,0,0,0,0
4511,COMPLAN PISTA BADAM DRINK 200GM,130,0,0,0,0,0,0,0,0,0,0,0,0,0,0
4512,COMPLAN PISTA BADAM DRINK 400GM,280,0,0,0,0,0,0,0,0,0,0,0,0,0,0
4513,COMPLAN KESAR BADAM DRINK 200GM,120,0,0,0,0,0,0,0,0,0,0,0,0,0,0
4514,COMPLAN NUTRIGRO CHOCOLATE DRINK 400GM,275,0,0,0,0,0,0,0,0,0,0,0,0,0,0
4515,COMPLAN CHOCOLATE DRINK 200GM,120,0,0,0,0,0,0,0,0,0,0,0,0,0,0
4518,HORLICKS STRAWBERRY 500GM,212,0,0,0,0,0,0,0,0,0,0,0,0,0,0
4519,HORLICKS LITE REGULAR MALT JAR 450GM,278,1,0,0,0,0,0,0,0,0,0,0,0,0,1
4526,NESTLE LACTOGEN 1 INFANT FORMULA POWDER 400GM,285,1,0,0,0,0,0,0,0,0,0,0,0,0,1
4529,NESTLE LACTOGEN 3 FOLLOW UP FORMULA POWDER 400GM,277,0,0,0,0,0,0,0,0,0,0,0,0,0,0
4530,NESTLE NAN PRO 3 400GM,525,1,0,0,0,0,0,0,0,0,0,0,0,0,1
4531,NESTLE LACTOGEN 4 FOLLOW UP POWDER FOR OLDER INFANTS 400GM,272,1,0,0,0,0,0,0,0,0,0,0,0,0,1
4532,NESTLE NAN PRO 2 400GM,530,1,0,0,0,0,0,0,0,0,0,0,0,0,1
4533,NESTLE LACTOGEN 2 FOLLOW UP FORMULA POWDER 400GM,292,1,0,0,0,0,0,0,0,0,0,0,0,0,1
4535,NESTLE CERELAC WHEAT RICE MIXED FRUIT STAGE3 300GM,229,0,0,0,0,0,0,0,0,0,0,0,0,0,0
4536,NESTLE CERELAC WHEAT APPLE STAGE 1 IRON FORTIFIED 300GM,179,1,0,0,0,0,0,0,0,0,0,0,0,0,1
4537,NESTLE CERELAC WHEAT ORANGE IRON FORTIFIED 300GM STAGE 2,207,1,0,0,0,0,0,0,0,0,0,0,0,0,1
4538,NESTLE CERELAC WHEAT RICE MIXED VEG 300GM,202,0,0,0,0,0,0,0,0,0,0,0,0,0,0
4539,NESTLE CERELAC WHEAT STAGE1 300GM,169,2,0,0,0,0,0,0,0,0,0,0,0,0,2
4540,NESTLE CERELAC WHEAT HONEY STAGE2 IRON FORTIFIED 300GM,210,1,0,0,0,0,0,0,0,0,0,0,0,0,1
4543,NESTLE CERELAC WHEAT APPLE CHERRY IRON FORTIFIED STAGE2 300GM,205,2,0,0,0,0,0,0,0,0,0,0,0,0,2
4544,NESTLE CERELAC RICE VEGETABLES IRON FORTIFIED 300GM,210,1,0,0,0,0,0,0,0,0,0,0,0,0,1
4549,FRESHWRAPP ALUMINIUM FOIL 18MTR,97,9,0,0,0,0,0,0,0,0,0,0,0,0,9
4550,FRESHWRAPP ALUMINIUM FOIL 9MTR,71,6,0,0,0,1,0,0,0,0,0,0,0,0,5
4551,FRESHWRAPP ALUMINIUM FOIL 72MTR,357,7,0,0,0,0,0,0,0,0,0,0,0,0,7
4553,FRESHWRAPP ALUMINIUM FOIL SHEET 50 SHEETS,67,1,0,0,0,0,0,0,0,0,0,0,0,0,1
4556,ZIP WRAP CLING FILM 30X30CM,85,0,0,0,0,0,0,0,0,0,0,0,0,0,0
4557,ZIPOUCH RETAINS FRESHNESS LONGER COMBO 10 BAGS,81,0,0,0,0,0,0,0,0,0,0,0,0,0,0
4558,ZIPOUCH FRESH-N-LOC SMALL 10 BAGS,80,0,0,0,0,0,0,0,0,0,0,0,0,0,0
4559,ZIPOUCH FRESH-N-LOC LONGER STORAGE 10BAGS,177,0,0,0,0,0,0,0,0,0,0,0,0,0,0
4560,ZIPOUCH DAILY ZIP  MEDIUM 10BAGS,72,0,0,0,0,0,0,0,0,0,0,0,0,0,0
4564,ZIP WRAP CLING FILM 100MTR,200,0,0,0,0,0,0,0,0,0,0,0,0,0,0
4569,J.P GARBAGE BAG 50PCS 20X26,140,30,0,0,0,2,0,0,0,0,0,0,0,0,28
4572,ZIPOUCH DAILY ZIP SMALL 10 BAGS,56,0,0,0,0,0,0,0,0,0,0,0,0,0,0
4573,ZIPOUCH ZIPFOIL MULTI STORAGE 16 BAGS,88,0,0,0,0,0,0,0,0,0,0,0,0,0,0
4574,ZIPOUCH FRESH N LOC MEDIUM,108,1,0,0,0,0,0,0,0,0,0,0,0,0,1
4576,NESCAFE CLASSIC JAR 100GM,265,1,0,0,0,0,0,0,0,0,0,0,0,0,1
4577,BRU GOLD BUY 2 GET 1 FREE 2.5GM,10,0,0,0,0,0,0,0,0,0,0,0,0,0,0
4578,NESCAFE CLASSIC 500GM,950,1,0,0,0,0,0,0,0,0,0,0,0,0,1
4580,BRU INSTANT COFFEE 1GM,1,43,0,120,0,0,0,0,0,0,0,0,0,0,163
4582,LAKME EYECONIC KAJAL DEEP BLACK 0.35GM,170,0,0,12,0,0,0,0,0,0,0,0,0,0,12
4583,LAKME PERFECT RADIANCE INTENSE WHITENING 50GM,265,0,0,0,0,0,0,0,0,0,0,0,0,0,0
4585,LOTUS BASILTONE CUCUMBER & BASIL TONER 100ML,265,0,0,0,0,0,0,0,0,0,0,0,0,0,0
4589,LAKME SUN EXPERT SPF50 MATTE LOTION LIGHT & NON STICKY 50ML,250,0,0,0,0,0,0,0,0,0,0,0,0,0,0
4590,LAKME SUN EXPERT SPF 24 UV LOTION LIGHT FEEL 60ML,190,1,0,0,0,0,0,0,0,0,0,0,0,0,1
4591,LAKME CC COMPLEXION CARE CREAM BEIGE ALL IN 1 SPF 20 30M,275,0,0,0,0,0,0,0,0,0,0,0,0,0,0
4592,MOTHERS RECIPE GARLIC PICKLE 400GM,94,0,0,0,0,0,0,0,0,0,0,0,0,0,0
4593,MOTHERS RECIPE MIXED PICKLE 400GM,98,1,0,0,0,0,0,0,0,0,0,0,0,0,1
4595,MOTHERS SWEET N SOUR LIME PICKLE 200GM,42,1,0,0,0,0,0,0,0,0,0,0,0,0,1
4596,MOTHERS RECIPE LIME PICKLE 200GM,42,1,0,0,0,0,0,0,0,0,0,0,0,0,1
4597,MOTHERS RECIPE MIXED PICKLE 200GM,42,0,0,0,0,0,0,0,0,0,0,0,0,0,0
4600,RASNA ORANGE SUPER SQUASH 750ML,130,0,0,0,0,0,0,0,0,0,0,0,0,0,0
4601,DABUR HOMMADE GARLIC PASTE 200GM,44,3,0,0,0,0,0,0,0,0,0,0,0,0,3
4602,DABUR HOMMADE GINGER PASTE 200GM,44,3,0,0,0,0,0,0,0,0,0,0,0,0,3
4603,DABUR HOMMADE TAMARIND PASTE 200GM,32,0,0,0,0,0,0,0,0,0,0,0,0,0,0
4604,DABUR HOMMADE GINGER GARLIC PASTE 200GM,44,0,0,0,0,0,0,0,0,0,0,0,0,0,0
4606,KISSAN MANGO SQUASH 700ML,140,0,0,0,0,0,0,0,0,0,0,0,0,0,0
4607,DRUK PINEAPPLE SQUASH 700ML,120,0,0,0,0,0,0,0,0,0,0,0,0,0,0
4608,FUN FOODS AMERICAN MUSTARDS 260GM,69,2,0,0,0,0,0,0,0,0,0,0,0,0,2
4609,FUN FOODS PEANUT BUTTER CRUNCHY 452GM,149,1,0,0,0,0,0,0,0,0,0,0,0,0,1
4610,FUN FOODS PEANUT BUTTER CREAMY 452GM,149,1,0,0,0,0,0,0,0,0,0,0,0,0,1
4611,NUTELLA FERRERO 290GM,320,0,0,0,0,0,0,0,0,0,0,0,0,0,0
4612,FUN FOODS VEG MAYONNAISE EGGLESS 275GM,75,3,0,0,0,0,0,0,0,0,0,0,0,0,3
4614,FUN FOODS CLASSIC MAYONNAISE 275GM,75,0,0,0,0,0,0,0,0,0,0,0,0,0,0
4615,FUN FOODS OLIVE OIL MAYONNAISE EGGLESS 275GM,75,4,0,0,0,0,0,0,0,0,0,0,0,0,4
4616,FUN FOODS TRADITIONAL ENGLISH MUSTARD 300GM,69,2,0,0,0,0,0,0,0,0,0,0,0,0,2
4617,FUN FOODS GARLIC MAYONNAISE EGGLESS 275GM,75,4,0,0,0,1,0,0,0,0,0,0,0,0,3
4618,FUN FOODS BURGER MAYONNAISE EGGLESS 275GM,75,3,0,0,0,0,0,0,0,0,0,0,0,0,3
4619,FUN FOODS DIET MAYONNAISE EGGLESS 275GM,75,3,0,0,0,0,0,0,0,0,0,0,0,0,3
4621,FUN FOODS PIZZA TOPPING 325GM,85,2,0,0,0,1,0,0,0,0,0,0,0,0,1
4622,FUN FOODS MILK SHAKE MIX KESAR PISTA 285GM,99,0,0,0,0,0,0,0,0,0,0,0,0,0,0
4623,FUN FOODS MILK SHAKE MIX ELACHI FLAVOUR 200GM,75,0,0,0,0,0,0,0,0,0,0,0,0,0,0
4625,FUN FOODS PASTA & PIZZA SAUCE 325GM,85,3,0,0,0,0,0,0,0,0,0,0,0,0,3
4626,FUN FOODS SALSA DIP 400GM,89,0,0,0,0,0,0,0,0,0,0,0,0,0,0
4628,FUN FOODS TARTARE DIP 225GM,69,0,0,0,0,0,0,0,0,0,0,0,0,0,0
4629,FUN FOODS MANGO SAUCE 345GM,65,0,0,0,0,0,0,0,0,0,0,0,0,0,0
4630,FUN FOODS STRAWBERRY DESSERT TOPPING 300GM,79,0,0,0,0,0,0,0,0,0,0,0,0,0,0
4631,CREMICA MAYONNAISE VEG 300GM,84,0,0,0,0,0,0,0,0,0,0,0,0,0,0
4632,CREMICA SANDWICH SPREAD VEG 450GM,138,0,0,0,0,0,0,0,0,0,0,0,0,0,0
4633,CREMICA MAYONNAISE VEG 450GM,138,0,0,0,0,0,0,0,0,0,0,0,0,0,0
4634,FUN FOODS COLD COFFEE MIX 200GM,99,1,0,0,0,0,0,0,0,0,0,0,0,0,1
4638,HEINZ TOMATO KETCHUP 1KG,165,6,0,0,0,0,0,0,0,0,0,0,0,0,6
4639,KISSAN SWEET & SPICY SAUCE 500GM,103,0,0,0,0,0,0,0,0,0,0,0,0,0,0
4640,MAGGI RICH TOMATO KETCHUP 200GM,54,0,0,0,0,0,0,0,0,0,0,0,0,0,0
4641,MAGGI HOT & SWEET TOMATO CHILLI SAUCE 200GM,58,1,0,0,0,0,0,0,0,0,0,0,0,0,1
4643,KISSAN CHATAKDAAR KETCHUP 500GM,103,2,0,0,0,0,0,0,0,0,0,0,0,0,2
4644,KISSAN SWEET & SPICY SAUCE 200GM,59,0,0,0,0,0,0,0,0,0,0,0,0,0,0
4645,JOHN WEST SARDINES OLIVE OIL 120GM,225,0,0,0,0,0,0,0,0,0,0,0,0,0,0
4646,JOHN WEST IN BRINE TUNA CHUNKS 160GM,305,0,0,0,0,0,0,0,0,0,0,0,0,0,0
4648,CHINGS GREEN CHILLI SAUCE 190GM,50,2,0,0,0,0,0,0,0,0,0,0,0,0,2
4649,DRUK MUSTARD KASUNDI 200GM,42,0,0,0,0,0,0,0,0,0,0,0,0,0,0
4650,FUN FOODS SWEET CHILLI SAUCE 220GM,45,3,0,0,0,0,0,0,0,0,0,0,0,0,3
4651,FUN FOODS RED CHILLI SAUCE 220GM,45,4,0,0,0,0,0,0,0,0,0,0,0,0,4
4655,KNORR CUP A SOUP MANCHOW VEG 12GM,10,9,0,0,0,0,0,0,0,0,0,0,0,0,9
4657,GITS UPMA MIX 200GM,32,0,0,0,0,0,0,0,0,0,0,0,0,0,0
4659,GITS BASMATI RICE KHEER MIX 100,45,0,0,0,0,0,0,0,0,0,0,0,0,0,0
4660,GITS GULAB JAMIN MIX 200GM,85,1,0,0,0,0,0,0,0,0,0,0,0,0,1
4661,GITS JILEBI MIX 100GM,45,0,0,0,0,0,0,0,0,0,0,0,0,0,0
4663,MTR BADAM DRINK MIX 200GM,105,0,0,0,0,0,0,0,0,0,0,0,0,0,0
4666,KISSAN MIXED FRUIT JAM 200GM,60,0,0,0,0,0,0,0,0,0,0,0,0,0,0
4667,DRUK MIXED FRUIT JAM 500GM,117,2,0,0,0,0,0,0,0,0,0,0,0,0,2
4668,DRUK STRAWBERRY JAM 500GM,110,1,0,0,0,0,0,0,0,0,0,0,0,0,1
4669,CHINGS SCHEZWAN CHUTNEY 250GM,60,0,0,0,0,0,0,0,0,0,0,0,0,0,0
4670,MOTHERS RECIPE GINGER & GARLIC PASTE 200GM,44,1,0,0,0,0,0,0,0,0,0,0,0,0,1
4672,MTR SAMBAR POWDER 200GM,90,1,0,0,0,0,0,0,0,0,0,0,0,0,1
4673,MTR RAVA IDLI 1KG,165,0,0,0,0,0,0,0,0,0,0,0,0,0,0
4674,MTR MASALA IDLI 500GM,98,1,0,0,0,0,0,0,0,0,0,0,0,0,1
4675,MTR RASAM MIX 200GM,58,0,0,0,0,0,0,0,0,0,0,0,0,0,0
4676,MTR RASAM RICE 300GM,60,0,0,0,0,0,0,0,0,0,0,0,0,0,0
4679,LEONARDO SPAGHETTI RISTORANTI 500GM,125,0,0,0,0,0,0,0,0,0,0,0,0,0,0
4681,KELLOGGS CHOCOS MOONS & STARS 350GM,160,4,0,0,0,0,0,0,0,0,0,0,0,0,4
4682,GRANORO SPIRALI GRANDI 500GM,150,0,0,0,0,0,0,0,0,0,0,0,0,0,0
4683,BAMBINO MACARONI ELBOWS 450GM,43,2,0,0,0,0,0,0,0,0,0,0,0,0,2
4684,BAMBINO MACARONI ELBOWS 200GM,19,6,0,0,0,0,0,0,0,0,0,0,0,0,6
4685,BAMBINO PASTA PENNE 250GM,50,2,0,0,0,0,0,0,0,0,0,0,0,0,2
4690,MAGGI PAZZTA MUSHROOM PENE 64GM,24,9,0,0,0,0,0,0,0,0,0,0,0,0,9
4692,KELLOGGS CORN FLAKES ORIGINAL & THE BEST 100GM,38,7,0,0,0,0,0,0,0,0,0,0,0,0,7
4693,SUNFEAST YUMFILLS WHOOPIE PIE 300GM,140,0,0,0,0,0,0,0,0,0,0,0,0,0,0
4698,KETTOLGS EXTRA MUESLI CRUNCHY FRUIT & NUT 550GM,195,0,0,0,0,0,0,0,0,0,0,0,0,0,0
4704,DRUK LIME JUICE CORDIAL 700ML,120,1,0,0,0,0,0,0,0,0,0,0,0,0,1
4705,DRUK ORANGE SQUASH 700ML,120,1,0,0,0,0,0,0,0,0,0,0,0,0,1
4706,DRUK LEMON SQUASH 700ML,120,2,0,0,0,0,0,0,0,0,0,0,0,0,2
4708,QUAKER OATS 1KG,186,2,0,0,0,0,0,0,0,0,0,0,0,0,2
4709,QUAKER OATS 400GM,74,0,0,0,0,0,0,0,0,0,0,0,0,0,0
4710,MAGGI CHICKEN STOCK 2TABLETS 20GM,20,0,0,0,0,0,0,0,0,0,0,0,0,0,0
4714,BAGRRYS CRUNCHY MUESLI WITH ALMONDS  RAISIN AND HONEY 400GM,229,0,0,0,0,0,0,0,0,0,0,0,0,0,0
4716,QUAKER OATS 600GM,99,0,0,0,0,0,0,0,0,0,0,0,0,0,0
4719,BAGRRYS WHITE OATS JAR 1KG,235,0,0,0,0,0,0,0,0,0,0,0,0,0,0
4720,BAGRRYS MASALA OATSCURRY & SPICY 300GM,99,0,0,0,0,0,0,0,0,0,0,0,0,0,0
4723,EXPRESS FOODS ORIGINAL HARVEST CRUNCH NO ADDED SUGAR JAR1KG,460,1,0,0,0,0,0,0,0,0,0,0,0,0,1
4724,BAGRRYS CRUNCHY MUESLI ALMONDS RAISINS N HONEY JAR 1KG,545,0,0,0,0,0,0,0,0,0,0,0,0,0,0
4725,BAGRRYS FRUIT N FIBRE MUESLI STRAWBERRY JAR 1KG,545,0,0,0,0,0,0,0,0,0,0,0,0,0,0
4726,KNORR CHINESE MANCHURIAN 55GM,50,2,0,0,0,0,0,0,0,0,0,0,0,0,2
4729,DABUR HONEY  250GM,122,0,0,0,0,0,0,0,0,0,0,0,0,0,0
4730,DRUK MIXED FRUIT JAM 200GM,50,0,0,0,0,0,0,0,0,0,0,0,0,0,0
4731,KEYA GARLIC BREAD SEASONING 50GM,99,2,0,0,0,1,0,0,0,0,0,0,0,0,1
4733,KEYA CHIVES 4GM,95,0,0,0,0,0,0,0,0,0,0,0,0,0,0
4734,KEYA THYME 18GM,99,1,0,0,0,1,0,0,0,0,0,0,0,0,0
4735,KEYA CHINESE SEASONING 50GM,99,1,0,0,0,0,0,0,0,0,0,0,0,0,1
4736,KEYA RED CHILLI FLAKES 40GM,80,2,0,0,0,0,0,0,0,0,0,0,0,0,2
4737,KEYA PAPRIKA POWDER 55GM,95,0,0,0,0,0,0,0,0,0,0,0,0,0,0
4738,KEYA BASIL 7GM,99,0,0,0,0,0,0,0,0,0,0,0,0,0,0
4739,KEYA MIXED HERBS 20GM,99,2,0,0,0,0,0,0,0,0,0,0,0,0,2
4740,KEYA ITALIAN SEASONING 30GM,99,1,0,0,0,0,0,0,0,0,0,0,0,0,1
4742,DRUK PINEAPPLE JAM 200GM,50,0,0,0,0,0,0,0,0,0,0,0,0,0,0
4746,DRUK BAKED BEANS 450GM,85,4,0,0,0,0,0,0,0,0,0,0,0,0,4
4747,REAL THAI RED CURRRY 400GM,185,0,0,0,0,0,0,0,0,0,0,0,0,0,0
4748,REAL THAI GREEN CURRY PASTE 50GM,60,2,0,0,0,0,0,0,0,0,0,0,0,0,2
4749,MDH CHICKEN MASALA 100GM,65,16,0,0,0,0,0,0,0,0,0,0,0,0,16
4751,CATCH TURMERIC POWDER 100GM,26,49,0,0,0,3,0,0,0,0,0,0,0,0,46
4752,RAMDEV CUMIN 100GM,41,16,0,0,0,2,0,0,0,0,0,0,0,0,14
4755,HOMELITES MATCHBOX,10,50,0,0,0,0,0,0,0,0,0,0,0,0,50
4756,GUD 1KG,58,23,0,0,0,1,0,0,0,0,0,0,0,0,22
4757,SUGAR 1KG,42,384,0,0,0,23,0,0,0,0,0,0,0,0,361
4758,DAURALA SUGAR 1KG,60,0,0,0,0,0,0,0,0,0,0,0,0,0,0
4759,TRUST SUNEHRA MINERAL SUGAR 1KG,80,9,0,0,0,0,0,0,0,0,0,0,0,0,9
4760,MOTI ELACHI 50GM,78,39,0,0,0,0,0,0,0,0,0,0,0,0,39
4761,KALI MIRCH SABUT 100GM,72,26,0,0,0,1,0,0,0,0,0,0,0,0,25
4762,PEDIGREE PUPPY CHICKEN & MILK 6 KG,990,0,0,0,0,0,0,0,0,0,0,0,0,0,0
4763,PEDIGREE CHICKEN & VEGETABLES ADULT 3KG,550,0,0,0,0,0,0,0,0,0,0,0,0,0,0
4764,PEDIGREE ADULT SMALL BREAD 1.2KG,420,3,0,0,0,0,0,0,0,0,0,0,0,0,3
4766,PEDIGREE SENIOR CHICKEN & RICE 1.2KG,230,0,0,0,0,0,0,0,0,0,0,0,0,0,0
4767,PEDIGREE MILK & VEGETABLE  PUPPY 1.2KG,280,2,0,0,0,0,0,0,0,0,0,0,0,0,2
4768,PEDIGREE VEGETABLE 3KG,620,1,0,0,0,0,0,0,0,0,0,0,0,0,1
4769,PEDIGREE MEAT & RICE 3KG,550,1,0,0,0,0,0,0,0,0,0,0,0,0,1
4771,PEDIGREE ADULT MEAT & RICE 10KG,1530,0,0,0,0,0,0,0,0,0,0,0,0,0,0
4772,PEDIGREE CHICKEN & MILK 3KG,580,2,0,0,0,0,0,0,0,0,0,0,0,0,2
4773,PEDIGREE CHICHEN & VEGETABLE 10KG,1530,0,0,0,0,0,0,0,0,0,0,0,0,0,0
4775,KOHINOOR CHARMINAR BASMATI RICE 1KG,89,0,0,0,0,0,0,0,0,0,0,0,0,0,0
4778,KOHINOOR GOLD BASMATI RICE 5KG,1020,2,0,0,0,0,0,0,0,0,0,0,0,0,2
4781,JAIFAL 25GM,26,14,0,0,0,0,0,0,0,0,0,0,0,0,14
4783,SAFFOLA TASTY 5LTR,655,2,0,0,0,0,0,0,0,0,0,0,0,0,2
4784,SAFFOLA ACTIVE 5LTR,655,0,0,0,0,0,0,0,0,0,0,0,0,0,0
4785,SAFFOLA TOTAL 2LTR,390,0,0,0,0,0,0,0,0,0,0,0,0,0,0
4787,SAFFOLA GOLD 5LTR,799,0,0,0,0,0,0,0,0,0,0,0,0,0,0
4788,SAFFOLA GOLD 2LTR,305,0,0,0,0,0,0,0,0,0,0,0,0,0,0
4789,RICELA REFIND OIL 5LTR,725,1,0,0,0,0,0,0,0,0,0,0,0,0,1
4790,RICELA REFIND OIL 2LTR,272,0,0,0,0,0,0,0,0,0,0,0,0,0,0
4791,SUNDROP HEART 5LTR,1043,0,0,0,0,0,0,0,0,0,0,0,0,0,0
4794,SAFFOLA GOLD JAR1LTR,155,1,0,0,0,0,0,0,0,0,0,0,0,0,1
4795,SAFFOLA ACTIVE 1LTR,130,1,0,0,0,1,0,0,0,0,0,0,0,0,0
4796,SAFFOLA TASTY 1LTR,135,4,0,0,0,0,0,0,0,0,0,0,0,0,4
4798,SUNDROP SUPERLITE ADVANCED 1LTR,196,0,0,0,0,0,0,0,0,0,0,0,0,0,0
4803,RICELA REFIND OIL 1LTR,131,20,0,0,0,0,0,0,0,0,0,0,0,0,20
4809,SNACKERZ CHICKEN RESHMI KEBAB 500GM,195,3,0,0,0,0,0,0,0,0,0,0,0,0,3
4810,SNACKERZ CHICKEN BREADED NUGGETS 500GM,150,0,0,0,0,0,0,0,0,0,0,0,0,0,0
4813,CADBURY TEMPTATIONS RUM RAISINS 72GM,90,10,0,0,0,0,0,0,0,0,0,0,0,0,10
4818,CADBURY DAIRY MILK SILK ROAST ALMOND 137GM,150,16,0,0,0,0,0,0,0,0,0,0,0,0,16
4823,SMART COOK PUREE TOMATO PUREE 200GM,25,34,0,0,0,0,0,0,0,0,0,0,0,0,34
4826,KISSAN TOMATO PUREE 200GM,25,32,0,0,0,0,0,0,0,0,0,0,0,0,32
4832,MCCAIN FRENCH FRIES 750GM,165,1,0,0,0,1,0,0,0,0,0,0,0,0,0
4835,5 STAR CRUNCHY 33GM,25,0,0,0,0,0,0,0,0,0,0,0,0,0,0
4843,SHAMMI KABAB,132,0,0,0,0,0,0,0,0,0,0,0,0,0,0
4844,HARA BHARA KABAB,70,0,0,0,0,0,0,0,0,0,0,0,0,0,0
4848,MOTHER DAIRY MAWA KULFI 60ML,30,0,0,0,0,0,0,0,0,0,0,0,0,0,0
4850,MOTHER DAIRY ICE CREAM CONE CHILLZ BUTTER SCOTCH 100ML,30,18,0,0,0,0,0,0,0,0,0,0,0,0,18
4851,MOTHER DAIRY ICE CREAM CONE CHOCO VANILLA 100ML,25,5,0,0,0,0,0,0,0,0,0,0,0,0,5
4852,MOTHER DAIRY ICE CREAM KESAR PISTA 750ML,190,0,0,0,0,0,0,0,0,0,0,0,0,0,0
4854,MOTHER DAIRY ICE CREAM CHOCOLATE GATEAU 115ML,35,5,0,0,0,0,0,0,0,0,0,0,0,0,5
4855,MOTHER DAIRY ICE CREAM CHOCOLATE 750ML,100,2,0,0,0,0,0,0,0,0,0,0,0,0,2
4856,AMUL ICE CREAM CHOCO CHIPS 1.25LTR,200,2,0,0,0,0,0,0,0,0,0,0,0,0,2
4857,AMUL ICE CREAM BUTTER SCOTCH 2LTR,250,3,0,0,0,1,0,0,0,0,0,0,0,0,2
4858,AMUL ICE CREAM VANILLA ROYALE 2LTR,230,2,0,0,0,2,0,0,0,0,0,0,0,0,0
4859,AMUL ICE CREAM RAJWADI KULFI 1LTR,220,0,0,0,0,0,0,0,0,0,0,0,0,0,0
4864,SAFAL FROZEN GREEN PEAS 1KG,190,6,0,0,0,0,0,0,0,0,0,0,0,0,6
4865,MOTHER DAIRY ICE CREAM SHAHI MEVA MALAI 1LTR,280,0,0,0,0,0,0,0,0,0,0,0,0,0,0
4870,WEIKFIELD BAKING POWDER 100GM,30,4,0,0,0,0,0,0,0,0,0,0,0,0,4
4873,TRUST CLASSIC SUGAR 5KG,325,4,0,0,0,0,0,0,0,0,0,0,0,0,4
4874,BOUNTY CHOCOLATE 227GM,229,0,0,0,0,0,0,0,0,0,0,0,0,0,0
4875,BOUNTY CHOCOLATE 150GM,149,2,0,0,0,0,0,0,0,0,0,0,0,0,2
4876,SNICKERS CHOCOLATE 150GM,119,1,0,0,0,0,0,0,0,0,0,0,0,0,1
4877,CADBURY GEMS 17.8GM,20,36,0,0,0,17,0,0,0,0,0,0,0,0,19
4880,MARS CHOCOLATE 51GM,40,23,0,0,0,1,0,0,0,0,0,0,0,0,22
4881,NESTLE KITKAT 8.6GM,5,0,0,0,0,0,0,0,0,0,0,0,0,0,0
4882,NESTLE MUNCH 20.1GM,10,38,0,0,0,1,0,0,0,0,0,0,0,0,37
4883,DURACELL AA 10X POWER,25,0,0,0,0,0,0,0,0,0,0,0,0,0,0
4884,ORGANIC NATION TULSI TEA 25 TEA BAGS,140,3,0,0,0,0,0,0,0,0,0,0,0,0,3
4885,MOTHERS RECIPE PUNJABI PACHRANGA PICKLE 400GM,94,1,0,0,0,0,0,0,0,0,0,0,0,0,1
4886,MOTHER DAIRY ICE CREAM PISTA-E-KULFI TUB 1LTR,280,1,0,0,0,0,0,0,0,0,0,0,0,0,1
4887,MOTHER DAIRY ICE CREAM LITCHI TUB 1LTR,250,0,0,0,0,0,0,0,0,0,0,0,0,0,0
4888,MOTHERS RECIPE PUNJABI MASALA PAPAD,68,3,0,0,0,0,0,0,0,0,0,0,0,0,3
4890,MEDIMIX SOAP SANDAL 3X125GM,135,0,0,0,0,0,0,0,0,0,0,0,0,0,0
4891,MEDIMIX GLYCERINE SOAP 125GM,45,0,0,0,0,0,0,0,0,0,0,0,0,0,0
4892,LAURELS ECOSOFT TISSUE PAPER 6IN1,170,0,0,0,0,0,0,0,0,0,0,0,0,0,0
4893,AMUL KOOL PREMIUM KESAR 200ML,25,50,0,0,0,2,0,0,0,0,0,0,0,0,48
4894,AMUL KOOL ROYAL ELAICHI 200ML,25,39,0,0,0,1,0,0,0,0,0,0,0,0,38
4896,KELLOGGS CHOCOS FUNDOO PACK 13GM,40,0,0,0,0,0,0,0,0,0,0,0,0,0,0
4897,BATTERY WATER 5LTR,80,5,0,0,0,0,0,0,0,0,0,0,0,0,5
4899,DETTOL SOAP RE-ENERGIZE 4X75GM,83,0,0,0,0,0,0,0,0,0,0,0,0,0,0
4902,LAURELS TOILET TISSUE 35,50,0,0,0,0,0,0,0,0,0,0,0,0,0,0
4903,LAURELS 4IN 1 TOILET ROLLS,150,0,0,0,0,0,0,0,0,0,0,0,0,0,0
4904,PASEO ELEGANT BATHROOM TISSUE 4IN1 ROLLS,295,2,0,0,0,0,0,0,0,0,0,0,0,0,2
4905,PREMIER KITCHEN TOWEL 2 PLY STRONG,130,4,0,0,0,0,0,0,0,0,0,0,0,0,4
4906,PASEO ELEGANT KITCHEN TOWEL WHITE 2IN1,150,-6,0,0,0,0,0,0,0,0,0,0,0,0,-6
4907,BEETA TOILET ROLL 4 IN ONE,80,0,0,0,0,0,0,0,0,0,0,0,0,0,0
4908,PASEO SMART DECO EMBOSSED BATHROOM ROLL 10IN1,430,0,0,0,0,0,0,0,0,0,0,0,0,0,0
4909,7UP NIMBOOZ MASALA SODA 1.25LTR,60,0,0,0,0,0,0,0,0,0,0,0,0,0,0
4912,TIC TAC ORANGE FLAVOURED RS.10,10,0,0,0,0,0,0,0,0,0,0,0,0,0,0
4913,SUNDROP SUPERLITE ADVANCED 5LTR,968,2,0,0,0,0,0,0,0,0,0,0,0,0,2
4914,SUNDROP SUPERLITE ADVANCED 2LTR,388,0,0,0,0,0,0,0,0,0,0,0,0,0,0
4916,SUNDROP NUTRIFIT BOTTLE 1LTR,95,0,0,0,0,0,0,0,0,0,0,0,0,0,0
4921,CADBURY GEMS POUCH 10GM,5,121,0,0,0,0,0,0,0,0,0,0,0,0,121
4923,MANGALDEEP DHOOP SANDAL,15,0,0,0,0,0,0,0,0,0,0,0,0,0,0
4924,MANGALDEEP DHOOP MOGRA,15,0,0,0,0,0,0,0,0,0,0,0,0,0,0
4925,GILLETTE FUSION PROGLIDE RAZOR,499,1,0,0,0,0,0,0,0,0,0,0,0,0,1
4926,GILLETTE SENSOR EXCEL 5 CATRIDGES,449,0,0,0,0,0,0,0,0,0,0,0,0,0,0
4927,GILLETTE MACH3 TURBO 2CATRIDGES,200,0,0,0,0,0,0,0,0,0,0,0,0,0,0
4928,GILLETTE FUSION RAZOR AND ONE CARTRIDGE,299,0,0,0,0,0,0,0,0,0,0,0,0,0,0
4929,GILLETTE FUSION POWER 5BLADE,520,0,0,0,0,0,0,0,0,0,0,0,0,0,0
4930,GILLETTE FUSION HYDRA GEL PACK,1400,0,0,0,0,0,0,0,0,0,0,0,0,0,0
4931,GILLETTE FUSION 8CATRIDGES,1299,2,0,0,0,0,0,0,0,0,0,0,0,0,2
4932,GILLETTE FUSION POWER 8 CATRIDGES,1475,0,0,0,0,0,0,0,0,0,0,0,0,0,0
4933,GILLETTE SHAVING BRUSH,54,2,0,7,0,0,0,0,0,0,0,0,0,0,9
4934,GILLETTE FUSION 2 CARTRIDGES,500,2,0,0,0,0,0,0,0,0,0,0,0,0,2
4935,GILLETTE WILMAN 5 BLADES,15,5,0,0,0,0,0,0,0,0,0,0,0,0,5
4936,GILLETTE VECTOR 3BLADES,99,0,0,0,0,0,0,0,0,0,0,0,0,0,0
4939,VIVEL SOAP DOUBLE MOISTURISERS 4X100GM,88,0,0,0,0,0,0,0,0,0,0,0,0,0,0
4941,DESI GIRI 250GM,120,0,0,0,0,0,0,0,0,0,0,0,0,0,0
4944,GILLETTE VECTOR RAZOR 1REFILLABLE,60,2,0,0,0,0,0,0,0,0,0,0,0,0,2
4945,GILLETTE 7 O CLOCK SUPER PLATINUM RAZOR,75,1,0,0,0,0,0,0,0,0,0,0,0,0,1
4946,GILLETTE FUSION RAZOR AND SHAVING CRM SENSITIVE,299,0,0,0,0,0,0,0,0,0,0,0,0,0,0
4947,LONDON DAIRY ICE CREAM NATURAL STRAWBERRY 125ML,125,5,0,0,0,0,0,0,0,0,0,0,0,0,5
4948,GILLETTE SENSOR EXCEL RAZOR,215,0,0,0,0,0,0,0,0,0,0,0,0,0,0
4949,KISSAN GRAPE SQUASH 700ML,140,0,0,0,0,0,0,0,0,0,0,0,0,0,0
4950,KISSAN FRESH TOMATO KETCHUP 500GM,99,5,0,2,0,0,0,0,0,0,0,0,0,0,7
4951,KNORR CHINESE SCHEZUAN GRAVY MIX 49GM,50,1,0,0,0,0,0,0,0,0,0,0,0,0,1
4952,KISSAN LIME JUICE CORDIAL 700ML,140,0,0,0,0,0,0,0,0,0,0,0,0,0,0
4956,GILLETTE VENUS 4 CATRIDGES,449,0,0,0,0,0,0,0,0,0,0,0,0,0,0
4957,LIPTON ICE TEA LEMON 500GM,150,0,0,0,0,0,0,0,0,0,0,0,0,0,0
4959,BROOKE BOND RED LABEL TEA 1KG,340,0,0,0,0,0,0,0,0,0,0,0,0,0,0
4961,BROOKE BOND TAJ MAHAL TEA POUCH 250GM,108,0,0,0,0,0,0,0,0,0,0,0,0,0,0
4962,BROOKE BOND TAAZA 250GM,68,0,0,0,0,0,0,0,0,0,0,0,0,0,0
4963,ROOH AFZA SHARBAT 750ML,135,21,0,0,0,0,0,0,0,0,0,0,0,0,21
4965,OLAY TOTAL EFFECTS 7 IN 1 LIGHTWEIGHT ANTI AGEING CREAM DAY SPF15 20GM,399,0,0,0,0,0,0,0,0,0,0,0,0,0,0
4966,GILLETTE VECTOR3 FAST SHAVE,400,0,0,0,0,0,0,0,0,0,0,0,0,0,0
4967,GILLETTE VECTOR 2 BLADE CART,45,0,0,0,0,0,0,0,0,0,0,0,0,0,0
4969,GILLETTE 7 O CLOCK SUPER PLATINUM BLADES 10N,55,17,0,0,0,0,0,0,0,0,0,0,0,0,17
4971,GILLETTE WILKINSON 5BLADES,14,25,0,0,0,0,0,0,0,0,0,0,0,0,25
4974,MOTHER DAIRY MILK GREEN 500ML,23,2,-2,24,0,24,0,0,0,0,0,0,0,0,0
4975,MOTHER DAIRY MILK YELLOW 500ML,18,5,-5,24,0,24,0,0,0,0,0,0,0,0,0
4976,AMUL ICE CREAM VANILLA 1.25LTR,140,5,0,0,0,1,0,0,0,0,0,0,0,0,4
4985,AL KABEER MALABAR PARATHA 400GM,90,0,0,0,0,0,0,0,0,0,0,0,0,0,0
4986,AL KABEER JALAPENO & CHEESE STICKS 400GM,260,0,0,0,0,0,0,0,0,0,0,0,0,0,0
4987,RAMDEV CORIANDER POWDER 200GM,54,0,0,0,0,0,0,0,0,0,0,0,0,0,0
4991,MCVITIES FRUIT SHORT CAKE 200GM,110,4,0,0,0,0,0,0,0,0,0,0,0,0,4
4993,ORBIT LEMON & LIME SUGAR FREE  RS.5,5,0,0,0,0,0,0,0,0,0,0,0,0,0,0
4994,ORBIT SPEARMINT  RS. 25,25,0,0,0,0,0,0,0,0,0,0,0,0,0,0
4995,JABSONS ROASTED CHANA HING JEERA 150GM,50,4,0,0,0,0,0,0,0,0,0,0,0,0,4
4996,JABSONS ROASTED PEANUTS NIMBOO PUDINA 150GM,50,2,0,0,0,0,0,0,0,0,0,0,0,0,2
4997,JABSONS ROASTED PEANUTS BLACK PEPPER 140GM,50,2,0,0,0,0,0,0,0,0,0,0,0,0,2
5007,MR MUSCLE VISIBLE POWER TOILET CLEANER 500ML,64,0,0,0,0,0,0,0,0,0,0,0,0,0,0
5008,LAURELS TOILET TISSUES  1 ROLL,50,0,0,0,0,0,0,0,0,0,0,0,0,0,0
5012,BIGEN MENS BEARD COLOR BROWN BLACK 102,405,2,0,0,0,0,0,0,0,0,0,0,0,0,2
5013,PLAYBOY DEO MIAMI 150ML,199,0,0,0,0,0,0,0,0,0,0,0,0,0,0
5014,PLAYBOY DEO VEGAS 150ML,199,0,0,0,0,0,0,0,0,0,0,0,0,0,0
5015,PLAYBOY DEO HOLLYWOOD 150ML,199,0,0,0,0,0,0,0,0,0,0,0,0,0,0
5016,NIVEA DEO PEARL&BEAUTY 150ML,190,0,0,0,0,0,0,0,0,0,0,0,0,0,0
5017,WEIKFIELD CORNFLOUR 500GM,70,1,0,0,0,0,0,0,0,0,0,0,0,0,1
5022,MOTHER DAIRY ICE CREAM COMBO BUTTER SCOTCH 2X700ML,185,0,0,0,0,0,0,0,0,0,0,0,0,0,0
5023,MOTHER DAIRY ICE CREAM COMBO VANILLA 2X700ML,155,0,0,0,0,0,0,0,0,0,0,0,0,0,0
5025,MOTHER DAIRY ICE CREAM COMBO RABRI 2X700ML,200,0,0,0,0,0,0,0,0,0,0,0,0,0,0
5026,SITAFAL,220,0,0,0,0,0,0,0,0,0,0,0,0,0,0
5027,ONION SPRING,170,0,0,0,0,0,0,0,0,0,0,0,0,0,0
5028,TRUMP MIXED PICKLE,2,0,0,0,0,0,0,0,0,0,0,0,0,0,0
5029,DOUBLEMINT RS 60/-,60,0,0,0,0,0,0,0,0,0,0,0,0,0,0
5030,ORBIT SWEETMINT RS. 10,10,0,0,0,0,0,0,0,0,0,0,0,0,0,0
5031,DOUBLEMENT RS.10,10,0,0,0,0,0,0,0,0,0,0,0,0,0,0
5033,CREMICA DIGESTIVE BISCUITS 150GM,20,0,0,0,0,0,0,0,0,0,0,0,0,0,0
5034,WRIGLEY DOUBLEMINT SPEARMINT 13GM,10,0,0,0,0,0,0,0,0,0,0,0,0,0,0
5036,GLASS RS. 1/-,1,0,0,0,0,0,0,0,0,0,0,0,0,0,0
5037,BRITANNIA CAKE CHOCO CHILL 150GM,30,2,0,0,0,0,0,0,0,0,0,0,0,0,2
5038,BRITANNIA TIGER KRUNCH CHOCOCHIP COOKIES 40GM,5,0,0,0,0,0,0,0,0,0,0,0,0,0,0
5039,SWEET CORN (AMERICAN) 1KG,140,21,0,0,0,0,0,0,0,0,0,0,0,0,21
5040,SWEET CORN (AMERICAN) 500GM,70,0,0,0,0,0,0,0,0,0,0,0,0,0,0
5041,COKE DIET BOTTLE 500ML,35,0,0,0,0,0,0,0,0,0,0,0,0,0,0
5045,HALDIRAMS SALTED MASALA BANANA CHIPS 200GM,52,10,0,0,0,1,0,0,0,0,0,0,0,0,9
5046,HALDIRAMS CHANA NUTS 200GM,46,18,0,0,0,0,0,0,0,0,0,0,0,0,18
5047,HALDIRAMS CHANA CRACKER - HEENG JEERA 200GM,48,15,0,0,0,1,0,0,0,0,0,0,0,0,14
5049,HALDIRAMS CORN FLAKES MIXTURE 200GM,65,13,0,0,0,0,0,0,0,0,0,0,0,0,13
5050,HALDIRAMS MURUKKU 200GM,46,9,0,0,0,0,0,0,0,0,0,0,0,0,9
5051,HALDIRAMS NIMBU MASALA 200GM,44,0,0,0,0,0,0,0,0,0,0,0,0,0,0
5052,HALDIRAMS PANCHRATTAN 200GM,80,13,0,0,0,1,0,0,0,0,0,0,0,0,12
5053,HALDIRAMS PEANUTS HEENG JEERA 200GM,46,10,0,0,0,0,0,0,0,0,0,0,0,0,10
5054,HALDIRAMS PEANUTS MASALA 200GM,46,10,0,0,0,0,0,0,0,0,0,0,0,0,10
5056,HALDIRAMS SHAHI MIXTURE 200GM,90,13,0,0,0,0,0,0,0,0,0,0,0,0,13
5057,HALDIRAMS KAJU MIXTURE 400GM,143,5,0,0,0,0,0,0,0,0,0,0,0,0,5
5058,HALDIRAMS NAVRATTAN 200GM,42,25,0,0,0,1,0,0,0,0,0,0,0,0,24
5059,HALDIRAMS MOONG DAL MASALA 200GM,49,14,0,0,0,0,0,0,0,0,0,0,0,0,14
5060,HALDIRAMS TANGY TOMATO BANANA CHIPS 200GM,52,0,0,0,0,0,0,0,0,0,0,0,0,0,0
5062,VIM DOUBLE POWER CONCERNTRATED GEL LEMON 500GM,104,0,0,0,0,0,0,0,0,0,0,0,0,0,0
5064,TORI,52,1.008,0,3,0,2.772,0,0,0,0,0,0,0,0,1.236
5068,MOTHER DAIRY ICE CREAM COMBO TWO IN ONE 700ML,160,0,0,0,0,0,0,0,0,0,0,0,0,0,0
5069,VEET HAIR REMOVAL CREAM SENSITIVE SKIN 60GM,110,0,0,0,0,0,0,0,0,0,0,0,0,0,0
5070,ENO COLA FLAVOUR 5GM,7,0,0,0,0,0,0,0,0,0,0,0,0,0,0
5071,SENSODYNE FRESH MINT 80GM,99,4,0,0,0,0,0,0,0,0,0,0,0,0,4
5073,MOTHERS RECIPE INSTANT MIX POHA 160GM,45,4,0,0,0,1,0,0,0,0,0,0,0,0,3
5074,MOTHERS RECIPE UPMA MIX 180GM,35,6,0,0,0,2,0,0,0,0,0,0,0,0,4
5075,MOTHERS RECIPE UDAD PAPAD 200GM,58,1,0,0,0,0,0,0,0,0,0,0,0,0,1
5076,MOTHERS RECIPE GARLIC GREEN CHILLI PAPAD 200GM,58,2,0,0,0,0,0,0,0,0,0,0,0,0,2
5077,MOTHERS RECIPE CHANA MASALA PAPAD 200GM,69,0,0,0,0,0,0,0,0,0,0,0,0,0,0
5078,AHA WHEAT CEREAL 600GM,108,0,0,0,0,0,0,0,0,0,0,0,0,0,0
5079,NESTLE KITKAT 27.5GM,20,30,0,0,0,3,0,0,0,0,0,0,0,0,27
5082,MONGINIS DESSERT CAKE VANILLA 200GM,50,0,0,0,0,0,0,0,0,0,0,0,0,0,0
5084,MONGINIS MUFFINS VEG FRUIT CAKE 150GM,40,10,0,0,0,1,0,0,0,0,0,0,0,0,9
5085,MONGINIS MUFFINS VEG CHOCOLATE CAKE 150GM,40,10,0,0,0,0,0,0,0,0,0,0,0,0,10
5087,AHA WHEAT CEREAL 300GM,56,0,0,0,0,0,0,0,0,0,0,0,0,0,0
5091,PARACHUTE ADVANSED AYURVEDIC HOT OIL BOTTLE 300ML,160,1,0,0,0,0,0,0,0,0,0,0,0,0,1
5096,SUGAR FREE GOLD 100 SACHETS,125,2,0,0,0,0,0,0,0,0,0,0,0,0,2
5102,ORGANIC INDIA TEA TULSI HONEY CHAMOMILE 18BAGS,148,0,0,0,0,0,0,0,0,0,0,0,0,0,0
5107,DRUK LEMON BARLAY WATER 700ML,120,0,0,0,0,0,0,0,0,0,0,0,0,0,0
5111,MOHUNS CORN FLAKES 500GM,102,1,0,0,0,0,0,0,0,0,0,0,0,0,1
5113,STEVIOCAL ALL NATURAL STEVIA 50GM,140,6,0,0,0,0,0,0,0,0,0,0,0,0,6
5114,STEVIOCAL ALL NATURAL STEVIA 200GM,324,5,0,0,0,0,0,0,0,0,0,0,0,0,5
5124,AMUL ICE CREAM VANILLA 2X750ML,170,0,0,0,0,0,0,0,0,0,0,0,0,0,0
5126,SNICKERS CHOCOLATE 15GM,10,0,0,0,0,0,0,0,0,0,0,0,0,0,0
5130,AMUL ICE CREAM SUGAR FREE SHAHI ANJIR 125ML,30,8,0,0,0,0,0,0,0,0,0,0,0,0,8
5131,MAGGI RICH TOMATO KETCHUP 1KG,147,2,0,0,0,0,0,0,0,0,0,0,0,0,2
5132,NESTLE EVERYDAY PREMIUM PUNJAB GHEE 1LTR,475,6,0,0,0,0,0,0,0,0,0,0,0,0,6
5134,NESCAFE CLASSIC 200GM,440,0,0,0,0,0,0,0,0,0,0,0,0,0,0
5136,NESTLE MILKYBAR CHOO MANGO 14GM,5,0,0,0,0,0,0,0,0,0,0,0,0,0,0
5141,AMUL ICE CREAM CONE CHOCO CRUNCH 120ML,30,20,0,0,0,0,0,0,0,0,0,0,0,0,20
5153,AMUL ICE CREAM MANGO ICE CANDY 60ML,5,0,0,0,0,0,0,0,0,0,0,0,0,0,0
5154,NISSIN CUP NOODLES TANGY TOMATO 70GM,40,1,0,0,0,0,0,0,0,0,0,0,0,0,1
5157,TOP RAMEN CUP NOODLES TOMATO 50GM,20,0,0,0,0,0,0,0,0,0,0,0,0,0,0
5166,PARLE MONACO SIXER SALTED 200GM,50,3,0,0,0,0,0,0,0,0,0,0,0,0,3
5169,MOTHER DAIRY ICE CREAM BUTTER SCOTCH 1.5ML,190,7,0,0,0,0,0,0,0,0,0,0,0,0,7
5171,AMUL PURE GHEE 1LTR,485,4,0,0,0,0,0,0,0,0,0,0,0,0,4
5173,MOTHER DAIRY ICE CREAM COMBO MANGO MAGIC 700ML,180,0,0,0,0,0,0,0,0,0,0,0,0,0,0
5177,MOTHER DAIRY ICE CREAM CHILLZ MINI CHOCOBAR 45ML,10,0,0,0,0,0,0,0,0,0,0,0,0,0,0
5180,PARACHUTE ADVANSED AFTERSHOWER ANTI DANDRUFF HAIR CREAM 50GM,50,0,0,0,0,0,0,0,0,0,0,0,0,0,0
5181,GLUCON-D NIMBU PANI 100GM,35,0,0,0,0,0,0,0,0,0,0,0,0,0,0
5187,PONDS WHITE BEAUTY FAIRNESS CREAM 25GM,78,0,0,0,0,0,0,0,0,0,0,0,0,0,0
5190,FUN FOODS MILK SHAKE FRUITY COCONUT 200GM,85,0,0,0,0,0,0,0,0,0,0,0,0,0,0
5191,FUN FOODS MILK SHAKE MIX VANILLA FLAVOUR 250GM,75,1,0,0,0,0,0,0,0,0,0,0,0,0,1
5192,FUN FOODS MILK SHAKE MIX CHOCOLATE 200GM,99,0,0,0,0,0,0,0,0,0,0,0,0,0,0
5193,FUN FOODS CHEESE CHILLI SANDWICH SPREAD 275GM,79,0,0,0,0,0,0,0,0,0,0,0,0,0,0
5194,FUN FOODS EGGLESS BAKE MIX BROWNIE 250GM,99,0,0,0,0,0,0,0,0,0,0,0,0,0,0
5196,FUN FOODS CHOCOLATE DESERT TOPPING 300GM,79,0,0,0,0,0,0,0,0,0,0,0,0,0,0
5197,FUN FOODS ARRABBIATA PASTA SAUSE 325GM,85,0,0,0,0,0,0,0,0,0,0,0,0,0,0
5198,FUN FOODS MAYONNAISE SPREAD EGGLESS TANDOORI 275GM,75,3,0,0,0,0,0,0,0,0,0,0,0,0,3
5199,MOTHER DAIRY ICE CREAM COMBO CHOCO FUDGE 2X700ML,200,0,0,0,0,0,0,0,0,0,0,0,0,0,0
5200,MOTHER DAIRY ICE CREAM FRUIT & NUT 750ML,120,3,0,0,0,0,0,0,0,0,0,0,0,0,3
5203,7UP BOTTLE 2LTR,80,0,0,0,0,0,0,0,0,0,0,0,0,0,0
5205,CATCH MINIZ 70.13GM,200,0,0,0,0,0,0,0,0,0,0,0,0,0,0
5210,MOUNTAIN DEW CAN 250ML,25,12,0,0,0,0,0,0,0,0,0,0,0,0,12
5219,DABUR VATIKA SHAMPOO HENNA & OLIVE PUMP 340ML,185,0,0,0,0,0,0,0,0,0,0,0,0,0,0
5221,CADBURY CHOCLAIRS 212.8GM,56,0,0,0,0,0,0,0,0,0,0,0,0,0,0
5222,BOONDI 170GM,33,0,0,0,0,0,0,0,0,0,0,0,0,0,0
5226,PARK AVENUE TALC PREMIUM  50GM,130,0,0,0,0,0,0,0,0,0,0,0,0,0,0
5228,VEGA HAIR BRUSH RS.350,350,0,0,0,0,0,0,0,0,0,0,0,0,0,0
5230,VEGA HAIR BRUSH RS.250,250,2,0,0,0,0,0,0,0,0,0,0,0,0,2
5231,VEGA BATH ACC RS.250,250,1,0,0,0,0,0,0,0,0,0,0,0,0,1
5232,VEGA BATH ACC RS.299,299,1,0,0,0,0,0,0,0,0,0,0,0,0,1
5233,VEGA BATH ACC RS.99,99,0,0,0,0,0,0,0,0,0,0,0,0,0,0
5234,VEGA BATH ACC RS.90,90,0,0,0,0,0,0,0,0,0,0,0,0,0,0
5235,VEGA BATH ACCESSORIES RS.450,450,0,0,0,0,0,0,0,0,0,0,0,0,0,0
5236,VEGA BATH ACC RS.175,175,0,0,0,0,0,0,0,0,0,0,0,0,0,0
5237,VEGA BATH ACC RS.140,140,0,0,0,0,0,0,0,0,0,0,0,0,0,0
5238,VEGA BATH ACC-BA 3/12,70,0,0,0,0,0,0,0,0,0,0,0,0,0,0
5239,VEGA HAIR BRUSH RS.450,450,0,0,0,0,0,0,0,0,0,0,0,0,0,0
5240,VEGA BABY BRUSH KIT,149,1,0,0,0,0,0,0,0,0,0,0,0,0,1
5241,VEGA FOOT SCRUBBER RS.120,120,0,0,0,0,0,0,0,0,0,0,0,0,0,0
5243,VEGA FOOT SCRUBBER RS.90,90,0,0,0,0,0,0,0,0,0,0,0,0,0,0
5245,HENKO STAIN CHAMPION POWDER 1KG,138,0,0,0,0,0,0,0,0,0,0,0,0,0,0
5246,HENKO MATIC LINT ELLIGENT TOP LOAD 1KG,220,0,0,0,0,0,0,0,0,0,0,0,0,0,0
5247,PRIL LIQUID DISHWASH KRAFT GEL 750ML,165,0,0,0,0,0,0,0,0,0,0,0,0,0,0
5248,PRIL LIQUID DISHWASH LIME 425ML,96,0,0,0,0,0,0,0,0,0,0,0,0,0,0
5249,DRIED APRICOTS 200GM,160,0,0,0,0,0,0,0,0,0,0,0,0,0,0
5255,UNIBIC OATMEAL DIGESTIVE COOKIES 200GM,40,0,0,0,0,0,0,0,0,0,0,0,0,0,0
5256,UNIBIC PISTA BADAM COOKIES 75GM,25,12,0,0,0,0,0,0,0,0,0,0,0,0,12
5260,UNIBIC CHOCO NUT COOKIES 75GM,25,7,0,0,0,2,0,0,0,0,0,0,0,0,5
5264,UNIBIC SUGARFREE BUTTER COOKIES 75GM,40,0,0,0,0,0,0,0,0,0,0,0,0,0,0
5266,VEET CREAM NATURALS CAMELLIA SEED OIL 25GM,65,0,0,0,0,0,0,0,0,0,0,0,0,0,0
5267,VEET HAIR REMOVAL CREAM SENSTIVE SKIN 100GM,170,2,0,0,0,0,0,0,0,0,0,0,0,0,2
5268,MINUTE MAID APPLE 250ML,20,19,0,0,0,2,0,0,0,0,0,0,0,0,17
5269,AMUL ICE CREAM SUGAR FREE ANJIR 500ML,100,0,0,0,0,0,0,0,0,0,0,0,0,0,0
5272,AMUL ICE CREAM BUTTER SCOTCH BLISS 1LTR,170,0,0,0,0,0,0,0,0,0,0,0,0,0,0
5273,AMUL ICE CREAM FRUIT NUT FANTACY TUB 1LTR,190,3,0,0,0,0,0,0,0,0,0,0,0,0,3
5274,AMUL ICE CREAM CHOCOLATE 2LTR,250,2,0,0,0,0,0,0,0,0,0,0,0,0,2
5275,TRUST CLASSIC SUGAR 1KG,65,18,0,0,0,0,0,0,0,0,0,0,0,0,18
5276,MOTHER DAIRY ICE CREAM GOLGAPPA 50ML,5,0,0,0,0,0,0,0,0,0,0,0,0,0,0
5277,LYCHEE FRUIT,130,0,0,0,0,0,0,0,0,0,0,0,0,0,0
5278,ORGANIC PUDINA,8,0,0,0,0,0,0,0,0,0,0,0,0,0,0
5281,TATA TEA AGNI 1KG,200,3,0,0,0,0,0,0,0,0,0,0,0,0,3
5282,TETLEY GREEN TEA LONG LEAF 100GM,100,3,0,0,0,0,0,0,0,0,0,0,0,0,3
5284,HARPIC FULSHMATIC PINE 2X50GM,110,2,0,0,0,0,0,0,0,0,0,0,0,0,2
5285,HARPIC POWER PLUS ALL IN 1 ROSE 500ML,76,0,0,0,0,0,0,0,0,0,0,0,0,0,0
5286,HARPIC HYGIENIC TOILET RIM BLOCK LAVENDER 26GM,65,0,0,0,0,0,0,0,0,0,0,0,0,0,0
5287,DETTOL HAND WASH SKINCARE LIQUID REFILL 900ML,209,0,0,0,0,0,0,0,0,0,0,0,0,0,0
5289,BORO PLUS ANTISEPTIC CREAM 14GM,33,3,0,0,0,0,0,0,0,0,0,0,0,0,3
5290,BORO PLUS ANTISEPTIC CREAM  40GM,60,4,0,0,0,0,0,0,0,0,0,0,0,0,4
5294,ORBIT MIXED FRUIT RS.10,10,0,0,0,0,0,0,0,0,0,0,0,0,0,0
5295,PIM POM LOLLOPOP,5,69,0,0,0,0,0,0,0,0,0,0,0,0,69
5297,CLEAN & CLEAR FACEWASH MORNING ENERGY LEMON 50ML,70,1,0,0,0,0,0,0,0,0,0,0,0,0,1
5298,ARBI,45,0,0,0,0,0,0,0,0,0,0,0,0,0,0
5299,NESTLE ASSORTED FESTIVE GREATINGS PACK 138.7GM,100,0,0,0,0,0,0,0,0,0,0,0,0,0,0
5302,YARDLEY TALC GENTLEMAN 100GM,90,0,0,0,0,0,0,0,0,0,0,0,0,0,0
5307,KELLOGGS CHOCOS FILLS 250GM,170,5,0,0,0,0,0,0,0,0,0,0,0,0,5
5310,KELLOGGS CORN FLAKES ORIGINAL & THE BEST 475GM,175,9,0,0,0,0,0,0,0,0,0,0,0,0,9
5312,KELLOGGS CORN FLAKES STRAWBERRY 275GM,130,1,0,0,0,0,0,0,0,0,0,0,0,0,1
5314,KELLOGGS CORN FLAKES REAL ALMOND AND HONEY 300GM,160,6,0,0,0,0,0,0,0,0,0,0,0,0,6
5315,KELLOGGS CHOCOS 250GM,115,4,0,0,0,0,0,0,0,0,0,0,0,0,4
5316,KELLOGGS CHOCOS 125GM,55,1,0,0,0,0,0,0,0,0,0,0,0,0,1
5317,KELLOGGS CHOCOS 375GM,155,6,0,0,0,0,0,0,0,0,0,0,0,0,6
5319,KELLOGGS CHOCOS DUET COCO 375GM,165,2,0,0,0,0,0,0,0,0,0,0,0,0,2
5320,KELLOGGS HONEY LOOPS 300GM,125,0,0,0,0,0,0,0,0,0,0,0,0,0,0
5325,KELLOGGS SPECIAL K 435GM,195,4,0,0,0,0,0,0,0,0,0,0,0,0,4
5328,DAURALA SUGAR 5GM,1,91,0,0,0,0,0,0,0,0,0,0,0,0,91
5329,BRITANNIA GOOD DAY CHOCO NUT COOKIES 37GM,10,0,0,0,0,0,0,0,0,0,0,0,0,0,0
5330,BRITANNIA DAHI 80GM,10,10,0,0,0,0,0,0,0,0,0,0,0,0,10
5331,MCVITIES FRUIT BAKES COOKIES 120GM,40,15,0,0,0,0,0,0,0,0,0,0,0,0,15
5333,SUALIN NATURAL COUGH AND COLD REMEDY,4,0,0,0,0,0,0,0,0,0,0,0,0,0,0
5334,NAVNEET MY NOTE BOOK JUMBO SIZE 100 PAGES,25,0,0,0,0,0,0,0,0,0,0,0,0,0,0
5335,NAVNEET 3IN1 180PAGES,50,4,0,0,0,0,0,0,0,0,0,0,0,0,4
5336,NAVNEET NOTE BOOK SUPER CAR 172PAGES,45,-1,0,0,0,0,0,0,0,0,0,0,0,0,-1
5337,NAVNEET LONG BOOK 172PAGES,25,0,0,0,0,0,0,0,0,0,0,0,0,0,0
5338,NAVNEET PEACTICAL BOOK 96PGS,50,0,0,0,0,0,0,0,0,0,0,0,0,0,0
5339,NAVNEET JUMBO NOTEBOOK SINGLE LINE 124PAGES,34,12,0,0,0,0,0,0,0,0,0,0,0,0,12
5340,NAVNEET MY PROJECT BOOK 32PAGES,35,10,0,0,0,0,0,0,0,0,0,0,0,0,10
5341,NAVNEET MY SCRAP BOOK 64PAGES,60,6,0,0,0,0,0,0,0,0,0,0,0,0,6
5342,NAVNEET THE ORIGINAL JUMBO NOTEBOOK 124PAGES,35,0,0,0,0,0,0,0,0,0,0,0,0,0,0
5343,NAVNEET NOTE BOOK 108PAGES,45,1,0,0,0,0,0,0,0,0,0,0,0,0,1
5345,LEONARDO EXTRA VIRGIN OLIVE OIL 1LTR,1199,0,0,0,0,0,0,0,0,0,0,0,0,0,0
5346,LEONARDO OLIVE EXTRA LIGHT 1LTR,1099,0,0,0,0,0,0,0,0,0,0,0,0,0,0
5347,AMUL ICE CREAM CHOCOLATE BROWINE 1LTR,190,1,0,0,0,0,0,0,0,0,0,0,0,0,1
5348,LEONARDO OLIVE OIL MIXED PICKLE 400GM,80,0,0,0,0,0,0,0,0,0,0,0,0,0,0
5349,LEONARDO OLIVE OIL PICKLE LIME 400GM,80,0,0,0,0,0,0,0,0,0,0,0,0,0,0
5350,LEONARDO OLIVE OIL PICKLE MANGO 400GM,80,0,0,0,0,0,0,0,0,0,0,0,0,0,0
5351,PEACH,85,0,0,0,0,0,0,0,0,0,0,0,0,0,0
5352,DHANIA,8,0,0,0,0,0,0,0,0,0,0,0,0,0,0
5353,VEET SENSTIVE SKIN 25GM,55,0,0,0,0,0,0,0,0,0,0,0,0,0,0
5354,VEET HAIR REMOVAL CREAM SILK & FRESH SUPREM ESSENCE 25GM,60,0,0,0,0,0,0,0,0,0,0,0,0,0,0
5355,VEET HAIR REMOVAL CREAM SUPREM ESSENCE 60GM,110,0,0,0,0,0,0,0,0,0,0,0,0,0,0
5356,VEET HAIR REMOVAL CREAM  NORMAL SKIN 100GM,170,2,0,0,0,0,0,0,0,0,0,0,0,0,2
5357,VEET HAIR REMOVAL CREAM BRIGHTENING NORMAL TO DRY SKIN 60GM,110,0,0,0,0,0,0,0,0,0,0,0,0,0,0
5358,QUAKER OATS JAR 500GM,137,0,0,0,0,0,0,0,0,0,0,0,0,0,0
5359,FORTUNE SOYA HEALTH SOYABEAN OIL 5LTR,655,1,0,0,0,0,0,0,0,0,0,0,0,0,1
5360,KNORR SOUP CHINESE MANCHOW NOODLE 45GM,50,0,0,0,0,0,0,0,0,0,0,0,0,0,0
5361,DEL MONTE FIESTA FRUIT COCKTAIL 550GM,190,2,0,0,0,0,0,0,0,0,0,0,0,0,2
5362,DEL MONTE FRUIT COCKTAIL 500GM,130,0,0,0,0,0,0,0,0,0,0,0,0,0,0
5372,BROOKE BOND TAAZA 1KG,220,0,0,0,0,0,0,0,0,0,0,0,0,0,0
5373,T.26 STEEL LOCK 40MM HARRISON,70,0,0,0,0,0,0,0,0,0,0,0,0,0,0
5378,KAJU ROASTED 250GM,365,27,0,0,0,0,0,0,0,0,0,0,0,0,27
5379,TATA SALT LITE 1KG,32,86,0,0,0,0,0,0,0,0,0,0,0,0,86
5381,T.26 STEEL LOCK 40MM HARRISON,60,0,0,0,0,0,0,0,0,0,0,0,0,0,0
5382,T.26 STEEL LOCK 50MM HARRISON,77,0,0,0,0,0,0,0,0,0,0,0,0,0,0
5383,J.6 STEEL LOCK 60MM HARRISON,77,0,0,0,0,0,0,0,0,0,0,0,0,0,0
5384,J.6 LOCK 70MM HARRI,100,0,0,0,0,0,0,0,0,0,0,0,0,0,0
5385,FEV ICOL GLUE BOTTLE 60GM,20,0,0,0,0,0,0,0,0,0,0,0,0,0,0
5386,FEVICOL MR  BOTTLE 200ML,70,0,0,0,0,0,0,0,0,0,0,0,0,0,0
5389,FEVI STIK 15GM,40,13,0,0,0,0,0,0,0,0,0,0,0,0,13
5390,FEVI STIK  8GM,25,30,0,0,0,0,0,0,0,0,0,0,0,0,30
5392,FEVI KWIK 2GM,15,0,0,0,0,0,0,0,0,0,0,0,0,0,0
5393,HARRISON J.6 STEEL LOCK 60MM ,32,0,0,0,0,0,0,0,0,0,0,0,0,0,0
5394,GARNIER WINTER CARE COLD CREAM 40GM,115,0,0,0,0,0,0,0,0,0,0,0,0,0,0
5395,SPRAYMINTT MOUTH FRESHENER BREEZBERRY 15GM,99,2,0,0,0,0,0,0,0,0,0,0,0,0,2
5398,NAVNEET MY LONG BOOK A4 SIZE SOFT BOND 140 PAGES,50,2,0,0,0,0,0,0,0,0,0,0,0,0,2
5409,PIONEER CLEANING ACID 5LTR,195,4,0,0,0,0,0,0,0,0,0,0,0,0,4
5410,GARNIER FRUCTIS SHAMPOO GOODBYE DAMAGE 175ML+80ML,110,0,0,0,0,0,0,0,0,0,0,0,0,0,0
5411,GARNIER WINTER CARE COLD CREAM 18GM,67,0,0,0,0,0,0,0,0,0,0,0,0,0,0
5412,GARNIER WINTER CARE NOURISHING COLD CREAM HONEY+SHEA BUTTER+VITAMIN E 40GM,150,1,0,0,0,0,0,0,0,0,0,0,0,0,1
5414,TEA STRAINER RS.40,50,0,0,0,0,0,0,0,0,0,0,0,0,0,0
5415,TEA STRAINER RS.45,65,0,0,0,0,0,0,0,0,0,0,0,0,0,0
5417,GARNIER WINTER CARE NOURISHING COLD CREAM 18GM,85,0,0,0,0,0,0,0,0,0,0,0,0,0,0
5421,CLASSIC CENTRA FLOOR WIPER,160,18,0,0,0,0,0,0,0,0,0,0,0,0,18
5422,SECURA FLOOR WIPERS SMALL,125,1,0,0,0,0,0,0,0,0,0,0,0,0,1
5423,CLASSIC SWEETY FLOOR WIPER ,85,1,0,0,0,0,0,0,0,0,0,0,0,0,1
5424,CLASSIC SECURA FLOOR WIPER,132,12,0,0,0,0,0,0,0,0,0,0,0,0,12
5427,CLASSIC KITCHEN WIPER SMALL,42,0,0,0,0,0,0,0,0,0,0,0,0,0,0
5428,UNCLEAN SUPER ACTION TOILET BRUSH,160,1,0,0,0,0,0,0,0,0,0,0,0,0,1
5429,UNICLEAN SUPER ACTION TOILET BRUSH RS.95,95,-6,0,0,0,0,0,0,0,0,0,0,0,0,-6
5430,ENO LEMON 5GM,8,36,0,0,0,0,0,0,0,0,0,0,0,0,36
5431,QUAKER OATS PLUS MULTIGRAIN ADVANTAGE 300GM,70,0,0,0,0,0,0,0,0,0,0,0,0,0,0
5434,SWADESHI BREAD CRUMB 250GM,15,0,0,0,0,0,0,0,0,0,0,0,0,0,0
5435,CHANDAN TULSI HERBAL MEHANDI 80GM,60,9,0,0,0,0,0,0,0,0,0,0,0,0,9
5436,TILE BRUSH RS.65,45,2,0,0,0,0,0,0,0,0,0,0,0,0,2
5437,CLOTH BRUSH RS.45,45,10,0,0,0,0,0,0,0,0,0,0,0,0,10
5438,BRUSH RS.75,75,0,0,0,0,0,0,0,0,0,0,0,0,0,0
5440,MOTHER DAIRY ICE CREAM ORANGE LIC LOLLEEZ 50ML,5,0,0,0,0,0,0,0,0,0,0,0,0,0,0
5441,MOTHER DAIRY ICE CREAM CHOCLATECONE 100ML,35,0,0,0,0,0,0,0,0,0,0,0,0,0,0
5446,MOTHER DAIRY ICE CREAM CHILLZ MANGO 60ML,20,28,0,0,0,0,0,0,0,0,0,0,0,0,28
5460,MOTHER DAIRY MILK TONED MILK 1LTR,62,17,0,0,0,0,0,0,0,0,0,0,0,0,17
5463,FABER CASTELL 12 POSTER COLOURS,170,2,0,0,0,0,0,0,0,0,0,0,0,0,2
5470,CADBURY TEMPTATIONS ALMOND TREAT 72GM,90,10,0,0,0,0,0,0,0,0,0,0,0,0,10
5471,CADBURY DAIRY MILK SILK CHOCOLATE 150GM,150,32,0,0,0,0,0,0,0,0,0,0,0,0,32
5473,CADBURY BOURNVILLE RICH COCOA 31GM,45,39,0,0,0,0,0,0,0,0,0,0,0,0,39
5479,CADBURY CELEBRATING 168GM,160,0,0,0,0,0,0,0,0,0,0,0,0,0,0
5480,CADBURY DAIRY MILK SHOTS 7.2GM,5,0,0,0,0,0,0,0,0,0,0,0,0,0,0
5482,CADBURY ECLAIRS JAR,115,0,0,0,0,0,0,0,0,0,0,0,0,0,0
5491,LIVON SERUM GET SILKY SHINY HAIR 100ML,250,2,0,0,0,0,0,0,0,0,0,0,0,0,2
5493,LIVON SERUM 20ML,60,1,0,0,0,0,0,0,0,0,0,0,0,0,1
5494,LIVON SILKY POTION I LOVE MY HAIR 50ML,140,1,0,0,0,0,0,0,0,0,0,0,0,0,1
5500,CHOTI ELIACHI 10GM,23,-29,0,0,0,14,0,0,0,0,0,0,0,0,-43
5501,TOP RAMEN MORE MASALA 70GM,10,7,0,0,0,1,0,0,0,0,0,0,0,0,6
5502,TOP RAMEN MORE MASALA 140GM,20,7,0,0,0,0,0,0,0,0,0,0,0,0,7
5503,TOP RAMEN MORE MASALA 280GM,40,1,0,0,0,0,0,0,0,0,0,0,0,0,1
5508,GLUCON-D NIMBU PANI 200GM,68,6,0,0,0,0,0,0,0,0,0,0,0,0,6
5510,NYCIL CLASSIC TALCUM 150GM,99,0,0,0,0,0,0,0,0,0,0,0,0,0,0
5511,NYCIL COOL GULABJAL TALCUM 150GM,99,1,0,0,0,0,0,0,0,0,0,0,0,0,1
5512,MAGGI 2 MINUTE VEG ATTA NOODLES 80GM,20,0,0,0,0,0,0,0,0,0,0,0,0,0,0
5514,MAGGI 2 MINUTE NOODLES MASALA 70GM,12,115,0,0,0,7,0,0,0,0,0,0,0,0,108
5515,MAGGI 2 MINUTE NOODLES MASALA 280GM,44,36,0,0,0,2,0,0,0,0,0,0,0,0,34
5518,BRITANNIA MARIE GOLD BISCUITS 250GM,30,16,0,0,0,1,0,0,0,0,0,0,0,0,15
5520,GILLETTE MACH3 4CATRIDGES,475,0,0,0,0,0,0,0,0,0,0,0,0,0,0
5521,LEONARDO PIMIENTO SUFFED HOJIBLANCA OLIVE 270GM,240,0,0,0,0,0,0,0,0,0,0,0,0,0,0
5524,WHISPER CHOICE WINGS 8PADS,34,4,0,0,0,0,0,0,0,0,0,0,0,0,4
5525,WHISPER CHOICE ULTRA WINGS 6 PADS,42,0,0,0,0,0,0,0,0,0,0,0,0,0,0
5530,HIMANI COUGH DROPS 1/-,1,0,0,0,0,0,0,0,0,0,0,0,0,0,0
5531,MOSERBAER CD 700MB,15,22,0,0,0,0,0,0,0,0,0,0,0,0,22
5537,WHEEL ACTIVE POWDER 4KG,192,0,0,0,0,0,0,0,0,0,0,0,0,0,0
5538,PEDIASURE PREMIUIM CHOCOLATE ABBOTT 400GM,525,0,0,0,0,0,0,0,0,0,0,0,0,0,0
5542,MINUTE MAID PULPY ORANGE 1LTR,75,0,0,0,0,0,0,0,0,0,0,0,0,0,0
5549,DETTOL SQUEEZY ORIGINAL 110ML,30,2,0,0,0,0,0,0,0,0,0,0,0,0,2
5552,MORTEIN POWER BOOSTER MOSQUITO 10+4 COILS,32,0,0,0,0,0,0,0,0,0,0,0,0,0,0
5554,SCOTCH BRITE THICK PAD WITH STAIN CUTTERS 1 PAD,25,6,0,0,0,0,0,0,0,0,0,0,0,0,6
5555,SCOTCH BRITE SCRUB PAD 5PADS,75,0,0,0,0,0,0,0,0,0,0,0,0,0,0
5556,SCOTCH BRITE SCRUB PAD 3PADS,90,11,0,0,0,0,0,0,0,0,0,0,0,0,11
5557,SUNDROP PEANUT BUTTER CRUNCHY 100GM,55,0,0,0,0,0,0,0,0,0,0,0,0,0,0
5558,SUNDROP PEANUT BUTTER CREAMY 200GM,100,2,0,0,0,0,0,0,0,0,0,0,0,0,2
5560,SUNDROP PEANUT BUTTER CRUNCHY 200GM,100,4,0,0,0,0,0,0,0,0,0,0,0,0,4
5562,ACT II POPCORN BUTTER DELIGHT 70GM,30,31,0,0,0,0,0,0,0,0,0,0,0,0,31
5564,ACT II MAGIC BUTTER FLAVOUR 40GM,10,16,0,0,0,0,0,0,0,0,0,0,0,0,16
5565,ACT II XTREME BUTTER FLAVOUR 100GM,33,0,0,0,0,0,0,0,0,0,0,0,0,0,0
5566,MTR BREAKFAST POHA 60GM,20,0,0,0,0,0,0,0,0,0,0,0,0,0,0
5567,MTR CHUTNEY POWDER IDLI DOSA CHILLY 200GM,72,0,0,0,0,0,0,0,0,0,0,0,0,0,0
5570,MTR POHA KHATAA MEETHA 180GM,42,0,0,0,0,0,0,0,0,0,0,0,0,0,0
5573,HALDIRAMS PUNJABI TADKA 200GM,48,0,0,0,0,0,0,0,0,0,0,0,0,0,0
5575,HALDIRAMS SAMOSA 200GM,45,10,0,0,0,0,0,0,0,0,0,0,0,0,10
5577,PRINGLES POTATO CRIPS SOUR CREAM & ONION 110GM,99,9,0,0,0,1,0,0,0,0,0,0,0,0,8
5578,PRINGLES ORIGINAL POTATO CRISPS 110GM,99,7,0,0,0,0,0,0,0,0,0,0,0,0,7
5579,ORION CHOCO PIE 186GM,80,0,0,0,0,0,0,0,0,0,0,0,0,0,0
5580,REXONA SOAP COCONUT AND OLIVE OIL 150GM,40,2,0,0,0,0,0,0,0,0,0,0,0,0,2
5583,HENKO MATIC LINT ELLIGENT FRONT LOAD 2KG,440,0,0,0,0,0,0,0,0,0,0,0,0,0,0
5586,AMUL CHEESE SLICES 200GM,118,6,0,0,0,0,0,0,0,0,0,0,0,0,6
5592,STAYFREE SECURE DRY REGULAR 8PADS,35,0,0,0,0,0,0,0,0,0,0,0,0,0,0
5594,STAYFREE ADVENCED XL ULTRA COMFORT XL 14 PADS,155,0,0,0,0,0,0,0,0,0,0,0,0,0,0
5598,NIVEA LIP BALM FRUITY SHINE STRAWBERRY 4.8GM,185,1,0,0,0,0,0,0,0,0,0,0,0,0,1
5599,ORGANIC KATHAL,40,0,0,0,0,0,0,0,0,0,0,0,0,0,0
5600,JOHNSONS BABY CARE COLLECTION KIT RS.325,325,1,0,0,0,0,0,0,0,0,0,0,0,0,1
5601,JOHNSONS BABY CARE COLLECTION DELUXE STANDARD,401,0,0,0,0,0,0,0,0,0,0,0,0,0,0
5603,KIWI SHOE BRUSH,60,0,0,0,0,0,0,0,0,0,0,0,0,0,0
5604,KIWI SHOE BRUSH 2IN1,65,0,0,0,0,0,0,0,0,0,0,0,0,0,0
5605,AXE AFTERSHAVE LOTION PULSE 50ML,120,1,0,0,0,0,0,0,0,0,0,0,0,0,1
5606,PEPSODENT TOOTH PASTE EXPERT PROTECTION PRO SENSITIVE RELIEF & REPAIR 80GM,99,0,0,0,0,0,0,0,0,0,0,0,0,0,0
5610,BRITANNIA DAHI PLAIN 150GM,20,-1,0,0,0,0,0,0,0,0,0,0,0,0,-1
5611,PARK AVENUE DEO VOYAGE 220ML,299,0,0,0,0,0,0,0,0,0,0,0,0,0,0
5614,PARK AVENUE DEO TALC GOOD MORNING 200GM,99,0,0,0,0,0,0,0,0,0,0,0,0,0,0
5615,CLEAN & CLEAR DAILY SCRUB BLACKHEAD CLEARING 40GM,51,0,0,0,0,0,0,0,0,0,0,0,0,0,0
5617,KELLOGGS OATS GREEN PUDINA 250GM,99,0,0,0,0,0,0,0,0,0,0,0,0,0,0
5620,BROOKE BOND TAJ MAHAL GREEN TEA HONEY LEMON 10 TEA BAGS,60,0,0,0,0,0,0,0,0,0,0,0,0,0,0
5622,VASELINE INTENSIVE CARE DEEP RESTORE 300ML,230,0,0,0,0,0,0,0,0,0,0,0,0,0,0
5623,NIVEA LIP BALM ORIGINAL CARE 4.8GM,130,1,0,0,0,0,0,0,0,0,0,0,0,0,1
5627,LISTERINE MOUTHWASH COOLMINT 250ML,109,0,0,0,0,0,0,0,0,0,0,0,0,0,0
5631,NATURO FRUIT BITES MANGO 180GM,100,0,0,0,0,0,0,0,0,0,0,0,0,0,0
5632,NATURO LITE APPLE FRUIT BAR 6X15GM,75,0,0,0,0,0,0,0,0,0,0,0,0,0,0
5633,NATURO STRAWBERRY DELIGHT 100GM,40,0,0,0,0,0,0,0,0,0,0,0,0,0,0
5639,AMUL ICE CREAM CONE BUTTER SCOTCH 125ML,25,15,0,0,0,0,0,0,0,0,0,0,0,0,15
5641,AMUL ICE CREAM MASTI KULFI SHAHI PISTA 100ML,35,0,0,0,0,0,0,0,0,0,0,0,0,0,0
5642,AMUL ICE CREAM SUNDAE KHATTA MEETHA MANGO 125ML,25,0,0,0,0,0,0,0,0,0,0,0,0,0,0
5643,AMUL ICE CREAM VANILLA MAGIC TUB 1LTR,140,0,0,0,0,0,0,0,0,0,0,0,0,0,0
5645,AMUL ICE CREAM BUTTER SCOTCH 1.25LTR,160,3,0,0,0,1,0,0,0,0,0,0,0,0,2
5646,AMUL ICE CREAM SUNDAE CHOCOLATE 125ML,25,0,0,0,0,0,0,0,0,0,0,0,0,0,0
5648,NUTRELA SOYA CHUNKS (BADDI)200GM,45,11,0,0,0,0,0,0,0,0,0,0,0,0,11
5650,FUN FOODS CHOCOLATE EGGLESS BAKE 250GM,99,0,0,0,0,0,0,0,0,0,0,0,0,0,0
5652,RAMDEV GARAM MASALA 100GM,48,43,0,0,0,1,0,0,0,0,0,0,0,0,42
5653,FUN FOODS GREEN CHILLI SAUCE 200GM,45,5,0,0,0,0,0,0,0,0,0,0,0,0,5
5657,ORRIS MULTIPURPOSE COTTON ROLL,75,0,0,0,0,0,0,0,0,0,0,0,0,0,0
5658,CANDLE RS.10,10,0,0,0,0,0,0,0,0,0,0,0,0,0,0
5660,MOTHER DAIRY ICE CREAM SHAHI MEVA MALAI 115ML,35,6,0,0,0,0,0,0,0,0,0,0,0,0,6
5661,MOTHER DAIRY ICE CREAM KESAR ALMOND 115ML,35,5,0,0,0,0,0,0,0,0,0,0,0,0,5
5662,MOTHER DAIRY ICE CREAM COOKIE CRUMB 115ML,35,6,0,0,0,0,0,0,0,0,0,0,0,0,6
5663,MOTHER DAIRY ICE CREAM PISTA KULFI 60ML,30,0,0,0,0,0,0,0,0,0,0,0,0,0,0
5664,BUSH VANILLA FLAVOURING 20ML,22,33,0,0,0,0,0,0,0,0,0,0,0,0,33
5666,FRUTINS RED CHERRIES IN SYRUP 415GM,240,0,0,0,0,0,0,0,0,0,0,0,0,0,0
5668,WEIKFIELD WORCESTERSHIRE SAUCE 200GM,45,3,0,0,0,0,0,0,0,0,0,0,0,0,3
5669,NESCAFE CAPPUCCINO 75GM,100,0,0,0,0,0,0,0,0,0,0,0,0,0,0
5672,BRITANNIA 50-50 SWEET N SALTY 200GM,20,0,0,0,0,0,0,0,0,0,0,0,0,0,0
5674,BRITANNIA TIGER GLUCOSE 124GM,10,13,0,0,0,13,0,0,0,0,0,0,0,0,0
5675,BRITANNIA TIME PASS SIMPLY SALTED BISCUITS 79GM,10,0,0,0,0,0,0,0,0,0,0,0,0,0,0
5676,PRINGLES CHILLI CHEESE FLAVOUR 110GM,99,0,0,0,0,0,0,0,0,0,0,0,0,0,0
5677,BASIC AYURVEDA APPLE CIDER VINEGAR 450ML,210,12,0,0,0,0,0,0,0,0,0,0,0,0,12
5678,BASIC AYURVEDA ALOE VEERA HONEY JUICE 500ML,177,0,0,0,0,0,0,0,0,0,0,0,0,0,0
5680,BASIC AYURVEDA ECOLOGY HONEY 500GM,320,0,0,0,0,0,0,0,0,0,0,0,0,0,0
5682,BASIC AYURVEDA JAMUN KARELA HERBAL MIX JUICE 500ML,155,0,0,0,0,0,0,0,0,0,0,0,0,0,0
5683,BASIC AYURVEDA BITTER GOURD JUICE 500ML,110,0,0,0,0,0,0,0,0,0,0,0,0,0,0
5684,BASIC AYURVEDA JAMUN VINEGAR 450ML,106,0,0,0,0,0,0,0,0,0,0,0,0,0,0
5685,BASIC AYURVEDA GOOSE BERRY JUICE 500ML,110,0,0,0,0,0,0,0,0,0,0,0,0,0,0
5686,HALDIRAMS NUT CRACKER 400GM,89,0,0,0,0,0,0,0,0,0,0,0,0,0,0
5687,HALDIRAMS NAVRATTAN 400GM,83,5,0,0,0,0,0,0,0,0,0,0,0,0,5
5688,HALDIRAMS CHANA CRACKER 200GM,48,0,0,0,0,0,0,0,0,0,0,0,0,0,0
5689,HALDIRAMS FATAFAT BHEL 150GM,30,8,0,0,0,0,0,0,0,0,0,0,0,0,8
5690,MDH SAMBHAR MASALA 100GM,57,33,0,0,0,0,0,0,0,0,0,0,0,0,33
5696,BRITANNIA CAKE TIFFIN FUN 25GM,5,0,0,0,0,0,0,0,0,0,0,0,0,0,0
5697,TETLEY TEA 100BAGS,123,7,0,0,0,0,0,0,0,0,0,0,0,0,7
5698,TWINING PURE CAMOMILE 25 TEA BAGS,320,0,0,0,0,0,0,0,0,0,0,0,0,0,0
5703,TIC TAC RAW MANGO 10.2GM,10,0,0,0,0,0,0,0,0,0,0,0,0,0,0
5707,EXPRESS FOODS ORIGINAL MUESLI SWISS STYLE 1KG,460,0,0,0,0,0,0,0,0,0,0,0,0,0,0
5708,MOTHERS RECIPE LIME PICKLE 400GM,94,1,0,0,0,0,0,0,0,0,0,0,0,0,1
5709,MOTHERS RECIPE GREEN CHILLI PICKLE 200GM,42,0,0,0,0,0,0,0,0,0,0,0,0,0,0
5710,MOTHERS RECIPE RED STUFFED CHILLI PICKLE 400GM,102,1,0,0,0,0,0,0,0,0,0,0,0,0,1
5711,KELLOGGS CHOCOS 1.2KG,445,4,0,0,0,0,0,0,0,0,0,0,0,0,4
5712,CORN,26,0,0,0,0,0,0,0,0,0,0,0,0,0,0
5715,YARDLEY DEO GENTLEMAN URBANE 150ML,190,0,0,0,0,0,0,0,0,0,0,0,0,0,0
5716,WILD STONE BODY DEODORANT FORESH SPICE 150ML,180,0,0,0,0,0,0,0,0,0,0,0,0,0,0
5717,SECRET TEMPTATION DEO TALC ROMANCE 300GM,110,0,0,0,0,0,0,0,0,0,0,0,0,0,0
5719,GARNIER COLOR NATURALS CREAM 4BROWN 3OILS,80,1,0,0,0,0,0,0,0,0,0,0,0,0,1
5720,DOVE SHAMPOO NOURISHING OIL CARE 180ML,105,1,0,0,0,0,0,0,0,0,0,0,0,0,1
5723,SUNFEAST SWEET N SALT 80GM,10,0,0,0,0,0,0,0,0,0,0,0,0,0,0
5725,VEGA HAIR BRUSH RS.249,249,0,0,0,0,0,0,0,0,0,0,0,0,0,0
5726,VEGA HAIR STYLER2IN1,1799,1,0,0,0,0,0,0,0,0,0,0,0,0,1
5727,VEGA MEHNDI DYE BRUSH,40,0,0,0,0,0,0,0,0,0,0,0,0,0,0
5734,PONDS DREAMFLOWER FRAGRANT TALCUM 400GM,199,0,0,0,0,0,0,0,0,0,0,0,0,0,0
5735,PEPSODENT TOOTH BRUSH MULTIPACK 767GM,816,0,0,0,0,0,0,0,0,0,0,0,0,0,0
5737,VEGA FOOT SCRUBBER PD-10,95,3,0,0,0,0,0,0,0,0,0,0,0,0,3
5738,VEGA BATH ACCESSORIES RS.350,350,0,0,0,0,0,0,0,0,0,0,0,0,0,0
5739,VEGA BATH ACC- BA 3/5,160,0,0,0,0,0,0,0,0,0,0,0,0,0,0
5740,VEGA T- STYLE BEARD TRIMMER 0.5MM TO 10MM,1150,0,0,0,0,0,0,0,0,0,0,0,0,0,0
5745,MAGGI MASALA-E-MAGIC 54GM,40,-1,0,0,0,0,0,0,0,0,0,0,0,0,-1
5746,DAAWAT TRADITIONAL BASMATI RICE 1KG,200,3,0,0,0,0,0,0,0,0,0,0,0,0,3
5749,MCVITIES MARIE BISCUITS 100GM,10,21,0,0,0,0,0,0,0,0,0,0,0,0,21
5750,GILLETTE MACH3 LIMITED EDITION PACK,275,0,0,0,0,0,0,0,0,0,0,0,0,0,0
5751,GILLETTE MACH3 2 CATRIDGES,235,0,0,0,0,0,0,0,0,0,0,0,0,0,0
5753,NESTLE CHOCLATE ECLAIRS 400GM,100,0,0,0,0,0,0,0,0,0,0,0,0,0,0
5754,STAYFREE SECURE COTTON SOFT REGULAR 8PADS,33,0,0,0,0,0,0,0,0,0,0,0,0,0,0
5755,STAYFREE SECURE COTTON SOFT REGULAR 20 PADS,75,1,0,0,0,0,0,0,0,0,0,0,0,0,1
5756,STAYFREE ADVANCED ULTRA COMFORT XL SOFT TOUCH COVER 7PADS,85,7,0,0,0,0,0,0,0,0,0,0,0,0,7
5763,PEPSODENT TOOTH BRUSH FLEXIPIC,29,0,0,0,0,0,0,0,0,0,0,0,0,0,0
5765,PEPSODENT TOOTH BRUSH DOUBLE ACTION,28,0,0,0,0,0,0,0,0,0,0,0,0,0,0
5767,PARLE FAB BOURBON 120GM,20,0,0,0,0,0,0,0,0,0,0,0,0,0,0
5769,REVIVE LIQUID STIFFENER 400ML,107,0,0,0,0,0,0,0,0,0,0,0,0,0,0
5770,SAFFRON BABY BRAND 0.5GM,149,0,0,0,0,0,0,0,0,0,0,0,0,0,0
5771,EVERYUTH NATURAL GOLDEN GLOW PEEL OFF MASK 50GM,75,0,0,0,0,0,0,0,0,0,0,0,0,0,0
5772,BRITANNIA GOOD DAY RICH BUTTER COOKIES 250GM,32,7,0,0,0,2,0,0,0,0,0,0,0,0,5
5773,PAMPERS ACTIVE BABY 5 STAR SKIN COMFORTS MEDIUM 20DIAPERS,349,2,0,0,0,0,0,0,0,0,0,0,0,0,2
5774,PAMPERS BABY DRY MEDIUM 6-11KG 5 DIAPERS,65,0,0,0,0,0,0,0,0,0,0,0,0,0,0
5775,TIDE NATURALS LEMON & CHANDAN 500GM,35,1,0,0,0,0,0,0,0,0,0,0,0,0,1
5776,SURF EXCEL EASYWASH POWDER 200GM,22,0,0,0,0,0,0,0,0,0,0,0,0,0,0
5777,LUX SOAP VELVET TOUCH 100GM,27,6,0,0,0,0,0,0,0,0,0,0,0,0,6
5778,VIM DOUBLE POWER CONCERNTRATED GEL LIME 250ML,55,0,0,0,0,0,0,0,0,0,0,0,0,0,0
5779,DOVE DEO MEN EXTRA FRESH 150ML,225,0,0,0,0,0,0,0,0,0,0,0,0,0,0
5780,DOVE SHAMPOO DAILY SHINE 6ML,3,0,0,0,0,0,0,0,0,0,0,0,0,0,0
5781,COLGATE TOOTH BRUSH 360 ACTI FLEX TOOTH BRUSH,75,0,0,0,0,0,0,0,0,0,0,0,0,0,0
5787,REPUBLIC OF CHICKEN CHICKEN NUGGETS 450GM,225,3,0,0,0,0,0,0,0,0,0,0,0,0,3
5788,YUMMIEZ CHICKEN SEEK KABAB 400GM,225,-1,0,9,0,0,0,0,0,0,0,0,0,0,8
5789,REPUBLIC OF CHICKEN CHICKEN HAM 500GM,260,1,0,0,0,0,0,0,0,0,0,0,0,0,1
5790,YUMMIEZ GREEN PEAS 500GM,80,0,0,0,0,0,0,0,0,0,0,0,0,0,0
5792,MCVITIES DIGESTIVE SOURCE OF FIBRE 400GM,185,1,0,0,0,0,0,0,0,0,0,0,0,0,1
5793,KELLOGGS CHOCOS YUMMU CHHOTA LADDOO 425GM,190,4,0,0,0,0,0,0,0,0,0,0,0,0,4
5794,JOHNSONS BABY MILK CREAM 30GM,47,0,0,0,0,0,0,0,0,0,0,0,0,0,0
5795,JOHNSONS BABY MILK CREAM 50GM,75,2,0,0,0,0,0,0,0,0,0,0,0,0,2
5796,NAVNEET REGISTER RS.195,220,0,0,0,0,0,0,0,0,0,0,0,0,0,0
5797,GATSBY FACEWASH POWER REFRESHING 120GM,145,0,0,0,0,0,0,0,0,0,0,0,0,0,0
5798,STAYFREE DRY MAX ULTRA DRY 8PADS,80,11,0,0,0,0,0,0,0,0,0,0,0,0,11
5799,MOTHER DAIRY CHILLZ COLD COFFEE 180ML,25,32,0,0,0,0,0,0,0,0,0,0,0,0,32
5801,LIZOL DISINFECTANT SURFACE CLEANER SANDAL 2LTR,315,0,0,0,0,0,0,0,0,0,0,0,0,0,0
5802,BOMBAY AJWAIN 100GM,25,26,0,0,0,1,0,0,0,0,0,0,0,0,25
5803,BAMBINO ROASTED VERMICELLI 425GM,50,2,0,0,0,0,0,0,0,0,0,0,0,0,2
5804,DRUK PINEAPPLE SLICES 450GM,75,0,0,0,0,0,0,0,0,0,0,0,0,0,0
5805,NAVNEET LONG BOOK SINGLE LINE 172 PAGES,40,0,0,0,0,0,0,0,0,0,0,0,0,0,0
5806,RAKHI RS.20/-,20,0,0,0,0,0,0,0,0,0,0,0,0,0,0
5812,RAKHI RS 30/-,30,0,0,0,0,0,0,0,0,0,0,0,0,0,0
5814,LIPTON GREEN TEA 100GM,110,4,0,0,0,0,0,0,0,0,0,0,0,0,4
5816,BAGRRYS FRUIT N FIBRE MUESLI STRAWBERRY 400GM,280,0,0,0,0,0,0,0,0,0,0,0,0,0,0
5818,BAGRRYS CRUNCHY MUESLI NO ADDED SUGAR DIET 400GM,229,0,0,0,0,0,0,0,0,0,0,0,0,0,0
5820,BAGRRYS CRUNCHY MUESLI ALMONDS RAISINS & HONEY 500GM,290,1,0,0,0,1,0,0,0,0,0,0,0,0,0
5821,BAGRRYS FRUIT N FIBRE MUESLI APPLE 400GM,217,0,0,0,0,0,0,0,0,0,0,0,0,0,0
5822,BAGRRYS SOHEALTHY MUESLI 400GM,199,0,0,0,0,0,0,0,0,0,0,0,0,0,0
5826,OLAY TOTAL EFFECTS 7 IN1 ANTI-AGEING FOAMING FACE WASH 100GM,280,0,0,0,0,0,0,0,0,0,0,0,0,0,0
5827,GILLETTE SIMPLY VENUS RAZOR 1N,55,13,0,12,0,0,0,0,0,0,0,0,0,0,25
5832,DURACELL D2LASTS LONGER 2019,370,0,0,0,0,0,0,0,0,0,0,0,0,0,0
5834,TANG LEMON 100GM,30,0,0,0,0,0,0,0,0,0,0,0,0,0,0
5835,BASKIN ROBBINS ICE CREAM THREE CHEERS CHOCOLATE 500ML,199,0,0,0,0,0,0,0,0,0,0,0,0,0,0
5836,CADBURY GEMS SURPRISES PLAY PACK 40.94GM,90,0,0,0,0,0,0,0,0,0,0,0,0,0,0
5837,CADBURY ECLAIRS RS 1,1,0,0,0,0,0,0,0,0,0,0,0,0,0,0
5838,CADBURY CELEBRATION RICH DRY FRUIT COLLECTION 120GM,275,0,0,0,0,0,0,0,0,0,0,0,0,0,0
5839,CADBURY CELEBRATION 121.3GM,100,0,0,0,0,0,0,0,0,0,0,0,0,0,0
5841,CADBURY CELEBRATION 114GM,100,0,0,0,0,0,0,0,0,0,0,0,0,0,0
5842,KHADI SHAMPOO 500ML,150,2,0,0,0,0,0,0,0,0,0,0,0,0,2
5845,HIMALAYA FACEWASH PURIFYING NEEM FOAMING 50ML,75,0,0,0,0,0,0,0,0,0,0,0,0,0,0
5851,UNIBIC PISTA BADAM COOKIES 150GM,50,0,0,0,0,0,0,0,0,0,0,0,0,0,0
5852,UNIBIC MULTIGARIN BREAKFAST COOKIES 75GM,30,0,0,0,0,0,0,0,0,0,0,0,0,0,0
5853,RED BULL ENERGY DRINK 350ML,125,12,0,0,0,0,0,0,0,0,0,0,0,0,12
5854,PEPSI BOTTLE 330ML,20,0,0,0,0,0,0,0,0,0,0,0,0,0,0
5855,GALAXY CARAMEL 36GM,40,19,0,0,0,0,0,0,0,0,0,0,0,0,19
5858,TATA TEA AGNI 100GM,20,8,0,0,0,4,0,0,0,0,0,0,0,0,4
5859,HARPIC POWER PLUS ALL IN 1 ORIGINAL 1LTR,148,0,0,0,0,0,0,0,0,0,0,0,0,0,0
5861,REPUBLIC OF CHICKEN CHICKEN BURGER PATTY 450GM,220,2,0,0,0,0,0,0,0,0,0,0,0,0,2
5864,STAYFREE SECURE COTTONY EXTRA LARGE 7PADS,40,0,0,0,0,0,0,0,0,0,0,0,0,0,0
5875,CYCLE SANDALUM AGARBATHI,20,0,0,0,0,0,0,0,0,0,0,0,0,0,0
5876,STAYFREE DRY MAX ALL NIGHT ULTRA DRY XL 14 PADS,175,9,0,0,0,0,0,0,0,0,0,0,0,0,9
5878,SUNDROP HEART OIL 2LTR,418,0,0,0,0,0,0,0,0,0,0,0,0,0,0
5879,ACT II GOLDEN SIZZEL 30GM,10,8,0,0,0,0,0,0,0,0,0,0,0,0,8
5880,ACT II CLASSIC SALTED 40GM,10,12,0,0,0,0,0,0,0,0,0,0,0,0,12
5885,NIVEA LIP BALM SOFT ROSE 4.8GM,185,0,0,0,0,0,0,0,0,0,0,0,0,0,0
5886,NIVEA DEO WHITENING FLORAL TOUCH 150ML,209,2,0,0,0,0,0,0,0,0,0,0,0,0,2
5887,NIVEA DEO FRESH COMFORT 150ML,190,1,0,0,0,0,0,0,0,0,0,0,0,0,1
5888,NIVEA MEN FRESH POWER ROLL ON 50ML,165,0,0,0,0,0,0,0,0,0,0,0,0,0,0
5889,MAAZA POCKET 150ML,10,0,0,0,0,0,0,0,0,0,0,0,0,0,0
5891,MOTHERS RECIPE GUJRATI GORKERI PICKLE 500GM,118,1,0,0,0,0,0,0,0,0,0,0,0,0,1
5894,MANGO,80,0.224,0,5,0,3.666,0,0,0,0,0,0,0,0,1.558
5895,YARDLEY SOAP SANDALWOOD 100GM,58,0,0,0,0,0,0,0,0,0,0,0,0,0,0
5896,YARDLEY SOAP RED ROSE 3X100GM,180,2,0,0,0,0,0,0,0,0,0,0,0,0,2
5899,GODREJ NUPUR HENNA 120GM,65,4,0,0,0,0,0,0,0,0,0,0,0,0,4
5901,BROOKE BOND TAAZA 31GM,10,13,0,0,0,2,0,0,0,0,0,0,0,0,11
5902,GOOD KNIGHT ADVANCED XPRESS SYSTEM REFILL,72,6,0,0,0,0,0,0,0,0,0,0,0,0,6
5915,DAURALA BREAKFAST SUGAR WHITE 1KG,95,0,0,0,0,0,0,0,0,0,0,0,0,0,0
5916,GILLETTE MACH3,170,0,0,0,0,0,0,0,0,0,0,0,0,0,0
5917,AMUL ICE CREAM BUTTER SCOTCH CONE 120ML,25,0,0,0,0,0,0,0,0,0,0,0,0,0,0
5923,GOLDEN APPLE,130,0,0,0,0,0,0,0,0,0,0,0,0,0,0
5925,QUAKER OATS 1.5KG,229,1,0,0,0,0,0,0,0,0,0,0,0,0,1
5930,LAUREL TOILET TISSUE RS.77,50,0,0,0,0,0,0,0,0,0,0,0,0,0,0
5931,YUMMIEZ CHICKEN MAGIC BALLS 500GM,220,3,0,0,0,0,0,0,0,0,0,0,0,0,3
5932,TASTY FRESH MALABAR PARANTHA 300GM,95,0,0,0,0,0,0,0,0,0,0,0,0,0,0
5933,YUMMIEZ CHICKEN NUGGETS 200GM,78,0,0,0,0,0,0,0,0,0,0,0,0,0,0
5935,HALDIRAMS BOMBAY MIX 200GM,42,0,0,0,0,0,0,0,0,0,0,0,0,0,0
5939,TIDE PLUS 6KG,634,0,0,0,0,0,0,0,0,0,0,0,0,0,0
5941,BRITANNIA NUTRI CHOICE ESSENTIALS OAT COOKIES 150GM,60,0,0,0,0,0,0,0,0,0,0,0,0,0,0
5942,COMFORT FABRIC CONDITIONER AFTER WASH BLUE 200ML,55,0,0,0,0,0,0,0,0,0,0,0,0,0,0
5948,SUNFEAST DARK FANTASTY CHOCO FILLS 25GM,10,0,0,0,0,0,0,0,0,0,0,0,0,0,0
5949,SUNFEAST YUMFILLS WHOOPIE PIE 150GM,60,0,0,0,0,0,0,0,0,0,0,0,0,0,0
5954,REVLON COLOR TOP SPEED 60 NATURAL BROWN,650,0,0,0,0,0,0,0,0,0,0,0,0,0,0
5958,LOTUS LIP BALM RASPBERRY 5GM,125,0,0,0,0,0,0,0,0,0,0,0,0,0,0
5961,EVERYOUTH NEEM FACEWASH 60GM,49,0,0,0,0,0,0,0,0,0,0,0,0,0,0
5964,CLOSEUP TOOTH PASTE EUCALYPTUS MINT 80GM,50,0,0,0,0,0,0,0,0,0,0,0,0,0,0
5977,AMBI PUR ULTRA CONTROL AQUA 2X7.5ML,440,1,0,0,0,0,0,0,0,0,0,0,0,0,1
5985,STAYFREE SECURE DRY EXTRA LARGE 7PADS,40,0,0,0,0,0,0,0,0,0,0,0,0,0,0
5990,LIPTON DARJEELING TEA 250GM,430,3,0,0,0,0,0,0,0,0,0,0,0,0,3
5991,BROOKE BOND TAJ MAHAL GREEN TEA HONEY LEMON 25BAGS,150,0,0,0,0,0,0,0,0,0,0,0,0,0,0
5999,PONDS FLAWLESS WHITE DW FACIAL FOAM,175,0,0,0,0,0,0,0,0,0,0,0,0,0,0
6000,PONDS AGE MIRACLE CELL REGEN DAY CREAM SPF 15 PA 35GM,399,0,0,0,0,0,0,0,0,0,0,0,0,0,0
6001,MOSAMBI,65,0,0,0,0,0,0,0,0,0,0,0,0,0,0
6002,MULTANI PACHMINA CANDY AAM FLAVOUR,1,0,0,0,0,0,0,0,0,0,0,0,0,0,0
6004,MR. WHITE LONG LASTING WHITENESS 1KG,82,0,0,0,0,0,0,0,0,0,0,0,0,0,0
6006,KEO KARPIN HERBAL BODY OIL SANDAL 100ML,55,3,0,0,0,0,0,0,0,0,0,0,0,0,3
6007,KEO KARPIN HERBAL BODY OIL SANDAL 200ML,100,1,0,0,0,0,0,0,0,0,0,0,0,0,1
6008,BOROLINE ANTISEPTIC AYURVEDIC CREAM 20GM,34,5,0,0,0,1,0,0,0,0,0,0,0,0,4
6009,PONDS TALCUM SANDAL 300GM,235,2,0,0,0,0,0,0,0,0,0,0,0,0,2
6035,CLOTH CLIPS GALAXY RS.85,85,4,0,0,0,0,0,0,0,0,0,0,0,0,4
6036,HAUSER HI-LIGHTER GLOW,20,0,0,0,0,0,0,0,0,0,0,0,0,0,0
6046,BAZZ BIG,12,0,0,0,0,0,0,0,0,0,0,0,0,0,0
6047,BAZZ SMALL,8,0,0,0,0,0,0,0,0,0,0,0,0,0,0
6048,SHAKTI BHOG DALIA 500GM,36,11,0,0,0,1,0,0,0,0,0,0,0,0,10
6049,VICKS VAPORUB 25ML,70,7,0,0,0,0,0,0,0,0,0,0,0,0,7
6050,VICKS VAPORUB 50ML,120,4,0,0,0,0,0,0,0,0,0,0,0,0,4
6056,RIO NEEMX 5LTR,230,0,0,0,0,0,0,0,0,0,0,0,0,0,0
6058,TATA TEA PREMIUM JAR 500GM,188,0,0,0,0,0,0,0,0,0,0,0,0,0,0
6059,KELLOGGS CORN FLAKES REAL ALMOND&HONEY 1KG,499,1,0,0,0,1,0,0,0,0,0,0,0,0,0
6060,KELLOGGS CORN FLAKES REAL HONEY 300GM,135,2,0,0,0,0,0,0,0,0,0,0,0,0,2
6062,FIAMA SOAP GEL BAR CELEBRATION PACK 3X125GM,180,0,0,0,0,0,0,0,0,0,0,0,0,0,0
6068,ORRIS MULTIPURPOSE COTTON 50GM,40,0,0,0,0,0,0,0,0,0,0,0,0,0,0
6069,CLINIC PLUS SHAMPOO STRONG SCALP 175ML,102,0,0,0,0,0,0,0,0,0,0,0,0,0,0
6080,GILLETTE MACH3 SUPER SAVER PACK 3RAZOR 4CARTRIDGES,499,0,0,0,0,0,0,0,0,0,0,0,0,0,0
6082,SANTOOR SOAP 4*65GM,40,0,0,0,0,0,0,0,0,0,0,0,0,0,0
6083,PRIL BAR LEMON + VINEGAR 145GM,10,10,0,0,0,0,0,0,0,0,0,0,0,0,10
6085,MORDE DARK COMPOUND 400GM,85,12,0,0,0,0,0,0,0,0,0,0,0,0,12
6087,BRITANNIA CHEESE SLICES 100GM,75,0,0,0,0,0,0,0,0,0,0,0,0,0,0
6088,EVERYUTH FACEWASH PURIFYING NEEM 150GM,125,0,0,0,0,0,0,0,0,0,0,0,0,0,0
6090,PEDIGREE ADULT CHICKEN & VEGETABLE 400GM,80,0,0,0,0,0,0,0,0,0,0,0,0,0,0
6091,NOMARKS SKIN CREAM,70,0,0,0,0,0,0,0,0,0,0,0,0,0,0
6093,PARKER BALL PEN REFILL,25,0,0,0,0,0,0,0,0,0,0,0,0,0,0
6100,FABER CASTELL CORRECTION PEN 7ML,25,0,0,0,0,0,0,0,0,0,0,0,0,0,0
6105,UNIBIC OATMEAL DIGESTIVE COOKIES 100GM,20,0,0,0,0,0,0,0,0,0,0,0,0,0,0
6106,UNIBIC HONEY & OATMEAL COOKIES 150GM,45,0,0,0,0,0,0,0,0,0,0,0,0,0,0
6107,BAMBINO ROASTED VERMICELLI 1KG,90,0,0,0,0,0,0,0,0,0,0,0,0,0,0
6109,SAFFOLA NATURAL OATS 200GM,45,1,0,0,0,0,0,0,0,0,0,0,0,0,1
6110,KEYA OREGANO 7GM,99,4,0,0,0,1,0,0,0,0,0,0,0,0,3
6111,KEYA PIZZA SEASONING 40GM,99,0,0,0,0,0,0,0,0,0,0,0,0,0,0
6112,KNORR CHINESE SCHEZWAN DOUBLE PACK,30,0,0,0,0,0,0,0,0,0,0,0,0,0,0
6115,RAW HONEY HOME MADE JAMUN 500GM,220,0,0,0,0,0,0,0,0,0,0,0,0,0,0
6121,COLGATE TOOTH PASTE SENSITIVE ORIGINAL 2X80GM,150,0,0,0,0,0,0,0,0,0,0,0,0,0,0
6123,COLGATE TOOTH PASTE MAXFRESH 150+80GM,105,0,0,0,0,0,0,0,0,0,0,0,0,0,0
6130,LIA JASMINE AGARBATHIES 30N,20,0,0,0,0,0,0,0,0,0,0,0,0,0,0
6134,SCOTCH BRITE MOP REFILL,499,0,0,0,0,0,0,0,0,0,0,0,0,0,0
6142,DABUR HAIR OIL SPECIAL 200ML,90,0,0,0,0,0,0,0,0,0,0,0,0,0,0
6144,EXPRESS FOODS ORIGINAL HARVEST CRUNCH 400GM,199,2,0,0,0,0,0,0,0,0,0,0,0,0,2
6145,BODYGUARD SELF DEFENCE SPRAY,499,0,0,0,0,0,0,0,0,0,0,0,0,0,0
6149,NIZORAL ANTI DANDRUFF SOLUTION  50ML,110,0,0,0,0,0,0,0,0,0,0,0,0,0,0
6152,PARLE HIDE&SEEK CHOCOLATE CHIP COOKIES 120GM,30,47,0,0,0,3,0,0,0,0,0,0,0,0,44
6153,MOTHERS RECIPE RAJASTHANI SWEET LIME PICKLE 500GM,118,0,0,0,0,0,0,0,0,0,0,0,0,0,0
6158,BONN KULCHA BREAD,25,2,0,0,0,0,0,0,0,0,0,0,0,0,2
6164,CINTHOL SOAP DEO 3 X 100GM,88,0,0,0,0,0,0,0,0,0,0,0,0,0,0
6165,GOOD KNIGHT ADVANCED LOW SMOKE COIL 10NIGHT,33,0,0,0,0,0,0,0,0,0,0,0,0,0,0
6166,YARDLEY AFTER SHAVE LOTION GOLD WITH ALOE VERA 50ML,120,0,0,0,0,0,0,0,0,0,0,0,0,0,0
6171,KOHINOOR BASMATI RICE DUBAR 1KG,105,0,0,0,0,0,0,0,0,0,0,0,0,0,0
6172,KOHINOOR ROZANA BASMATI RICE 5KG,300,0,0,0,0,0,0,0,0,0,0,0,0,0,0
6173,KOHINOOR ROZANA BASMATI RICE 1KG,70,0,0,0,0,0,0,0,0,0,0,0,0,0,0
6175,MONGINI CHERRY ALMOND CAKE 225GM,65,0,0,0,0,0,0,0,0,0,0,0,0,0,0
6177,MONGINIS PLUM CAKE EGG 225GM,75,0,0,0,0,0,0,0,0,0,0,0,0,0,0
6178,PANTENE SHAMPOO LIVELY CLEAN 675ML,395,0,0,0,0,0,0,0,0,0,0,0,0,0,0
6180,GILLETTE SHAVING GEL SENSITIVE SKIN 60GM,85,0,0,0,0,0,0,0,0,0,0,0,0,0,0
6181,GLUCON-D TANGY ORANGE JAR 400GM,140,0,0,0,0,0,0,0,0,0,0,0,0,0,0
6182,GLUCON-D ORIGINAL JAR 250GM,52,0,0,0,0,0,0,0,0,0,0,0,0,0,0
6184,VIM DISHWASH POWER OF 100 LEMONS 250ML,45,9,0,0,0,0,0,0,0,0,0,0,0,0,9
6185,RIN POWDER 4KG,352,0,0,0,0,0,0,0,0,0,0,0,0,0,0
6190,ORGANIC NATION HOT &  SWEET TOMATO CHUTNEY SPREAD 450GM,150,0,0,0,0,0,0,0,0,0,0,0,0,0,0
6195,ORGANIC NATION MIXED PICKLE PURE MUSTARD OIL & SPICES 400GM,150,0,0,0,0,0,0,0,0,0,0,0,0,0,0
6196,PIONEER PERFUMED FLOOR FRESHNER 1LTR,50,13,0,0,0,0,0,0,0,0,0,0,0,0,13
6198,DABUR BADAM TAIL 25ML,92,0,0,0,0,0,0,0,0,0,0,0,0,0,0
6199,DABUR BADAM TAIL 100ML,375,0,0,0,0,0,0,0,0,0,0,0,0,0,0
6200,SENSODYNE TOOTH BRUSH SENSITIVE SOFT BUY 2 GET 1,90,8,0,0,0,0,0,0,0,0,0,0,0,0,8
6202,MTR RICE IDLI 1KG,165,0,0,0,0,0,0,0,0,0,0,0,0,0,0
6206,7UP CAN 250ML,25,9,0,24,0,1,0,0,0,0,0,0,0,0,32
6210,PARLE GLUCOSE 800GM,60,1,0,0,0,0,0,0,0,0,0,0,0,0,1
6211,AMUL ICE CREAM 2 IN 1 2LTR,240,2,0,0,0,0,0,0,0,0,0,0,0,0,2
6213,SUNSILK SHAMPOO HAIR FALL SOLUTION SOYA VITAMIN COMPLEX 180ML,85,0,0,0,0,0,0,0,0,0,0,0,0,0,0
6215,SUNSILK SHAMPOO STUNNING BLACK SHINE 180ML,108,0,0,0,0,0,0,0,0,0,0,0,0,0,0
6216,SUNSILK CONDITIONER PERFECT STRAIGHT 80ML,71,0,0,0,0,0,0,0,0,0,0,0,0,0,0
6217,CLEAR SHAMPOO ANTI HAIR FALL 170ML,163,0,0,0,0,0,0,0,0,0,0,0,0,0,0
6218,BRU INSTANT COFFEE 200GM,320,1,0,0,0,0,0,0,0,0,0,0,0,0,1
6219,PREMIER GREEN PEAS 500GM,85,0,0,0,0,0,0,0,0,0,0,0,0,0,0
6222,CADBURY CELEBRATION FAVOURITE 180GM,259,0,0,0,0,0,0,0,0,0,0,0,0,0,0
6223,CADBURY DAIRY MILK SHOTS 14.4GM,10,2,0,0,0,0,0,0,0,0,0,0,0,0,2
6224,MDH SHAHI PANEER MASALA 100GM,76,0,0,0,0,0,0,0,0,0,0,0,0,0,0
6225,MDH PAV BHAJI MASALA 100GM,58,9,0,0,0,0,0,0,0,0,0,0,0,0,9
6227,PEDIGREE PUPPY PUPPY CHIKEN & MILK 1.2KG,240,1,0,0,0,0,0,0,0,0,0,0,0,0,1
6229,PEDIGREE ADULT CHICKEN & VEGETABLE COMBO 4KG,550,0,0,0,0,0,0,0,0,0,0,0,0,0,0
6230,HAMDARD ROGAN BADAM SHIRIN 50ML,197,2,0,0,0,1,0,0,0,0,0,0,0,0,1
6231,HAMDARD ROGAN BADAM SIRIN 25ML,103,0,0,0,0,0,0,0,0,0,0,0,0,0,0
6235,ORAL-B TOOTH BRUSH PRO HEALTH SMARTFLEX SOFT 2P,208,2,0,6,0,0,0,0,0,0,0,0,0,0,8
6237,BRITANNIA NUTRI CHOICE HEAVENS CRANBERRIES AND OATS 100GM,40,0,0,0,0,0,0,0,0,0,0,0,0,0,0
6238,ORAL-B TOOTH BRUSH  3IN1 FRESH CLEAN MEDIUM,22,0,0,0,0,0,0,0,0,0,0,0,0,0,0
6240,SHAGUN ENVELOP 95,95,0,0,0,0,0,0,0,0,0,0,0,0,0,0
6241,SHAGUN ENVELOP RS.25,25,0,0,0,0,0,0,0,0,0,0,0,0,0,0
6242,SHAGUN ENVELOP RS.30,30,0,0,0,0,0,0,0,0,0,0,0,0,0,0
6243,SHAGUN ENVELOP 80,80,1,0,0,0,0,0,0,0,0,0,0,0,0,1
6244,SHAGUN ENVELOP RS.60,60,13,0,0,0,2,0,0,0,0,0,0,0,0,11
6245,SHAGUN ENVELOP RS.41,41,0,0,0,0,0,0,0,0,0,0,0,0,0,0
6248,NAVRATAN OIL 500ML,265,0,0,0,0,0,0,0,0,0,0,0,0,0,0
6249,FASHION JEWELRY HAIR BAND,10,0,0,0,0,0,0,0,0,0,0,0,0,0,0
6250,FASHION JEWELRY HAIR CLIPS,20,0,0,0,0,0,0,0,0,0,0,0,0,0,0
6251,FASHION JEWELRY BANGLES,40,0,0,0,0,0,0,0,0,0,0,0,0,0,0
6252,FASHION JEWELRY BANGLES 20,20,0,0,0,0,0,0,0,0,0,0,0,0,0,0
6254,FASHION JEWELRY HAIR CLIPS 25,25,0,0,0,0,0,0,0,0,0,0,0,0,0,0
6255,FASHION JEWELRY BANGLES 65,65,0,0,0,0,0,0,0,0,0,0,0,0,0,0
6256,FASHION JEWELRY BANGLES 55,65,0,0,0,0,0,0,0,0,0,0,0,0,0,0
6257,FASHION JEWELRY HAIR BAND 45,45,0,0,0,0,0,0,0,0,0,0,0,0,0,0
6258,FASHION JEWELRY HAIR CLIPS 30,30,0,0,0,0,0,0,0,0,0,0,0,0,0,0
6259,FASHION JEWELRY HAIR BAND 10,10,0,0,0,0,0,0,0,0,0,0,0,0,0,0
6260,COMB RS.25,25,24,0,0,0,0,0,0,0,0,0,0,0,0,24
6261,COMB RS.30,30,25,0,0,0,0,0,0,0,0,0,0,0,0,25
6262,COMB RS.20,20,24,0,0,0,0,0,0,0,0,0,0,0,0,24
6263,FASHION JEWELRY HAIR BAND 5,5,0,0,0,0,0,0,0,0,0,0,0,0,0,0
6264,HAIR BAND 60,60,0,0,0,0,0,0,0,0,0,0,0,0,0,0
6265,FASHION JEWELRY HAIR BAND 40,40,0,0,0,0,0,0,0,0,0,0,0,0,0,0
6266,FASHION JEWELRY HAIR BAND 30,30,0,0,0,0,0,0,0,0,0,0,0,0,0,0
6267,RUBBER BAND RS.25,25,0,0,0,0,0,0,0,0,0,0,0,0,0,0
6268,DEL MONTE FOOD FRAFT PINEAPPLE TIDBITS,120,0,0,0,0,0,0,0,0,0,0,0,0,0,0
6269,COMB RS.10,10,0,0,0,0,0,0,0,0,0,0,0,0,0,0
6270,FASHION JEWELRY HAIR CLIPS 45,45,0,0,0,0,0,0,0,0,0,0,0,0,0,0
6271,FASHION JEWELRY HAIR CLIPS 40,40,0,0,0,0,0,0,0,0,0,0,0,0,0,0
6273,DETTOL SQUEEZY SKINCARE 110ML,30,2,0,0,0,0,0,0,0,0,0,0,0,0,2
6274,DABUR CHYAWANPRASH 250GM,90,0,0,0,0,0,0,0,0,0,0,0,0,0,0
6275,KIWI DRAIN CLEANER 375GM,160,0,0,0,0,0,0,0,0,0,0,0,0,0,0
6277,JOHNSONS BABY MILK CREAM 100GM,137,2,0,0,0,0,0,0,0,0,0,0,0,0,2
6278,JOHNSONS BAND-AID WASH PROOF,2.5,0,0,0,0,0,0,0,0,0,0,0,0,0,0
6279,KACCHA MANGO CANDY,50,0,0,0,0,0,0,0,0,0,0,0,0,0,0
6281,LUX BODYWASH SCARLET BLOSSOM 235ML,99,0,0,0,0,0,0,0,0,0,0,0,0,0,0
6284,TRESEMME CONDITIONER SMOOTH & SHINE 80ML,90,0,0,0,0,0,0,0,0,0,0,0,0,0,0
6286,CLOTH CLIPS 1OF12,60,1,0,0,0,0,0,0,0,0,0,0,0,0,1
6291,FASHION JEWELRY HIR CLIPS 50,50,0,0,0,0,0,0,0,0,0,0,0,0,0,0
6292,FASHION JEWELRY HAIR BAND 60,60,0,0,0,0,0,0,0,0,0,0,0,0,0,0
6293,BOOST 3X MORE STAMINA JAR 450GM,223,0,0,0,0,0,0,0,0,0,0,0,0,0,0
6294,LIPTON DARJEELING TEA 500GM,850,3,0,0,0,0,0,0,0,0,0,0,0,0,3
6297,FASHION JEWELRY HAIR CLIPS 7,7,0,0,0,0,0,0,0,0,0,0,0,0,0,0
6298,FASHION JEWELRY HAIR CLIPS 9,9,0,0,0,0,0,0,0,0,0,0,0,0,0,0
6299,REVLON COLOR TOP SPEED 65 DARK BROWN,650,0,0,0,0,0,0,0,0,0,0,0,0,0,0
6300,REVLON COLOR 1N BLACK,380,0,0,0,0,0,0,0,0,0,0,0,0,0,0
6301,REVLON COLOR 5G LIGHT GOLDEN BROWN,380,0,0,0,0,0,0,0,0,0,0,0,0,0,0
6302,KNORR CHINESE CHILLI GRAVY MIX 51GM,50,5,0,0,0,0,0,0,0,0,0,0,0,0,5
6303,SPLASH,15,0,0,0,0,0,0,0,0,0,0,0,0,0,0
6304,FASHION JEWELRY HAIR CLIPS 14,15,0,0,0,0,0,0,0,0,0,0,0,0,0,0
6306,NESTLE KITKAT CHUNKY 43GM,75,1,0,0,0,0,0,0,0,0,0,0,0,0,1
6309,NESTLE KITKAT CHUNKY WHITE 40GM,70,0,0,0,0,0,0,0,0,0,0,0,0,0,0
6310,NESTLE KITKAT PARTY PACK 76.8GM,60,0,0,0,0,0,0,0,0,0,0,0,0,0,0
6311,PREMIER TOILET ROLL,100,0,0,0,0,0,0,0,0,0,0,0,0,0,0
6312,PREMIER TOILET ROLL 10IN1,270,0,0,0,0,0,0,0,0,0,0,0,0,0,0
6313,PREMIER TOILET ROLL 50 SHEET,35,0,0,0,0,0,0,0,0,0,0,0,0,0,0
6314,PREMIER TOILET ROLL 1ROLL,50,0,0,0,0,0,0,0,0,0,0,0,0,0,0
6315,PREMIER TOILET ROLL 100SHEET,45,0,0,0,0,0,0,0,0,0,0,0,0,0,0
6323,FASHION JEWELRY HAIR CLIPS 6,6,0,0,0,0,0,0,0,0,0,0,0,0,0,0
6324,CADBURY DAIRY MILK SHOTS 4GM,2,109,0,0,0,0,0,0,0,0,0,0,0,0,109
6325,GILLETTE FUSION POWER SHAVING RAZOR,430,0,0,0,0,0,0,0,0,0,0,0,0,0,0
6328,HERBAL ESSENCES SHAMPOO DANGEROUSLY STRAIGHT 300ML,205,0,0,0,0,0,0,0,0,0,0,0,0,0,0
6329,AMLA MURABBA 900GM,150,0,0,0,0,0,0,0,0,0,0,0,0,0,0
6331,LAURELS TOILET TISSUES 670 SHEETS 67,55,0,0,0,0,0,0,0,0,0,0,0,0,0,0
6332,LAURELS IMPORTED PULP DESIGNER NAPKIN 50X2PLY,48,0,0,0,0,0,0,0,0,0,0,0,0,0,0
6333,PAMPERS BABY DRY MEDIUM MAGIC GEL 20DIAPERS,285,1,0,0,0,0,0,0,0,0,0,0,0,0,1
6337,COMPLAN PLAIN RF 500GM,209,0,0,0,0,0,0,0,0,0,0,0,0,0,0
6342,PARK AVENUE SOAP COOL BLUE 125GM,45,0,0,0,0,0,0,0,0,0,0,0,0,0,0
6343,NIVEA MEN FACE WASH DARK SPOT REDUCTION 100ML,175,1,0,0,0,0,0,0,0,0,0,0,0,0,1
6344,NIVEA MEN DARK SPOT REDUCTION MOISTURISER SPF30 40ML,190,1,0,0,0,0,0,0,0,0,0,0,0,0,1
6346,KIWI KLEEN CISTERN BLOCK,54,0,0,0,0,0,0,0,0,0,0,0,0,0,0
6347,KIWI KLEEN CISTERN BLOCK 50GM,30,0,0,0,0,0,0,0,0,0,0,0,0,0,0
6348,ALLOUT ULTRA DOUBLE POWER REFILL,63,0,0,0,0,0,0,0,0,0,0,0,0,0,0
6350,MOTHERS RECIPE TAMARIND PASTE 200GM,42,4,0,0,0,0,0,0,0,0,0,0,0,0,4
6352,FEM FAIRNESS NATURALS PEARL CREME BLEACH 64GM,82,3,0,0,0,0,0,0,0,0,0,0,0,0,3
6353,FEM ANTI DARKENING HAIR REMOVEL CREAM ROSE40GM,55,0,0,0,0,0,0,0,0,0,0,0,0,0,0
6354,FEM GOLD FAIRNESS  PEARL CREAM BLEACH 50GM,80,0,0,0,0,0,0,0,0,0,0,0,0,0,0
6355,FEM GOLD CREME BLEACH  6GM,35,0,0,0,0,0,0,0,0,0,0,0,0,0,0
6362,VASELINE TOTAL MOISTURE LOTION 100ML,65,0,0,0,0,0,0,0,0,0,0,0,0,0,0
6363,LIPTON GREEN TEA JASMINE 20BAG,105,0,0,0,0,0,0,0,0,0,0,0,0,0,0
6364,BROOKE BOND TAJ MAHAL TEA MASALA 25BAGS,150,0,0,0,0,0,0,0,0,0,0,0,0,0,0
6366,KNORR SOUPY NOODLES MAST MASALA 75GM,15,7,0,0,0,0,0,0,0,0,0,0,0,0,7
6371,ROBIN POWDER BLUE 350GM,89,0,0,0,0,0,0,0,0,0,0,0,0,0,0
6372,DETTOL HAND WASH ORIGINAL LIQUID 4X185ML,114,0,0,0,0,0,0,0,0,0,0,0,0,0,0
6374,VEGA NAIL CLIPPER MEDIUM,50,12,0,0,0,0,0,0,0,0,0,0,0,0,12
6375,VEGA CUTICLE SCISSOR,225,0,0,0,0,0,0,0,0,0,0,0,0,0,0
6376,VEGA HAIR BRUSH RS.199,199,2,0,0,0,0,0,0,0,0,0,0,0,0,2
6377,VEGA MIX HAIR BRUSH 290/-,290,0,0,0,0,0,0,0,0,0,0,0,0,0,0
6378,VEGA MIX HAIR BRUSH 240,240,0,0,0,0,0,0,0,0,0,0,0,0,0,0
6379,VEGA BATH ACC RS.120,120,0,0,0,0,0,0,0,0,0,0,0,0,0,0
6390,GARDEN YELLOW BANANA CHIPS 90GM,47,0,0,0,0,0,0,0,0,0,0,0,0,0,0
6391,JABSONS ROASTED PEANUTS CLASSIC SALTED 150GM,50,5,0,0,0,0,0,0,0,0,0,0,0,0,5
6392,PREMIER ALUMINIUM FOIL 9MTR,65,0,0,0,0,0,0,0,0,0,0,0,0,0,0
6395,VICKS COUGH DROPS 2.7G,1,1319,0,0,0,10,0,0,0,0,0,0,0,0,1309
6399,TATA TEA AGNI 500GM,100,3,0,0,0,0,0,0,0,0,0,0,0,0,3
6401,YELLOW DUSTER SPECIAL,45,0,0,0,0,0,0,0,0,0,0,0,0,0,0
6403,DABUR HOMMADE LEMONEEZ 250ML,70,4,0,0,0,0,0,0,0,0,0,0,0,0,4
6404,KELLOGGS OATS 1KG,185,3,0,0,0,0,0,0,0,0,0,0,0,0,3
6411,SUNSILK SHAMPOO PERFECT STRAIGHT 180ML,105,0,0,0,0,0,0,0,0,0,0,0,0,0,0
6417,GARNIER FRUCTIS CONDITIONER FALL FIGHT 175ML,135,0,0,0,0,0,0,0,0,0,0,0,0,0,0
6419,SOYA STICK 200GM,39,0,0,0,0,0,0,0,0,0,0,0,0,0,0
6420,SOFIT MILK NATURAL 200ML,30,14,0,0,0,2,0,0,0,0,0,0,0,0,12
6422,NIVEA MEN SHOWER GEL COOL KICK 250ML,175,0,0,0,0,0,0,0,0,0,0,0,0,0,0
6425,BRITANNIA CHEESE SLICE 476GM,300,0,0,0,0,0,0,0,0,0,0,0,0,0,0
6428,MCCAIN SMILES 750GM,185,1,0,0,0,0,0,0,0,0,0,0,0,0,1
6429,VICCO TURMERIC 15GM,58,2,0,0,0,0,0,0,0,0,0,0,0,0,2
6430,VICCO TURMERIC 30GM,110,2,0,0,0,0,0,0,0,0,0,0,0,0,2
6431,VICCO TURMERIC 50GM,163,3,0,0,0,0,0,0,0,0,0,0,0,0,3
6432,VICCO TURMERIC 70GM,205,4,0,0,0,0,0,0,0,0,0,0,0,0,4
6434,BAGRRYS CRUNCHY MUESLI NUT FREE 400GM,199,0,0,0,0,0,0,0,0,0,0,0,0,0,0
6435,DAL SOYABEAN 1KG,89,14,0,0,0,0,0,0,0,0,0,0,0,0,14
6437,PEPSI BOTTLE 1.25LTR,60,0,0,0,0,0,0,0,0,0,0,0,0,0,0
6438,GALAXY MILK SMOOTH 43GM,40,5,0,0,0,0,0,0,0,0,0,0,0,0,5
6442,SCOTCH BRITE SOAP DISPENSING DISWAND,199,0,0,0,0,0,0,0,0,0,0,0,0,0,0
6444,GLADE TOUCH AND FRESH REFILL MATCHA GARDEN 12ML,75,0,0,0,0,0,0,0,0,0,0,0,0,0,0
6446,FIAMA DI WILLS SHOWER GEL GENTLE EXFOLIATION 200ML,185,0,0,0,0,0,0,0,0,0,0,0,0,0,0
6447,FIAMA DI WILLS MEN AQUA SOAP 3X100GM,110,0,0,0,0,0,0,0,0,0,0,0,0,0,0
6449,NAVNEET LONG BOOK A4 SINGLE LINE 276 PAGES,100,0,0,0,0,0,0,0,0,0,0,0,0,0,0
6450,NAVNEET LONG BOOK 172 PAGES,40,0,0,0,0,0,0,0,0,0,0,0,0,0,0
6451,NAVNEET SOFT BOUND SINGLE LINE 172PAGES,60,0,0,0,0,0,0,0,0,0,0,0,0,0,0
6452,GATSBY HAIR GEL WATER GLOSS HARD 30GM,30,1,0,0,0,0,0,0,0,0,0,0,0,0,1
6456,BROOKE BOND RED LABEL NATURAL CARE TEA 100GM,50,2,0,0,0,0,0,0,0,0,0,0,0,0,2
6459,NESTLE CERELAC SHISHU AADHAAR WHEAT RICE MOONG DAL VEG KHICHDI 300GM STAGE 1,172,0,0,0,0,0,0,0,0,0,0,0,0,0,0
6461,HEAD & SHOULDER SHAMPOO DRY SCALP CARE 80ML,79,0,0,0,0,0,0,0,0,0,0,0,0,0,0
6463,SHAKTI BHOG BESAN 500GM,70,30,0,0,0,0,0,0,0,0,0,0,0,0,30
6465,BAGRRYS OATS FOR ATTA BLENDS 500GM,99,3,0,0,0,0,0,0,0,0,0,0,0,0,3
6466,PALMOLIVE HANDWASH LIQUID 185ML,39,0,0,0,0,0,0,0,0,0,0,0,0,0,0
6468,GARDEN INSTANT BHEL MIX 200GM,65,0,0,0,0,0,0,0,0,0,0,0,0,0,0
6469,GARDEN LEMON BHEL MUMBAI SPECIAL 150GM,45,0,0,0,0,0,0,0,0,0,0,0,0,0,0
6470,LOREAL SHAMPOO 6 OIL NOURISH 704 ML,450,1,0,0,0,0,0,0,0,0,0,0,0,0,1
6471,PONDS TALCUM DREAMFLOWER 100GM,78,2,0,0,0,0,0,0,0,0,0,0,0,0,2
6473,JOHNSONS BAND AID WASHPROOF,250,0,0,0,0,0,0,0,0,0,0,0,0,0,0
6476,CLEAN & CLEAR SCRUB DAILY  80GM,99,0,0,0,0,0,0,0,0,0,0,0,0,0,0
6477,SUNDROP LITE 5LTR,495,0,0,0,0,0,0,0,0,0,0,0,0,0,0
6478,CLEAN & CLEAR FOAMING FACE WASH OIL FREE 20ML,20,0,0,0,0,0,0,0,0,0,0,0,0,0,0
6482,ORRIS NAIL POLISH REMOVER LAVENDER 30PADS,75,0,0,0,0,0,0,0,0,0,0,0,0,0,0
6483,ARAROOT 250GM,15,4,0,0,0,0,0,0,0,0,0,0,0,0,4
6489,CLOSEUP TOOTH PASTE DEEP ACTION RED HOT 40GM,17,0,0,0,0,0,0,0,0,0,0,0,0,0,0
6493,PARLE KACCHA MANGO BITE 277GM,50,0,0,0,0,0,0,0,0,0,0,0,0,0,0
6503,OREO BISCUIT CHOCO CREME 60GM,15,0,0,0,0,0,0,0,0,0,0,0,0,0,0
6504,OREO BISCUIT ORIGINAL 150GM,30,25,0,0,0,0,0,0,0,0,0,0,0,0,25
6505,BOURN VITA SHAKTI POUCH 5STAR 500GM,213,4,0,0,0,0,0,0,0,0,0,0,0,0,4
6508,CADBURY TEMPTATIONS CASHEW APPEAL 72GM,90,0,0,0,0,0,0,0,0,0,0,0,0,0,0
6514,RIO NEEMAX 1LTR,60,0,0,0,0,0,0,0,0,0,0,0,0,0,0
6519,TRUE MILK GREEN 500ML,28,9,0,12,0,12,0,0,0,0,0,0,0,0,9
6520,TRUE MILK YELLOW 500ML,23,0,0,12,0,12,0,0,0,0,0,0,0,0,0
6522,BRITANNIA GOOD DAY RICH CASHEW COOKIES 200GM,37,6,0,0,0,0,0,0,0,0,0,0,0,0,6
6523,BRITANNIA MARIE GOLD BISCUITS 200GM,22,0,0,0,0,0,0,0,0,0,0,0,0,0,0
6524,VERKA MILK GOLD 500ML,26,-1,0,48,0,47,0,0,0,0,0,0,0,0,0
6526,ALLOUT FLYING INSECT KILLER 425ML,176,1,0,0,0,0,0,0,0,0,0,0,0,0,1
6527,GARNIER MEN ACNO FIGHT PIMPLE CLEARING WHITENING CREAM 18GM,90,0,0,0,0,0,0,0,0,0,0,0,0,0,0
6529,SCOTCH BRITE F-MOP,999,0,0,0,0,0,0,0,0,0,0,0,0,0,0
6531,AIR WICK AROMA OIL DIFFUSER SANDAL HARMONY,199,0,0,0,0,0,0,0,0,0,0,0,0,0,0
6532,MOTHERS RECIPE JEERA RICE PAPAD 75GM,20,0,0,0,0,0,0,0,0,0,0,0,0,0,0
6534,MDH JEERA POWDER 100GM,70,15,0,0,0,0,0,0,0,0,0,0,0,0,15
6535,MDH KITCHEN KING 100GM,64,29,0,0,0,0,0,0,0,0,0,0,0,0,29
6537,GILLETTE 7 O CLOCK PERMASHARP STAINLESS RAZOR,22,3,0,0,0,0,0,0,0,0,0,0,0,0,3
6540,SCHWEPPES SODA WATER CAN 300ML,40,72,0,0,0,0,0,0,0,0,0,0,0,0,72
6541,BROOKE BOND RED LABEL TEA 250GM,80,0,0,0,0,0,0,0,0,0,0,0,0,0,0
6542,YARDLEY GENTLE FACEWASH 50GM,70,0,0,0,0,0,0,0,0,0,0,0,0,0,0
6543,YARDLEY SOAP RED ROSES 100GM,62,0,0,0,0,0,0,0,0,0,0,0,0,0,0
6547,YARDLEY GOLD TALCUM 250GM,99,0,0,0,0,0,0,0,0,0,0,0,0,0,0
6548,PRIL LIQUID DISHWASH LIME 2LTR,370,0,0,0,0,0,0,0,0,0,0,0,0,0,0
6549,GOWARDHAN GHEE 1LTR,525,7,0,0,0,0,0,0,0,0,0,0,0,0,7
6551,GOWARDHAN GHEE 500ML,270,7,0,0,0,0,0,0,0,0,0,0,0,0,7
6552,GOWARDHAN CHEESE WEDGRS SOFT & CREAMY MIX 140GM,85,0,0,0,0,0,0,0,0,0,0,0,0,0,0
6553,GOWARDHAN CHEESE SLICE 200GM,125,6,0,0,0,0,0,0,0,0,0,0,0,0,6
6554,GOWARDHAN CHEESE SPREAD GARLIC 200GM,89,0,0,0,0,0,0,0,0,0,0,0,0,0,0
6555,GOWARDHAN CHEESE SPREAD FOUR PEPPER 200GM,79,3,0,0,0,0,0,0,0,0,0,0,0,0,3
6556,GOWARDHAN CHEESE SPREAD PLAIN 200GM,79,3,0,0,0,0,0,0,0,0,0,0,0,0,3
6557,GOWARDHAN NACHO CHEESE DIP 180GM,110,0,0,0,0,0,0,0,0,0,0,0,0,0,0
6558,GOWARDHAN PIZZA CHEESE 200GM,125,5,0,0,0,0,0,0,0,0,0,0,0,0,5
6559,GOWARDHAN CHEESE PROCESS 400GM,210,0,0,0,0,0,0,0,0,0,0,0,0,0,0
6561,GOWARDHAN MILK DOUBLE TONED 1LTR,65,0,0,0,0,0,0,0,0,0,0,0,0,0,0
6562,GOWARDHAN NATURAL GOUDA CHEESE 200GM,149,0,0,0,0,0,0,0,0,0,0,0,0,0,0
6563,MAGGI SOUP HOT AND SOUR 51GM,45,0,0,0,0,0,0,0,0,0,0,0,0,0,0
6564,PANTENE SHAMPOO DAILY MOISTURE REPAIR 180ML,120,0,0,0,0,0,0,0,0,0,0,0,0,0,0
6566,EXPRESS FOODS ORIGINAL HARVEST CRUNCH 1KG JAR,460,1,0,0,0,0,0,0,0,0,0,0,0,0,1
6572,PANTENE SHAMPOO DAILY MOISTURE REPAIR  80ML,75,0,0,0,0,0,0,0,0,0,0,0,0,0,0
6575,GILLETTE 7 OCLOCK BLADES 5 PIECES,45,0,0,0,0,0,0,0,0,0,0,0,0,0,0
6577,SHAGUN ENVELOP RS.125,125,-1,0,0,0,0,0,0,0,0,0,0,0,0,-1
6578,SHAGUN ENVELOP RS.50,50,1,0,0,0,0,0,0,0,0,0,0,0,0,1
6579,SHAGUN ENVELOP RS.85,85,1,0,0,0,0,0,0,0,0,0,0,0,0,1
6580,FASHION JEWELRY HAIR CLIPS 50,50,0,0,0,0,0,0,0,0,0,0,0,0,0,0
6581,FASHION JEWELRY HAIR CLIP+BAND 35,35,0,0,0,0,0,0,0,0,0,0,0,0,0,0
6582,FASHION JEWELRY HAIR BAND 35,35,0,0,0,0,0,0,0,0,0,0,0,0,0,0
6583,FASHION JEWELRY HAIR CLIPS 10,10,0,0,0,0,0,0,0,0,0,0,0,0,0,0
6584,FASHION JEWELRY HAIR CLIPS 5,5,0,0,0,0,0,0,0,0,0,0,0,0,0,0
6586,HAND MADE COMBS 32PC KIT,3350,0,0,0,0,0,0,0,0,0,0,0,0,0,0
6587,NESTLE CLASSIC CHOCOLATE 36GM,20,50,0,0,0,0,0,0,0,0,0,0,0,0,50
6588,NESTLE ASSORTED FESTIVE GREATINGS PACK 277GM,200,0,0,0,0,0,0,0,0,0,0,0,0,0,0
6589,NESTLE KITKAT PARTY PACK 76GM,60,0,0,0,0,0,0,0,0,0,0,0,0,0,0
6590,NESTLE EXTRA SMOOTH CHOCOLATE 18GM,20,0,0,0,0,0,0,0,0,0,0,0,0,0,0
6591,NESTLE KITKAT CELEBRATE YOUR BREAK 230GM,200,0,0,0,0,0,0,0,0,0,0,0,0,0,0
6592,LAURELS PULP SOFT CAR TISSUE,75,0,0,0,0,0,0,0,0,0,0,0,0,0,0
6594,JYOT BIG,10,1,0,0,0,0,0,0,0,0,0,0,0,0,1
6595,MAKKI KA ATTA 1KG,40,0,0,0,0,0,0,0,0,0,0,0,0,0,0
6596,CHIPS NAVRATRA  SENDHA NAMAK,59,0,0,0,0,0,0,0,0,0,0,0,0,0,0
6597,CRYSTAL GAS LIGHTER .,160,0,0,0,0,0,0,0,0,0,0,0,0,0,0
6598,CRYSTAL ELECTRONIC GAS LIGHTER BIG,170,3,0,0,0,0,0,0,0,0,0,0,0,0,3
6599,MAGGI SOUP CHINESE MANCHOW 53GM,45,0,0,0,0,0,0,0,0,0,0,0,0,0,0
6600,COCONUT,310,1.35,0,0,0,0,0,0,0,0,0,0,0,0,1.35
6601,DETTOL HAND SANITIZER ORIGINAL 50ML,77,3,0,0,0,0,0,0,0,0,0,0,0,0,3
6604,VART WALA MIXTURE 500GM,86,0,0,0,0,0,0,0,0,0,0,0,0,0,0
6605,RORITO JETTRA PEN,35,0,0,0,0,0,0,0,0,0,0,0,0,0,0
6607,GARNIER FRUCTIS SHAMPOO LONG & STRONG 340ML+VEGA HAIR BRUSH,200,0,0,0,0,0,0,0,0,0,0,0,0,0,0
6610,PONDS WHITE BEAUTY FAIRNESS CREAM 7.7GM,10,0,0,0,0,0,0,0,0,0,0,0,0,0,0
6613,PONDS FACE WASH WHITE BEAUTY SPOT-LESS FAIRNESS 15GM,28,0,0,0,0,0,0,0,0,0,0,0,0,0,0
6614,PONDS WHITE BEAUTY DAILY SPOTLESS LIGHTENING CREAM 35GM,125,0,0,0,0,0,0,0,0,0,0,0,0,0,0
6616,FAIR & LOVELY MAX FAIRNESS CREAM 50GM,115,0,0,0,0,0,0,0,0,0,0,0,0,0,0
6617,FAIR & LOVELY ADVANCED MULTI VITAMIN CREAM 50GM,95,5,0,0,0,0,0,0,0,0,0,0,0,0,5
6618,FAIR & LOVELY MEN FACEWASH MAX FAIRNESS  50GM,83,0,0,0,0,0,0,0,0,0,0,0,0,0,0
6625,MCVITIES WHOLE WHEAT CASHEW COOKIES 120GM,30,0,0,0,0,0,0,0,0,0,0,0,0,0,0
6628,HALDIRAMS RASGULLA 200GM,110,0,0,0,0,0,0,0,0,0,0,0,0,0,0
6629,GILLETTE AFTER SHAVE ARCTIC ICE BOLD,248,0,0,0,0,0,0,0,0,0,0,0,0,0,0
6637,BAGRRYS CRUNCHY MUESLI NO ADDED SUGAR DIET 500GM,290,1,0,0,0,0,0,0,0,0,0,0,0,0,1
6643,PEANUT CHILKA 240GM,51,21,0,0,0,0,0,0,0,0,0,0,0,0,21
6644,PEANUT W/O CHILKA 240GM,51,48,0,0,0,4,0,0,0,0,0,0,0,0,44
6645,SENDHA NAMAK 100G,5,6,0,0,0,0,0,0,0,0,0,0,0,0,6
6646,MISHRI 100GM,10,20,0,0,0,0,0,0,0,0,0,0,0,0,20
6647,KHAJUR AL MADINA SEEDLESS 500GM,80,0,0,0,0,0,0,0,0,0,0,0,0,0,0
6648,PHUL MAKHANA 100GM,65,0,0,0,0,0,0,0,0,0,0,0,0,0,0
6651,ARIEL MATIC TOP LOAD PAUCH 500GM,115,0,0,0,0,0,0,0,0,0,0,0,0,0,0
6652,PEDIGREE ADULT VEGETABLE 1.2KG,270,1,0,0,0,0,0,0,0,0,0,0,0,0,1
6655,MCVITIES WHOLE WHEAT BUTTER COOKIES 120GM,28,0,0,0,0,0,0,0,0,0,0,0,0,0,0
6656,SCOTCH JET SCRUB H-DUTY,130,0,0,0,0,0,0,0,0,0,0,0,0,0,0
6657,VERKA NIMBU PANI 200ML,12,0,0,0,0,0,0,0,0,0,0,0,0,0,0
6658,AIR WICK FRESHMATIC AND REFILL LAVENDER DEW 250ML,275,0,0,0,0,0,0,0,0,0,0,0,0,0,0
6660,GARNIER HAIR CREAM NATURAL BROWN  NATURALS  4.0 45ML,160,0,0,0,0,0,0,0,0,0,0,0,0,0,0
6661,GARNIER HAIR CREAM ORIGINAL BLACK  NATURALS 2.0 45ML,160,0,0,0,0,0,0,0,0,0,0,0,0,0,0
6662,GARNIER HAIR CREAM  BROWN BLACK NATURALS  3.0 45ML,160,0,0,0,0,0,0,0,0,0,0,0,0,0,0
6663,ANNE FRENCH CREAM HAIR REMOVER WITH ALOE VERA GEL SENSITIVE SKIN 40M,55,0,0,0,0,0,0,0,0,0,0,0,0,0,0
6664,ANNE FRENCH SANDAL HAIR REMOVER CREAM 40GM,55,0,0,0,0,0,0,0,0,0,0,0,0,0,0
6666,METHI GUCHI,15,0,0,0,0,0,0,0,0,0,0,0,0,0,0
6667,HEAD & SHOULDER SHAMPOO NOURISHING WINTER CARE 170ML,163,0,0,0,0,0,0,0,0,0,0,0,0,0,0
6674,GILLETTE SHAVING FOAM CONDITIONING 245GM,285,2,0,0,0,0,0,0,0,0,0,0,0,0,2
6675,ORION CHOCO-PIE 336GM,150,0,0,0,0,0,0,0,0,0,0,0,0,0,0
6677,SAFFOLA MASALA OATS PEPPY TOMATO 43GM,12,5,0,0,0,0,0,0,0,0,0,0,0,0,5
6679,VALABH HAIR BRUSH NO180,75,3,0,0,0,0,0,0,0,0,0,0,0,0,3
6680,ME FOIL ALUMINUM 9 MTR,60,0,0,0,0,0,0,0,0,0,0,0,0,0,0
6681,ME FOIL ALUMINIUM 18MTR,120,0,0,0,0,0,0,0,0,0,0,0,0,0,0
6683,UNIBIC CASHEW COOKIES 75GM,20,4,0,0,0,2,0,0,0,0,0,0,0,0,2
6684,LUX SOAP SAFFRON GLOW 4X100GM,90,2,0,0,0,0,0,0,0,0,0,0,0,0,2
6686,TIDE PLUS JASMINE & ROSE 1KG,98,7,0,0,0,0,0,0,0,0,0,0,0,0,7
6687,TIDE PLUS TALCUM FRESHNESS 500GM,47,0,0,0,0,0,0,0,0,0,0,0,0,0,0
6688,ARIEL COMPLETE PLUS MORNING BREEZE 500GM,82,0,0,0,0,0,0,0,0,0,0,0,0,0,0
6689,ARIEL COMPLETE COLOUR & STYLE 2KG,359,0,0,0,0,0,0,0,0,0,0,0,0,0,0
6690,ORAL-B ALL ROUNDER SENSTIVE EXTRA  SOFT,42,0,0,0,0,0,0,0,0,0,0,0,0,0,0
6691,ORAL-B TOOTH BRUSH SENSITIVE WHITENING SOFT 2P,78,1,0,0,0,0,0,0,0,0,0,0,0,0,1
6692,ORAL-B TOOTH BRUSH PRO HEALTH SENSITIVE 1P,79,0,0,0,0,0,0,0,0,0,0,0,0,0,0
6695,BRITANNIA BAKE RUSK 200GM,30,11,0,0,0,0,0,0,0,0,0,0,0,0,11
6697,BAGRRYS MUESLI SWISS STYLE 400GM,229,0,0,0,0,0,0,0,0,0,0,0,0,0,0
6698,PASEO ELEGANT HYGIENIC SOFT AND NATURALS CAR TISSUE 150 SHEETS,120,0,0,0,0,0,0,0,0,0,0,0,0,0,0
6701,SCOTCH BRITE KITCHEN TOWEL 3M,93,2,0,0,0,0,0,0,0,0,0,0,0,0,2
6705,MTR OATS IDLI 500GM,120,0,0,0,0,0,0,0,0,0,0,0,0,0,0
6707,MTR MULTIGRIN DOSA 500GM,115,0,0,0,0,0,0,0,0,0,0,0,0,0,0
6711,DABUR VATIKA SHAMPOO HEENA & OLIVE 180ML,102,0,0,0,0,0,0,0,0,0,0,0,0,0,0
6715,LOREAL CONDITIONER COLOUR PROTECT PROTECTING 65ML,80,0,0,0,0,0,0,0,0,0,0,0,0,0,0
6717,NIVEA SCRUB SKIN REFINING 75ML,149,0,0,0,0,0,0,0,0,0,0,0,0,0,0
6718,NIVEA FACEWASH PURIFYING 75ML,99,0,0,0,0,0,0,0,0,0,0,0,0,0,0
6719,NIVEA MEN FACEWASH 10X DARK SPOT REDUCTION 50ML,90,2,0,0,0,0,0,0,0,0,0,0,0,0,2
6720,NIVEA LIP BALM FRUITY SHINE WATERMELON 4.8GM,175,3,0,0,0,0,0,0,0,0,0,0,0,0,3
6721,NIVEA LIP BALM FRUITY SHINE CHERRY 4.8GM,175,1,0,0,0,0,0,0,0,0,0,0,0,0,1
6722,TWINING LEMON FLAVOURED TEA 25 BAG,285,0,0,0,0,0,0,0,0,0,0,0,0,0,0
6724,AMUL PRO 500GM,160,0,0,0,0,0,0,0,0,0,0,0,0,0,0
6726,TRESEMME SHAMPOO CLIMATE CONTROL 190ML,105,1,0,0,0,0,0,0,0,0,0,0,0,0,1
6727,TRESEMME CONDITIONER SPLIT REMEDY 90ML,99,0,0,0,0,0,0,0,0,0,0,0,0,0,0
6730,BRYLCREEM HAIR FALL PROTECT HAIR CREAM 75GM,80,0,0,0,0,0,0,0,0,0,0,0,0,0,0
6735,VASELINE INTENSIVE CARE ADVANCED REPAIR 100ML,140,3,0,0,0,0,0,0,0,0,0,0,0,0,3
6740,TOBLERONE OF SWITZERLAND 50GM,75,0,0,0,0,0,0,0,0,0,0,0,0,0,0
6742,HAMDARD ROGAN BADAM SIRIN 100ML,378,6,0,0,0,0,0,0,0,0,0,0,0,0,6
6747,FRESHWRAPP ALUMINIUM FOIL BOX 1KG,476,7,0,0,0,0,0,0,0,0,0,0,0,0,7
6748,TIDE PLUS POWDER 4KG,374,0,0,0,0,0,0,0,0,0,0,0,0,0,0
6750,BHUIRA BICHHUA CHUTNEY 470GM,250,0,0,0,0,0,0,0,0,0,0,0,0,0,0
6751,BAGRRYS WHITE OATS JAR 500GM,132,0,0,0,0,0,0,0,0,0,0,0,0,0,0
6752,TETLEY TEA LEMON 25BAGS,110,0,0,0,0,0,0,0,0,0,0,0,0,0,0
6753,COMB RS.8,8,0,0,0,0,0,0,0,0,0,0,0,0,0,0
6754,VIM BAR PACK OF 3X200GM,48,0,0,0,0,0,0,0,0,0,0,0,0,0,0
6758,VASELINE TOTAL MOISTURE 20ML,10,0,0,0,0,0,0,0,0,0,0,0,0,0,0
6764,HIMALAYA FACEWASH OIL CLEAR  LEMON 200ML,170,0,0,0,0,0,0,0,0,0,0,0,0,0,0
6768,CLEAN & CLEAR OILFREE MOISTURISER 40ML,50,2,0,0,0,0,0,0,0,0,0,0,0,0,2
6769,CLEAN & CLEAR FACEWASH CLEAR FAIRNESS OIL FREE 50ML,55,2,0,0,0,0,0,0,0,0,0,0,0,0,2
6770,CLEAN & CLEAR OILFREE MOISTURISER 80ML,80,1,0,0,0,0,0,0,0,0,0,0,0,0,1
6772,BRITANNIA DAHI PLAIN 400GM,55,0,0,0,0,0,0,0,0,0,0,0,0,0,0
6780,HIT LIME FRAGRANCE FOR MOSQUITOES AND FILES KILLS DENGUE & MALARIA 400ML,182,1,0,0,0,0,0,0,0,0,0,0,0,0,1
6781,HEAD & SHOULDER CONDITIONER COOL MENTHOL 80ML,69,0,0,0,0,0,0,0,0,0,0,0,0,0,0
6782,BROOKE BOND TAJ MAHAL TEA CARDAMOM 10BAGS,50,0,0,0,0,0,0,0,0,0,0,0,0,0,0
6784,DRY FRUIT BASKET SMALL,297,0,0,0,0,0,0,0,0,0,0,0,0,0,0
6785,DRY FRUIT BASKET MEDIUM,363,0,0,0,0,0,0,0,0,0,0,0,0,0,0
6786,DRY FRUIT BASKET LARG,528,0,0,0,0,0,0,0,0,0,0,0,0,0,0
6787,KHAJUR DATE CROWN 500GM,125,2,0,0,0,0,0,0,0,0,0,0,0,0,2
6788,MOONGFALI 1KG,132,0,0,0,0,0,0,0,0,0,0,0,0,0,0
6792,DRY FRUITS BASKET EXTRA LARG,726,0,0,0,0,0,0,0,0,0,0,0,0,0,0
6794,HALDIRAMS FALAHARI MIX 200GM,44,0,0,0,0,0,0,0,0,0,0,0,0,0,0
6796,HALDIRAMS PANCHRATTAN 400GM,163,5,0,0,0,0,0,0,0,0,0,0,0,0,5
6798,EVERYUTH NATURALS FAIRNESS  PEEL OF MASK 50GM,75,0,0,0,0,0,0,0,0,0,0,0,0,0,0
6802,SNACKERZ CHICKEN PLAIN SALAMI 500GM,225,0,0,0,0,0,0,0,0,0,0,0,0,0,0
6803,CRYSTAL LONG LASTING KNIVES,100,0,0,0,0,0,0,0,0,0,0,0,0,0,0
6804,CRYSTAL LONG LASTING KNIVES,95,0,0,0,0,0,0,0,0,0,0,0,0,0,0
6805,CRYSTAL LONG LASTING KNIVES,70,0,0,0,0,0,0,0,0,0,0,0,0,0,0
6806,CRYSTAL GAS LIGHTER SINCE 1971,175,5,0,0,0,0,0,0,0,0,0,0,0,0,5
6808,GAJAK SWAMI 400GM,75,9,0,0,0,0,0,0,0,0,0,0,0,0,9
6809,CHUHARE 500GM,85,11,0,0,0,0,0,0,0,0,0,0,0,0,11
6810,CANDLE RS.7,7,0,0,0,0,0,0,0,0,0,0,0,0,0,0
6812,CATCH GINGER POWDER 100GM,75,0,0,0,0,0,0,0,0,0,0,0,0,0,0
6815,HERBAL ESSENCES SHAMPOO BREAKS OVER 300ML,205,0,0,0,0,0,0,0,0,0,0,0,0,0,0
6816,PARLE MILANO CHOCOLATE CHIP COOKIES 75GM,25,0,0,0,0,0,0,0,0,0,0,0,0,0,0
6817,VIM BAR POWER OF 100 LEMONS 300GM,20,11,0,0,0,0,0,0,0,0,0,0,0,0,11
6833,DABUR GULABARI COLD CREAM SAFFRON TURMERIC 55ML,75,0,0,0,0,0,0,0,0,0,0,0,0,0,0
6834,DABUR GULABARI COLD CREAM SAFFRON TURMERIC 100ML,105,0,0,0,0,0,0,0,0,0,0,0,0,0,0
6839,WIPRO SMARTLITE CLASSIC 28 WATT,275,0,0,0,0,0,0,0,0,0,0,0,0,0,0
6840,PARK AVENUE HAIR STYLING GEL RUGGED HOLD 300GM,160,1,0,0,0,0,0,0,0,0,0,0,0,0,1
6842,HIMALAYA PURIFYING NEEM SCRUB 50GM,70,0,0,0,0,0,0,0,0,0,0,0,0,0,0
6846,VEGIT ALOO MASH 400GM,70,0,0,0,0,0,0,0,0,0,0,0,0,0,0
6847,VEGIT SABUDANA VADA 125GM,70,0,0,0,0,0,0,0,0,0,0,0,0,0,0
6849,VEGIT PAV BHAJI 100GM,70,0,0,0,0,0,0,0,0,0,0,0,0,0,0
6851,VEGIT CHEESE BALL 120GM,70,0,0,0,0,0,0,0,0,0,0,0,0,0,0
6852,VEGIT HARA BHARA KABAB 120GM,70,0,0,0,0,0,0,0,0,0,0,0,0,0,0
6853,VEGIT SHAMMI KEBAB 120GM,70,0,0,0,0,0,0,0,0,0,0,0,0,0,0
6854,VEGIT CORN STTAR 120GM,70,0,0,0,0,0,0,0,0,0,0,0,0,0,0
6855,VEGIT VEG CUTLET 160GM,70,0,0,0,0,0,0,0,0,0,0,0,0,0,0
6856,HIMALAYA GENTLE EXFOLIATING WALNUT SCRUB 100GM,130,-1,0,0,0,0,0,0,0,0,0,0,0,0,-1
6857,TOBLERONE 100GM,130,0,0,0,0,0,0,0,0,0,0,0,0,0,0
6858,MOOV TUBE 50GM,150,0,0,0,0,0,0,0,0,0,0,0,0,0,0
6859,VEGA NAIL FILE NF8,90,4,0,0,0,0,0,0,0,0,0,0,0,0,4
6860,VEGA EYELASH CURLER E.2,175,3,0,0,0,0,0,0,0,0,0,0,0,0,3
6861,WIPRO SMARTLITE TWISTER 28WAT,350,0,0,0,0,0,0,0,0,0,0,0,0,0,0
6862,WIPER CENTRA BIG,155,1,0,0,0,0,0,0,0,0,0,0,0,0,1
6863,WIPER CASTLE,125,0,0,0,0,0,0,0,0,0,0,0,0,0,0
6864,BRU INSTANT COFFEE JAR200GM,320,0,0,0,0,0,0,0,0,0,0,0,0,0,0
6865,BRU INSTANT COFFEE JAR100GM,174,0,0,0,0,0,0,0,0,0,0,0,0,0,0
6867,GILLETTE MACH3 SHAVE GEL COMPLETE DEFENSE SENSITIVE 195GM,280,1,0,0,0,0,0,0,0,0,0,0,0,0,1
6868,DOVE CONDITIONER OXYGEN MOISTURE 180ML,209,0,0,0,0,0,0,0,0,0,0,0,0,0,0
6869,DOVE SHAMPOO DAILY SHINE 650ML,450,0,0,0,0,0,0,0,0,0,0,0,0,0,0
6871,VART WALA SEAL PATI 200GM,37,0,0,0,0,0,0,0,0,0,0,0,0,0,0
6875,TETLEY GINGER TEA 12BAGS,55,0,0,0,0,0,0,0,0,0,0,0,0,0,0
6876,ARIEL COMPLETE 1.5KG,249,5,0,0,0,0,0,0,0,0,0,0,0,0,5
6877,PAMPERS NEW BABY 5STAR SKIN COMFORT UP TO 5KG 24DIAPERS,329,0,0,0,0,0,0,0,0,0,0,0,0,0,0
6878,PAMPERS ACTIVE BABY SMALL 3-8KG 22 DIAPERS,349,3,0,0,0,0,0,0,0,0,0,0,0,0,3
6879,PAMPERS BABY DRY MEDIUM 712KG 2 DIAPER,27,0,0,0,0,0,0,0,0,0,0,0,0,0,0
6882,PEDIGREE ADULT MEAT & RICE 1.2KG,230,0,0,0,0,0,0,0,0,0,0,0,0,0,0
6883,BAMBINO ROASTED VERMICILLI 200GM,24,8,0,0,0,0,0,0,0,0,0,0,0,0,8
6890,MORTEIN POWERGARD MACHINE+REFILL COMBO 45N,72,0,0,0,0,0,0,0,0,0,0,0,0,0,0
6891,BORO PLUS TOTAL RESULTS MOISTURE LOTION BADAM & MILK CREAM 300ML,190,0,0,0,0,0,0,0,0,0,0,0,0,0,0
6892,BORO PLUS TOTAL RESULTS MOISTURE LOTION BADAM & MILK CREAM 100ML,75,0,0,0,0,0,0,0,0,0,0,0,0,0,0
6894,ACT II NATURAL 33GM,24,2,0,0,0,1,0,0,0,0,0,0,0,0,1
6899,MOONGFALI 500GM,72,0,0,0,0,0,0,0,0,0,0,0,0,0,0
6901,LIPTON GREEN TEA HONEY LEMON 20BAGS,105,0,0,0,0,0,0,0,0,0,0,0,0,0,0
6902,CYCLE PARAMPRA AGRBATHIES 12N,20,0,0,0,0,0,0,0,0,0,0,0,0,0,0
6904,CADBURY NUTTIES FAVOURITES FOREVER 30GM,40,56,0,0,0,0,0,0,0,0,0,0,0,0,56
6909,MEDIMIX SOAP DAILY LUXURY MOISTURISNG 2X125GM,90,3,0,0,0,0,0,0,0,0,0,0,0,0,3
6913,IODEX MULTI PURPOSE PAIN BALM 9GM,32,10,0,0,0,0,0,0,0,0,0,0,0,0,10
6914,BAGRRYS WHITE OAT POUCH 500GM,95,1,0,0,0,0,0,0,0,0,0,0,0,0,1
6915,BAGRRYS WHITE OAT POUCH 1KG,190,1,0,0,0,0,0,0,0,0,0,0,0,0,1
6916,ODONIL NATURE AIR FRESHENER MYSTIC ROSE 75GM,58,0,0,0,0,0,0,0,0,0,0,0,0,0,0
6919,GILLETTE 7 O CLOCK PILL,100,1,0,0,0,0,0,0,0,0,0,0,0,0,1
6920,BROOKE BOND TAAZA GOLD 250GM,105,0,0,0,0,0,0,0,0,0,0,0,0,0,0
6921,VIVEL SOAP GLYCERIN PURE ALMOND OIL 4X75GM,99,0,0,0,0,0,0,0,0,0,0,0,0,0,0
6924,QUAKER OATS HOMESTYLE MASALA 400GM,145,1,0,0,0,0,0,0,0,0,0,0,0,0,1
6926,PAMPERS PREMIUM PANTS ULTRA SOFT & DRY SMALL 24 DIAPERS,375,0,0,0,0,0,0,0,0,0,0,0,0,0,0
6927,PAMPERS BABY PANTS LIGHT & DRY XL 32DIAPERS,565,0,0,0,0,0,0,0,0,0,0,0,0,0,0
6929,SHAGUN ENVELOP RS.62,62,1,0,0,0,0,0,0,0,0,0,0,0,0,1
6932,SCOTCH BRITE 4 SCRUB PADS(CASE),75,0,0,0,0,0,0,0,0,0,0,0,0,0,0
6933,KELLOGGS OATS 500GM,95,7,0,0,1,0,0,0,0,0,0,0,0,0,6
6936,COLGATE SENSITIVE PRO-REL 30GM,45,0,0,0,0,0,0,0,0,0,0,0,0,0,0
6938,NUTRALITE OMEGA-3 200GM,80,1,0,0,0,0,0,0,0,0,0,0,0,0,1
6939,HARRISON LOCK 45MM,85,0,0,0,0,0,0,0,0,0,0,0,0,0,0
6941,HARRISON J-6 EN LOCK 70MM,133,0,0,0,0,0,0,0,0,0,0,0,0,0,0
6942,HARRISON L-6 EN 30MM,41,0,0,0,0,0,0,0,0,0,0,0,0,0,0
6943,HARRISON J-6 EN LOCK 60MM,92,0,0,0,0,0,0,0,0,0,0,0,0,0,0
6944,HARRISON LOCK 25MM,75,0,0,0,0,0,0,0,0,0,0,0,0,0,0
6945,HARRISON LOCK 40MM,160,0,0,0,0,0,0,0,0,0,0,0,0,0,0
6948,HARRISON J-6 EN LOCK  50MM,64,1,0,0,0,0,0,0,0,0,0,0,0,0,1
6949,HARRISON J-6 EN LOCK 40MM,47,0,0,0,0,0,0,0,0,0,0,0,0,0,0
6950,HARRISON 36 LOCK 35MM,37,0,0,0,0,0,0,0,0,0,0,0,0,0,0
6952,BRITANNIA GHEE DANEDAR 500GM,270,0,0,0,0,0,0,0,0,0,0,0,0,0,0
6954,BAGRRYS WHEAT BRAN 500GM,80,4,0,0,0,0,0,0,0,0,0,0,0,0,4
6955,NESTLE AFTER EIGHT CHOCLATE 200GM,330,0,0,0,0,0,0,0,0,0,0,0,0,0,0
6966,GREEN CHERRY 100GM,10,7,0,0,0,0,0,0,0,0,0,0,0,0,7
6967,GAJAK MUTHI 400GM,82,0,0,0,0,0,0,0,0,0,0,0,0,0,0
6969,PEDIGREE ADULT CHICKEN & VEGETABLES 1.2KG,230,0,0,0,0,0,0,0,0,0,0,0,0,0,0
6970,NAVNEET NOTE BOOK MEDIUM AQUARE 172PAGES,45,13,0,0,0,0,0,0,0,0,0,0,0,0,13
6971,LUXOR GLOLITER MRKER PEN,20,0,0,0,0,0,0,0,0,0,0,0,0,0,0
6972,NAVNEET 6 SUBJECT BOOK 300PAGES,135,0,0,0,0,0,0,0,0,0,0,0,0,0,0
6973,NAVNEET MY NOTE WIRO BOUND A5 SIZE 160 PAGES,60,7,0,0,0,0,0,0,0,0,0,0,0,0,7
6974,NAVNEET LONG BOOK YOUVA LIFE SERIES 172PAGES,60,0,0,0,0,0,0,0,0,0,0,0,0,0,0
6975,NAVNEET FUN PREMIUM OIL PASTELS 12COLOURS,130,1,0,0,0,0,0,0,0,0,0,0,0,0,1
6976,NAVNEET GURUKUL NOTE BOOK 288PAGS,140,-1,0,0,0,0,0,0,0,0,0,0,0,0,-1
6977,NAVNEET GURUKUL NOTE BOOL 348PAGS,160,0,0,0,0,0,0,0,0,0,0,0,0,0,0
6978,NAVNEET STRIPES PENCILS WIT ERASER TIP,50,12,0,0,0,0,0,0,0,0,0,0,0,0,12
6979,NAVNEET POCKET DAIRY SPIRAL 72 PAGES,5,0,0,0,0,0,0,0,0,0,0,0,0,0,0
6982,NAVNEET REGISTER 720PAGES,350,2,0,0,0,1,0,0,0,0,0,0,0,0,1
6984,DOVE CONDITIONER DAMAGE THERAPY 80ML,79,0,0,0,0,0,0,0,0,0,0,0,0,0,0
6985,DOVE SHAMPOO DAILY SHINE 180ML,105,1,0,0,0,0,0,0,0,0,0,0,0,0,1
6986,NAVNEET MY 6 SUBJECT BOOK JUMBO SIZE 300PAGES,125,0,0,0,0,0,0,0,0,0,0,0,0,0,0
6991,NIVEA SOAP CREAM SOFT 5X75GM,176,0,0,0,0,0,0,0,0,0,0,0,0,0,0
6993,GARNIER B.B CREAM 30GM,169,0,0,0,0,0,0,0,0,0,0,0,0,0,0
6994,GUD REWRI 400GM,82,0,0,0,0,0,0,0,0,0,0,0,0,0,0
6995,PONDS MOISTURISING COLD CREAM 200ML,240,0,0,0,0,0,0,0,0,0,0,0,0,0,0
6996,FAIR & LOVELY FOREVER GLOW 50GM,99,0,0,0,0,0,0,0,0,0,0,0,0,0,0
7001,KINDER SCHOKO BONS CRISPY 12X5.8GM,120,0,0,0,0,0,0,0,0,0,0,0,0,0,0
7002,HALDIRAMS ALOO BHUJIA 400GM,87,5,0,0,0,0,0,0,0,0,0,0,0,0,5
7003,HALDIRAMS GUJRATI MIX 200GM,42,0,0,0,0,0,0,0,0,0,0,0,0,0,0
7011,VEGA BATH ACC RS.240,240,0,0,0,0,0,0,0,0,0,0,0,0,0,0
7012,VEGA BATH ACC 3/8,80,1,0,0,0,0,0,0,0,0,0,0,0,0,1
7014,NESCAFE SUNRISE PREMIUM COFFEE 50GM,80,4,0,0,0,0,0,0,0,0,0,0,0,0,4
7019,GILLETTE GUARD CARTIDGE 6,50,7,0,0,0,0,0,0,0,0,0,0,0,0,7
7020,AMUL CHEESE SPREAD CREAMI 200GM,80,0,0,0,0,0,0,0,0,0,0,0,0,0,0
7024,PREMIER CAR TISSUE 100PULLS,60,0,0,0,0,0,0,0,0,0,0,0,0,0,0
7025,PREMIER TOILET TISSUE 2 PLY STRONG SOFT 4IN1,180,0,0,0,0,0,0,0,0,0,0,0,0,0,0
7026,TATA TEA PREMIUM 50GM,15,43,0,0,0,0,0,0,0,0,0,0,0,0,43
7030,YUMMIEZ CHICKEN PEPPER & HERB SALAMI 250GM,135,3,0,0,0,0,0,0,0,0,0,0,0,0,3
7031,TASTY FRESH VEGETABLE SPRING ROLL 280GM,175,2,0,0,0,0,0,0,0,0,0,0,0,0,2
7032,HIMALAYA DIAPER RASH CREAM 50GM,85,0,0,0,0,0,0,0,0,0,0,0,0,0,0
7035,EMAMI MALAI KESAR COLD CREAM 100ML,120,2,0,0,0,0,0,0,0,0,0,0,0,0,2
7036,EMAMI MALAI KESAR COLD CREAM 30ML,40,0,0,0,0,0,0,0,0,0,0,0,0,0,0
7037,EMAMI MALAI KESAR COLD CREAM 60ML,80,0,0,0,0,0,0,0,0,0,0,0,0,0,0
7038,EMAMI VASOCARE HERBAL SKIN JELLY 50ML,60,1,0,0,0,0,0,0,0,0,0,0,0,0,1
7039,EMAMI VASOCARE HERBAL PETROLEUM JELLY 25ML,35,0,0,0,0,0,0,0,0,0,0,0,0,0,0
7041,MCVITIES WHOLE WHEAT MARIE 200GM,35,10,0,0,0,0,0,0,0,0,0,0,0,0,10
7043,KELLOGGS CORN FLAKES STRAWBERRY 575GM,255,2,0,0,0,0,0,0,0,0,0,0,0,0,2
7044,TURNIP,25,0,0,0,0,0,0,0,0,0,0,0,0,0,0
7046,ME FOIL ALUMINUM 72MTR,395,0,0,0,0,0,0,0,0,0,0,0,0,0,0
7047,SALAD ICE BURG,170,6.345,0,2,0,0.554,0,0,0,0,0,0,0,0,7.791
7048,BABY CORN 200GM,35,0,0,0,0,0,0,0,0,0,0,0,0,0,0
7049,HALDIRAMS DAL BIJI 200GM,42,9,0,0,0,0,0,0,0,0,0,0,0,0,9
7052,GENTEEL LIQUID DETERGENT 1KG+1KG,320,-5,0,0,0,0,0,0,0,0,0,0,0,0,-5
7054,SHAKARKANDI,45,0,0,0,0,0,0,0,0,0,0,0,0,0,0
7056,UTTAM SULPHUR FREE SUGAR 1KG,60,15,0,0,0,0,0,0,0,0,0,0,0,0,15
7057,UTTAM SULPHUR FREE SUGAR 5KG,300,3,0,0,0,0,0,0,0,0,0,0,0,0,3
7059,BASIC AYURVEDA AFTER MEAL DIGESTIVE 450ML,180,0,0,0,0,0,0,0,0,0,0,0,0,0,0
7060,BASIC AYURVEDA GILOY KA SHARBAT 500ML,142,0,0,0,0,0,0,0,0,0,0,0,0,0,0
7063,YUMMIEZ MASALA NUGGET 400GM,150,3,0,0,0,0,0,0,0,0,0,0,0,0,3
7066,GUD FRUIT 500GM,37,0,0,0,0,0,0,0,0,0,0,0,0,0,0
7067,ORGANIC INDIA TEA TULSI ORIGINAL TEA JAR 100GM,190,0,0,0,0,0,0,0,0,0,0,0,0,0,0
7069,KELLOGGS MUESLI NO ADD SUGAR 550GM,295,4,0,0,0,0,0,0,0,0,0,0,0,0,4
7070,VEGA FOUNDATION NBRO(MAKE UP SPONGE),80,4,0,0,0,0,0,0,0,0,0,0,0,0,4
7071,BOOMER STRAWBERRY FLAVOURED 18GM,10,21,0,0,0,0,0,0,0,0,0,0,0,0,21
7072,BOOMER STRAWBERRY FLAVOURED,1,-5,0,0,0,0,0,0,0,0,0,0,0,0,-5
7073,FAIR & LOVELY ADVANCED MULTI VITAMIN CREAM 10GM,12,0,0,0,0,0,0,0,0,0,0,0,0,0,0
7075,VASELINE TOTAL MOISTURE COCOA GLOW 100ML,95,0,0,0,0,0,0,0,0,0,0,0,0,0,0
7076,DHAMPUR GREEN NATURAL JAGGERY (GUD)220GM,25,0,0,0,0,0,0,0,0,0,0,0,0,0,0
7078,AMUL PIZZA CHEESE 200GM,93,15,0,0,0,0,0,0,0,0,0,0,0,0,15
7080,KOHINOOR CHARMINAR BASMATI RICE 5KG,460,0,0,0,0,0,0,0,0,0,0,0,0,0,0
7083,COMPLAN CHOCOLATE FLAVOUR 50GM,25,0,0,0,0,0,0,0,0,0,0,0,0,0,0
7084,HEINZ TOMATO CHILLI SAUCE 310GM,95,0,0,0,0,0,0,0,0,0,0,0,0,0,0
7090,TETLEY EARL GRAY TEA 12BAGS,50,0,0,0,0,0,0,0,0,0,0,0,0,0,0
7091,POLO MINT 30GM,10,19,0,0,0,1,0,0,0,0,0,0,0,0,18
7094,VIM BAR TUB 500GM,47,5,0,0,0,0,0,0,0,0,0,0,0,0,5
7095,GRAPE FRUIT,70,0,0,0,0,0,0,0,0,0,0,0,0,0,0
7097,CREMICA MAYONNAISE EGG 300GM,84,0,0,0,0,0,0,0,0,0,0,0,0,0,0
7101,NIVEA MEN AFTER SHAVE BALM SENSITIVE 100ML,245,0,0,0,0,0,0,0,0,0,0,0,0,0,0
7102,SUNFEAST SWEET N SALT 40GM,5,0,0,0,0,0,0,0,0,0,0,0,0,0,0
7103,PARK AVENUE DEO DELVE 150ML,180,0,0,0,0,0,0,0,0,0,0,0,0,0,0
7104,GAJAK TIL PLAIN 400GM,82,0,0,0,0,0,0,0,0,0,0,0,0,0,0
7105,FASHION JEWELLERY EAR RINGS 45,45,0,0,0,0,0,0,0,0,0,0,0,0,0,0
7106,FASHION JEWELLERY HAIR CLIPS 55,55,0,0,0,0,0,0,0,0,0,0,0,0,0,0
7107,PARTY CANDLES,65,0,0,0,0,0,0,0,0,0,0,0,0,0,0
7108,PARTY CANDLES 6PCS,95,0,0,0,0,0,0,0,0,0,0,0,0,0,0
7109,PARTY CANDLES 4PCS,85,0,0,0,0,0,0,0,0,0,0,0,0,0,0
7110,GILLETTE AFTER SHAVE LOTION ARCTIC ICE BOLD 100ML,469,1,0,0,0,0,0,0,0,0,0,0,0,0,1
7111,WHISPER ULTRA NIGHT XXL 5PADS,85,11,0,0,0,0,0,0,0,0,0,0,0,0,11
7117,SWADESHI DALIA 500GM,45,67,0,0,0,0,0,0,0,0,0,0,0,0,67
7118,AMUL PANEER 200GM,65,0,0,0,0,0,0,0,0,0,0,0,0,0,0
7120,COLGATE TOOTH BRUSH 360 + VISIBLE WHITE TOOTH PASTE,85,0,0,0,0,0,0,0,0,0,0,0,0,0,0
7121,EKO PURE  PAPER NAPKIN 50 NAPKINS,40,0,0,0,0,0,0,0,0,0,0,0,0,0,0
7123,CHINGLES SAUNF RS 1,1,0,0,0,0,0,0,0,0,0,0,0,0,0,0
7125,DEMERA BROWN SUGAR,2,0,0,0,0,0,0,0,0,0,0,0,0,0,0
7127,TZINGA ENERGY DRINK MANGO 250ML,30,0,0,0,0,0,0,0,0,0,0,0,0,0,0
7129,NIVEA SOAP CREME SOFT 2X75GM,75,0,0,0,0,0,0,0,0,0,0,0,0,0,0
7130,NIVEA SOAP CREME SOFT 2X125GM,114,0,0,0,0,0,0,0,0,0,0,0,0,0,0
7131,MAYBELLINE COLOSSAL KAJAL BLACK 0.35GM,210,0,0,0,0,0,0,0,0,0,0,0,0,0,0
7132,MAYBELLINE BABY LIPS MANGO PIE SPF20 4GM,125,0,0,0,0,0,0,0,0,0,0,0,0,0,0
7133,BABY LIP BALM ROSE ADDICT 4GM,160,0,0,0,0,0,0,0,0,0,0,0,0,0,0
7134,SCOTCH BRITE HANDY SCRUBER,225,0,0,0,0,0,0,0,0,0,0,0,0,0,0
7135,SCOTCH BRITE HOUSEHOLD SCRUBBER,279,0,0,0,0,0,0,0,0,0,0,0,0,0,0
7136,SCOTCH BRITE FLOOR SQEEGEE,399,0,0,0,0,0,0,0,0,0,0,0,0,0,0
7137,SCOTH BRITE FLOOR SQUEZE,360,3,0,0,0,0,0,0,0,0,0,0,0,0,3
7138,PARK AVENUE HAIR GEL RUGGED HOLD 100GM,85,2,0,0,0,0,0,0,0,0,0,0,0,0,2
7139,PARK AVENUE BEER SHAMPOO ANTI DANDRUFF 200ML,155,1,0,0,0,0,0,0,0,0,0,0,0,0,1
7142,NIPPO CELL AAA,12,15,0,0,0,0,0,0,0,0,0,0,0,0,15
7144,NIPPO HI TOP AA,13.5,143,0,0,0,0,0,0,0,0,0,0,0,0,143
7147,EXPRESS FOODS CRANBERRY GRANOLA 1KG,595,1,0,0,0,0,0,0,0,0,0,0,0,0,1
7154,GOODWYN KASHMIRI KAHWA GREEN TEA 20TEA BAGS,150,-2,0,0,0,0,0,0,0,0,0,0,0,0,-2
7157,JABSONS ROASTED NAMKEENS SOYABEAN MASALA 200GM,55,0,0,0,0,0,0,0,0,0,0,0,0,0,0
7158,JABSONS ROASTED NAMKEENS CHANNA JOR 200GM,55,1,0,0,0,0,0,0,0,0,0,0,0,0,1
7159,JABSONS ROASTED NAMKEENS  NAVRATAN MIXTURE 200GM,55,0,0,0,0,0,0,0,0,0,0,0,0,0,0
7160,JABSONS ROASTED NAMKEENS SWEET & SOUR 200GM,55,0,0,0,0,0,0,0,0,0,0,0,0,0,0
7161,JABSONS ROASTED NAMKEENS JOWAR MIXTURE 200GM,55,1,0,0,0,0,0,0,0,0,0,0,0,0,1
7162,JABSONS CHIKKI PEANUT GUD 240GM,70,0,0,0,0,0,0,0,0,0,0,0,0,0,0
7163,WHISPER MAXI  REGULAR 15S,175,0,0,0,0,0,0,0,0,0,0,0,0,0,0
7165,TOPS VINEGAR SYNTHETIC EHITE 610ML,43,8,0,0,0,0,0,0,0,0,0,0,0,0,8
7175,SETWET HAIR GEL MATTE MAGIC RESTYLABLE WAX 75GM,225,0,0,0,0,0,0,0,0,0,0,0,0,0,0
7178,AXE DEO SIGNATURE BODY PERFUME SUAVE 125ML,190,0,0,0,0,0,0,0,0,0,0,0,0,0,0
7180,DOVE SHAMPOO DANDRUFF CARE 340ML,265,0,0,0,0,0,0,0,0,0,0,0,0,0,0
7188,DETTOL NO TOUCH HAND WASH SYSTEM HYDRATING CUCUMBER SPLASH 250ML,499,0,0,0,0,0,0,0,0,0,0,0,0,0,0
7189,DETTOL NO TOUCH HAND WASH REFILL 250M,149,0,0,0,0,0,0,0,0,0,0,0,0,0,0
7191,SUNFEAST DREAM CREAM CHOCO VANILLA 120GM,20,10,0,0,0,0,0,0,0,0,0,0,0,0,10
7193,DOVE DEO MEN INVISIBLE DRY 150ML,225,1,0,0,0,0,0,0,0,0,0,0,0,0,1
7194,DOVE DEO MEN MINERALS SAGE 150ML,225,0,0,0,0,0,0,0,0,0,0,0,0,0,0
7195,PARLE MILK SHAKTI 50GM,5,0,0,0,0,0,0,0,0,0,0,0,0,0,0
7196,SUNDROP PEANUT BUTTER CREAMY 462GM,215,2,0,0,0,0,0,0,0,0,0,0,0,0,2
7197,SUNDROP PEANUT BUTTER CRUNCHY 462GM,240,0,0,0,0,0,0,0,0,0,0,0,0,0,0
7200,HIMALAYA TOOTH PASTE ACTIVE FRESH GEL 100GM,48,3,0,0,0,0,0,0,0,0,0,0,0,0,3
7201,HIMALAYA TOOTH PASTE COMPLETE CARE 175GM,80,0,0,0,0,0,0,0,0,0,0,0,0,0,0
7203,HIMALAYA TOOTH PASTE SPARKLING WHITE 80GM,57,3,0,0,0,0,0,0,0,0,0,0,0,0,3
7206,SHIV PUJARI JEERA 200GM,70,0,0,0,0,0,0,0,0,0,0,0,0,0,0
7207,TIDE PLUS BRIGHTER WHITES 4KG,382,0,0,0,0,0,0,0,0,0,0,0,0,0,0
7209,NESTLE MILKYBAR CHOO ORANGE 10GM,5,0,0,0,0,0,0,0,0,0,0,0,0,0,0
7210,NESTLE CLASSIC CHOCOLATE 18GM,10,53,0,0,0,1,0,0,0,0,0,0,0,0,52
7211,STRAWBERRY 1BOX,40,0,0,0,0,0,0,0,0,0,0,0,0,0,0
7212,KAYAM CHURAN 100GM,85,7,0,0,0,0,0,0,0,0,0,0,0,0,7
7214,TASTY FRESH VEGETABLE SAMOSAS 240GM,155,2,0,0,0,0,0,0,0,0,0,0,0,0,2
7215,YUMMIEZ CHICKEN POPCORN 400GM,195,0,0,5,0,0,0,0,0,0,0,0,0,0,5
7216,MCVITIES BUTTER COOKIES 60GM,10,0,0,0,0,0,0,0,0,0,0,0,0,0,0
7217,ENO ORANGE FLAVOUR 100GM,99,3,0,0,0,0,0,0,0,0,0,0,0,0,3
7218,CATCH KUTI MIRCH 200GM,68,0,0,0,0,0,0,0,0,0,0,0,0,0,0
7220,ODONIL NATURE GOOD LIVING ROOM FRESHNING GEL PASSION FRUIT 75GM,80,0,0,0,0,0,0,0,0,0,0,0,0,0,0
7222,FUN FOODS CAESAR SALAD DRESSING 250GM,99,0,0,0,0,0,0,0,0,0,0,0,0,0,0
7223,FUN FOODS PASTA SALAD DRESSING 260GM,99,0,0,0,0,0,0,0,0,0,0,0,0,0,0
7224,FUN FOODS VINAIGRETTE SALAD DRESSING 280GM,99,0,0,0,0,0,0,0,0,0,0,0,0,0,0
7225,FIAMA DI WILLS GELBAR PURE RIO APLASH 3X125GM,168,0,0,0,0,0,0,0,0,0,0,0,0,0,0
7226,FIAMA DI WILLS MEN SHOWER GEL REFRESHING PULSE 250ML,199,0,0,0,0,0,0,0,0,0,0,0,0,0,0
7227,FIAMA DI WILLS SOAP MILD DEW 75GM,34,0,0,0,0,0,0,0,0,0,0,0,0,0,0
7228,CREMICA DIGESTIVE BISCUITS 250GM,50,0,0,0,0,0,0,0,0,0,0,0,0,0,0
7230,PARLE HIDE&SEEK AMERICANA STYLE COOKIES BUTTER 200GM,25,0,0,0,0,0,0,0,0,0,0,0,0,0,0
7233,NATURE FRESH SOYA BEAN OIL1LTR,105,0,0,0,0,0,0,0,0,0,0,0,0,0,0
7234,KOHINOOR EVERYDAY BASMATI RICE 1KG,80,0,0,0,0,0,0,0,0,0,0,0,0,0,0
7235,KOHINOOR EVERYDAY BASMATI RICE 5KG,430,0,0,0,0,0,0,0,0,0,0,0,0,0,0
7236,GOWARDHAN GHEE 200ML,120,0,0,0,0,0,0,0,0,0,0,0,0,0,0
7237,WOODEN BRUSH GEBI RS 55,55,12,0,0,0,0,0,0,0,0,0,0,0,0,12
7238,CLOTH BRUSH WOODEN RS.40,40,0,0,0,0,0,0,0,0,0,0,0,0,0,0
7240,CLOTH CLIP STAINLES STEEL,70,0,0,0,0,0,0,0,0,0,0,0,0,0,0
7241,UNIBIC DOOSRA JEERA COOKIES 75GM,15,5,0,0,0,0,0,0,0,0,0,0,0,0,5
7245,SURF EXCEL EASYWASH POWDER 3KG,348,0,0,0,0,0,0,0,0,0,0,0,0,0,0
7246,VIM DOUBLE POWER NEEM ANTIGERM LIQUID 250ML,65,0,0,0,0,0,0,0,0,0,0,0,0,0,0
7247,TORTILLA WRAP (PLAIN FLOUR) 700GM,260,0,0,0,0,0,0,0,0,0,0,0,0,0,0
7248,SCOTH BRITE SCRUBBER BIG,64,0,0,0,0,0,0,0,0,0,0,0,0,0,0
7250,DETTOL KITCHEN LEMON FRESH GEL 400ML,119,2,0,0,0,0,0,0,0,0,0,0,0,0,2
7251,DETTOL HYGIENE LIQUID 500ML,165,0,0,0,0,0,0,0,0,0,0,0,0,0,0
7252,DETTOL HYGIENE LIQUID 200ML,83,1,0,0,0,0,0,0,0,0,0,0,0,0,1
7258,AMUL ICE CREAM EPIC CHOCO ALMOND 80ML,40,2,0,0,0,0,0,0,0,0,0,0,0,0,2
7259,JOHNSONS BABY SKINCARE 10WIPES,40,5,0,0,0,1,0,0,0,0,0,0,0,0,4
7262,GLADE TOUCH AND FRESH WILD FLORAL REFILL AND DISPENSER,99,0,0,0,0,0,0,0,0,0,0,0,0,0,0
7264,KIWI COTTON BALLS,35,0,0,0,0,0,0,0,0,0,0,0,0,0,0
7265,SAFTY PIN BUNCH,25,0,0,0,0,0,0,0,0,0,0,0,0,0,0
7271,SAFETY PINS STEEL  RS.5,5,53,0,0,0,0,0,0,0,0,0,0,0,0,53
7272,KEY CHAIN I LOVE YOU,30,0,0,0,0,0,0,0,0,0,0,0,0,0,0
7273,KEY CHAIN RED GRAPES,70,0,0,0,0,0,0,0,0,0,0,0,0,0,0
7274,KEY CHAIN TEDDY,20,0,0,0,0,0,0,0,0,0,0,0,0,0,0
7276,MCCAIN ALOO TIKKI 160G,45,0,0,0,0,0,0,0,0,0,0,0,0,0,0
7277,MCCAIN CHILLI GARLIC POTATO BITES 200GM,45,0,0,0,0,0,0,0,0,0,0,0,0,0,0
7278,VALENTINE`S SPECIAL,60,0,0,0,0,0,0,0,0,0,0,0,0,0,0
7279,VALENTINE`S SPECIA HEART STICK,10,0,0,0,0,0,0,0,0,0,0,0,0,0,0
7280,VALENTINE`S SPECIAL HEART STAIC RS.20,20,0,0,0,0,0,0,0,0,0,0,0,0,0,0
7281,VALENTINE`S FLOWER STICK,25,0,0,0,0,0,0,0,0,0,0,0,0,0,0
7283,LOTUS WHEATNOURISH MASSAGE CREME 50GM,345,0,0,0,0,0,0,0,0,0,0,0,0,0,0
7285,LOTUS CLAYWHITE SKIN WHITENING FACE PACK 60GM,145,0,0,0,0,0,0,0,0,0,0,0,0,0,0
7286,LOTUS CLAYWHITE SKIN WHITENING FACE PACK 120GM,295,0,0,0,0,0,0,0,0,0,0,0,0,0,0
7287,LOTUS TEATREECLEAR TEA TREE CLARIFYING FACE PACK 120GM,295,0,0,0,0,0,0,0,0,0,0,0,0,0,0
7288,LOTUS TEATREEWASH TEA TREE & CINNAMON OIL CONTROL FACE WASH 80GM,125,0,0,0,0,0,0,0,0,0,0,0,0,0,0
7289,LOTUS WHITEGLOW OATMEAL & YOGURT SKIN WHITENING SCRUB 50GM,120,0,0,0,0,0,0,0,0,0,0,0,0,0,0
7290,LOTUS WHITEGLOW SKIN YOGURT SKIN WHITENING & BRIGHTENING MASQUE 80GM,195,0,0,0,0,0,0,0,0,0,0,0,0,0,0
7291,LOTUS ACNEGEL TEA TREE ANTI PIMPLE  & ACNE GEL 100GM,270,0,0,0,0,0,0,0,0,0,0,0,0,0,0
7292,LOTUS ALPHAMOIST  OIL FREE MOISTURISER 80ML,245,0,0,0,0,0,0,0,0,0,0,0,0,0,0
7293,LOTUS COCOA BUTTER MOISTURISING LOTION 170ML,345,0,0,0,0,0,0,0,0,0,0,0,0,0,0
7294,LOTUS COCOA BUTTER MOISTURISING LOTION 80ML,245,0,0,0,0,0,0,0,0,0,0,0,0,0,0
7295,EVEREADY MULTIPURPOSE  BATTERY,17,25,0,0,0,0,0,0,0,0,0,0,0,0,25
7299,OLIVIA HERB BLEACH CREAM 30GM,65,0,0,0,0,0,0,0,0,0,0,0,0,0,0
7308,CLEAN & CLEAR FACEWASH CLEAR FAIRNESS 80GM,100,2,0,0,0,0,0,0,0,0,0,0,0,0,2
7312,MOPX FLOOR CLENR 5LTR,195,0,0,0,0,0,0,0,0,0,0,0,0,0,0
7316,KELLOGGS MUESLI CRUNCHY FRUIT & NUT 550GM,290,5,0,0,0,0,0,0,0,0,0,0,0,0,5
7317,KELLOGGS MUESLI NUTS DELIGHT 750GM,390,4,0,0,0,1,0,0,0,0,0,0,0,0,3
7321,HARPIC FLUSHMATIC AQUAMARINE 50GM,60,2,0,0,0,0,0,0,0,0,0,0,0,0,2
7323,DETTOL KIT SYS 400,98,0,0,0,0,0,0,0,0,0,0,0,0,0,0
7324,DETTOL KITCHEN LIME SPIASH REFILL 130ML,20,5,0,0,0,0,0,0,0,0,0,0,0,0,5
7325,PARODONTAX TOOTH PASTE DAILY FLUORIDE 40GM,50,0,0,0,0,0,0,0,0,0,0,0,0,0,0
7326,IODEX MULTI PURPOSE PAIN BALM 18GM,65,-2,0,0,0,0,0,0,0,0,0,0,0,0,-2
7327,GRAPES BLACK,130,0,0,0,0,0,0,0,0,0,0,0,0,0,0
7328,MONGINIS SLICE CAKE CHOCOLATE 30GM,5,44,0,0,0,3,0,0,0,0,0,0,0,0,41
7330,FAIR & LOVELY WINTER CREAM 80GM,130,0,0,0,0,0,0,0,0,0,0,0,0,0,0
7331,FAIR & LOVELY MULTI VITAMIN CREAM 15GM,20,2,0,0,0,0,0,0,0,0,0,0,0,0,2
7333,PEPSODENT TOOTH BRUSH KIDDY SOFT 1NOS,20,1,0,0,0,0,0,0,0,0,0,0,0,0,1
7334,PEPSODENT TOOTH BRUSH GUM EXPERT SOFT BUY2GET1FREE,100,1,0,0,0,0,0,0,0,0,0,0,0,0,1
7337,NESTEA ICED TEA LEMON 100GM,45,0,0,0,0,0,0,0,0,0,0,0,0,0,0
7338,MAGGI 2 MINUTE NOODLES MASALA 420GM,65,2,0,0,0,0,0,0,0,0,0,0,0,0,2
7351,HALDIRAMS CHOLEY WITH JEERA RICE 375GM,100,0,0,0,0,0,0,0,0,0,0,0,0,0,0
7352,HALDIRAMS DAL MAKHANI 375GM,120,0,0,0,0,0,0,0,0,0,0,0,0,0,0
7354,HALDIRAMS KADHI PAKODA 300GM,55,0,0,0,0,0,0,0,0,0,0,0,0,0,0
7355,HALDIRAMS MUTTER PANEER 300GM,110,0,0,0,0,0,0,0,0,0,0,0,0,0,0
7368,FLOOR WIPER RENUKA RS.110,110,0,0,0,0,0,0,0,0,0,0,0,0,0,0
7369,FIAMA SOAP GEL BAR SEAWEED & LEMONGRASS CLEAR SPRINGS 3X125GM,180,1,0,0,0,0,0,0,0,0,0,0,0,0,1
7370,FIAMA DI WILLS SOAP CLEAR SPRING 3 X 125GM,168,0,0,0,0,0,0,0,0,0,0,0,0,0,0
7371,SANTOOR SOAP MOISTRISED SOFT SKIN 4*100GM,94,0,0,0,0,0,0,0,0,0,0,0,0,0,0
7372,WAI WAI CUP NOODLE NON VEG 65GM,35,0,0,0,0,0,0,0,0,0,0,0,0,0,0
7373,SCOTH BRITE TWISTER MOP,599,0,0,0,0,0,0,0,0,0,0,0,0,0,0
7375,NIVEA DEO WHITENING SMOOTH SKIN 150ML,199,1,0,0,0,0,0,0,0,0,0,0,0,0,1
7376,NIVEA SOAP CREME SOFT 72GM,42,0,0,0,0,0,0,0,0,0,0,0,0,0,0
7377,NIVEA SOAP CREME CARE 4X125GM,224,0,0,0,0,0,0,0,0,0,0,0,0,0,0
7379,VASELINE ALOE FRESH LOTION 100ML,95,0,0,0,0,0,0,0,0,0,0,0,0,0,0
7381,GARNIER PURE ACTIVE SCRUB BLACKHEADS UPROOTING 100GM,150,0,0,0,0,0,0,0,0,0,0,0,0,0,0
7385,FRUTINS BABY CORN 425GM,95,4,0,0,0,0,0,0,0,0,0,0,0,0,4
7387,PARK AVENUE SHAVING FOAM 200GM,150,0,0,0,0,0,0,0,0,0,0,0,0,0,0
7388,PARK AVENUE DEO COOL BLUE 150ML,199,0,0,0,0,0,0,0,0,0,0,0,0,0,0
7390,JABSONS ROASTED NAMKEENS BAJRA MASALA 200GM,55,5,0,0,0,0,0,0,0,0,0,0,0,0,5
7391,HIMALAYA TOOTH PASTE DENTAL CREAM 100GM,40,0,0,0,0,0,0,0,0,0,0,0,0,0,0
7392,HIMALAYA SOAP HONEY & CREAM 125GM,44,1,0,0,0,0,0,0,0,0,0,0,0,0,1
7393,HIMALAYA TOOTH PASTE SPARKLING WHITE FRESH GEL 40GM,30,0,0,0,0,0,0,0,0,0,0,0,0,0,0
7395,FORTUNE RICE BRAN HEALTH OIL 1LTR,110,2,0,0,0,0,0,0,0,0,0,0,0,0,2
7396,GODREJ NUPUR HENNA 400GM,190,2,0,0,0,0,0,0,0,0,0,0,0,0,2
7397,GENTEEL LIQUID 1KG,175,0,0,0,0,0,0,0,0,0,0,0,0,0,0
7398,GODREJ EXPERT RICH CREME HAIR COLOUR NATURAL BLACK 1.00,30,5,0,0,0,0,0,0,0,0,0,0,0,0,5
7400,CINTHOL SOAP 100GM,33,0,0,0,0,0,0,0,0,0,0,0,0,0,0
7404,ROASTED WHEAT 250GM,38,0,0,0,0,0,0,0,0,0,0,0,0,0,0
7408,JWAR ROASTED 250GM,38,0,0,0,0,0,0,0,0,0,0,0,0,0,0
7409,LITTLE HEART BISCUIT 250GM,50,0,0,0,0,0,0,0,0,0,0,0,0,0,0
7413,COCONUT BISCUIT 250GM,45,0,0,0,0,0,0,0,0,0,0,0,0,0,0
7414,SOYA KATORI 200GM,39,0,0,0,0,0,0,0,0,0,0,0,0,0,0
7420,REVLON COLOR 3N DARK BROWN,380,0,0,0,0,0,0,0,0,0,0,0,0,0,0
7421,NAVNEET NOTE BOOK RED & BLUE 172PAGES,45,0,0,0,0,0,0,0,0,0,0,0,0,0,0
7422,NAVNEET NOTE BOOK SOFT BOUND 172PAGES,40,0,0,0,0,0,0,0,0,0,0,0,0,0,0
7423,NAVNEET FUN PLASTIC CRAYONS 15SHADES,40,0,0,0,0,0,0,0,0,0,0,0,0,0,0
7424,NAVNEET MY NOTE BOOK 192PAGES,80,3,0,0,0,0,0,0,0,0,0,0,0,0,3
7425,STIC WHITE BOARD MARKER,25,3,0,0,0,0,0,0,0,0,0,0,0,0,3
7426,NAVNEET NOTE BOOK 22,25,0,0,0,0,0,0,0,0,0,0,0,0,0,0
7427,NAVNEET LONG  BOOK  68PAGES,25,0,0,0,0,0,0,0,0,0,0,0,0,0,0
7428,NAVNEET NOTE BOOK SOFT BOUND BIG SQUARE 172PAGES,40,0,0,0,0,0,0,0,0,0,0,0,0,0,0
7429,NAVNEET NOTE BOOK SOFT BOUND A4 SIZE 76PAGES,30,1,0,0,0,0,0,0,0,0,0,0,0,0,1
7430,NAVNEET DRAWING BOOK GREEN 56PAGES,40,0,0,0,0,0,0,0,0,0,0,0,0,0,0
7431,NAVNEET DRAWING BOOK YELLOW 36PAGES,30,-2,0,0,0,0,0,0,0,0,0,0,0,0,-2
7432,NAVNEET NOTEW BOOK MOSCOW 172PAGES,70,0,0,0,0,0,0,0,0,0,0,0,0,0,0
7433,NAVNEET NOTE BOOK MATH 124PAGES,35,10,0,0,0,1,0,0,0,0,0,0,0,0,9
7435,DUSTER WHITE KITCHEN,21,0,0,0,0,0,0,0,0,0,0,0,0,0,0
7436,CANDLE BIG RS.20,20,29,0,0,0,0,0,0,0,0,0,0,0,0,29
7439,HIT ANTI ROACH GEL 20GM,175,7,0,0,0,0,0,0,0,0,0,0,0,0,7
7440,LIFEBUOY SOAP LEMON FRESH 125GM,26,3,0,0,0,1,0,0,0,0,0,0,0,0,2
7441,NESTLE CERELAC RICE STAGE 1 IRON FORTIFIED 300GM,171,0,0,0,0,0,0,0,0,0,0,0,0,0,0
7443,DURACELL 1.5 C SIZE BATTERY SET,210,0,0,0,0,0,0,0,0,0,0,0,0,0,0
7445,ARIEL MATIC TOP & FRONT LOAD 2KG,465,0,0,0,0,0,0,0,0,0,0,0,0,0,0
7446,AMUL ICE CREAM EPIC STRAWBERRY VANILLA 80ML,40,0,0,0,0,0,0,0,0,0,0,0,0,0,0
7449,COLGATE TOOTH BRUSH SENSITIVE ULTRA SOFT 1NOS,45,0,0,0,0,0,0,0,0,0,0,0,0,0,0
7455,DETTOL NO TOUCH HAND WASH SYSTEM ORIGINAL,549,0,0,0,0,0,0,0,0,0,0,0,0,0,0
7456,VEET BLEACH CREAM 100ML,135,0,0,0,0,0,0,0,0,0,0,0,0,0,0
7457,VEET BLEACH CREAM SENSITIVE SKIN 60GM,110,0,0,0,0,0,0,0,0,0,0,0,0,0,0
7459,VEET HAIR REMOVAL CREAM BRIGHTENING SENSITIVE SKIN 25GM,63,0,0,0,0,0,0,0,0,0,0,0,0,0,0
7460,VEET HAIR REMOVAL CREAM BRIGHTENING SENSITIVE SKIN 60GM,110,0,0,0,0,0,0,0,0,0,0,0,0,0,0
7463,ODONIL GEL  ROSE DREAMS 75GM,65,0,0,0,0,0,0,0,0,0,0,0,0,0,0
7464,PEDIGREE ADULT CHICKEN & VEGETABLE 6KG,940,0,0,0,0,0,0,0,0,0,0,0,0,0,0
7465,DRUK MANGO JAM 200GM,50,0,0,0,0,0,0,0,0,0,0,0,0,0,0
7466,BROOKE BOND TAAZA 100GM,20,0,0,0,0,0,0,0,0,0,0,0,0,0,0
7467,LIPTON GREEN TEA MINT BURST 20 TEA BAGS,105,0,0,0,0,0,0,0,0,0,0,0,0,0,0
7474,BALL SMILEY PER- PEC,25,0,0,0,0,0,0,0,0,0,0,0,0,0,0
7475,BALL TENNIS /CRICKET,50,34,0,0,0,0,0,0,0,0,0,0,0,0,34
7476,CAKE TREE VEG ROLL,45,0,0,0,0,0,0,0,0,0,0,0,0,0,0
7477,CAKE TREE WHITE BREAD,45,0,0,0,0,0,0,0,0,0,0,0,0,0,0
7478,CAKE TREE MULTIGRAIN BREAD 450GM,50,1,0,2,0,1,0,0,0,0,0,0,0,0,2
7483,MOTHER DAIRY ICE CREAM STRAWBERY CRUSH 115ML,35,3,0,0,0,0,0,0,0,0,0,0,0,0,3
7484,BIRTHDAY CANDLES 40,40,8,0,0,0,0,0,0,0,0,0,0,0,0,8
7485,BIRTHDAY CANDLES RS.12,12,4,0,0,0,0,0,0,0,0,0,0,0,0,4
7486,BIRTHDAY CANDLES RS.25,25,1,0,0,0,0,0,0,0,0,0,0,0,0,1
7487,BIRTHDAY CANDLES 58,58,2,0,0,0,0,0,0,0,0,0,0,0,0,2
7492,MOTHER DAIRY ICE CREAM KESAR KAMAL KULFI BAR 60ML,20,29,0,0,0,0,0,0,0,0,0,0,0,0,29
7493,BRITANNIA PREMIUM BAKE RUSK 300GM,40,18,0,0,0,1,0,0,0,0,0,0,0,0,17
7494,BRITANNIA BAKE RUSK 63GM,10,2,0,0,0,0,0,0,0,0,0,0,0,0,2
7496,MOTHER DAIRY ICE CREAM RABRI KULFI BAR 60ML,25,5,0,0,0,2,0,0,0,0,0,0,0,0,3
7500,MCVITIES HOBNOBS OAT COOKIES 100GM,25,0,0,0,0,0,0,0,0,0,0,0,0,0,0
7504,PONDS SCRUB TAN REMOVAL 50GM,110,0,0,0,0,0,0,0,0,0,0,0,0,0,0
7505,VASELINE HEALTHY WHITE LIGHTENING LOTION 40ML,49,1,0,0,0,0,0,0,0,0,0,0,0,0,1
7513,PEPSODENT TOOTH PASTE 150GM,75,0,0,0,0,0,0,0,0,0,0,0,0,0,0
7518,CLOSEUP TOOTH PASTE DEEP ACTION RED HOT 80GM,50,0,0,0,0,0,0,0,0,0,0,0,0,0,0
7529,DABUR RED PASTE 150GM,65,0,0,0,0,0,0,0,0,0,0,0,0,0,0
7533,MOTHER DAIRY ICE CREAM MATKA KULFI 90ML,50,1,0,0,0,0,0,0,0,0,0,0,0,0,1
7534,FUN FOODS MILK SHAKE MIX STRAWBERRY 200GM,75,0,0,0,0,0,0,0,0,0,0,0,0,0,0
7536,FUN FOODS MILK SHAKE BADAM ELACHI 200GM,99,0,0,0,0,0,0,0,0,0,0,0,0,0,0
7540,VICCO VAJRADANTI PASTE 100GM,60,4,0,0,0,0,0,0,0,0,0,0,0,0,4
7541,VICCO VAJRADANTI PASTE 200GM,100,2,0,0,0,0,0,0,0,0,0,0,0,0,2
7542,CAKE TREE GARLIC BREAD,35,0,0,0,0,0,0,0,0,0,0,0,0,0,0
7545,CLOTH CLIPS RS.140,140,0,0,0,0,0,0,0,0,0,0,0,0,0,0
7546,CLOTH CLIPS PRIME ZARA BOX,150,1,0,0,0,0,0,0,0,0,0,0,0,0,1
7550,MENTOS MARBLES,5,0,0,0,0,0,0,0,0,0,0,0,0,0,0
7551,HAPPYDENT WHITE MINT FLAVOUR16.8GM,10,0,0,0,0,0,0,0,0,0,0,0,0,0,0
7552,BIG BABOL  BUBBLE GUM,10,0,0,0,0,0,0,0,0,0,0,0,0,0,0
7553,HAPPYDENT WAVE PEPPERMINT FLAVOUR LIQUID FILLED GUM100GM,5,0,0,0,0,0,0,0,0,0,0,0,0,0,0
7554,CENTRE FRESH LIQUID FILLED GUM SWEET MINT FLAVOUR,1,0,0,0,0,0,0,0,0,0,0,0,0,0,0
7555,CENTER FRUIT LASTING  FRUITS FLAVOUR,1,0,0,0,0,0,0,0,0,0,0,0,0,0,0
7557,BAMBINO PASTA SPIRALI 500GM,79,0,0,0,0,0,0,0,0,0,0,0,0,0,0
7558,PRIME TAPE 9MTR,5,-2,0,0,0,0,0,0,0,0,0,0,0,0,-2
7559,PRIME TAPE 25MTR,12,0,0,0,0,0,0,0,0,0,0,0,0,0,0
7562,FUN FOODS MILK SHAKE MIX ROSE FLAVOUR 200GM,75,0,0,0,0,0,0,0,0,0,0,0,0,0,0
7563,FUN FOODS FRAPPE LATTE MIX HAZELNUT FLAVOUR 200GM,99,0,0,0,0,0,0,0,0,0,0,0,0,0,0
7565,ODONIL NATURE GOOD LIVING ROOM FRESHNING GEL FLIRTY STRAWBERRY 75GM,80,2,0,0,0,0,0,0,0,0,0,0,0,0,2
7570,CRYSTAL STAINLES STEEL STAINER,110,2,0,0,0,0,0,0,0,0,0,0,0,0,2
7571,CRYSTAL STAINLESS STEEL (B),125,1,0,0,0,0,0,0,0,0,0,0,0,0,1
7575,KELLOGGS CORN FLAKES REAL MANGO 300GM,130,1,0,0,0,0,0,0,0,0,0,0,0,0,1
7576,NIVEA SHOWER GEL MEN MUSCLE RELAX  250ML,185,0,0,0,0,0,0,0,0,0,0,0,0,0,0
7577,NIVEA MEN DEO COOL KICK 150ML,199,1,0,0,0,0,0,0,0,0,0,0,0,0,1
7579,HALDIRAMS CHILLI CHATAK LACHA 80GM,20,0,0,0,0,0,0,0,0,0,0,0,0,0,0
7580,HALDIRAMS MINT LACHHA 80GM,20,0,0,0,0,0,0,0,0,0,0,0,0,0,0
7581,LISTERINE MOUTHWASH CAVITY FIGHTER 500ML,218,0,0,0,0,0,0,0,0,0,0,0,0,0,0
7582,LISTERINE MOUTHWASH CAVITY FIGHTER 80ML,52,2,0,0,0,0,0,0,0,0,0,0,0,0,2
7583,GARNIER FRUCTIS HAIR OIL GOODBYE DAMAGE 200ML,110,0,0,0,0,0,0,0,0,0,0,0,0,0,0
7584,GOWARDHAN MOZZARELLA CHEESE 200GM,110,5,0,0,0,0,0,0,0,0,0,0,0,0,5
7585,GOWARDHAN CHEESE SLICE 476GM,310,3,0,0,0,0,0,0,0,0,0,0,0,0,3
7586,PEGGS PUNJAB WHITE EGGS 6PEC,40,2,0,0,0,0,0,0,0,0,0,0,0,0,2
7591,MORTEIN POWERGARD REFILL 3S 45N PACK,126,0,0,0,0,0,0,0,0,0,0,0,0,0,0
7592,DETTOL HAND WASH RE ENERGIZE LIQUID PUMP 250ML,86,0,0,0,0,0,0,0,0,0,0,0,0,0,0
7594,SHAGUN ENVELOP RS.45,45,17,0,0,0,0,0,0,0,0,0,0,0,0,17
7595,SHAGUN ENVELOP RS.70,70,5,0,0,0,1,0,0,0,0,0,0,0,0,4
7600,HOLI DOLPHIN PICHKARI RS.110,110,0,0,0,0,0,0,0,0,0,0,0,0,0,0
7601,HOLI PATANG GULAB COLOUR RS.20,20,0,0,0,0,0,0,0,0,0,0,0,0,0,0
7604,WINKIES SWISS ROLL RICH COCOA 185GM,60,0,0,0,0,0,0,0,0,0,0,0,0,0,0
7608,MTR SWEET MIX KHEER 200GM,65,0,0,0,0,0,0,0,0,0,0,0,0,0,0
7611,SURF EXCEL EASYWASH POWDER 700GM,77,0,0,0,0,0,0,0,0,0,0,0,0,0,0
7613,PEPSODENT TOOTH BRUSH FIGHTER MEDIUM 1NOS,18,0,0,0,0,0,0,0,0,0,0,0,0,0,0
7614,HEAD & SHOULDER SHAMPOO MEN COOL BLAST 340ML,275,0,0,0,0,0,0,0,0,0,0,0,0,0,0
7615,MOTHERS RECIPE GUJRATI CHOONDO PICKLE 500GM,107,0,0,0,0,0,0,0,0,0,0,0,0,0,0
7616,TOP RAMEN ATTA NOODLES 70GM,10,0,0,0,0,0,0,0,0,0,0,0,0,0,0
7617,TOP RAMEN CUP NOODLES PANIPURI 50GM,20,0,0,0,0,0,0,0,0,0,0,0,0,0,0
7618,TOP RAMEN MASALA 420GM,60,2,0,0,0,0,0,0,0,0,0,0,0,0,2
7622,TOP RAMEN ATTA NOODLES MASALA 280GM,40,0,0,0,0,0,0,0,0,0,0,0,0,0,0
7623,AMUL ICE CREAM CASSATTAL 150ML,45,0,0,0,0,0,0,0,0,0,0,0,0,0,0
7624,GRAPES GREEN,90,0,0,0,0,0,0,0,0,0,0,0,0,0,0
7627,TOP RAMEN CUP NOODLES MANCHURI 50GM,20,0,0,0,0,0,0,0,0,0,0,0,0,0,0
7630,ARIEL MATIC FRONT LOAD BOX 2KG,449,0,0,0,0,0,0,0,0,0,0,0,0,0,0
7631,NESTLE NAN PRO 1  PROBIOTICS 400GM,540,1,0,0,0,0,0,0,0,0,0,0,0,0,1
7642,SAUNF COLOURED 100GM,12,0,0,0,0,0,0,0,0,0,0,0,0,0,0
7643,BASIC AYURVEDA MUSLI FIED 500ML,330,0,0,0,0,0,0,0,0,0,0,0,0,0,0
7645,VEGA HAIR DRYER VHDH09,1199,0,0,0,0,0,0,0,0,0,0,0,0,0,0
7646,VEGA RUBY FLAT HAIR STRAIGHTNER VHSH-08,1999,1,0,0,0,0,0,0,0,0,0,0,0,0,1
7647,VEGA GALAXY HAIR DRYER VHDH 05,749,0,0,0,0,0,0,0,0,0,0,0,0,0,0
7648,VEGA HAIR DRYER V-08,899,0,0,0,0,0,0,0,0,0,0,0,0,0,0
7649,NAPHTHALENE BALLS 100GM,40,0,0,0,0,0,0,0,0,0,0,0,0,0,0
7651,JABSONS PUNJIRI LADDU WITH DRY FRUITS 400GM,200,0,0,0,0,0,0,0,0,0,0,0,0,0,0
7652,VERKA PIO MILK BUTTER SCOTCH FLAVOURED 200ML,25,3,0,0,0,0,0,0,0,0,0,0,0,0,3
7653,FUN FOODS BARBECUE SAUSE 300GM,85,0,0,0,0,0,0,0,0,0,0,0,0,0,0
7654,FUN FOODS HONEY MUSTARD SALAD DRESSING 250GM,99,0,0,0,0,0,0,0,0,0,0,0,0,0,0
7657,KISSAN MIXED FRUIT SQUASH 700ML,140,0,0,0,0,0,0,0,0,0,0,0,0,0,0
7658,BROOKE BOND TAAZA 75GM,23,0,0,0,0,0,0,0,0,0,0,0,0,0,0
7660,AMUL ICE CREAM CHOCO CHIPS 100ML,25,0,0,0,0,0,0,0,0,0,0,0,0,0,0
7665,TRUE MILK YELLOW 1LTR,52,-4,0,6,0,1,0,0,0,0,0,0,0,0,1
7666,DERMI COOL TALCUM LAVENDER 90GM,55,0,0,0,0,0,0,0,0,0,0,0,0,0,0
7667,AIR WICK GEL LEMON GARDEN 50GM,65,-2,0,0,0,0,0,0,0,0,0,0,0,0,-2
7672,GARNIER FRUCTIS HAIR OIL GOODBYE DAMAGE 100ML,75,0,0,0,0,0,0,0,0,0,0,0,0,0,0
7674,EKO PURE CAR BOX,61,0,0,0,0,0,0,0,0,0,0,0,0,0,0
7682,ALPENLIEBE CANDY POUCH 460GM,100,0,0,0,0,0,0,0,0,0,0,0,0,0,0
7683,ALPENLIEBE RICH MILKY CARAMEL TOFFEE,3,0,0,0,0,0,0,0,0,0,0,0,0,0,0
7684,GLUMAN SMART HANGERS SET OF 6,180,0,0,0,0,0,0,0,0,0,0,0,0,0,0
7685,CLASSIC RENUKA CLOTH HANGER PACK OF 6,170,2,0,0,0,0,0,0,0,0,0,0,0,0,2
7686,DUST PAN,44,0,0,0,0,0,0,0,0,0,0,0,0,0,0
7687,PEARS SOAP OIL CLEAR & GLOW 75GM,38,2,0,0,0,0,0,0,0,0,0,0,0,0,2
7688,AMUL KOOL BADAM DRINK 200ML,20,0,0,0,0,0,0,0,0,0,0,0,0,0,0
7689,PARACHUTE ADVANSED AYURVEDIC GOLD HAIR OIL 50ML,49,0,0,0,0,0,0,0,0,0,0,0,0,0,0
7691,DEL MONTE PINEAPPLE SLICE 836GM,190,1,0,0,0,0,0,0,0,0,0,0,0,0,1
7692,MOTHER DAIRY ICE CREAM VANILLA 1.250ML,150,0,0,0,0,0,0,0,0,0,0,0,0,0,0
7695,JABSONS SATTOO CHANA 200GM,45,0,0,0,0,0,0,0,0,0,0,0,0,0,0
7698,LAKME FACEWASH CLEAN UP NOURISHING GLOW STRAWBERRY 25GM,40,0,0,0,0,0,0,0,0,0,0,0,0,0,0
7699,PONDS SCRUB TAN REMOVAL 100GM,175,0,0,0,0,0,0,0,0,0,0,0,0,0,0
7701,VASELINE TOTAL MOISTURE ALOE FRESH LOTION 200ML,150,0,0,0,0,0,0,0,0,0,0,0,0,0,0
7703,VASELINE INTENSIVE CARE RESTORE DRY SKIN 40ML,40,3,0,0,0,0,0,0,0,0,0,0,0,0,3
7704,TRUE MILK GREEN 1LTR,62,3,0,6,0,3,0,0,0,0,0,0,0,0,6
7705,PEPSI BOTTLE 750ML,35,18,0,0,0,0,0,0,0,0,0,0,0,0,18
7706,VEGA HAIR BRUSH RS.390,390,0,0,0,0,0,0,0,0,0,0,0,0,0,0
7707,VEGA HAIR BRUSH RS.225,225,3,0,0,0,0,0,0,0,0,0,0,0,0,3
7708,BROOKE BOND RED LABEL NATURAL CARE TEA 500GM,240,1,0,0,0,0,0,0,0,0,0,0,0,0,1
7712,HALDIRAMS BAKED BITE NAMKEEN 200GM,45,0,0,0,0,0,0,0,0,0,0,0,0,0,0
7714,NESTLE MUNCH POUCH 151GM,80,0,0,0,0,0,0,0,0,0,0,0,0,0,0
7716,TIKKI 200GM,35,0,0,0,0,0,0,0,0,0,0,0,0,0,0
7717,KUTU ATTA 200GM,36,0,0,0,0,0,0,0,0,0,0,0,0,0,0
7723,PARACHUTE ADV SUMMER FRESH LOTION 400ML,200,0,0,0,0,0,0,0,0,0,0,0,0,0,0
7724,BAKING SODA 100GM,15,0,0,0,0,0,0,0,0,0,0,0,0,0,0
7728,RIN BAR 4X250GM,64,6,0,0,0,0,0,0,0,0,0,0,0,0,6
7734,ARAMUSK TRIPACK SOAP 3X125GM,90,0,0,0,0,0,0,0,0,0,0,0,0,0,0
7735,SENSODYNE REPAIR & PROTECT 40GM,80,0,0,0,0,0,0,0,0,0,0,0,0,0,0
7736,SENSODYNE REPAIR & PROTECT 80GM,155,3,0,0,0,0,0,0,0,0,0,0,0,0,3
7737,NIVEA SOFT LIGHT MOISTURISER 25ML,36,3,0,0,0,0,0,0,0,0,0,0,0,0,3
7744,CREMICA CRISP N LITE AJWAIN CRACKER BISCUITS 150GM,20,0,0,0,0,0,0,0,0,0,0,0,0,0,0
7749,NYCIL LAVENDER 150GM,82,0,0,0,0,0,0,0,0,0,0,0,0,0,0
7751,PRIL DISH BAR PERFECT 400GM,30,0,0,0,0,0,0,0,0,0,0,0,0,0,0
7757,GLUCON-D MANGO 75+50GM,35,2,0,0,0,0,0,0,0,0,0,0,0,0,2
7758,SURF EXCEL BAR 400GM,48,0,0,0,0,0,0,0,0,0,0,0,0,0,0
7760,CARDMOM 10GM,17,0,0,0,0,0,0,0,0,0,0,0,0,0,0
7762,PEPPER,42,0,0,0,0,0,0,0,0,0,0,0,0,0,0
7764,TOPS KHATTA MEETHA PICKLE 400GM,90,0,0,0,0,0,0,0,0,0,0,0,0,0,0
7765,TOPS VINEGAR BROWN 430ML,32,0,0,0,0,0,0,0,0,0,0,0,0,0,0
7766,TOPS TANGY LIME PICKLE 400GM,90,0,0,0,0,0,0,0,0,0,0,0,0,0,0
7767,TOPS MIXED FRUIT JAM 500GM,120,0,0,0,0,0,0,0,0,0,0,0,0,0,0
7768,NIVEA DEO FRESH NATURAL MIST 150ML,190,0,0,0,0,0,0,0,0,0,0,0,0,0,0
7769,DERMI COOL TALCUM LAVENDER 50G,32,0,0,0,0,0,0,0,0,0,0,0,0,0,0
7770,DERMI COOL TALCUM SANDAL 150GM,90,1,0,0,0,0,0,0,0,0,0,0,0,0,1
7771,DERMI COOL SOAP COOLING PROTECTION 100GM,23,0,0,0,0,0,0,0,0,0,0,0,0,0,0
7772,DERMI COOL TALCUM REGULAR 150GM,99,1,0,0,0,0,0,0,0,0,0,0,0,0,1
7773,PEPSI MY CAN 250ML,25,36,0,0,0,0,0,0,0,0,0,0,0,0,36
7776,AMUL ICE CREAM DOUBLE SUNDAE KESAR BADAM 1LTR,170,0,0,0,0,0,0,0,0,0,0,0,0,0,0
7782,BLUE STRATOS LATHER SHAVING CREAM 70GM,60,0,0,0,0,0,0,0,0,0,0,0,0,0,0
7783,PRIL LIQUID DISHWASH KRAFT GEL 225ML,55,3,0,0,0,0,0,0,0,0,0,0,0,0,3
7785,LIPTON GREEN TEA LEMON ZEST 10BAGS,60,1,0,0,0,0,0,0,0,0,0,0,0,0,1
7789,SLICE BOTTLE 600ML,35,1,0,24,0,0,0,0,0,0,0,0,0,0,25
7790,CAKE TREE CROSSIANT IN BOX,65,2,0,0,0,0,0,0,0,0,0,0,0,0,2
7792,CAKE TREE PANEER FOOT LONG,50,0,0,0,0,0,0,0,0,0,0,0,0,0,0
7793,CAKE TREE SANDWICH VEG 3 SLICE,35,10,0,8,0,3,0,0,0,0,0,0,0,0,15
7794,CAKE TREE SANDWICH CHICKEN 3 SLICES,50,7,0,4,2,0,0,0,0,0,0,0,0,0,9
7796,CAKE TREE CHOCOLATE BROWNIE,40,-18,0,0,0,0,0,0,0,0,0,0,0,0,-18
7798,CAKE TREE VEG FOCACCIA,45,0,0,0,0,0,0,0,0,0,0,0,0,0,0
7801,CAKE TREE CHICKEN FOCACCIA,55,1,0,4,0,1,0,0,0,0,0,0,0,0,4
7805,CAKE TREE MUFFINS,40,3,0,0,0,0,0,0,0,0,0,0,0,0,3
7806,CAKE TREE MULTI HOT DOG 5P,45,0,0,0,0,0,0,0,0,0,0,0,0,0,0
7808,WEETABIX ORIGINAL NATURAL WHOLEGRAIN WHEAT 215GM,175,0,0,0,0,0,0,0,0,0,0,0,0,0,0
7809,WEETABIX ORIGNAL 430GM,290,0,0,0,0,0,0,0,0,0,0,0,0,0,0
7810,WEETABIX MINIS 450GM,380,0,0,0,0,0,0,0,0,0,0,0,0,0,0
7811,WEETABIX FRUIT FIBRE 500GM,385,0,0,0,0,0,0,0,0,0,0,0,0,0,0
7815,PEANUT MIXTURE 500GM,94,0,0,0,0,0,0,0,0,0,0,0,0,0,0
7816,PEANUT LAL ROASTED 500GM,90,0,0,0,0,0,0,0,0,0,0,0,0,0,0
7819,DISCO PAPAD 150GM,45,0,0,0,0,0,0,0,0,0,0,0,0,0,0
7825,RIN POWDER 120GM,10,0,0,0,0,0,0,0,0,0,0,0,0,0,0
7826,SURF EXCEL DETERGENT LIQUID 1.50ML,190,0,0,0,0,0,0,0,0,0,0,0,0,0,0
7827,SURF EXCEL DETERGENT LIQUID 500ML,95,-1,0,0,0,0,0,0,0,0,0,0,0,0,-1
7828,RAMDEV KASURI METHI 25GM,25,27,0,0,0,0,0,0,0,0,0,0,0,0,27
7829,PIONEER BLACK FLOOR DEODORANT 450ML,32,25,0,0,0,0,0,0,0,0,0,0,0,0,25
7831,SCOTCH BRITE SCRUB 2 PAD,45,0,0,0,0,0,0,0,0,0,0,0,0,0,0
7836,GLADE TOUCH AND FRESH REFILL BATIK BAZAAR 12ML,75,0,0,0,0,0,0,0,0,0,0,0,0,0,0
7839,HARPIC POWER PLUS ALL IN 1 ORIGINAL 750ML,105,0,0,0,0,0,0,0,0,0,0,0,0,0,0
7842,PONDS WHITE BEAUTY FAIRNESS CREAM SPF15 35GM,145,0,0,0,0,0,0,0,0,0,0,0,0,0,0
7843,PEPSODENT TOOTH PASTE SENSITIVE 80GM,80,0,0,0,0,0,0,0,0,0,0,0,0,0,0
7845,LAURELS PAPER NAPKIN C.FOLD,40,0,0,0,0,0,0,0,0,0,0,0,0,0,0
7855,MOTHER DAIRY ICE CREAM CHILLZ CHOCO ALMOND 80ML,30,0,0,0,0,0,0,0,0,0,0,0,0,0,0
7859,BANANA CHIPS 200GM,65,0,0,0,0,0,0,0,0,0,0,0,0,0,0
7861,PREMIER ETIQUETTE DINNER SERUIETTES NAPKIN 20 PCS,75,0,0,0,0,0,0,0,0,0,0,0,0,0,0
7862,PREMIER ETIQUETTE LUCHEON SERVIETTES NAPKIN 20 PCS,65,0,0,0,0,0,0,0,0,0,0,0,0,0,0
7863,PREMIER COCKTAIL NAPKIN,45,0,0,0,0,0,0,0,0,0,0,0,0,0,0
7864,PREMIER CAR BOX 200 P,90,0,0,0,0,0,0,0,0,0,0,0,0,0,0
7865,PREMIER KITCHEN TOWEL SINGLE 2PLY,65,0,0,0,0,0,0,0,0,0,0,0,0,0,0
7866,PREMIER KITCHEN TOWEL 2 IN 1,110,0,0,0,0,0,0,0,0,0,0,0,0,0,0
7867,PREMIER CLING FILM 30METERS,70,0,0,0,0,0,0,0,0,0,0,0,0,0,0
7874,HALDIRAMS RAJMA WITH JEERA RICE 375GM,100,0,0,0,0,0,0,0,0,0,0,0,0,0,0
7875,HALDIRAMS SHAHI PANEER WITH PLAIN RICE 375GM,125,0,0,0,0,0,0,0,0,0,0,0,0,0,0
7876,HALDIRAMS KADHI PAKODA WITH JEERA RICE 375GM,100,0,0,0,0,0,0,0,0,0,0,0,0,0,0
7878,HALDIRAMS YELLOW DAL WITH PLAIN RICE 375GM,100,0,0,0,0,0,0,0,0,0,0,0,0,0,0
7883,CHERRY FRUITS,150,0,0,0,0,0,0,0,0,0,0,0,0,0,0
7891,HAPPYDENT WHITE GREEN MINT FLAVOUR 27.5GM,40,0,0,0,0,0,0,0,0,0,0,0,0,0,0
7893,BIG BABOL GUM,1,0,0,0,0,0,0,0,0,0,0,0,0,0,0
7894,SUNFEAST YIPPEE TRICOLOR PASTA CREAMY CORN 70GM,25,0,0,0,0,0,0,0,0,0,0,0,0,0,0
7895,SOLAR ICING SUGAR 500GM,72,0,0,0,0,0,0,0,0,0,0,0,0,0,0
7897,NESTLE CERELAC MULTI GRAIN DAL VEG IRON FORTIFIED STAGE4 300GM,230,1,0,0,0,0,0,0,0,0,0,0,0,0,1
7898,NESTEA ICE TEA LEMON 1KG,220,0,0,0,0,0,0,0,0,0,0,0,0,0,0
7904,MONGINIS SWISS ROLL STRAWBERRY CAKE 40GM,10,61,0,0,0,0,0,0,0,0,0,0,0,0,61
7922,WIPRO SMARTLITE 5W,150,0,0,0,0,0,0,0,0,0,0,0,0,0,0
7923,WIPRO SMARTLITE 8W,160,0,0,0,0,0,0,0,0,0,0,0,0,0,0
7924,ALLOUT ULTRA REFFIL 2X45ML + HEATER,144,2,0,0,0,0,0,0,0,0,0,0,0,0,2
7925,MORTEIN DENGUE & MALARIA REFILL 45N,69,0,0,0,0,0,0,0,0,0,0,0,0,0,0
7926,CREMICA CRISP N LITE AJWAIN CRACKER BISCUIT 90GM,10,0,0,0,0,0,0,0,0,0,0,0,0,0,0
7927,HALDIRAMS THANDAI KESARI 1KG,280,0,0,0,0,0,0,0,0,0,0,0,0,0,0
7928,HALDIRAMS BADAM KESARI 1KG,260,0,0,0,0,0,0,0,0,0,0,0,0,0,0
7929,HALDIRAMS ROSE SYRUP 1KG,150,0,0,0,0,0,0,0,0,0,0,0,0,0,0
7931,COLGATE TOOTH PASTE VISIBLE WHITE 50GM,51,0,0,0,0,0,0,0,0,0,0,0,0,0,0
7932,COLGATE TOOTH PASTE VISIBLE WHITE 100GM,88,0,0,0,0,0,0,0,0,0,0,0,0,0,0
7934,LOREAL SMOOTH INTENSE SERUM UNMANAGEABLE DRY HAIR 100ML,265,0,0,0,0,0,0,0,0,0,0,0,0,0,0
7935,LOREAL TOTAL REPAIR 5 NOURISHING OIL SERUM 80ML,230,1,0,0,0,0,0,0,0,0,0,0,0,0,1
7937,ACT II BUTTER FLAVOUR 99GM,67,9,0,0,0,0,0,0,0,0,0,0,0,0,9
7938,CAKE TREE PANEER FOCACCIA,50,1,0,0,2,0,0,0,0,0,0,0,0,0,-1
7944,GARDEN DIET BHEL MUMBAI SPECIAL 150GM,45,2,0,0,0,0,0,0,0,0,0,0,0,0,2
7945,NAVNEET FUN GRIPRITE PENCILS,50,1,0,0,0,0,0,0,0,0,0,0,0,0,1
7946,NAVNEET REGISTER 360PAGES,190,0,0,0,0,0,0,0,0,0,0,0,0,0,0
7947,NAVNEET MY LONG BOOK SINGLE LINE 172 PAGES,45,0,0,0,0,0,0,0,0,0,0,0,0,0,0
7948,NAVNEET MY LONG BOOK A4 SIZE SOFT BOND 224 PAGES,85,1,0,0,0,0,0,0,0,0,0,0,0,0,1
7949,NAVNEET SPIRAL 240 PAGES,100,0,0,0,0,0,0,0,0,0,0,0,0,0,0
7951,GUM 5/-,5,7,0,0,0,0,0,0,0,0,0,0,0,0,7
7954,AMUL CHEESE SPREAD TROPICAL FRUIT 200GM,78,0,0,0,0,0,0,0,0,0,0,0,0,0,0
7955,GILLETTE FUSION PROGLIDE 8CATRIDGES,1690,2,0,0,0,0,0,0,0,0,0,0,0,0,2
7956,GILLETTE PRESTO SATA SAT 5P,115,0,0,0,0,0,0,0,0,0,0,0,0,0,0
7958,OLAY CLARITY FRESH CLEANSER 100GM,140,0,0,0,0,0,0,0,0,0,0,0,0,0,0
7961,OLAY REGENERIST CREAM CLEANSER 100GM,399,0,0,0,0,0,0,0,0,0,0,0,0,0,0
7962,GILLETTE MACH3 RAZOR,160,0,0,0,0,0,0,0,0,0,0,0,0,0,0
7963,GILLETTE  FUSION 2CARTRIDGES 5+1BLADE,430,0,0,0,0,0,0,0,0,0,0,0,0,0,0
7965,TIDE LIQUID DETERGENT 1.47LTR,605,0,0,0,0,0,0,0,0,0,0,0,0,0,0
7966,MORTEIN CIK/FIK,82,0,0,0,0,0,0,0,0,0,0,0,0,0,0
7969,MORTEIN ALL INSECT KILLER INSTA 600ML,249,0,0,0,0,0,0,0,0,0,0,0,0,0,0
7970,MORTEIN INSTA TULSI  REFILL35ML,72,9,0,0,0,0,0,0,0,0,0,0,0,0,9
7975,CLOTH CLIPS OSWAL PACK OF12,43,0,0,0,0,0,0,0,0,0,0,0,0,0,0
7976,CAKE TREE WALNUT PAI,85,0,0,0,0,0,0,0,0,0,0,0,0,0,0
7977,DRUK GUAVA JELLY 500GM,110,1,0,0,0,0,0,0,0,0,0,0,0,0,1
7980,AMUL ICE CREAM CHOCO CHIPS TUB 1LTR,190,0,0,0,0,0,0,0,0,0,0,0,0,0,0
7982,AMUL ICE CREAM CHOCOLATE MAGIC SUNDAE 1LTR,160,1,0,0,0,0,0,0,0,0,0,0,0,0,1
7986,LOREAL SHAMPOO ANTI HAIR FALL REPAIR 640ML,309,0,0,0,0,0,0,0,0,0,0,0,0,0,0
7987,GARNIER WHITE COMPLETE MULTI ACTION FAIRNESS CREAM NIGHT 40GM,195,0,0,0,0,0,0,0,0,0,0,0,0,0,0
7989,BASIC AYURVEDA ALOE VERA JUICE SUGAR FREE 500ML,177,0,0,0,0,0,0,0,0,0,0,0,0,0,0
7991,DAAWAT BROWN BASMATI JAR1KG,160,0,0,0,0,0,0,0,0,0,0,0,0,0,0
7992,SMITH & JONES GINGER /GARLIC PASTE 250GM,49,0,0,0,0,0,0,0,0,0,0,0,0,0,0
7993,MOTHER DAIRY DAHI 200GM,20,18,0,0,0,5,0,0,0,0,0,0,0,0,13
7994,MOTHER DAIRY ICE CREAM HAZELNUT FANTASY TUB 1LTR,280,0,0,0,0,0,0,0,0,0,0,0,0,0,0
7995,PARK AVENUE DEO ECLECTIC 100GM,199,0,0,0,0,0,0,0,0,0,0,0,0,0,0
7998,NAVNEET THE ORIGINAL LONG BOOK 172PAGES,60,0,0,0,0,0,0,0,0,0,0,0,0,0,0
7999,ORGANIC TAR,43,0,0,0,0,0,0,0,0,0,0,0,0,0,0
8000,LAKME KAJAL EYECONIC BLACK 0.35G,210,0,0,0,0,0,0,0,0,0,0,0,0,0,0
8001,FA DEO PINK PASSON 125ML,130,0,0,0,0,0,0,0,0,0,0,0,0,0,0
8002,HARPIC HYGIENIC TOILET RIM BLOBK CITRUS 26GM,60,0,0,0,0,0,0,0,0,0,0,0,0,0,0
8003,MEDIMIX SOAP CLASSIC  75GM,23,0,0,0,0,0,0,0,0,0,0,0,0,0,0
8004,RAYMOND AFTER SHAVE BALM 100ML,249,0,0,0,0,0,0,0,0,0,0,0,0,0,0
8005,FAIREVER FAIRNESS CREME 50GM,82,0,0,0,0,0,0,0,0,0,0,0,0,0,0
8006,ALLOUT FLYING INSECT KILLER 250ML,72,0,0,0,0,0,0,0,0,0,0,0,0,0,0
8009,TOP RAMEM ATTA NOODLES WITH5VEGGIES 70GM,15,16,0,0,0,0,0,0,0,0,0,0,0,0,16
8014,HIMALAYA TOOTH PASTE COMPLETE CARE 2X150GM,139,0,0,0,0,0,0,0,0,0,0,0,0,0,0
8015,HIMALAYA PROTEIN HAIR CREAM 175ML,100,0,0,0,0,0,0,0,0,0,0,0,0,0,0
8016,REAL ACT COCONUT WATER 200ML,40,0,0,0,0,0,0,0,0,0,0,0,0,0,0
8017,HIMALAYA CONDITIONER ANTI-DANDRUFF 100ML,90,1,0,0,0,0,0,0,0,0,0,0,0,0,1
8020,GILLETTE GUARD CATRIDGES 3S,30,15,0,0,0,0,0,0,0,0,0,0,0,0,15
8023,AMUL LASSI 1LTR,65,1,0,0,0,0,0,0,0,0,0,0,0,0,1
8025,TOMATO KETCHUP  1,1,0,0,0,0,0,0,0,0,0,0,0,0,0,0
8026,VIM DISHWASH POWER OF 100 LEMONS 750ML,155,4,0,0,0,0,0,0,0,0,0,0,0,0,4
8029,NIVEA DEO PROECT & CARE ROLL ON 50ML,185,0,0,0,0,0,0,0,0,0,0,0,0,0,0
8030,NIVEA SOFT LIGHT MOISTURISER 300ML,299,1,0,0,0,0,0,0,0,0,0,0,0,0,1
8036,GILLETTE ENDURANCE COOL WAVE CLEAN GEL 113GM,209,0,0,0,0,0,0,0,0,0,0,0,0,0,0
8042,BRITANNIA CHEESE PIZZA 400GM,260,0,0,0,0,0,0,0,0,0,0,0,0,0,0
8048,ORGANIC NATION GREEN TEA 25BAGS,130,0,0,0,0,0,0,0,0,0,0,0,0,0,0
8049,ORG NATION TULSI TEA 25 BAG,130,0,0,0,0,0,0,0,0,0,0,0,0,0,0
8058,GOWARDHAN CHEESE SPREAD SOFT & CREAMY OLIVE & HERBS 200GM,89,0,0,0,0,0,0,0,0,0,0,0,0,0,0
8059,JOHNSONS BABY POWDER 50GM,34,1,0,0,0,0,0,0,0,0,0,0,0,0,1
8070,REAL JUICE POMEGRANATE 1LTR,109,1,0,0,0,1,0,0,0,0,0,0,0,0,0
8071,FAIR & LOVELY MEN EXPT MEN FACEWASH 50GM,70,0,0,0,0,0,0,0,0,0,0,0,0,0,0
8072,FAIR & LOVELY ADVANCED FACEWASH ADMULTI VITAMIN 100GM,110,0,0,0,0,0,0,0,0,0,0,0,0,0,0
8073,FAIR & LOVELY MVTM PUMP TUBE 80GM,140,0,0,0,0,0,0,0,0,0,0,0,0,0,0
8074,FAIR & LOVELY ADVANCED MULTI VITAMIN SPF15 PUMP TUBE 50GM,108,2,0,0,0,0,0,0,0,0,0,0,0,0,2
8075,LAKME FACEWASH CLEAN UP NOURISHING GLOW STRAWBERRY 100GM,175,0,0,0,0,0,0,0,0,0,0,0,0,0,0
8083,CRYSTAL STAINLESS STEEL KNIFE (701),430,0,0,0,0,0,0,0,0,0,0,0,0,0,0
8084,CRYSTAL STAINLESS STEEL KNIFE (403),350,0,0,0,0,0,0,0,0,0,0,0,0,0,0
8085,CRYSTAL STAINLESS STEEL KNIFE(402),290,0,0,0,0,0,0,0,0,0,0,0,0,0,0
8087,MOTHER DAIRY ICE CREAM CONE CHOC MOCHA 100ML,40,0,0,0,0,0,0,0,0,0,0,0,0,0,0
8092,RASNA PINEAPPLE 5GM,2,0,0,0,0,0,0,0,0,0,0,0,0,0,0
8093,HIMALAYA TOOTH PASTE SENSITIVE 40GM,40,0,0,0,0,0,0,0,0,0,0,0,0,0,0
8095,AMUL ICE CREAM SANTRA MANTRA TUB 1LTR,150,0,0,0,0,0,0,0,0,0,0,0,0,0,0
8097,EXPRESS FOODS WHITE OATS QUICK COOKING JAR 800GM,175,0,0,0,0,0,0,0,0,0,0,0,0,0,0
8098,MAAZA BOTTLE 1.75LTR,90,12,0,0,0,1,0,0,0,0,0,0,0,0,11
8100,DOVE SOAP CREAM BEAUTY BATHING BAR 4X75GM,121,0,0,0,0,0,0,0,0,0,0,0,0,0,0
8101,VIM POWER OF 100 LEMONS POUCH 500ML,99,0,0,0,0,0,0,0,0,0,0,0,0,0,0
8102,VIM DOUBLE POWER CONCERNTRATED GEL LEMONS 500ML,110,0,0,0,0,0,0,0,0,0,0,0,0,0,0
8103,MOTHER DAIRY BUTTER 100GM,46,-1,0,0,0,0,0,0,0,0,0,0,0,0,-1
8105,PREMIUM TALC SANDAL COMBI 300GM,150,0,0,0,0,0,0,0,0,0,0,0,0,0,0
8106,NAVRATAN COOL TALC ACTIVE DEO MINT COMPHOR 50GM,35,0,0,0,0,0,0,0,0,0,0,0,0,0,0
8107,ORAL-B TOOTH BRUSH PRO HEALTH GUM CARE MEDIUM  2NOS,126,0,0,0,0,0,0,0,0,0,0,0,0,0,0
8111,REAL THAI RICE PAPER 100GM,145,0,0,0,0,0,0,0,0,0,0,0,0,0,0
8113,REAL THAI SESAME HOT SAUCE 200ML,175,0,0,0,0,0,0,0,0,0,0,0,0,0,0
8114,REAL THAI SWEET & SOUR TAMARIND WOK SANCE 150ML,215,0,0,0,0,0,0,0,0,0,0,0,0,0,0
8115,REAL THAI LEMONGROS WOK SAUSE 150ML,195,2,0,0,0,0,0,0,0,0,0,0,0,0,2
8116,REAL THAI FISH SAUCE 200ML,175,2,0,0,0,0,0,0,0,0,0,0,0,0,2
8117,REAL THAI SPRING ROLL SAUCE 200ML,175,0,0,0,0,0,0,0,0,0,0,0,0,0,0
8121,FAIR & LOVELY ADVANCED MULTI VITAMIN SPF15PUMP TUBE 80GM,149,4,0,0,0,1,0,0,0,0,0,0,0,0,3
8122,VASELINE HEALTHY WHITE LIGHTENING LOTION 100ML,99,3,0,0,0,0,0,0,0,0,0,0,0,0,3
8123,VASELINE ALOE FRESH LOTION 200ML,195,1,0,0,0,0,0,0,0,0,0,0,0,0,1
8124,PONDS WHITE BEAUTY DAILY SPOTLESS LIGHTENING CREAM 20GM,72,0,0,0,0,0,0,0,0,0,0,0,0,0,0
8125,LAKME CLEANUP FACIAL FOAM FACEWASH 100GM,160,0,0,0,0,0,0,0,0,0,0,0,0,0,0
8126,HIMALAYA CLEAR COMPLEXION WHITENING FACE SCRUB 50GM,75,0,0,0,0,0,0,0,0,0,0,0,0,0,0
8127,HIMALAYA FACEWASH CLEAR COMPLEXION WHITENING 100ML,135,1,0,0,0,0,0,0,0,0,0,0,0,0,1
8128,LAKME FRUIT MOISTURE PEACH MILK MOISTURISER 120ML,185,0,0,0,0,0,0,0,0,0,0,0,0,0,0
8130,SMITH & JONES GARLIC PASTE POUCH 200GM,40,0,0,0,0,0,0,0,0,0,0,0,0,0,0
8131,PARLE HIDE&SEEK CHOCOLATE CHIP COOKIES 199GM,40,0,0,0,0,0,0,0,0,0,0,0,0,0,0
8134,SUPREME FLOOR WIPES,135,0,0,0,0,0,0,0,0,0,0,0,0,0,0
8135,SECURA FLOOR WIPES,160,0,0,0,0,0,0,0,0,0,0,0,0,0,0
8140,JOHNSONS BAND-AID WASHPROOF 10S,25,7,0,0,0,0,0,0,0,0,0,0,0,0,7
8141,JOHNSONS BAND-AID FLEXI 10S,20,6,0,0,0,0,0,0,0,0,0,0,0,0,6
8143,RITE BITE SUGARLESS APPLE CINNAMON 27GM,25,0,0,0,0,0,0,0,0,0,0,0,0,0,0
8144,PARODONTAX TOOTH PASTE DAILY FLUORIDE 80GM,100,0,0,0,0,0,0,0,0,0,0,0,0,0,0
8147,GARNIER FACEWASH GENTLE SOOTHING ORANGE 100ML,100,0,0,0,0,0,0,0,0,0,0,0,0,0,0
8148,GARNIER FACEWASH WHITE COMPLETE PURE LEMON 50ML,63,0,0,0,0,0,0,0,0,0,0,0,0,0,0
8149,GARNIER FACEWASH WHITE COMPLETE PURE LEMON 100ML,160,0,0,0,0,0,0,0,0,0,0,0,0,0,0
8150,GARNIER FRUCTIS CONDITIONER NORMAL 175ML,150,0,0,0,0,0,0,0,0,0,0,0,0,0,0
8151,GARNIER FACEWASH PURE ACTIVE NEEM 100GM,75,0,0,0,0,0,0,0,0,0,0,0,0,0,0
8152,ORGANIC NATION GREEN TEA 25 TEA BAGS,140,4,0,0,0,0,0,0,0,0,0,0,0,0,4
8154,KEO KARPIN BODY OIL 300ML,115,0,0,0,0,0,0,0,0,0,0,0,0,0,0
8155,MENTOS MINT STIK,5,0,0,0,0,0,0,0,0,0,0,0,0,0,0
8156,DABUR TRIPHALA CHURNA 120GM,47,2,0,0,0,0,0,0,0,0,0,0,0,0,2
8157,DABUR HINGWASHTAK CHURNA 60GM,90,0,0,0,0,0,0,0,0,0,0,0,0,0,0
8158,DABUR LAVANBHASKAR CHURNA 60GM,47,1,0,0,0,0,0,0,0,0,0,0,0,0,1
8159,HAMDARD SAFI 100ML,55,2,0,0,0,0,0,0,0,0,0,0,0,0,2
8160,HAMDARD SAFI 200ML,95,1,0,0,0,0,0,0,0,0,0,0,0,0,1
8161,SUALIN COUGH & COLD 50 N BOTTLE,65,5,0,0,0,1,0,0,0,0,0,0,0,0,4
8162,DABUR SHILAJIT 30 CAP,175,0,0,0,0,0,0,0,0,0,0,0,0,0,0
8163,DABUR SHILAJIT GOLD 20CAP,390,0,0,0,0,0,0,0,0,0,0,0,0,0,0
8164,SARDIJA COUGH & COLD CANDY,1,0,0,0,0,0,0,0,0,0,0,0,0,0,0
8165,BAGRRYS  MASALA OATS HOMESTYLE 300GM,99,0,0,0,0,0,0,0,0,0,0,0,0,0,0
8166,DRUK RED CHERRY 400GM,210,0,0,0,0,0,0,0,0,0,0,0,0,0,0
8168,MCVITIES DIGESTIVE SOURCE OF FIBRE 250GM,125,1,0,0,0,0,0,0,0,0,0,0,0,0,1
8169,MCVITIES DIGESTIVE LIGHT 250GM,130,2,0,0,0,0,0,0,0,0,0,0,0,0,2
8170,GILLETTE FUSION 5+1 RAZOR,350,2,0,0,0,0,0,0,0,0,0,0,0,0,2
8171,OLAY BODY WASH DAILY MOISTURE 400ML,269,0,0,0,0,0,0,0,0,0,0,0,0,0,0
8172,GARNIER FRUCTIS SHAMPOO GOODBYE DAMAGE 340ML+VEGA HAIR BRUSH,200,0,0,0,0,0,0,0,0,0,0,0,0,0,0
8173,LOREAL SHAMPOO SMOOTH INTENSE 175ML,150,0,0,0,0,0,0,0,0,0,0,0,0,0,0
8175,GARNIER DAILY CARE MOISTURISING LOTION 75ML,135,0,0,0,0,0,0,0,0,0,0,0,0,0,0
8178,JOHNSONS BABY TOP-TOE WASH 500ML,290,0,0,0,0,0,0,0,0,0,0,0,0,0,0
8179,JOHNSONS BABY LOTION 500ML,330,0,0,0,0,0,0,0,0,0,0,0,0,0,0
8181,DOVE MOISTURE INNER GLOW FOR SMOOTH & GLOWING SKIN 100GM,225,0,0,0,0,0,0,0,0,0,0,0,0,0,0
8183,LAKME FACEWASH BLUSH & GLOW GEL WITH STRAWBERRY EXTRACTS 50GM,99,0,0,0,0,0,0,0,0,0,0,0,0,0,0
8186,HORLICKS WOMENS CARAMEL 400GM,285,1,0,0,0,0,0,0,0,0,0,0,0,0,1
8187,NIVEA DEO WHITENING FRUITY TOUCH 150ML,190,0,0,0,0,0,0,0,0,0,0,0,0,0,0
8188,NIVEA SUN MOISTURISING IMMEDIATE SPF 30 75ML,279,0,0,0,0,0,0,0,0,0,0,0,0,0,0
8189,VEGA HAIR BRUSH RS.175,175,0,0,0,0,0,0,0,0,0,0,0,0,0,0
8190,VEGA RUBBER G TWEEZER,99,0,0,0,0,0,0,0,0,0,0,0,0,0,0
8191,VEGA NAIL BRUSH RS.80,80,0,0,0,0,0,0,0,0,0,0,0,0,0,0
8192,REX JELLY 85GM,40,0,0,0,0,0,0,0,0,0,0,0,0,0,0
8198,MANNS FIELD FROZEN GREEN PEAS 1KG,160,0,0,0,0,0,0,0,0,0,0,0,0,0,0
8199,MANNS FEILD FROZEN GREEN PEAS 500G,95,0,0,0,0,0,0,0,0,0,0,0,0,0,0
8200,BRITANNIA CAKE VEG FRUITY FUN 75GM,20,0,0,0,0,0,0,0,0,0,0,0,0,0,0
8203,CLEAN & CLEAR FACEWASH 150G + FAIRNESS CREAM 20GM,198,0,0,0,0,0,0,0,0,0,0,0,0,0,0
8204,NUTRALITE YUMMY SPREAD 100GM,15,0,0,0,0,0,0,0,0,0,0,0,0,0,0
8205,DENIM DEO 150ML,125,0,0,0,0,0,0,0,0,0,0,0,0,0,0
8207,YUMMIEZ CHICKEN KABAB PLATTY 600GM,340,0,0,0,0,0,0,0,0,0,0,0,0,0,0
8208,RITE BITE MAX PROTEIN CHOCO FUDGE 70GM,120,1,0,0,0,0,0,0,0,0,0,0,0,0,1
8209,DABUR SPECIAL HAIR OIL 100ML,47,0,0,0,0,0,0,0,0,0,0,0,0,0,0
8210,DABUR BABOOL TOOTH PASTE NEEM185GM,60,0,0,0,0,0,0,0,0,0,0,0,0,0,0
8211,PROMISE TOOTHPASTE 2X170GM,80,0,0,0,0,0,0,0,0,0,0,0,0,0,0
8212,DETTOL HAND WASH ORIGINAL LIQUID 900ML,192,0,0,0,0,0,0,0,0,0,0,0,0,0,0
8213,DABUR VATIKA SHAMPOO HEENA & OLIVE 340ML,200,0,0,0,0,0,0,0,0,0,0,0,0,0,0
8216,KIWI COTTON BUDS,30,0,0,0,0,0,0,0,0,0,0,0,0,0,0
8222,ORAL-B TOOTH PASTE PRO HEALTH 40GM,32,0,0,0,0,0,0,0,0,0,0,0,0,0,0
8223,ORAL-B TOOTH PASTE EXTRA FRESH MINT 140GM,84,0,0,0,0,0,0,0,0,0,0,0,0,0,0
8224,ORAL-B TOOTH PASTE HEALTHY 32 MINT 140GM,57,0,0,0,0,0,0,0,0,0,0,0,0,0,0
8225,ORAL-B TOOTH PASTE HEALTHY32 80GM,39,0,0,0,0,0,0,0,0,0,0,0,0,0,0
8226,ORAL-B TOOTH PASTE EXTRA FRESH COMBO 280GM,148,0,0,0,0,0,0,0,0,0,0,0,0,0,0
8227,ORAL-B TOOTH PASTE PRO-HEALTH 75GM,65,0,0,0,0,0,0,0,0,0,0,0,0,0,0
8228,ORAL-B TOOTH PASTE EXTRA FRESH GEL MINT 80GM,40,0,0,0,0,0,0,0,0,0,0,0,0,0,0
8230,AMUL LASSI TETRA 200ML,15,54,0,0,0,0,0,0,0,0,0,0,0,0,54
8232,HIMALAYA FAIRNESS CREAM 50GM,65,0,0,0,0,0,0,0,0,0,0,0,0,0,0
8233,HIMALAYA FAIRNESS CREAM 25GM,35,0,0,0,0,0,0,0,0,0,0,0,0,0,0
8234,HIMALAYA ANTISEPTIC CREAM 20GM,30,0,0,0,0,0,0,0,0,0,0,0,0,0,0
8236,HIMALAYA REVITALIZING  NIGHT CREAM 50GM,200,0,0,0,0,0,0,0,0,0,0,0,0,0,0
8237,HIMALAYA REVITALIZING NIGHT CREAM 25GM,110,0,0,0,0,0,0,0,0,0,0,0,0,0,0
8248,SHAKAR PARA 500GM,60,0,0,0,0,0,0,0,0,0,0,0,0,0,0
8249,DEVDARSHAN DHOOP 50GM,25,26,0,0,0,3,0,0,0,0,0,0,0,0,23
8252,ALPENLIEBE JUZT JELLY,1,0,0,0,0,0,0,0,0,0,0,0,0,0,0
8253,CLEAN & CLEAR FACEWASH MORNING ENERGY LEMON 100ML,130,1,0,0,0,0,0,0,0,0,0,0,0,0,1
8254,TOP RAMEN NOODLE 300GM,40,0,0,0,0,0,0,0,0,0,0,0,0,0,0
8256,VASELINE INTENSIVE CARE COCOA BUTTER 40ML,46,2,0,0,0,0,0,0,0,0,0,0,0,0,2
8257,VASELINE INTENSIVE CARE ADVANCED REPAIR 300ML,325,2,0,0,0,0,0,0,0,0,0,0,0,0,2
8258,VASELINE HEALTHY WHITE COMPLETE 10 100ML,150,3,0,0,0,1,0,0,0,0,0,0,0,0,2
8261,PEPSODENT TOOTH BRUSH RS.28,28,0,0,0,0,0,0,0,0,0,0,0,0,0,0
8262,PONDS FACEWASH PIMPLE CLEAR MULTI ACTION 50GM,80,0,0,0,0,0,0,0,0,0,0,0,0,0,0
8263,LAKME SUN EXPERT SPF 24 UV LOTION LIGHT FEEL 120ML,325,2,0,0,0,0,0,0,0,0,0,0,0,0,2
8264,PEPSODENT TOOTH BRUSH GUM CARE PACK OF 3,92,0,0,0,0,0,0,0,0,0,0,0,0,0,0
8265,REAL JUICE PEACH 1LTR,99,0,0,0,0,0,0,0,0,0,0,0,0,0,0
8266,FUN FOODS MANCHURIANN SAUCE 210GM,69,0,0,0,0,0,0,0,0,0,0,0,0,0,0
8267,FUN FOODS SCHEZWAN SAUCE 230GM,69,0,0,0,0,0,0,0,0,0,0,0,0,0,0
8268,FUN FOODS MILK SHAKE MIX BUTTERSCOTH FLAVOUR 200GM,75,0,0,0,0,0,0,0,0,0,0,0,0,0,0
8269,FUN FOODS EGGLESS BAKE MIX 11 CAKES 250GM,89,0,0,0,0,0,0,0,0,0,0,0,0,0,0
8270,PARK AVENUE TALC DOUBLE DEO 300GM,110,0,0,0,0,0,0,0,0,0,0,0,0,0,0
8271,MEDIMIX SOAP 18 HERB WITH NATURAL OIL CLASSIC 125GM,37,0,0,0,0,0,0,0,0,0,0,0,0,0,0
8272,COLGATE TOOTH BRUSH COMFORT SENSITIVE SOFT1NOS,35,0,0,0,0,0,0,0,0,0,0,0,0,0,0
8275,LACTO CALAMINE LOTION SKIN BALANCE HYDRATION 30ML,69,2,0,0,0,0,0,0,0,0,0,0,0,0,2
8276,LACTO CALAMINE LOTION SKIN BALANCE OIL CONTROL 120ML,183,4,0,0,0,0,0,0,0,0,0,0,0,0,4
8277,LACTO CALAMINE LOTION SKIN BALANCE HYDRATION 120ML,183,3,0,0,0,0,0,0,0,0,0,0,0,0,3
8279,FORTUNE BESAN 500GM,55,0,0,0,0,0,0,0,0,0,0,0,0,0,0
8280,PASSPASS MOUTH FRESNER,5,60,0,0,0,0,0,0,0,0,0,0,0,0,60
8281,TIC TAC MINT RS.10,10,0,0,0,0,0,0,0,0,0,0,0,0,0,0
8282,LOREAL FALL REPAIR 3X MASQUE 200GM,369,0,0,0,0,0,0,0,0,0,0,0,0,0,0
8283,GARNIER PURE ACTIVE PORE UNCLOGGING WASH 50GM,79,0,0,0,0,0,0,0,0,0,0,0,0,0,0
8284,OLAY TOTAL EFFECTS 7 IN 1 CREAM PLUS SERUM DUO 20GM,369,0,0,0,0,0,0,0,0,0,0,0,0,0,0
8286,DIVSS BISCUITS 12/-,10,0,0,0,0,0,0,0,0,0,0,0,0,0,0
8289,SHAGUN ENVELOP RS.65,65,0,0,0,0,0,0,0,0,0,0,0,0,0,0
8291,ORGANIC NATION CHILLY FLAKES 60GM,80,0,0,0,0,0,0,0,0,0,0,0,0,0,0
8299,NESTLE ALPINO CHOCOLATE 2*11GM,30,0,0,0,0,0,0,0,0,0,0,0,0,0,0
8306,ORGANIC NATION LEMON PICKLE 400GM,150,0,0,0,0,0,0,0,0,0,0,0,0,0,0
8314,FASHION JEWELRY  KEY RING,20,0,0,0,0,0,0,0,0,0,0,0,0,0,0
8315,BADGE,10,0,0,0,0,0,0,0,0,0,0,0,0,0,0
8328,GILLETTE FUSION POWER 2 CATRIDGES,540,1,0,0,0,0,0,0,0,0,0,0,0,0,1
8329,AMBI PURE LAVENDER SPA 2X7ML,358,0,0,0,0,0,0,0,0,0,0,0,0,0,0
8330,ORAL-B TOOTH PASTE EXTRA FRESH GEL MINT 35GM,17,0,0,0,0,0,0,0,0,0,0,0,0,0,0
8331,ORAL-B TOOTH BRUSH FOR KIDS,35,0,0,0,0,0,0,0,0,0,0,0,0,0,0
8332,WEIKFIELD CUSTARD PWDR JAR 100G,45,0,0,0,0,0,0,0,0,0,0,0,0,0,0
8333,WEIKFIELD CUSTARD PWDR JAR 500G,145,0,0,0,0,0,0,0,0,0,0,0,0,0,0
8334,WEIKFIELD FREEZE MIX MANGO 100GM,45,0,0,0,0,0,0,0,0,0,0,0,0,0,0
8335,WEIKFIELD COCOA POWDER JAR 50GM,60,3,0,0,0,0,0,0,0,0,0,0,0,0,3
8336,WEIKFIELD COCOA POWDER JAR 200GM,140,2,0,0,0,0,0,0,0,0,0,0,0,0,2
8337,WEIKFIELD FREEZE ICECREAM MIX POWDER CHOCOLATE 100GM,50,1,0,0,0,0,0,0,0,0,0,0,0,0,1
8339,WEIKFIELD SWEET CHILLY SAUCE 400GM,75,0,0,0,0,0,0,0,0,0,0,0,0,0,0
8341,BASIC AYURVEDA TRIPHALA JUICE 500ML,140,0,0,0,0,0,0,0,0,0,0,0,0,0,0
8342,BASIC AYURVEDA TULSI JUICE 500ML,142,0,0,0,0,0,0,0,0,0,0,0,0,0,0
8343,BASIC AYURVEDA AYURH SYRUP 450ML,260,0,0,0,0,0,0,0,0,0,0,0,0,0,0
8346,MAGGI BHUNA MASALA GRAVY 65GM,34,11,0,0,0,0,0,0,0,0,0,0,0,0,11
8347,AMUL ICE CREAM FROSTIK 40ML,12,0,0,0,0,0,0,0,0,0,0,0,0,0,0
8348,SOLANO CANDY POUCH 150GM,50,0,0,0,0,0,0,0,0,0,0,0,0,0,0
8349,FEM DIAMOND BLEACH CREAME 10GM,42,0,0,0,0,0,0,0,0,0,0,0,0,0,0
8352,AMUL PRO CHOCOLATE FLAVOUR 200ML,22,0,0,0,0,0,0,0,0,0,0,0,0,0,0
8353,DETTOL KITCHEN LEMON FRESH GEL 750ML,180,0,0,0,0,0,0,0,0,0,0,0,0,0,0
8356,BRYLCREEM DANDRUFF PROTECT HAIR CREAM 75GM,80,1,0,0,0,0,0,0,0,0,0,0,0,0,1
8357,BRYLCREEM SHINE PROTECT HAIR GEL 75GM,80,0,0,0,0,0,0,0,0,0,0,0,0,0,0
8362,SPRAYMINTT MOUTH FRESHENER ELAICHILL 15GM,99,3,0,0,0,0,0,0,0,0,0,0,0,0,3
8363,REAL THAI COCONUT MILK LITE 400ML,130,8,0,0,0,0,0,0,0,0,0,0,0,0,8
8369,GOWARDHAN CHEESE SPREAD SMOKED PAPRIKA 200GM,79,0,0,0,0,0,0,0,0,0,0,0,0,0,0
8370,PASEO HYGIENIC SOFT AND NATURAL 50 SHEETS,80,0,0,0,0,0,0,0,0,0,0,0,0,0,0
8371,PASEO HYGIENIC SOFT AND NATURAL NAPKINS 50SHEETS,48,0,0,0,0,0,0,0,0,0,0,0,0,0,0
8372,AMUL KOOL CAFE  CLASSIC LATTE CAN 200ML,40,0,0,0,0,0,0,0,0,0,0,0,0,0,0
8373,CADBURY CELEBRATION RICH DRY FRUIT COLLECTION 177GM,400,0,0,0,0,0,0,0,0,0,0,0,0,0,0
8374,CADBURY CELEBRATION 177.8GM,160,0,0,0,0,0,0,0,0,0,0,0,0,0,0
8375,VICCO VAJRADANTI SUGAR FREE 100GM,77,0,0,0,0,0,0,0,0,0,0,0,0,0,0
8376,FOGG DEO ESSENCE 120ML,185,0,0,0,0,0,0,0,0,0,0,0,0,0,0
8378,PLATE DISPOSABLE,5,0,0,0,0,0,0,0,0,0,0,0,0,0,0
8380,HORLICKS BISCUIT 150GM,20,12,0,0,0,0,0,0,0,0,0,0,0,0,12
8381,TOOTH PICK RS.15,15,35,0,0,0,0,0,0,0,0,0,0,0,0,35
8382,AMUL ICE CREAM RAJBHOG 100ML,25,0,0,0,0,0,0,0,0,0,0,0,0,0,0
8383,AMUL CHEESE SLICE 5S 100GM,69,0,0,0,0,0,0,0,0,0,0,0,0,0,0
8384,EVERYUTH ULTRA MILD APRICOT SCRUB 50GM,65,0,0,0,0,0,0,0,0,0,0,0,0,0,0
8385,EVERYUTH CREAM FACEWASH MOISTURE BOOST 50GM,55,0,0,0,0,0,0,0,0,0,0,0,0,0,0
8386,SUGAR FREE NATURA 100 SACHETS,150,0,0,0,0,0,0,0,0,0,0,0,0,0,0
8387,TIC TAC STAWBERRY FIELDS,15,0,0,0,0,0,0,0,0,0,0,0,0,0,0
8398,BISCUITS 250GM,52,0,0,0,0,0,0,0,0,0,0,0,0,0,0
8402,NAMKEEN 500GM,75,0,0,0,0,0,0,0,0,0,0,0,0,0,0
8403,RUSK SUJI 500GM,55,0,0,0,0,0,0,0,0,0,0,0,0,0,0
8405,SABU DANA MIXTURE 400GM,85,0,0,0,0,0,0,0,0,0,0,0,0,0,0
8407,PAPAD DISCO 150GM,40,0,0,0,0,0,0,0,0,0,0,0,0,0,0
8409,BAGRRYS OATS SUJI RAVA 200GM,50,0,0,0,0,0,0,0,0,0,0,0,0,0,0
8411,MCCAIN ALOO TIKKI FRENCH FRIES SMILES COMBO PACK 1.235KG,205,0,0,0,0,0,0,0,0,0,0,0,0,0,0
8412,MCCAIN CHILLI GARLIC POTATO BITES 700GM,175,0,0,0,0,0,0,0,0,0,0,0,0,0,0
8415,VIVEL SOAP MIXED FRUIT 4X100GM,87,1,0,0,0,0,0,0,0,0,0,0,0,0,1
8418,MAGGI 2 MINUTE NOODLES MASALA DOUBLE PACK140GM,22,43,0,0,0,1,0,0,0,0,0,0,0,0,42
8421,EVA TALC EXOTIC ROSE SWEET 100GM,55,0,0,0,0,0,0,0,0,0,0,0,0,0,0
8423,RITE BITE SUGARLESS APPLE CINNAMON 6 X 27GM,138,0,0,0,0,0,0,0,0,0,0,0,0,0,0
8425,KELLOGGS SPECIAL K PROTEIN & FIBRE CRANBERRY FLAVOUR 445GM,199,1,0,0,0,0,0,0,0,0,0,0,0,0,1
8426,ODONIL NATURE AIR FRESHENER JASMINE MIST 100GM,58,0,0,0,0,0,0,0,0,0,0,0,0,0,0
8430,BASIC AYURVEDA MAHA TRIPHALA RAS SUGARFREE 500ML,170,0,0,0,0,0,0,0,0,0,0,0,0,0,0
8433,BASIC AYURVEDA ALOE AMLA MIX JUICE 500ML,142,0,0,0,0,0,0,0,0,0,0,0,0,0,0
8434,STICKERS SMILEY,22,0,0,0,0,0,0,0,0,0,0,0,0,0,0
8436,WHISPER ULTRA NIGHT XXXL WINGS 3PADS,78,10,0,0,0,0,0,0,0,0,0,0,0,0,10
8437,DURACELL 10 TIMES LONGER LASTING POWER AA,38,81,0,0,0,0,0,0,0,0,0,0,0,0,81
8442,HARPIC DISINFECTANT TOILET CLEANER FRESH PINE 650ML,80,0,0,0,0,0,0,0,0,0,0,0,0,0,0
8445,MAYBELLINE COLOSSAL KOHL KAJAL TURQUOISE 0.35GM,249,0,0,0,0,0,0,0,0,0,0,0,0,0,0
8446,GARNIER WHITE COMPLETE GENTLE EXFOLIATING SCRUB PURE LEMON 100GM,150,0,0,0,0,0,0,0,0,0,0,0,0,0,0
8447,RAKHI RS 50/-,50,0,0,0,0,0,0,0,0,0,0,0,0,0,0
8448,RAKHI RS 10/-,10,0,0,0,0,0,0,0,0,0,0,0,0,0,0
8451,RAKHI RS 40/-,40,0,0,0,0,0,0,0,0,0,0,0,0,0,0
8453,DOMEX ZERO STAIN 7X THICKER FORMULA 750ML,120,0,0,0,0,0,0,0,0,0,0,0,0,0,0
8458,UJALA SUPREME LIQUID 75ML,22,2,0,0,0,0,0,0,0,0,0,0,0,0,2
8460,HENKO STAIN CHAMPION POWDER 700GM,96,0,0,0,0,0,0,0,0,0,0,0,0,0,0
8463,MARGO SOAP ORIGINAL NEEM 100GM,24,0,0,0,0,0,0,0,0,0,0,0,0,0,0
8465,BRITANNIA TIGER KREEMZ CHOCO VANILLA 47GM,5,0,0,0,0,0,0,0,0,0,0,0,0,0,0
8466,ORGANIC NATION ASSAM DECAF TEA 25 TEA BAG,135,0,0,0,0,0,0,0,0,0,0,0,0,0,0
8467,VEGA FOOT SCRUBBER RS.80,80,2,0,0,0,0,0,0,0,0,0,0,0,0,2
8468,VEGA FOOT SCRUBBER RS.99,99,0,0,0,0,0,0,0,0,0,0,0,0,0,0
8470,POTATO CHIPS VARTWALA 250GM,60,0,0,0,0,0,0,0,0,0,0,0,0,0,0
8471,GUD PARA 500GM,75,0,0,0,0,0,0,0,0,0,0,0,0,0,0
8478,BISCUIT MINI 250GM,30,0,0,0,0,0,0,0,0,0,0,0,0,0,0
8479,BESAN PAKODA 250GM,48,0,0,0,0,0,0,0,0,0,0,0,0,0,0
8481,LASAN PAKAUDA 500GM,92,0,0,0,0,0,0,0,0,0,0,0,0,0,0
8482,PETHA 500GM,65,0,0,0,0,0,0,0,0,0,0,0,0,0,0
8492,VANISH LIQUID REMOVES STAINS 900ML,135,0,0,0,0,0,0,0,0,0,0,0,0,0,0
8501,FUN FOODS VEG MAYANNAISE EGGLESS 750GM,139,0,0,0,0,0,0,0,0,0,0,0,0,0,0
8506,CADBURY PERK GLUCOSE 30GM,10,0,0,0,0,0,0,0,0,0,0,0,0,0,0
8507,OREO BISCUIT ROAST ALMOND CREAM 60GM,15,0,0,0,0,0,0,0,0,0,0,0,0,0,0
8508,NIPPO HYPER LAKE PROOF 1.5V,16,5,0,0,0,0,0,0,0,0,0,0,0,0,5
8509,NIPPO DIGI ALKALINE 1.5V AA BATTERY,25,1,0,0,0,0,0,0,0,0,0,0,0,0,1
8510,CINTHOL SOAP ORIGINAL 4 X100GM,135,1,0,0,0,0,0,0,0,0,0,0,0,0,1
8511,DABUR MESWAK 300GM,137,0,0,0,0,0,0,0,0,0,0,0,0,0,0
8512,LOPCHU TEA ESTATE DARJEELING FLOWERY ORANGE PEKOE 250GM,320,5,0,0,0,0,0,0,0,0,0,0,0,0,5
8513,BHUIRA APRICOT JAM 500GM,250,1,0,0,0,0,0,0,0,0,0,0,0,0,1
8517,AMUL CHEESE CUBEE 200GM,108,0,0,0,0,0,0,0,0,0,0,0,0,0,0
8520,COMB RS.15,15,44,0,0,0,0,0,0,0,0,0,0,0,0,44
8524,TATA TEA ACTI GREEN GREEN TEA 50GM,40,0,0,0,0,0,0,0,0,0,0,0,0,0,0
8525,CORNITOS SALSA DIP,25,4,0,0,0,0,0,0,0,0,0,0,0,0,4
8526,CORNITOS NACHO CRISPS TIKKA MASALA 60GM,35,11,0,0,0,0,0,0,0,0,0,0,0,0,11
8528,MONGINIS MUFFINS VEG CHOCOLATE CAKE 25GM,5,63,0,0,0,0,0,0,0,0,0,0,0,0,63
8529,WHEEL ACTIVE 2IN1 CLEAN & FRESH 500GM,26,4,0,0,0,0,0,0,0,0,0,0,0,0,4
8531,PROMISE ANTI CAVITY TOOTH PASTE 2 X 170GM,72,0,0,0,0,0,0,0,0,0,0,0,0,0,0
8533,ODOPIC DISHWASH BAR PACK OF 3 300GM,61,0,0,0,0,0,0,0,0,0,0,0,0,0,0
8535,KELLOGGS CORN FLAKES REAL HONEY 630GM,270,5,0,0,0,0,0,0,0,0,0,0,0,0,5
8538,JOHNSONS COTTON BUDS 150STEMS,80,11,0,0,0,1,0,0,0,0,0,0,0,0,10
8539,ORAL-B TOOTH BRUSH ANTI-BACTERIAL PRO-HEALTH SOFT 1NOS,89,4,0,6,0,0,0,0,0,0,0,0,0,0,10
8540,LIA SAMTRUPTI  AGARBATHIES 30N,20,2,0,0,0,0,0,0,0,0,0,0,0,0,2
8541,MORTEIN NATURGARD MOSQUITE KILLER 625ML,249,0,0,0,0,0,0,0,0,0,0,0,0,0,0
8542,MORTEIN NATURGARD MOSQUITO KILLER 225ML,92,0,0,0,0,0,0,0,0,0,0,0,0,0,0
8549,MAPRO TOPPINGS BUTTERSCOTCH SYRUP 500ML,144,0,0,0,0,0,0,0,0,0,0,0,0,0,0
8558,CHINGS INSTANT SOUP SWEET CORN VEG 15GM,10,0,0,0,0,0,0,0,0,0,0,0,0,0,0
8561,LOREAL CASTING CREAM GLOSS 530 PRALINE BROWN,550,0,0,0,0,0,0,0,0,0,0,0,0,0,0
8562,GARNIER COLOR NATURALS MEN DARKEST BROWN 3 36ML,105,0,0,0,0,0,0,0,0,0,0,0,0,0,0
8563,GARNIER WHITE COMPLETE MULTI ACTION FAIRNESS CREA SPF17 18GM,85,0,0,0,0,0,0,0,0,0,0,0,0,0,0
8564,GARNIER WHITE COMPLETE MULTI ACTION FAIRNESS CREAM SUN PROTECTION 40GM,160,0,0,0,0,0,0,0,0,0,0,0,0,0,0
8565,DURACELL 9V1 ALKALINE BATTERY 2019,250,0,0,0,0,0,0,0,0,0,0,0,0,0,0
8566,DURACELL 9V BATTERY SET,280,0,0,0,0,0,0,0,0,0,0,0,0,0,0
8568,PEPSODENT TOOTH PASTE GERMI CHECK CAVITY PROTECTION 200GM,80,0,0,0,0,0,0,0,0,0,0,0,0,0,0
8569,PEPSODENT TOOTH PASTE 2IN1 150GM,94,5,0,0,0,0,0,0,0,0,0,0,0,0,5
8570,PEPSODENT TOOTH PASTE 2 IN 1 80GM,49,1,0,0,0,0,0,0,0,0,0,0,0,0,1
8573,PEPSODENT TOOTH PASTE WHITENING CAVITY PROTECTION 150GM,91,3,0,0,0,0,0,0,0,0,0,0,0,0,3
8574,PEPSODENT TOOTH PASTE EXPERT PROTECTION 140GM,114,2,0,0,0,0,0,0,0,0,0,0,0,0,2
8576,PEPSODENT TOOTH PASTE EXPERT PROTECTION GUM CARE 35GM,20,0,0,0,0,0,0,0,0,0,0,0,0,0,0
8577,PEPSODENT TOOTH PASTE SENSITIVE 40GM,29,0,0,0,0,0,0,0,0,0,0,0,0,0,0
8578,PEPSODENT TOOTH PASTE GERMI CHECK WHITENING 150GM,91,0,0,0,0,0,0,0,0,0,0,0,0,0,0
8579,PEPSODENT TOOTH PASTE WHITENING 80GM,48,2,0,0,0,0,0,0,0,0,0,0,0,0,2
8580,VASELINE HEALTHY WHITE SUN+POLLUTION PROTECTION100ML,120,0,0,0,0,0,0,0,0,0,0,0,0,0,0
8582,SUNSILK SHAMPOO PERFECT STRAIGHT 650ML,370,0,0,0,0,0,0,0,0,0,0,0,0,0,0
8583,TRESEMME SHAMPOO SMOOTH & SHINE SALON SILK MOISTURE 190ML,105,0,0,0,0,0,0,0,0,0,0,0,0,0,0
8584,DAAWAT DUBAR BASMATI RICE 5KG,550,2,0,0,0,0,0,0,0,0,0,0,0,0,2
8585,DAAWAT DUBAR BASMATI RICE 1KG,110,7,0,0,0,0,0,0,0,0,0,0,0,0,7
8587,BRU GOLD 50GM,111,3,0,0,0,0,0,0,0,0,0,0,0,0,3
8588,D-FLORA NEEM FLOOR CLEANER 1LTR,65,0,0,0,0,0,0,0,0,0,0,0,0,0,0
8592,WIPER CLASSIC KITCHEN RS.50,50,1,0,0,0,0,0,0,0,0,0,0,0,0,1
8593,BROOKE BOND TAJ MAHAL GREEN HONEY LEMON TEA 10BAGS,60,0,0,0,0,0,0,0,0,0,0,0,0,0,0
8594,WEIKFIELD CUSTARD POWDER VANILLA 200GM,60,0,0,0,0,0,0,0,0,0,0,0,0,0,0
8595,WEIKFIELD JELLY RASPBERRY 90GM,45,2,0,0,0,0,0,0,0,0,0,0,0,0,2
8596,WEIKFIELD SOYA SAUCE 200ML,45,0,0,0,0,0,0,0,0,0,0,0,0,0,0
8597,WEIKFIELD GREEN CHILLI SAUCE,45,0,0,0,0,0,0,0,0,0,0,0,0,0,0
8598,WEIKFIELD RED CHILI SAUCE 200GM,45,0,0,0,0,0,0,0,0,0,0,0,0,0,0
8601,SESA OIL KSHIR PAK VIDHI 200ML,245,0,0,0,0,0,0,0,0,0,0,0,0,0,0
8602,SESA OIL KSHIR PAK VIDHI 100ML,130,0,0,0,0,0,0,0,0,0,0,0,0,0,0
8603,KESH KING AYURVEDIC MEDICINAL OIL 100ML,140,-1,0,0,0,0,0,0,0,0,0,0,0,0,-1
8606,HAMDARD HAMDOROID OINTMENT 50GM,51,0,0,0,0,0,0,0,0,0,0,0,0,0,0
8608,AMUL ICE CREAM PROBIOTIC CHOCO BAR 60ML,15,18,0,0,0,0,0,0,0,0,0,0,0,0,18
8609,APSARA PLATINUM EX.DARK PENCILS,50,0,0,0,0,0,0,0,0,0,0,0,0,0,0
8610,NATARAJ PENCIL 621,40,1,0,0,0,0,0,0,0,0,0,0,0,0,1
8611,APSARA RUB-A-LONG ERASE,5,16,0,0,0,0,0,0,0,0,0,0,0,0,16
8613,NATARAJ ERASER 621 PLASTO(S),2,0,0,0,0,0,0,0,0,0,0,0,0,0,0
8621,NATARAJ BOLD PENCILS,50,0,0,0,0,0,0,0,0,0,0,0,0,0,0
8622,KORES STAPLES PIN,7,0,0,0,0,0,0,0,0,0,0,0,0,0,0
8623,KANGARO STAPLER SMALL,7,0,0,0,0,0,0,0,0,0,0,0,0,0,0
8624,PREMIER GREEN PEAS 1KG,160,0,0,0,0,0,0,0,0,0,0,0,0,0,0
8626,PREMIER SWEET CORN 500GM,80,0,0,0,0,0,0,0,0,0,0,0,0,0,0
8629,NESTLE ALPINO FESTIVE CREATIONS 6X23GM,250,0,0,0,0,0,0,0,0,0,0,0,0,0,0
8630,LUX SOAP FRESH SPLASH 4X100GM,87,0,0,0,0,0,0,0,0,0,0,0,0,0,0
8632,RIN POWDER 2KG,150,0,0,0,0,0,0,0,0,0,0,0,0,0,0
8633,COLGATE TOOTH PASTE TOTAL ADVANCED HEALTH 140GM,105,0,0,0,0,0,0,0,0,0,0,0,0,0,0
8634,COLGATE TOOTH PASTE TOTAL ADVANCED WHITENING 140GM,112,0,0,0,0,0,0,0,0,0,0,0,0,0,0
8636,COLGATE TOOTH PASTE SPIDERMAN KIDS BLUE 80GM,79,2,0,0,0,0,0,0,0,0,0,0,0,0,2
8638,EXO TOUCH & SHINE ROUND 500GM,40,0,0,0,0,0,0,0,0,0,0,0,0,0,0
8639,JOHNSONS BABY TOP-TO-TOE WASH 50ML,45,0,0,0,0,0,0,0,0,0,0,0,0,0,0
8640,JOHNSONS BABY TOP-TO-TOE WASH 200ML,141,0,0,0,0,0,0,0,0,0,0,0,0,0,0
8644,NIVEA CREME 20ML,29,0,0,0,0,0,0,0,0,0,0,0,0,0,0
8645,SCOTCH BRITE TOILET BOWL BRUSH SET,325,0,0,0,0,0,0,0,0,0,0,0,0,0,0
8647,COLIN KITCHEN CLEANER 400ML,75,0,0,0,0,0,0,0,0,0,0,0,0,0,0
8648,DETTOL HAND WASH COOL PUMP 200ML,109,0,0,0,0,0,0,0,0,0,0,0,0,0,0
8654,JULIES GOLDEN CRACKERS 340GM,150,0,0,0,0,0,0,0,0,0,0,0,0,0,0
8655,JULIES LE-MOND LEMON FLAVOURED PUFF SANDWICH 170GM,159,0,0,0,0,0,0,0,0,0,0,0,0,0,0
8656,MASTURA WAFER STICKS CHOCOLATE FLAVOURED 400GM,225,0,0,0,0,0,0,0,0,0,0,0,0,0,0
8658,JULIES ONE BITES CHEESE STICKS 66GM,85,0,0,0,0,0,0,0,0,0,0,0,0,0,0
8659,JULIES SUGAR CRACKERS 345GM,150,0,0,0,0,0,0,0,0,0,0,0,0,0,0
8660,JULIES LE-MOND CHEDDAR CHEESE PUFF SANDWICH 180GM,159,0,0,0,0,0,0,0,0,0,0,0,0,0,0
8661,CRYSTAL KNIFE RS.90,90,0,0,0,0,0,0,0,0,0,0,0,0,0,0
8662,CRYSTAL KNIFE RS.75,75,0,0,0,0,0,0,0,0,0,0,0,0,0,0
8663,CRYSTAL VEG SWIVEL PEELER,70,0,0,0,0,0,0,0,0,0,0,0,0,0,0
8664,SOLANO MORE CANDY,1,0,0,0,0,0,0,0,0,0,0,0,0,0,0
8665,HAPPYDENT WAVE PEPPERMINT FLAVOUR,1,0,0,0,0,0,0,0,0,0,0,0,0,0,0
8667,PAMPERS BABY DRY MEDIUM 20DIAPERS,269,0,0,0,0,0,0,0,0,0,0,0,0,0,0
8668,TETLEY GREEN TEA WITH GINGER LEMON & MINT 30BAGS,160,0,0,0,0,0,0,0,0,0,0,0,0,0,0
8674,MCVITIES MARIE BISCUITS 250GM,30,10,0,0,0,0,0,0,0,0,0,0,0,0,10
8678,NAVNEET BOLD WAX CRAYONS 24SHADE,90,4,0,0,0,0,0,0,0,0,0,0,0,0,4
8681,PAMPERS BABY DRY XL 12PLUS 5 DIAPERS,95,0,0,0,0,0,0,0,0,0,0,0,0,0,0
8682,PAMPERS ACTIVE BABY LARGE 9-14KG 18DIAPERS,349,2,0,0,0,0,0,0,0,0,0,0,0,0,2
8683,PAMPERS ACTIVE BABY XL EXTRA LARGE  16DIAPERS,385,-2,0,0,0,0,0,0,0,0,0,0,0,0,-2
8698,STAYFREE DRY MAX ALL NIGHT ULTRA DRY XL 28 PADS,330,4,0,0,0,0,0,0,0,0,0,0,0,0,4
8699,CAREFREE REGULAR EXTRA LARGE 20BELTED,135,0,0,0,0,0,0,0,0,0,0,0,0,0,0
8705,BOUNTY  28GM,25,0,0,0,0,0,0,0,0,0,0,0,0,0,0
8706,NAVNEET GREEM  DRAWING BOOK SMALL SIZE 56 PGS,36,0,0,0,0,0,0,0,0,0,0,0,0,0,0
8711,UNIBIC FRUIT & NUT COOKIES 75GM,25,11,0,0,0,0,0,0,0,0,0,0,0,0,11
8721,DABUR HAJMULA REGULAR BOTTLE,30,5,0,0,0,0,0,0,0,0,0,0,0,0,5
8722,ODONIL NATURE AIR FRESHNER LAVENDER MEADOWS HANGER75GM,44,0,0,0,0,0,0,0,0,0,0,0,0,0,0
8725,YUMMIEZ MASALA CORN 500GM,110,0,0,0,0,0,0,0,0,0,0,0,0,0,0
8727,REAL JUICE ACTIV FRUIT VEGGIE MIXED FRUIT CUCUMBER SPINACH1LTR,120,0,0,0,0,0,0,0,0,0,0,0,0,0,0
8728,GARDEN BHELPURI & SEVPURI 2IN1 INSTANT COMBO PACK 320GM,95,0,0,0,0,0,0,0,0,0,0,0,0,0,0
8731,LOREAL EXCELLENCE CREME COLORANT 5.35 CHOCOLATE,575,0,0,0,0,0,0,0,0,0,0,0,0,0,0
8737,SOYA CHIPS 200GM,50,0,0,0,0,0,0,0,0,0,0,0,0,0,0
8738,REAL THAI RED CURRY PASTE 50GM,60,3,0,0,0,0,0,0,0,0,0,0,0,0,3
8739,REAL THAI COCONUT MILK LAIT DE COCO 400ML,170,4,0,0,0,0,0,0,0,0,0,0,0,0,4
8741,ORGANIC NATION KHATTI MEETHI MANGO CHUTNEY SPREAD 450GM,150,0,0,0,0,0,0,0,0,0,0,0,0,0,0
8742,ORGANIC NATION MIXED FRUIT CHUTNEY SPREAD 500GM,130,0,0,0,0,0,0,0,0,0,0,0,0,0,0
8743,ORGANIC NATION GARLIC PICKLE 400GM,160,0,0,0,0,0,0,0,0,0,0,0,0,0,0
8744,ORGANIC NATION GREEN CHILLI PICKLE 400GM,140,0,0,0,0,0,0,0,0,0,0,0,0,0,0
8745,ORGANIC NATION NIMBU MIRCHI PICKLE400GM,140,0,0,0,0,0,0,0,0,0,0,0,0,0,0
8747,FORTUNE RICE BRAN OIL 5LTR,645,1,0,0,0,0,0,0,0,0,0,0,0,0,1
8748,KISSAN MANGO JAM 500GM,145,2,0,0,0,0,0,0,0,0,0,0,0,0,2
8749,BRU GOLD 2X50GM,240,0,0,0,0,0,0,0,0,0,0,0,0,0,0
8751,NESTLE CARAMEL ECLAIRS 340GM,100,0,0,0,0,0,0,0,0,0,0,0,0,0,0
8758,HALDIRAMS GOL MATHI 250GM,65,0,0,0,0,0,0,0,0,0,0,0,0,0,0
8764,BASIC AYURVEDA JAMUN RAS 500ML,200,0,0,0,0,0,0,0,0,0,0,0,0,0,0
8765,BASIC AYURVEDA LAUKI JUICE WITH TULSI & PUDINA 500ML,110,0,0,0,0,0,0,0,0,0,0,0,0,0,0
8767,BASIC AYURVEDA GRASS MEAL WHEAT GRASS JUICE WITH HONEY 500ML,220,0,0,0,0,0,0,0,0,0,0,0,0,0,0
8768,MCVITIES GINGER NUTS 250GM,125,0,0,0,0,0,0,0,0,0,0,0,0,0,0
8769,VEGA HMC COMB RS.175,175,0,0,0,0,0,0,0,0,0,0,0,0,0,0
8770,VEGA COMB HMC-02D,125,0,0,0,0,0,0,0,0,0,0,0,0,0,0
8771,VEGA HMC COMB RS.99,99,0,0,0,0,0,0,0,0,0,0,0,0,0,0
8772,VEGA HMC COMB RS.70,70,1,0,0,0,0,0,0,0,0,0,0,0,0,1
8773,VEGA HMC COMB RS.140,140,2,0,0,0,0,0,0,0,0,0,0,0,0,2
8774,VEGA BATH ACC-RS.225,225,0,0,0,0,0,0,0,0,0,0,0,0,0,0
8775,VEGA FLAIR FLAT HAIR STRAIGHTENER,1199,0,0,0,0,0,0,0,0,0,0,0,0,0,0
8785,RIN POWDER 1KG,72,0,0,0,0,0,0,0,0,0,0,0,0,0,0
8786,PRIL DISH WASH  LIQUID LEMON 425ML,110,0,0,0,0,0,0,0,0,0,0,0,0,0,0
8787,UJALA DET POWDER 1KG,74,0,0,0,0,0,0,0,0,0,0,0,0,0,0
8788,PARK AVENUE BEER SHAMPOO FOR NORMAL HAIR 350ML,250,4,0,0,0,0,0,0,0,0,0,0,0,0,4
8789,PARK AVENUE DEO COOL BLUE 250ML,257,0,0,0,0,0,0,0,0,0,0,0,0,0,0
8790,PARK AVENUE DEO TALC STORM 100GM,49,0,0,0,0,0,0,0,0,0,0,0,0,0,0
8793,REYNOLDS JETTER METALLICA BLUE,40,-1,0,0,0,0,0,0,0,0,0,0,0,0,-1
8794,DETTOL HAND WASH SENSITIVE 900ML,192,1,0,0,0,0,0,0,0,0,0,0,0,0,1
8795,HARPIC POWER PLUS ALL IN 1 ORANGE 500ML,72,0,0,0,0,0,0,0,0,0,0,0,0,0,0
8799,FRUTINS PINEAPPLE SLICES 840GM,120,0,0,0,0,0,0,0,0,0,0,0,0,0,0
8800,AXE AFTER SHAVE DENIM 50GM,120,0,0,0,0,0,0,0,0,0,0,0,0,0,0
8803,VIM DOUBLE POWER OF 100 LEMONS CONCERNTRATED GEL 120ML,20,0,0,0,0,0,0,0,0,0,0,0,0,0,0
8804,YARDLEY AFTER SHAVE LOTION GOLD WITH ALOE VERA 100ML,205,0,0,0,0,0,0,0,0,0,0,0,0,0,0
8805,PAMPERS FRESH CLEAN 64 BABY WIPES,185,2,0,0,0,0,0,0,0,0,0,0,0,0,2
8806,PAMPERS BABY DRY LARGE MAGIC GEL 18DIAPERS,285,0,0,0,0,0,0,0,0,0,0,0,0,0,0
8807,PAMPERS BABY PANTS LIGHT & DRY MEDIUM 20DIAPERS,259,0,0,0,0,0,0,0,0,0,0,0,0,0,0
8808,PAMPERS NATURAL CLEAN 64WIPES,219,0,0,0,0,0,0,0,0,0,0,0,0,0,0
8809,AMBI PUR LAVENDER SPA  ULTRA CONTROL 7.5ML,299,1,0,0,0,0,0,0,0,0,0,0,0,0,1
8810,ORAL-B TOOTH BRUSH GUM CARE CRISSCROSS MEDIUM 2NOS,120,1,0,6,0,0,0,0,0,0,0,0,0,0,7
8812,GILLETTE SHAVING FOAM REGULAR 50GM,85,3,0,0,0,0,0,0,0,0,0,0,0,0,3
8813,DABUR CHYAWANPRAKASH SUGARFREE 900GM,315,0,0,0,0,0,0,0,0,0,0,0,0,0,0
8814,PARLE MELODY CHOCOLATY,1,0,0,0,0,0,0,0,0,0,0,0,0,0,0
8815,PARLE POPPINS,2,0,0,0,0,0,0,0,0,0,0,0,0,0,0
8816,DRUK STRAWBERRY JAM 200GM,50,1,0,0,0,0,0,0,0,0,0,0,0,0,1
8826,STIC BOLDMARKER,20,-4,0,0,0,0,0,0,0,0,0,0,0,0,-4
8827,NAMKEEN MATTAR 500GM,55,0,0,0,0,0,0,0,0,0,0,0,0,0,0
8828,NAMKEEN PUNA BHUJIA 500GM,74,0,0,0,0,0,0,0,0,0,0,0,0,0,0
8831,MASALA PEANUT,70,0,0,0,0,0,0,0,0,0,0,0,0,0,0
8832,ROASTED BAJRA,25,0,0,0,0,0,0,0,0,0,0,0,0,0,0
8833,SOUTH INDIAN MIXTURE 500GM,94,0,0,0,0,0,0,0,0,0,0,0,0,0,0
8834,KARELA BISCUITS,34,0,0,0,0,0,0,0,0,0,0,0,0,0,0
8836,MATRI LONG 400GM,62,0,0,0,0,0,0,0,0,0,0,0,0,0,0
8837,PHUL PAPPAD,22,0,0,0,0,0,0,0,0,0,0,0,0,0,0
8838,KUTU MIXTURE,90,0,0,0,0,0,0,0,0,0,0,0,0,0,0
8839,ACHAR MATHI,80,0,0,0,0,0,0,0,0,0,0,0,0,0,0
8840,CHINESE CUCUMBER,65,-0.39,0,0,0,0,0,0,0,0,0,0,0,0,-0.39
8841,MARUNDA,50,0,0,0,0,0,0,0,0,0,0,0,0,0,0
8842,GILLETTE FUSION 5 BLADE,840,0,0,0,0,0,0,0,0,0,0,0,0,0,0
8843,CRAX SALT,40,0,0,0,0,0,0,0,0,0,0,0,0,0,0
8846,SPLENDA 500 TABLETS,325,0,0,0,0,0,0,0,0,0,0,0,0,0,0
8848,SPLENDA 100 SACHETS,150,0,0,0,0,0,0,0,0,0,0,0,0,0,0
8850,DHAMPURE DEMERARA SUGAR BROWN 500GM,80,2,0,0,0,0,0,0,0,0,0,0,0,0,2
8856,HALDIRAMS MITHAAS PATISA 400GM,190,0,0,0,0,0,0,0,0,0,0,0,0,0,0
8857,HALDIRAMS BHUJIA MASALA 200GM,44,22,0,0,0,1,0,0,0,0,0,0,0,0,21
8858,SIMCO HAIR STYLYING GEL EXTRA CARE EXTRA HOLD 250GM,80,0,0,0,0,0,0,0,0,0,0,0,0,0,0
8860,SIMCO HAIR FIXER  MOUSTACHE 10GM,15,24,0,0,0,0,0,0,0,0,0,0,0,0,24
8861,MARGO SOAP ORIGINAL NEEM VITAMIN E 4X75GM,84,0,0,0,0,0,0,0,0,0,0,0,0,0,0
8864,PALMOLIVE MOISTURISING COLD CREAM CHARMIS 175ML,150,0,0,0,0,0,0,0,0,0,0,0,0,0,0
8866,FUN FOODS SALSA 300GM,99,3,0,0,0,0,0,0,0,0,0,0,0,0,3
8867,ODONIL NATURE AIR FRESHENER LAVENDER MEADOWS 75GM,64,0,0,0,0,0,0,0,0,0,0,0,0,0,0
8868,DABUR KEORA WATER 250ML,60,1,0,0,0,0,0,0,0,0,0,0,0,0,1
8869,HIMALAYA FACEWASH DEEP CLEANSING APRICOT 100ML,127,2,0,0,0,0,0,0,0,0,0,0,0,0,2
8870,EVERYUTH FACEWASH PURIFYING NEEM 100GM,99,0,0,0,0,0,0,0,0,0,0,0,0,0,0
8872,DOVE SHAMPOO DRYNESS CARE 180ML,105,0,0,0,0,0,0,0,0,0,0,0,0,0,0
8873,DOVE SHAMPOO INTENSE REPAIR 180ML,105,0,0,0,0,0,0,0,0,0,0,0,0,0,0
8875,GARNIER FRUCTIS SHAMPOO 2 IN 1 340ML,230,0,0,0,0,0,0,0,0,0,0,0,0,0,0
8880,PEPSI DIET BOTTLE 600ML,35,0,0,0,0,0,0,0,0,0,0,0,0,0,0
8882,PAMPERS LARHE BABY DRY36  PANTS DIAPERS,490,0,0,0,0,0,0,0,0,0,0,0,0,0,0
8884,PARLE SIXER SALTED 200GM,45,0,0,0,0,0,0,0,0,0,0,0,0,0,0
8885,PONDS FACIAL WASH PIMPLE CLEAR 100GM,149,0,0,0,0,0,0,0,0,0,0,0,0,0,0
8887,HIT CHALK KILL COCKROACHES,15,0,0,0,0,0,0,0,0,0,0,0,0,0,0
8888,GOOD KNIGHT ADVANCED FAST CARD,10,7,0,0,0,0,0,0,0,0,0,0,0,0,7
8889,LISTERINE MOUTHWASH CAVITY FIGHTER 250ML,118,3,0,0,0,0,0,0,0,0,0,0,0,0,3
8892,MCCAIN FRENCH FRIES 1.25KG,250,0,0,0,0,0,0,0,0,0,0,0,0,0,0
8893,MASALA PEANUT 250GM,40,0,0,0,0,0,0,0,0,0,0,0,0,0,0
8896,MAWANA SULPHUR LESS SUGAR 1KG,65,0,0,0,0,0,0,0,0,0,0,0,0,0,0
8899,JABSONS ROASTED NAMKEENS  MOONG JOR,55,0,0,0,0,0,0,0,0,0,0,0,0,0,0
8900,UNIBIC BUTTER COOKIES 75GM,25,12,0,0,0,1,0,0,0,0,0,0,0,0,11
8901,M SEAL SUPER,10,0,0,0,0,0,0,0,0,0,0,0,0,0,0
8902,M SEAL SUPER 10GM,5,0,0,0,0,0,0,0,0,0,0,0,0,0,0
8903,STEELGRIP 180CM,15,0,0,0,0,0,0,0,0,0,0,0,0,0,0
8904,FEVICOL 22.5GM,10,0,0,0,0,0,0,0,0,0,0,0,0,0,0
8905,FEVICOL MR GENERAL PURPOSE 100GM,40,0,0,0,0,0,0,0,0,0,0,0,0,0,0
8906,TETLEY GREEN TEA 10BAGS,60,4,0,0,0,0,0,0,0,0,0,0,0,0,4
8908,AMUL ICE CREAM PISTA MALAI KULFI 60ML,20,11,0,0,0,0,0,0,0,0,0,0,0,0,11
8909,COLGATE TOOTH BRUSH SLIM SOFT EXTRA SOFT 1P,50,0,0,0,0,0,0,0,0,0,0,0,0,0,0
8912,VEGA HAIR BRUSH RS.299,299,0,0,0,0,0,0,0,0,0,0,0,0,0,0
8913,VEGA HAIR BRUSH RS.190,190,0,0,0,0,0,0,0,0,0,0,0,0,0,0
8914,VEGA HAIR BRUSH RS.210,210,0,0,0,0,0,0,0,0,0,0,0,0,0,0
8915,VEGA BATH ACC RS.70,70,0,0,0,0,0,0,0,0,0,0,0,0,0,0
8916,VEGA BATH ACC RS.110,110,0,0,0,0,0,0,0,0,0,0,0,0,0,0
8917,VEGA FOOT SCRUBBER PD-25,299,0,0,0,0,0,0,0,0,0,0,0,0,0,0
8918,RAW HONEY 500GM,210,91,0,0,0,0,0,0,0,0,0,0,0,0,91
8919,DOVE SOAP CREAM BEAUTY BATHING BAR 75GM,49,1,0,0,0,0,0,0,0,0,0,0,0,0,1
8922,FEM FAIRNESS NATURALS PEARL CREME BLEACH 25GM,52,0,0,0,0,0,0,0,0,0,0,0,0,0,0
8926,MCVITIES HOBNOBS OAT BISCUITS MILK CHOCOLATE 300GM,220,0,0,0,0,0,0,0,0,0,0,0,0,0,0
8927,WIPRO COLOUR LAMP,16,0,0,0,0,0,0,0,0,0,0,0,0,0,0
8931,SOOJI CAKE,80,0,0,0,0,0,0,0,0,0,0,0,0,0,0
8935,SINGHARA ATTA 500GM,95,0,0,0,0,0,0,0,0,0,0,0,0,0,0
8936,BORO PLUS GENTLE EXFOLIATING SCRUB WITH WALNUT & PINE OIL 50ML,60,0,0,0,0,0,0,0,0,0,0,0,0,0,0
8940,TIDE PLUS JASMINE & ROSE 500GM,49,10,0,0,0,0,0,0,0,0,0,0,0,0,10
8949,BROOKE BOND TAJ MAHAL TEA GINGER 25BAGS,150,0,0,0,0,0,0,0,0,0,0,0,0,0,0
8950,BROOKE BOND TAJ MAHAL TEA LEMON 10BAGS,50,0,0,0,0,0,0,0,0,0,0,0,0,0,0
8951,GOWARDHAN PANEER MADE FROM COWS MILK 200GM,85,0,0,0,0,0,0,0,0,0,0,0,0,0,0
8955,RED CHERRY 100GM,10,3,0,0,0,0,0,0,0,0,0,0,0,0,3
8956,DESI KHAND 1KG,70,0,0,0,0,0,0,0,0,0,0,0,0,0,0
8961,HALDIRAMS ASSORTED CHIKKI 200GM,130,0,0,0,0,0,0,0,0,0,0,0,0,0,0
8963,HALDIRAMS SOAN PAPDI 250GM,71,0,0,0,0,0,0,0,0,0,0,0,0,0,0
8968,GARNIER FACEWASH PURE ACTIVE PURIFYING NEEM 100GM,95,1,0,0,0,0,0,0,0,0,0,0,0,0,1
8971,LAKME ABSOLUTE PERFECT RADIANCE SKIN LIGHTENING NIGHT CREME 50GM,375,1,0,0,0,0,0,0,0,0,0,0,0,0,1
8972,KIWI WAX RICH SHINE & PROTECT INSTANT POLISH NEUTRAL 75ML,78,4,0,0,0,0,0,0,0,0,0,0,0,0,4
8977,MCCAIN MASALA FRIES 375GM,110,3,0,0,0,0,0,0,0,0,0,0,0,0,3
8979,SCOTCH BRITE REMOVER LINT DUST & PET HAIR ANYWHERE 3M,499,1,0,0,0,0,0,0,0,0,0,0,0,0,1
8980,PARLE ORANGE BITE 390GM,100,1,0,0,0,0,0,0,0,0,0,0,0,0,1
8981,PARLE MAZELO CANDY POUCH,50,0,0,0,0,0,0,0,0,0,0,0,0,0,0
8982,PARLE 2 IN 1 MILK ROSE,50,0,0,0,0,0,0,0,0,0,0,0,0,0,0
8983,EKTA SCRUBBER,15,0,0,0,0,0,0,0,0,0,0,0,0,0,0
8984,SINGHARA AATA 200GM,35,-1,0,0,0,0,0,0,0,0,0,0,0,0,-1
8986,ORGANIC NATION KANGRA AMRIT 25 TEA BAGS,150,0,0,0,0,0,0,0,0,0,0,0,0,0,0
8987,ORGANIC MIX FRUIT SPREAD 450GM,150,0,0,0,0,0,0,0,0,0,0,0,0,0,0
8988,ORGANIC NATION MIX FRUIT SPREAD 450GM,150,0,0,0,0,0,0,0,0,0,0,0,0,0,0
8989,HALDIRAMS KHATTA MEETHA 90GM,20,0,0,0,0,0,0,0,0,0,0,0,0,0,0
8991,UNIBIC SUGARFEEE PINEAPPLE COOKIES 75GM,50,0,0,0,0,0,0,0,0,0,0,0,0,0,0
8992,UNIBIC SUGARFREE ORANGE CREAM COOKIES 75GM,45,0,0,0,0,0,0,0,0,0,0,0,0,0,0
8993,HALDIRAMS CHATPATA DAL 200GM,48,16,0,0,0,0,0,0,0,0,0,0,0,0,16
8994,CREMICA KORMA SANDWICH MAYO 375GM,125,0,0,0,0,0,0,0,0,0,0,0,0,0,0
8995,ZANDU RHUMASYL LINIMENT 100ML,140,0,0,0,0,0,0,0,0,0,0,0,0,0,0
8996,SUNFEAST DREAM CREAM STRAWBERRY VANILLA 60GM,10,0,0,0,0,0,0,0,0,0,0,0,0,0,0
9001,NESTLE COFFEE MATE 450GM,200,0,0,0,0,0,0,0,0,0,0,0,0,0,0
9005,LIFEBUOY SOAP CLINI-CARE COMPLETE 75GM,24,0,0,0,0,0,0,0,0,0,0,0,0,0,0
9006,YUMMIEZ ALOO TIKKI 400GM,85,1,0,0,0,0,0,0,0,0,0,0,0,0,1
9007,YUMMIEZ HARIYALI BITES 300GM,120,0,0,0,0,0,0,0,0,0,0,0,0,0,0
9019,KIWI DRANEX DRAIN CLEANER 50GM,25,14,0,0,0,4,0,0,0,0,0,0,0,0,10
9020,PLAYBOY DEO MALIBU 150ML,199,0,0,0,0,0,0,0,0,0,0,0,0,0,0
9021,PARK AVENUE SHAVING CREAM COOL BLUE 70GM,65,3,0,0,0,0,0,0,0,0,0,0,0,0,3
9022,FAIR & LOVELY WINTER CREAM 50GM,90,0,0,0,0,0,0,0,0,0,0,0,0,0,0
9024,D-FLORA PINE FLOOR CLEANER  5LTR,210,0,0,0,0,0,0,0,0,0,0,0,0,0,0
9025,D-FLORA ROSE FLOOR CLEANER 1LTR,55,0,0,0,0,0,0,0,0,0,0,0,0,0,0
9026,D-FLORA PINE FLOOR CLEANER 1LTR,55,0,0,0,0,0,0,0,0,0,0,0,0,0,0
9041,FABER CASTELL PAINT BRUSH(R) 4 NO,18,0,0,0,0,0,0,0,0,0,0,0,0,0,0
9042,FABER CASTELL PAINT BRUSH(R) 5 NO,12,0,0,0,0,0,0,0,0,0,0,0,0,0,0
9050,TWINING CLASSICS ENGLISH BREAKFAST TEA 100 TEA BAGS,650,0,0,0,0,0,0,0,0,0,0,0,0,0,0
9051,FABER CASTELL 12 ERASABLE PLASTIC CRAYONS,60,0,0,0,0,0,0,0,0,0,0,0,0,0,0
9052,FABER CASTELL 15 ERASABLE PLASTIC CRAYONS,95,0,0,0,0,0,0,0,0,0,0,0,0,0,0
9055,SWISS NATUREN CHICKEN SAUSAGE 300GM,140,0,0,0,0,0,0,0,0,0,0,0,0,0,0
9056,SWISS NATUREN CHICKEN SPICY SALAMI 300GM,125,0,0,0,0,0,0,0,0,0,0,0,0,0,0
9058,CHINGS INSTANT SOUP TOMATO 15GM,10,0,0,0,0,0,0,0,0,0,0,0,0,0,0
9059,NEUTROGENA HAND CREAM 56GM,300,0,0,0,0,0,0,0,0,0,0,0,0,0,0
9062,GOOD KNIGHT ACTIV SYSTEM 2X SUAL POWER MODE,138,0,0,0,0,0,0,0,0,0,0,0,0,0,0
9065,LAURELS TOILET PAPER 12 IN 1,200,0,0,0,0,0,0,0,0,0,0,0,0,0,0
9066,EXO DISHBAR SET 3X 200GM,47,2,0,0,0,0,0,0,0,0,0,0,0,0,2
9067,DOVE SOAP CREAM BAR 3X100GM,182,0,0,0,0,0,0,0,0,0,0,0,0,0,0
9068,SURF EXCEL BAR 150GM,15,11,0,0,0,4,0,0,0,0,0,0,0,0,7
9069,SURF EXCEL MATIC TOP LOAD BOX1KG,185,0,0,0,0,0,0,0,0,0,0,0,0,0,0
9070,VEGA HAIR BRUSH RS.240,240,0,0,0,0,0,0,0,0,0,0,0,0,0,0
9071,PHOOL JHAROO BIG,100,25,0,0,0,0,0,0,0,0,0,0,0,0,25
9074,AIR WICK ELECT LAVENDER,199,0,0,0,0,0,0,0,0,0,0,0,0,0,0
9076,FUN FOODS 1000 ISLAND SALAD DRESSING LITE 260GM,99,0,0,0,0,0,0,0,0,0,0,0,0,0,0
9081,SUNDROP PEANUT BUTTER CREAMY 100GM,55,0,0,0,0,0,0,0,0,0,0,0,0,0,0
9083,DABUR BABOOL TOOTH PASTE 200GM,84,0,0,0,0,0,0,0,0,0,0,0,0,0,0
9084,GARNIER FRUCTIS OIL IN TRIPLE NUTRITION CREAM 200GM,100,0,0,0,0,0,0,0,0,0,0,0,0,0,0
9087,REAL THAI SRIRACHA HOT CHILLI S 230GM,175,-1,0,0,0,0,0,0,0,0,0,0,0,0,-1
9088,REAL THAI SWEET CHILLI SAUCE 230GM,175,2,0,0,0,0,0,0,0,0,0,0,0,0,2
9093,CAMAY INTERNATIONAL SOAP CHIC 125GM,40,8,0,0,0,0,0,0,0,0,0,0,0,0,8
9094,DOVE CONDITIONER HAIR FALL RESCUE 80ML,90,1,0,0,0,0,0,0,0,0,0,0,0,0,1
9100,FIAMA SOAP GELBAR CELEBRATION PACK 4X125GM,248,1,0,0,0,0,0,0,0,0,0,0,0,0,1
9101,VIVEL SOAP LOVE & NOURISH BUTTER 75GM,30,0,0,0,0,0,0,0,0,0,0,0,0,0,0
9103,DURACELL ULTRA POWER AAA 4N,145,0,0,0,0,0,0,0,0,0,0,0,0,0,0
9106,CARRY BAG RS.2/P,2,26421,0,0,0,21,0,0,0,0,0,0,0,0,26400
9107,YUMMIEZ FRENCH FRIES 425GM,85,0,0,0,0,0,0,0,0,0,0,0,0,0,0
9108,KNORR CUP A SOUP TOMATO CHATPATA 16GM,10,11,0,0,0,0,0,0,0,0,0,0,0,0,11
9111,CAKE TREE SANDWICH PANEER 3SLICE,40,-1,0,4,1,2,0,0,0,0,0,0,0,0,0
9112,WEIKFIELD CUSTARD POWDER JAR 200GM,65,0,0,0,0,0,0,0,0,0,0,0,0,0,0
9113,WEIKFIELD MUSTARD POWDER 200GM,70,0,0,0,0,0,0,0,0,0,0,0,0,0,0
9115,HAPPYDENT WHITE SUGARFREE GREEN MENT FLAVOUR,5,0,0,0,0,0,0,0,0,0,0,0,0,0,0
9116,PACHMINA CANDY,1,-15,0,0,0,0,0,0,0,0,0,0,0,0,-15
9120,CADBURY CHOCLAIRS 437GM,115,0,0,0,0,0,0,0,0,0,0,0,0,0,0
9121,HALDIRAMS MADRASI MIXTURE 200GM,44,0,0,0,0,0,0,0,0,0,0,0,0,0,0
9123,DIET FOODS SNACKS 200GM,55,0,0,0,0,0,0,0,0,0,0,0,0,0,0
9126,SURF EXCEL EASYWASH POWDER 1.5KG,168,0,0,0,0,0,0,0,0,0,0,0,0,0,0
9128,TETLEY MASALA TEA 50BAGS,200,1,0,0,0,0,0,0,0,0,0,0,0,0,1
9140,REAL THAI YELLOW CURRY PASTE 50GM,49,0,0,0,0,0,0,0,0,0,0,0,0,0,0
9145,DABUR ALMOND HAIR OIL 500ML,250,1,0,0,0,0,0,0,0,0,0,0,0,0,1
9146,OXY LIFE ALOVE VERA,80,0,0,0,0,0,0,0,0,0,0,0,0,0,0
9149,ORGANIC NATION PINEAPPLE SPREAD 450GM,160,0,0,0,0,0,0,0,0,0,0,0,0,0,0
9150,ORGANIC NATION APPLE SPREAD 400GM,140,0,0,0,0,0,0,0,0,0,0,0,0,0,0
9151,ORGANIC NATION HOT & SWEET TOMATO HONEY SPREAD 450GMEDDDDDDDDDDDDDDDDDD,125,0,0,0,0,0,0,0,0,0,0,0,0,0,0
9152,ORGANIC NATION STRAWBERRY SPREAD 450GM,180,0,0,0,0,0,0,0,0,0,0,0,0,0,0
9153,ORGANIC NATION MANGO PICKLE 450GM,140,0,0,0,0,0,0,0,0,0,0,0,0,0,0
9154,ORGANIC NATION PEACH SPREAD 400GM,140,0,0,0,0,0,0,0,0,0,0,0,0,0,0
9158,TONGUE CLEANER RS.8,8,0,0,0,0,0,0,0,0,0,0,0,0,0,0
9159,SUNSILK CONDITIONER HAIR FALL SOLUTION SOYA VITAMIN 80ML,66,0,0,0,0,0,0,0,0,0,0,0,0,0,0
9160,SUNSILK SHAMPOO LUSCIOUSLY THICK & LONG 80ML,42,0,0,0,0,0,0,0,0,0,0,0,0,0,0
9165,CRYSTAL STAINLES STEEL BIG,150,0,0,0,0,0,0,0,0,0,0,0,0,0,0
9168,PASEO ELEGANT KITCHEN TOWEL 4ROLL,265,2,0,0,0,0,0,0,0,0,0,0,0,0,2
9169,BRITANNIA CHEESE SLICES 200GM,145,7,0,0,0,0,0,0,0,0,0,0,0,0,7
9172,GODREJ EXPERT RICH CREME HAIR COLOUR BURGUNDY 4.16,59,0,0,0,0,0,0,0,0,0,0,0,0,0,0
9173,NAVNEET THE ORIGINAL LONG BOOK 288PAGES,160,2,0,0,0,0,0,0,0,0,0,0,0,0,2
9174,NAVNEET MY LONG BOOK A4 SIZE SOFT BOND 172 PAGES,60,1,0,0,0,0,0,0,0,0,0,0,0,0,1
9175,NAVNEET LONG BOOK THE DEEP BLUE COLARS 244 PAGES,70,0,0,0,0,0,0,0,0,0,0,0,0,0,0
9176,NAVNEET LONG BOOK  116 PEAGES,35,0,0,0,0,0,0,0,0,0,0,0,0,0,0
9177,NAVNEET MY NOTES DAIRY A7 192 PAGES,30,0,0,0,0,0,0,0,0,0,0,0,0,0,0
9178,NAVNEET MY LONG BOOK 316 PAGES,90,0,0,0,0,0,0,0,0,0,0,0,0,0,0
9179,NAVNEET MY NOTES BOOK 192 PAGES,85,3,0,0,0,0,0,0,0,0,0,0,0,0,3
9180,NAVNEET NOTE BOOK RED/BLUE&PLAIN 172PAGES,40,2,0,0,0,0,0,0,0,0,0,0,0,0,2
9181,NAVNEET FUN  PREMIUM DOUGH,150,1,0,0,0,0,0,0,0,0,0,0,0,0,1
9182,PINEAPPLE,130,0,0,0,0,0,0,0,0,0,0,0,0,0,0
9184,BEETROOT,45,0,0,0,0,0,0,0,0,0,0,0,0,0,0
9185,CADBURY CELEBRATION RICH DRY FRUIT COLLECTION 210GM,350,0,0,0,0,0,0,0,0,0,0,0,0,0,0
9186,CADBURY CHOCLAIRS RS.1,1,0,0,0,0,0,0,0,0,0,0,0,0,0,0
9187,ARIEL BRILLIANT CLEANING IN 1 WASH COLOUR 500GM,102,0,0,0,0,0,0,0,0,0,0,0,0,0,0
9188,TIDE PLUS POWDER 1KG,98,2,0,0,0,0,0,0,0,0,0,0,0,0,2
9189,TIDE PLUS JASMINE & ROSE 2KG,181,0,0,0,0,0,0,0,0,0,0,0,0,0,0
9190,GILLETTE FUSION TRAVEL PACK,699,0,0,0,0,0,0,0,0,0,0,0,0,0,0
9194,PROMISE CELLO TAPE 18MM,23,22,0,0,0,1,0,0,0,0,0,0,0,0,21
9195,PROMISE CELLO TAPE RS.40,40,0,0,0,0,0,0,0,0,0,0,0,0,0,0
9196,PROMISE CELLO TAPE 24MM,30,18,0,0,0,0,0,0,0,0,0,0,0,0,18
9197,AMUL BUTTER MILK 200ML,15,0,0,0,0,0,0,0,0,0,0,0,0,0,0
9198,GIFT PAPER RS.5/PEC,10,-5,0,0,0,0,0,0,0,0,0,0,0,0,-5
9199,SURF EXCEL DETERGENT LIQUID 200ML,62,0,0,0,0,0,0,0,0,0,0,0,0,0,0
9200,VEGA HAIR BRUSH RS.340,340,0,0,0,0,0,0,0,0,0,0,0,0,0,0
9201,SUNFEAST YIPPEE NOODLES MAGIC MASALA 140GM,23,0,0,0,0,0,0,0,0,0,0,0,0,0,0
9202,ODONIL NATURE AIR FRESHNER LAVENDER MEADOWS 50GM,43,0,0,0,0,0,0,0,0,0,0,0,0,0,0
9203,KELLOGGS RAGI CHOCOS 350GM,170,4,0,0,0,0,0,0,0,0,0,0,0,0,4
9205,DETTOL KITCHEN LIME SPLASH 750ML,192,2,0,0,0,0,0,0,0,0,0,0,0,0,2
9206,DETTOL KITCHEN LEMON FRESH GEL 200ML,65,2,0,0,0,0,0,0,0,0,0,0,0,0,2
9207,GARNIER NOURISHING COLD CREAM ACACIA HONEY 40GM,145,0,0,0,0,0,0,0,0,0,0,0,0,0,0
9208,GARNIER GENTLE CLEANISING MILK 100ML,135,0,0,0,0,0,0,0,0,0,0,0,0,0,0
9213,SUNSILK SHAMPOO STUNNING BLACK SHINE 650ML,370,0,0,0,0,0,0,0,0,0,0,0,0,0,0
9215,DOVE BODY LOTION INDULGENT NOURISHMENT 100ML,120,0,0,0,0,0,0,0,0,0,0,0,0,0,0
9216,DOUBLEMINT SPLASH,1,0,0,0,0,0,0,0,0,0,0,0,0,0,0
9217,EVA TALC FLOWER DREAM 100GM,55,0,0,0,0,0,0,0,0,0,0,0,0,0,0
9219,MEDIMIX SOAP SANDAL4X125GM,200,0,0,0,0,0,0,0,0,0,0,0,0,0,0
9220,LAKME GENTLE AND SOFT DEEP PORE CLEANSER 60ML,120,0,0,0,0,0,0,0,0,0,0,0,0,0,0
9222,PONDS SILK CREAM 100ML,160,0,0,0,0,0,0,0,0,0,0,0,0,0,0
9223,PONDS SILK CREAM 30ML,60,0,0,0,0,0,0,0,0,0,0,0,0,0,0
9224,PONDS SILK CREAM 55ML,105,0,0,0,0,0,0,0,0,0,0,0,0,0,0
9226,VASELINE TOTAL MOISTURISING BODY LOTION 100ML,65,0,0,0,0,0,0,0,0,0,0,0,0,0,0
9231,GAJAK GOAL 400GM,66,0,0,0,0,0,0,0,0,0,0,0,0,0,0
9233,KISSAN MIXED FRUIT JAM 100GM,30,1,0,0,0,0,0,0,0,0,0,0,0,0,1
9240,LAURELS WAAOL XL SOFT NAPKINS 50PECES,22,0,0,0,0,0,0,0,0,0,0,0,0,0,0
9241,LAURELS ELEGANCE PREMIUM SOFT SERVIETTS 45X2PLY,45,0,0,0,0,0,0,0,0,0,0,0,0,0,0
9242,LAURELS WAOO SOFT,40,0,0,0,0,0,0,0,0,0,0,0,0,0,0
9243,DEL MONTE PRUNES 340GM,395,2,0,0,0,0,0,0,0,0,0,0,0,0,2
9248,PAMPERS BABY DRY NB SMALL5 DIAPERS,60,2,0,0,0,0,0,0,0,0,0,0,0,0,2
9249,PAMPERS BABY DRY NB UPTO 8KG 11DIAPERS,128,0,0,0,0,0,0,0,0,0,0,0,0,0,0
9250,GILLETTE VECTOR3 CARTRIDGES 2S,130,0,0,0,0,0,0,0,0,0,0,0,0,0,0
9251,GILLETTE VECTOR3 CARTRIDGES PACK OF 4,159,0,0,0,0,0,0,0,0,0,0,0,0,0,0
9252,GILLETTE VENUS 3BLADES  CLOSE & CLEAN IN 1 STROKE,220,3,0,0,0,0,0,0,0,0,0,0,0,0,3
9254,CLOTH CLIPS HOME STYLE,25,0,0,0,0,0,0,0,0,0,0,0,0,0,0
9255,REPUBLIC OF CHICKEN CHICKEN FRIED STRIPS 300GM,170,2,0,0,0,0,0,0,0,0,0,0,0,0,2
9258,MONGINIS VEG CAKES CHOCOLATE 65GM,15,35,0,0,0,1,0,0,0,0,0,0,0,0,34
9259,MCVITIES DIGESTIVE ORIGINAL 500GM,185,0,0,0,0,0,0,0,0,0,0,0,0,0,0
9260,MCVITIES HOBNOBS OAT BISCUITS GOODNESS OF OATS 300GM,150,0,0,0,0,0,0,0,0,0,0,0,0,0,0
9261,JIVO CANOLA OIL 1LTR,230,6,0,0,0,0,0,0,0,0,0,0,0,0,6
9262,MCCAIN ALOO TIKKI 760GM,165,2,0,0,0,0,0,0,0,0,0,0,0,0,2
9264,VEGA HAIR DRYER VHDH-15,899,0,0,0,0,0,0,0,0,0,0,0,0,0,0
9266,YARDLEY ELEGANCE TALCUM 100GM,50,0,0,0,0,0,0,0,0,0,0,0,0,0,0
9267,MDH T-PLUS MASALA 25GM,45,0,0,0,0,0,0,0,0,0,0,0,0,0,0
9269,HALDIRAMS SOAN PAPDI VEG 500GM,130,0,0,0,0,0,0,0,0,0,0,0,0,0,0
9270,MOONG DAL BARI,40,0,0,0,0,0,0,0,0,0,0,0,0,0,0
9271,FUN FOODS EGGLESS BAKE MIX CHOCO LAVA 240GM,199,0,0,0,0,0,0,0,0,0,0,0,0,0,0
9272,PANTENE SHAMPOO SILKY SMOOTH CARE 675ML,400,1,0,0,0,0,0,0,0,0,0,0,0,0,1
9273,ORAL-B TOOTH BRUSH PRO-HEALTH PLAQUE REMOVAL SOFT,75,0,0,0,0,0,0,0,0,0,0,0,0,0,0
9277,EXO DISHBAR 3X145GM,30,0,0,0,0,0,0,0,0,0,0,0,0,0,0
9278,CLEAN & CLEAR FACEWASH PIMPLE CLEARING 80GM,99,1,0,0,0,0,0,0,0,0,0,0,0,0,1
9279,CLEAN & CLEAR MOISTURIZER 50ML,50,0,0,0,0,0,0,0,0,0,0,0,0,0,0
9281,JABSONS SOYA STICKS TANGY TOMATO 150GM,55,0,0,0,0,0,0,0,0,0,0,0,0,0,0
9282,JABSONS SOYA STICKS MAGIC MASALA 150GM,55,0,0,0,0,0,0,0,0,0,0,0,0,0,0
9284,NESTLE MILO JAR 400GM,350,0,0,0,0,0,0,0,0,0,0,0,0,0,0
9285,MAGGI 2 MINUTE NOODLES MASALA 840GM,128,0,0,0,0,0,0,0,0,0,0,0,0,0,0
9288,EXPRESS FOODS KROKKY CHOKKY 275GM,185,0,0,0,0,0,0,0,0,0,0,0,0,0,0
9289,CLEAN AND DRY CLOTRIMAZOLE CREAM IP 30GM,199,0,0,0,0,0,0,0,0,0,0,0,0,0,0
9290,CLEAN AND DRY DAILY INTIMATE POWDER 100GM,100,2,0,0,0,0,0,0,0,0,0,0,0,0,2
9292,NIVEA BODY MILK NOURISHING LOTION 400ML,349,0,0,0,0,0,0,0,0,0,0,0,0,0,0
9293,NIVEA DEO PEARL & BEAUTI ROLL ON 25ML,99,0,0,0,0,0,0,0,0,0,0,0,0,0,0
9294,NIVEA TOTAL FACE CLEANUP 50ML,120,1,0,0,0,0,0,0,0,0,0,0,0,0,1
9295,VIVEL SOAP REFRESH MOISTURIZE 4 X 75GM,70,0,0,0,0,0,0,0,0,0,0,0,0,0,0
9300,FUN FOODS GARLIC CHILLI DIP 250GM,69,0,0,0,0,0,0,0,0,0,0,0,0,0,0
9301,FUN FOODS MINT MAYO KEBAB DIP 235GM,69,0,0,0,0,0,0,0,0,0,0,0,0,0,0
9302,TOPS SWEET LIME PICKLE 400GM,95,0,0,0,0,0,0,0,0,0,0,0,0,0,0
9303,TIDE PLUS TALCUM FRESHNESS 2KG,192,0,0,0,0,0,0,0,0,0,0,0,0,0,0
9306,LAURELS WAAO PREMIUM SOFT SERVIETTES 100PLY,42,0,0,0,0,0,0,0,0,0,0,0,0,0,0
9307,SUNFEAST MOMS MAGIC CASHEW & ALMOND 200GM,35,3,0,0,0,1,0,0,0,0,0,0,0,0,2
9309,DOVE SHAMPOO DRYNESS CARE 340ML,210,0,0,0,0,0,0,0,0,0,0,0,0,0,0
9311,MO CLEEN SILK & WOOL 1+1,265,0,0,0,0,0,0,0,0,0,0,0,0,0,0
9313,VASELINE TOTAL MOISTURE COCOA GLOW 300ML,240,0,0,0,0,0,0,0,0,0,0,0,0,0,0
9318,HOME CARE DINING  NAPKINS,45,0,0,0,0,0,0,0,0,0,0,0,0,0,0
9319,CLASSIC TODAY FLOOR WIPER,120,0,0,0,0,0,0,0,0,0,0,0,0,0,0
9320,FOGG DEO FRESH FOUGERE 120ML,250,0,0,0,0,0,0,0,0,0,0,0,0,0,0
9322,YUMMIEZ CHICKEN AFGHANI SEEKH KABAB 250GM,145,2,0,0,0,0,0,0,0,0,0,0,0,0,2
9323,KESH KING AYURVEDIC MEDICINAL OIL 300ML,280,2,0,0,0,0,0,0,0,0,0,0,0,0,2
9324,AMUL KOOL CAFE BTL 200ML,22,0,0,0,0,0,0,0,0,0,0,0,0,0,0
9325,AMUL MOTI MILK 500ML,26,72,0,0,0,5,0,0,0,0,0,0,0,0,67
9326,LOTUS SAFE SUN MEN ADVANCES DAILY UV SHIELD SPF30PA 100GM,325,0,0,0,0,0,0,0,0,0,0,0,0,0,0
9329,KOHINOOR SUPER BASMATI RICE 5KG,720,0,0,0,0,0,0,0,0,0,0,0,0,0,0
9330,VEGA NASEL SAFETY SCISSOR,225,0,0,0,0,0,0,0,0,0,0,0,0,0,0
9331,VEGA HAIR DRYER VHDH-05,799,0,0,0,0,0,0,0,0,0,0,0,0,0,0
9332,VEGA SILKY FLAT HAIR STRAIGHTENER VHSH-06,1599,1,0,0,0,0,0,0,0,0,0,0,0,0,1
9335,SURF EXCEL EASYWASH POWDER 4KG,464,1,0,0,0,0,0,0,0,0,0,0,0,0,1
9336,VIM DOUBLE POWER POWER OF 100 LEMONS 225ML,40,0,0,0,0,0,0,0,0,0,0,0,0,0,0
9338,SAFFOLA MASALA OATS VEGGIE TWIST 400GM,145,0,0,0,0,0,0,0,0,0,0,0,0,0,0
9339,LOTTE COFFY BITE 25GM,5,0,0,0,0,0,0,0,0,0,0,0,0,0,0
9340,GALAXY MILK SMOOTH 20GM,20,11,0,0,0,0,0,0,0,0,0,0,0,0,11
9343,FEM ANTI DARKENING HAIR REMOVEL CREAM SANDAL40GM,55,0,0,0,0,0,0,0,0,0,0,0,0,0,0
9344,OXY LIFE NATURAL 5 RADINACE CREME BLEACH 27GM,77,2,0,0,0,0,0,0,0,0,0,0,0,0,2
9345,VEET NATURAL BLEACH CREAM DRY SKIN,150,0,0,0,0,0,0,0,0,0,0,0,0,0,0
9346,VEET HAIR REMOVAL CREAM SENSITIVE SKIN 25GM,58,0,0,0,0,0,0,0,0,0,0,0,0,0,0
9347,VEET INSTANT WAXING KIT SENSITIVE SKIN 8WAX STRIPS,99,0,0,0,0,0,0,0,0,0,0,0,0,0,0
9349,GARNIER WHITE COMPLETE MULTI ACTION FAIRNESS CREAM SUN PROTECTION 18GM,105,0,0,0,0,0,0,0,0,0,0,0,0,0,0
9350,GARNIER MEN FACEWASH ACNOFIGHT 100GM,180,1,0,0,0,0,0,0,0,0,0,0,0,0,1
9351,GITS KHATA DHOKLA MIX 200GM,45,0,0,0,0,0,0,0,0,0,0,0,0,0,0
9352,GITS MEDU VADAI MIX 200GM,70,1,0,0,0,0,0,0,0,0,0,0,0,0,1
9353,SENSODYNE TOOTH BRUSH EXPERT SOFT,90,0,0,0,0,0,0,0,0,0,0,0,0,0,0
9357,YUMMIEZ CHICKEN PARTY PACK 600GM,295,3,0,3,0,0,0,0,0,0,0,0,0,0,6
9363,PARLE MANGO BITE 320GM,50,0,0,0,0,0,0,0,0,0,0,0,0,0,0
9364,PARLE MELODY CHOCOLATY 391GM,100,0,0,0,0,0,0,0,0,0,0,0,0,0,0
9365,CENTER FRUIT WATERMELON FLAVOUR 27.2GM,10,0,0,0,0,0,0,0,0,0,0,0,0,0,0
9366,GAJAK TIL MIX 400GM,80,0,0,0,0,0,0,0,0,0,0,0,0,0,0
9372,ORGANIC WHOLE WHEAT ATTA 5KG,260,0,0,0,0,0,0,0,0,0,0,0,0,0,0
9374,SWISS NATUREN CHICKEN MALAI KEBAB 500GM,245,3,0,0,0,0,0,0,0,0,0,0,0,0,3
9375,SWISS NATUREN CHICKEN TANDOORI KABAB 500GM,230,0,0,0,0,0,0,0,0,0,0,0,0,0,0
9376,SWISS NATUREN CHICKEN ACHARI KEBAB 500GM,195,0,0,0,0,0,0,0,0,0,0,0,0,0,0
9377,PAMPERS ACTIVE BABY SMALL 3-8KG 46 COUNTS,610,0,0,0,0,0,0,0,0,0,0,0,0,0,0
9378,NEUTROGENA OIL FREE MOISTURE SPF 15 115ML,399,0,0,0,0,0,0,0,0,0,0,0,0,0,0
9379,DUST PAN SET SWEEPY,170,0,0,0,0,0,0,0,0,0,0,0,0,0,0
9380,CLASSIC FLOOR NEXT WIPER,180,2,0,0,0,0,0,0,0,0,0,0,0,0,2
9381,WIPER UNIQUE FLOOR WIPER ,135,0,0,0,0,0,0,0,0,0,0,0,0,0,0
9382,FIAMA DI WILLS SHOWER GEL FRESH REVIVE 200ML,199,0,0,0,0,0,0,0,0,0,0,0,0,0,0
9383,SANI FRESH ULTRA SHINE TOILET CLEANER 2X500ML,136,2,0,0,0,1,0,0,0,0,0,0,0,0,1
9384,DETTOL HAND WASH RE ENERGIZE PUMP 250ML,100,0,0,0,0,0,0,0,0,0,0,0,0,0,0
9387,CHINGS INSTANT SOUP HOT&SOUR 15GM,10,0,0,0,0,0,0,0,0,0,0,0,0,0,0
9390,CHERRY TOMATO 250GM,65,0,0,0,0,0,0,0,0,0,0,0,0,0,0
9392,SUGAR REWRI 400GM,82,0,0,0,0,0,0,0,0,0,0,0,0,0,0
9393,BARLEY 500GM,19,1,0,0,0,0,0,0,0,0,0,0,0,0,1
9394,BALU SHAHI 500GM,55,0,0,0,0,0,0,0,0,0,0,0,0,0,0
9397,BASIC AYURVEDA SHANKH PUSHPI SYRUP 450ML,177,0,0,0,0,0,0,0,0,0,0,0,0,0,0
9398,BASIC AYURVEDA NEEM GILOY RAS 500ML,140,1,0,0,0,0,0,0,0,0,0,0,0,0,1
9399,BASIC AYURVEDA BRAHMI RAS 500ML,220,0,0,0,0,0,0,0,0,0,0,0,0,0,0
9400,BASIC AYURVEDA PANCH RAS 500ML,225,0,0,0,0,0,0,0,0,0,0,0,0,0,0
9402,GIFT SHEETS,10,0,0,0,0,0,0,0,0,0,0,0,0,0,0
9403,FASHION JEWELRY HAIR CLIP,80,0,0,0,0,0,0,0,0,0,0,0,0,0,0
9406,BIRTHDAY CANDLE RS.35,35,0,0,0,0,0,0,0,0,0,0,0,0,0,0
9408,BIRTHDAY CANDLE RS.20,20,0,0,0,0,0,0,0,0,0,0,0,0,0,0
9413,TETLEY GREEN TEA WEBLING IN EVERY SIP 100BAGS,450,0,0,0,0,0,0,0,0,0,0,0,0,0,0
9414,REAL THAI BLACK BEAN WOK SAUCE 150ML,195,2,0,0,0,0,0,0,0,0,0,0,0,0,2
9417,SCOTCH BRITE 2 IN 1 PACK,55,17,0,0,0,0,0,0,0,0,0,0,0,0,17
9418,DABUR LAL DANT MANJAN 150GM,57,0,0,0,0,0,0,0,0,0,0,0,0,0,0
9419,DABUR LAL DANT MANJAN 60GM,25,0,0,0,0,0,0,0,0,0,0,0,0,0,0
9421,MOTHERS RECIPE AJWAIN RICE PAPAD 75GM,20,0,0,0,0,0,0,0,0,0,0,0,0,0,0
9422,CLINIC PLUS SHAMPOO NATURALLY STRONG HEALTH 80ML,45,0,0,0,0,0,0,0,0,0,0,0,0,0,0
9423,NATARAJ 621 SHARPENER,3,0,0,0,0,0,0,0,0,0,0,0,0,0,0
9427,MEATZZA CHICKEN BURGER 500GM,235,1,0,0,0,0,0,0,0,0,0,0,0,0,1
9428,MEATZZA CHICKEN NUGGETS 1KG,400,0,0,0,0,0,0,0,0,0,0,0,0,0,0
9429,MEATZZA CHICKEN SALAMI MASALA SLICED 500GM,225,0,0,0,0,0,0,0,0,0,0,0,0,0,0
9431,MEATZZA CHICKEN SEEK KEBAB HOT & SPICY 500GM,250,0,0,0,0,0,0,0,0,0,0,0,0,0,0
9432,MEATZZA CHICKEN HAM SLICES 500GM,300,0,0,0,0,0,0,0,0,0,0,0,0,0,0
9433,MEATZZA CHICKEN TANDOORI TIKKA 1KG,570,1,0,0,0,0,0,0,0,0,0,0,0,0,1
9437,JABSONS ROASTED PEANUTS SUPREME 150GM,40,0,0,0,0,0,0,0,0,0,0,0,0,0,0
9438,JABSONS CHIKKI PEANUT GUD 160GM,45,0,0,0,0,0,0,0,0,0,0,0,0,0,0
9439,KEYA CHICKEN MARBEL PICKLE 270GM,200,2,0,0,0,0,0,0,0,0,0,0,0,0,2
9441,KEYA STAR ANISE 25GM,95,0,0,0,0,0,0,0,0,0,0,0,0,0,0
9442,TULSI TEA ORGANIC INDIA BREAKFAST,78,0,0,0,0,0,0,0,0,0,0,0,0,0,0
9443,BRITANNIA PURE COW GHEE 1LTR,585,0,0,0,0,0,0,0,0,0,0,0,0,0,0
9444,PEGGS PUNJAB BROWN EGGS 6PES,55,1,0,0,0,0,0,0,0,0,0,0,0,0,1
9449,GULABE KHAJUR 1KG,200,0,0,0,0,0,0,0,0,0,0,0,0,0,0
9451,JEER GOLI,20,0,0,0,0,0,0,0,0,0,0,0,0,0,0
9452,IMLI LADDU,25,0,0,0,0,0,0,0,0,0,0,0,0,0,0
9453,TIL PATI GAJAK BOX,132,0,0,0,0,0,0,0,0,0,0,0,0,0,0
9454,KHURMANI,80,0,0,0,0,0,0,0,0,0,0,0,0,0,0
9455,SEED LESS DATES KHAJUR,65,0,0,0,0,0,0,0,0,0,0,0,0,0,0
9456,KHAJUR DESEEDED (DATES) 500GM,95,0,0,0,0,0,0,0,0,0,0,0,0,0,0
9457,GATHIA,40,0,0,0,0,0,0,0,0,0,0,0,0,0,0
9460,CHINGS PANEER CHILLI MIRACLE MASALA 60GM,30,0,0,0,0,0,0,0,0,0,0,0,0,0,0
9461,ORGANIC NATION GINGER PICKLE 400GM,160,0,0,0,0,0,0,0,0,0,0,0,0,0,0
9462,ZANDU RHUMASYL LINIMENT 50ML,74,0,0,0,0,0,0,0,0,0,0,0,0,0,0
9465,MONGINIS MUFIN FRUIT CAKE 25GM,5,63,0,0,0,0,0,0,0,0,0,0,0,0,63
9467,MONGINIS PLUM CAKE 100GM,30,0,0,0,0,0,0,0,0,0,0,0,0,0,0
9476,LUXOR COLOR PEN,80,0,0,0,0,0,0,0,0,0,0,0,0,0,0
9478,PILOT PENS RED,80,0,0,0,0,0,0,0,0,0,0,0,0,0,0
9481,SAVLON SOAP NATURAL MOISTURISING 75GM,25,0,0,0,0,0,0,0,0,0,0,0,0,0,0
9482,MISTER POTATO RICE CRISPS FLAME GRILLED BBQ 130GM,149,0,0,0,0,0,0,0,0,0,0,0,0,0,0
9483,PARK AVENUE SHAVING FOAM SILVER 420GM,199,0,0,0,0,0,0,0,0,0,0,0,0,0,0
9484,GARNIER FAIR MIRACLE 2 IN 1 FAIRNESS CREAM 15GM,49,0,0,0,0,0,0,0,0,0,0,0,0,0,0
9485,LOREAL KAJAL MAGIQUE BLACK,290,0,0,0,0,0,0,0,0,0,0,0,0,0,0
9489,ORANGE B JELLY,1,0,0,0,0,0,0,0,0,0,0,0,0,0,0
9499,GARNIER FAIR MIRACLE 2 IN 1 FAIRNESS CREAM 40GM,99,0,0,0,0,0,0,0,0,0,0,0,0,0,0
9501,HALDIRAMS PEANUT-GUP SHUP 200GM,46,6,0,0,0,1,0,0,0,0,0,0,0,0,5
9502,NESTLE KITKAT 45GM,65,0,0,0,0,0,0,0,0,0,0,0,0,0,0
9503,GILLETTE MACH3 2CARTRIDEGS,260,2,0,0,0,0,0,0,0,0,0,0,0,0,2
9509,PREMIUM HOME CARE,30,0,0,0,0,0,0,0,0,0,0,0,0,0,0
9510,WHITE BHUJIYA,75,0,0,0,0,0,0,0,0,0,0,0,0,0,0
9511,SUJI PARA,75,0,0,0,0,0,0,0,0,0,0,0,0,0,0
9512,PHUJIA PEANUT DANA,71,0,0,0,0,0,0,0,0,0,0,0,0,0,0
9513,VART MIXTURE 500GM,95,0,0,0,0,0,0,0,0,0,0,0,0,0,0
9514,NAIL CUTTER,35,0,0,0,0,0,0,0,0,0,0,0,0,0,0
9515,TOSHA,58,0,0,0,0,0,0,0,0,0,0,0,0,0,0
9519,PARACHUTE ADVANSED BODY LOTION COCONUT MILK  250ML,175,0,0,0,0,0,0,0,0,0,0,0,0,0,0
9520,PARACHUT ADV SCALP THERAPIE,72,0,0,0,0,0,0,0,0,0,0,0,0,0,0
9521,ELAICHI WORK 10GM,24,30,0,0,0,1,0,0,0,0,0,0,0,0,29
9523,TATA TEA ACTI GREEN TEA ELAICHI 5 TEA BAGS,20,0,0,0,0,0,0,0,0,0,0,0,0,0,0
9524,ORGANIC 24 MANTRA RED POHA 500GM,60,0,0,0,0,0,0,0,0,0,0,0,0,0,0
9528,COLGATE TOOTH BRUSH SUPER FLEXI SOFT 1NOS,18,0,0,0,0,0,0,0,0,0,0,0,0,0,0
9530,COLGATE TOOTH POWDER 100GM,38,0,0,0,0,0,0,0,0,0,0,0,0,0,0
9532,PALMOLIVE MOISTURISING COLD CREAM CHARMIS 100ML,99,0,0,0,0,0,0,0,0,0,0,0,0,0,0
9533,COLGATE DENTAL CREAM 200GM,80,0,0,0,0,0,0,0,0,0,0,0,0,0,0
9541,GODREJ SHAVING CREAM RICH LATHER 100GM,50,0,0,0,0,0,0,0,0,0,0,0,0,0,0
9543,DOVE DEO MEN COOL FRESH 150ML,225,1,0,0,0,0,0,0,0,0,0,0,0,0,1
9544,FIAMA DI WILLS MEN SHOWER GEL INVIGORATING MUSK 250ML,195,0,0,0,0,0,0,0,0,0,0,0,0,0,0
9546,SUNFEAST YIPPEE CHINESE MASALA NOODLES 75GM,15,0,0,0,0,0,0,0,0,0,0,0,0,0,0
9547,FUN FOODS CHOCOLATE FUDGE SPREAD 350GM,149,0,0,0,0,0,0,0,0,0,0,0,0,0,0
9551,WILD STONE SOAP DEODORANT 3X125GM,120,0,0,0,0,0,0,0,0,0,0,0,0,0,0
9552,BAGRRYS HEALTHY CRUNCH MUESLI  ALMOND N RAISIN 500GM,290,0,0,0,0,0,0,0,0,0,0,0,0,0,0
9553,JAVITRI 25GM,49,6,0,0,0,0,0,0,0,0,0,0,0,0,6
9559,MEATZZA CHICKEN SAUSAGES FULLY COOKED 500GM,230,0,0,0,0,0,0,0,0,0,0,0,0,0,0
9560,PEDIGREE ADULT YOOUNG CHICKEN & RICE 1.2KG,230,0,0,0,0,0,0,0,0,0,0,0,0,0,0
9561,SIMCO HAIR SPRAY SWIFT POWER 250ML,220,0,0,0,0,0,0,0,0,0,0,0,0,0,0
9563,MAGGI 2 MINUTE NOODLES MASALA 560GM,86,3,0,0,0,0,0,0,0,0,0,0,0,0,3
9565,COLGATE 360 WHOLE MOUTH CLEAN,99,0,0,0,0,0,0,0,0,0,0,0,0,0,0
9566,GARNIER MEN FACEWASH ACNOFIGHT ANTI-PIMPLE 50ML,90,0,0,0,0,0,0,0,0,0,0,0,0,0,0
9567,DETTOL HAND SANITIZER FLORAL ESSENCE 50ML,77,2,0,0,0,0,0,0,0,0,0,0,0,0,2
9568,CORNITOS NACHO CRISPS SEA SALT 150GM,85,0,0,0,0,0,0,0,0,0,0,0,0,0,0
9569,PARLE LONDON DAIRY CANDY POUCH,50,0,0,0,0,0,0,0,0,0,0,0,0,0,0
9570,PARLE KISMI ELAICHI FLAVOUR 245GM,50,0,0,0,0,0,0,0,0,0,0,0,0,0,0
9571,ORAL-B TOOTH BRUSH SENSITIVE BUY2GET1 FREE EXTRA SOFT,158,0,0,0,0,0,0,0,0,0,0,0,0,0,0
9573,VEGA HAIR DRYER VHDH-04,699,0,0,0,0,0,0,0,0,0,0,0,0,0,0
9574,VEGA BATH ACC RS.199,199,0,0,0,0,0,0,0,0,0,0,0,0,0,0
9576,DURACELL ULTRA POWER AA 4N,145,0,0,0,0,0,0,0,0,0,0,0,0,0,0
9577,TOP RAMEN CURRY VEG NOODLES 280GM,80,1,0,0,0,0,0,0,0,0,0,0,0,0,1
9579,LIFEBUOY SOAP LEMON FRESH 4X125GM,94,3,0,0,0,0,0,0,0,0,0,0,0,0,3
9580,PONDS CREAM WHITE BEAUTY 20ML,55,0,0,0,0,0,0,0,0,0,0,0,0,0,0
9581,VASELINE HEALTHY SKIN JELLY 25ML,35,0,0,0,0,0,0,0,0,0,0,0,0,0,0
9582,VASELINE LIP CARE ROSY LIPS 10GM,45,0,0,0,0,0,0,0,0,0,0,0,0,0,0
9583,LIFEBUOY HANDWASH COLOUR CHANGING 200ML,95,0,0,0,0,0,0,0,0,0,0,0,0,0,0
9584,SUNSILK SHAMPOO STRONG & ABUNDANT 340ML,250,0,0,0,0,0,0,0,0,0,0,0,0,0,0
9585,GATSBY ARRANGE STYLING HAIR CREAM HARD SETTING 70GM,80,0,0,0,0,0,0,0,0,0,0,0,0,0,0
9587,FIAMA DI WILLS MEN AQUA PULES SHOWER GEL 200ML,160,0,0,0,0,0,0,0,0,0,0,0,0,0,0
9588,D-FLORA NEEM FLOOR CLEANER 5LTR,230,0,0,0,0,0,0,0,0,0,0,0,0,0,0
9589,KEYA THAI SEASONING 45GM,99,0,0,0,0,0,0,0,0,0,0,0,0,0,0
9590,KEYA MEXICAN SEASONING 50GM,99,1,0,0,0,0,0,0,0,0,0,0,0,0,1
9592,KEYA DILL 10GM,95,0,0,0,0,0,0,0,0,0,0,0,0,0,0
9593,KEYA LEMON GRASS 15GM,99,1,0,0,0,0,0,0,0,0,0,0,0,0,1
9595,KEYA MINT 7GM,99,1,0,0,0,1,0,0,0,0,0,0,0,0,0
9596,KEYA EXTRA BLACK PEPPER MALABAR GRINDER 40GM,150,0,0,0,0,0,0,0,0,0,0,0,0,0,0
9597,KEYA WHITE PEPPER GRINDER 45GM,99,0,0,0,0,0,0,0,0,0,0,0,0,0,0
9599,MOTHER DAIRY GULAB JAMUN 1KG,200,0,0,0,0,0,0,0,0,0,0,0,0,0,0
9603,JALEBI SOUTH INDIAN SNACKS,35,0,0,0,0,0,0,0,0,0,0,0,0,0,0
9604,ALOO LACHHA 250GM,55,0,0,0,0,0,0,0,0,0,0,0,0,0,0
9605,MONGNI,34,0,0,0,0,0,0,0,0,0,0,0,0,0,0
9606,DHAMPURE SUGAR BROWN 1KG,115,0,0,0,0,0,0,0,0,0,0,0,0,0,0
9607,PASEO SMART FACIAL TISSUES TRAVEL PACK 120PULLS,65,0,0,0,0,0,0,0,0,0,0,0,0,0,0
9608,PASEO HYGIENIC SOFT AND NATURAL BATHROOM 2 ROLLS,145,0,0,0,0,0,0,0,0,0,0,0,0,0,0
9609,PASEO PRINTED  ELEGENT TISSUE 4IN1 ROLL,285,0,0,0,0,0,0,0,0,0,0,0,0,0,0
9610,PASEO ELEGANT BATHROOM ROOL 6IN1 ROLL,425,0,0,0,0,0,0,0,0,0,0,0,0,0,0
9613,HIMALAYA FACEWASH FAIRNESS KESAR 50ML,68,1,0,0,0,0,0,0,0,0,0,0,0,0,1
9614,NIVEA BODY MILK NOURISHING 30ML,40,0,0,0,0,0,0,0,0,0,0,0,0,0,0
9615,HIMALAYA TOOTH PASTE SPARKLING WHITE 150GM,85,0,0,0,0,0,0,0,0,0,0,0,0,0,0
9616,SCOTCH BRITE SPONGE WIPE 5WIPES,295,0,0,0,0,0,0,0,0,0,0,0,0,0,0
9617,SCOTCH BRITE KITCHEN SCRUB CLOTH 2N,280,0,0,0,0,0,0,0,0,0,0,0,0,0,0
9618,BOOST 3X MORE STAMINA 200GM,105,-1,0,0,0,0,0,0,0,0,0,0,0,0,-1
9623,WEIKFIELD BAKING POWDER 400GM,75,2,0,0,0,0,0,0,0,0,0,0,0,0,2
9625,CREMICA TOMATO KETCHUP 100GM,1.25,0,0,0,0,0,0,0,0,0,0,0,0,0,0
9626,CREMICA HEALTHY OATMEAL COOKIES 150GM,30,0,0,0,0,0,0,0,0,0,0,0,0,0,0
9627,CREMICA BOURBON 200GM,30,0,0,0,0,0,0,0,0,0,0,0,0,0,0
9630,HALDIRAMS SUJI RUSK 300GM,40,0,0,0,0,0,0,0,0,0,0,0,0,0,0
9632,UNIBIC OATMEAL DIGESIIVE COOKIES BUY1GET1 FREE 150GM,40,0,0,0,0,0,0,0,0,0,0,0,0,0,0
9635,MCVITIES DIGESTIVE MILK CHOCOLATE 200GM,168,0,0,0,0,0,0,0,0,0,0,0,0,0,0
9636,TIDE POWER JASMINE & ROSE 1KG,94,3,0,0,0,0,0,0,0,0,0,0,0,0,3
9637,JABSONS ROASTED PEANUTS CHEESE TOMATO 140GM,50,0,0,0,0,0,0,0,0,0,0,0,0,0,0
9638,JABSONS HALKA FULKA DIET CHIVRA 425HM,30,0,0,0,0,0,0,0,0,0,0,0,0,0,0
9639,LIFEBUOY HANDWASH NATURE 190ML,82,1,0,0,0,0,0,0,0,0,0,0,0,0,1
9640,LAKME PEACH MILK MOISTURISER ALL SKIN TYPES 60ML,110,1,0,0,0,0,0,0,0,0,0,0,0,0,1
9641,LAKME SKIN GLOSS WINTER INTENSE MOISTURISER 120ML,210,0,0,0,0,0,0,0,0,0,0,0,0,0,0
9644,EVA DEO WHITENING FLORAL FUSION 125ML,150,0,0,0,0,0,0,0,0,0,0,0,0,0,0
9645,BROOKE BOND TAJ MAHAL TEA 25BAGS,50,14,0,0,0,0,0,0,0,0,0,0,0,0,14
9648,VEGA TRIMMER BEARD & HAIR,1499,0,0,0,0,0,0,0,0,0,0,0,0,0,0
9649,VEGA JUST TRIM BEARD TRIMMER VATH 01,1399,0,0,0,0,0,0,0,0,0,0,0,0,0,0
9650,VEGA SCISSOR SCS 03,90,0,0,0,0,0,0,0,0,0,0,0,0,0,0
9652,POP CORN 200GM,36,0,0,0,0,0,0,0,0,0,0,0,0,0,0
9653,POP CORN SEED 500GM,62,0,0,0,0,0,0,0,0,0,0,0,0,0,0
9655,MEDIKER NATURAL OIL 50ML,34,3,0,0,0,0,0,0,0,0,0,0,0,0,3
9659,COLGATE VISIBLE WHITE SAVER 2X100GM,152,0,0,0,0,0,0,0,0,0,0,0,0,0,0
9664,HORLICKS ROYAL KESAR BADAM 400GM,265,0,0,0,0,0,0,0,0,0,0,0,0,0,0
9665,CLINIC PLUS HAIR OIL NOURISHING COCONUT OIL 100ML,40,3,0,0,0,0,0,0,0,0,0,0,0,0,3
9667,COLIN GLASS & HOUSEHOLD CLEANER REGULAR 500ML,72,0,0,0,0,0,0,0,0,0,0,0,0,0,0
9668,VEET CREAM NATURALS PAPAYA EXTRACT 25GM,59,0,0,0,0,0,0,0,0,0,0,0,0,0,0
9670,MOOV XPRESS GEL 15GM,41,0,0,0,0,0,0,0,0,0,0,0,0,0,0
9680,CLASIC CLOTH HANGER 1025 SET OF 6,335,2,0,0,0,0,0,0,0,0,0,0,0,0,2
9681,HANGAR CLASSIC RS.280,280,0,0,0,0,0,0,0,0,0,0,0,0,0,0
9682,ALPENLIEBE MILKIER & ADDED CALCIUM 8GM,5,0,0,0,0,0,0,0,0,0,0,0,0,0,0
9683,EVERYUTH FACEWASH HYDRATING FRUIT 100GM,95,1,0,0,0,0,0,0,0,0,0,0,0,0,1
9685,HIMALAYA FACEWASH MOISTURISING ALOE VERA 50ML,63,1,0,0,0,0,0,0,0,0,0,0,0,0,1
9687,GARNIER MEN MOISTURIER POWER LIGHT,180,0,0,0,0,0,0,0,0,0,0,0,0,0,0
9688,GARDEN ONION PAKODA 150GM,45,0,0,0,0,0,0,0,0,0,0,0,0,0,0
9689,KEYA FISH PICKLE 270GM,200,3,0,0,0,0,0,0,0,0,0,0,0,0,3
9690,KEYA PRAWN PICKLE 270GM,200,0,0,0,0,0,0,0,0,0,0,0,0,0,0
9691,VEGA GROOMING STATION BREAD & HAIR TRIMMER,2299,0,0,0,0,0,0,0,0,0,0,0,0,0,0
9692,BIGEN MENS BEARD COLOR DARK BROWN 103,405,2,0,0,0,0,0,0,0,0,0,0,0,0,2
9693,PARLE MELODY CHOCOLATY 195GM,50,0,0,0,0,0,0,0,0,0,0,0,0,0,0
9694,NIVEA DEO WHITENING SMOOTH SKIN ROLL ON 25ML,99,0,0,0,0,0,0,0,0,0,0,0,0,0,0
9695,NIVEA MEN SHOWER GEL ENERGY 250ML,175,0,0,0,0,0,0,0,0,0,0,0,0,0,0
9699,BRITANNIA NATURAL CHEDDAR CHEESE 200GM,199,0,0,0,0,0,0,0,0,0,0,0,0,0,0
9700,MCCAIN CHEESE SHORTZ POTATO 400GM,190,-1,0,0,0,0,0,0,0,0,0,0,0,0,-1
9701,MCCAIN SMILES 1.25KG,285,0,0,0,0,0,0,0,0,0,0,0,0,0,0
9705,HALDIRAMS DIET MIXTURE 180GM,30,9,0,0,0,0,0,0,0,0,0,0,0,0,9
9706,CLEAN & CLEAR OIL FREE MOISTURISER 100ML,80,0,0,0,0,0,0,0,0,0,0,0,0,0,0
9707,FROOTI MANGO JUICE BOTTLE PACK 250ML,20,0,0,0,0,0,0,0,0,0,0,0,0,0,0
9709,SUNFEAST DELISHUS COOKIES NUTS&RAISINS 75GM,30,0,0,0,0,0,0,0,0,0,0,0,0,0,0
9711,LIZOL DISINFECTANT SURFACE CLEANER NEEM 500ML,85,0,0,0,0,0,0,0,0,0,0,0,0,0,0
9712,COLGATE TOOTH PASTE TOTAL ADV HEL BUY 2 GET 70GN1 FREE,198,0,0,0,0,0,0,0,0,0,0,0,0,0,0
9713,COLGATE TOOTH PASTE TOTAL PRO GUM HEALTH 140GM,115,0,0,0,0,0,0,0,0,0,0,0,0,0,0
9714,RASBERY,140,0,0,0,0,0,0,0,0,0,0,0,0,0,0
9715,CLOSEUP TOOTH PASTE EUCALYPTUS MINT 150GM,94,2,0,0,0,0,0,0,0,0,0,0,0,0,2
9717,CLOSEUP TOOTH PASTE FIRE-FREEZE 150GM,94,2,0,0,0,0,0,0,0,0,0,0,0,0,2
9722,WHISPER ULTRA SOFT XL WINGS 7PADS,80,1,0,0,0,0,0,0,0,0,0,0,0,0,1
9723,NUTRIMALI CHOCOLATE FLAVOUR 200GM,95,0,0,0,0,0,0,0,0,0,0,0,0,0,0
9724,NUTRIMALT CHO FLAVOUR 500GM,181,0,0,0,0,0,0,0,0,0,0,0,0,0,0
9729,TRESEMME SHAMPOO KERATIN SMOOTH 580ML,375,1,0,0,0,0,0,0,0,0,0,0,0,0,1
9730,TRESEMME SHAMPOO KERATIN SMOOTH 185 ML,125,0,0,0,0,0,0,0,0,0,0,0,0,0,0
9732,GALA PERFUMED GARBAGE BAG,99,4,0,0,0,0,0,0,0,0,0,0,0,0,4
9733,LACTO CALAMINE SKIN BALANCE OIL CONTROL 60ML,118,4,0,0,0,0,0,0,0,0,0,0,0,0,4
9734,LACTO CALAMINE LOTION SKIN BALANCE HYDRATION 60ML,118,4,0,0,0,0,0,0,0,0,0,0,0,0,4
9735,NAVNEET SPIRAL BOUNDS A4 SIZE 400PAGES,160,0,0,0,0,0,0,0,0,0,0,0,0,0,0
9737,STIC GRIP LITER,20,0,0,0,0,0,0,0,0,0,0,0,0,0,0
9738,AMUL KOOL ELAICHI 200ML,20,0,0,0,0,0,0,0,0,0,0,0,0,0,0
9742,VALABH HAIR BRUSH NO240,100,4,0,0,0,0,0,0,0,0,0,0,0,0,4
9743,VALABH HAIR BRUSH NO250,110,2,0,0,0,0,0,0,0,0,0,0,0,0,2
9745,VALABH KING HAIR BRUSH,101,0,0,0,0,0,0,0,0,0,0,0,0,0,0
9746,VALABH ALL PURPOSE HAIR BRUSH NO KING,120,2,0,0,0,0,0,0,0,0,0,0,0,0,2
9751,LIVON CONDITIONING CREAM COLOUR BURGUNDY 21GM,59,0,0,0,0,0,0,0,0,0,0,0,0,0,0
9754,COLGATE TOOTH PASTE TOTAL ADVANCED HEALTH 70GM,57,0,0,0,0,0,0,0,0,0,0,0,0,0,0
9755,KELLOGGS CHOCOS MOON & STARS 700GM,290,4,0,0,0,0,0,0,0,0,0,0,0,0,4
9758,GILLETTE SPORT GEL CLEAR & REFRESHING GEL 113GM,209,0,0,0,0,0,0,0,0,0,0,0,0,0,0
9759,CLINIC PLUS HAIR OIL NOURISHING COCONUT OIL 200ML,90,3,0,0,0,0,0,0,0,0,0,0,0,0,3
9760,DOVE DEO BEAUTY FINISH 150ML,225,1,0,0,0,0,0,0,0,0,0,0,0,0,1
9761,LIFEBUOY HANDWASH COLOUR CHANGING REFILL 185ML,65,0,0,0,0,0,0,0,0,0,0,0,0,0,0
9764,BROOKE BOND TAAZA MASALA CHASKA 250GM,75,0,0,0,0,0,0,0,0,0,0,0,0,0,0
9765,FORTUNE SOYA HEALTH SOYABEAN OIL 1LTR,125,58,0,0,0,0,0,0,0,0,0,0,0,0,58
9767,HARRISON BRONZE LOCK 30 MM,100,0,0,0,0,0,0,0,0,0,0,0,0,0,0
9768,HARRISON 50 MM PITAL KA TALA,255,0,0,0,0,0,0,0,0,0,0,0,0,0,0
9769,HEAD & SHOULDER SHAMPOO LEMON FRESH  375ML,305,0,0,0,0,0,0,0,0,0,0,0,0,0,0
9772,PURE SOYA PANEER PLAIN 180GM,40,13,0,0,0,1,0,0,0,0,0,0,0,0,12
9773,HERSHEYS COCOA NATURAL UNSWEETENED 225GM,225,4,0,0,0,0,0,0,0,0,0,0,0,0,4
9774,SURF EXCEL EASYWASH POWDER 500GM,54,0,0,0,0,0,0,0,0,0,0,0,0,0,0
9776,D-CLEANO GLASS CLEANER COMB 500ML,115,0,0,0,0,0,0,0,0,0,0,0,0,0,0
9778,WRIGLEY DOUBLE MINT EXTRA STRONG 5 STICKS,10,0,0,0,0,0,0,0,0,0,0,0,0,0,0
9779,JOHNSONS BABY POWDER BLOSSOMS  50GM,37,2,0,0,0,0,0,0,0,0,0,0,0,0,2
9780,COLGATE DENTAL CREAM 300M,117,0,0,0,0,0,0,0,0,0,0,0,0,0,0
9781,COLGATE DENTAL CREAM CAVITY PROTECTION 150GM,62,0,0,0,0,0,0,0,0,0,0,0,0,0,0
9782,PARLE 2IN1 RAJBHOG FLAVOUR 245.5GM,50,0,0,0,0,0,0,0,0,0,0,0,0,0,0
9786,MCCAIN VARIETY PACK+SMILES+CHILLI GARLIC POTATO BITES+MASALA FRIES 550GM,135,8,0,0,0,0,0,0,0,0,0,0,0,0,8
9787,GALA KITCHEN SCRUBBER,59,0,0,0,0,0,0,0,0,0,0,0,0,0,0
9788,GALA CHANDRA GOLD,45,3,0,0,0,0,0,0,0,0,0,0,0,0,3
9789,GALA CLOTH BRUSH,99,0,0,0,0,0,0,0,0,0,0,0,0,0,0
9790,GALA CLOTH BRUSH SMALL,55,2,0,0,0,0,0,0,0,0,0,0,0,0,2
9791,GALA DUSTPAN EASY CLEAN,60,5,0,0,0,0,0,0,0,0,0,0,0,0,5
9792,GALA HEXA BIG-PLUNGER,90,3,0,0,0,0,0,0,0,0,0,0,0,0,3
9793,GALA CHANDRA PATLA SOFT,90,1,0,0,0,0,0,0,0,0,0,0,0,0,1
9794,GALA TOILEX ROUNDER,200,2,0,0,0,0,0,0,0,0,0,0,0,0,2
9795,GALA PHOOL JHAROO,175,2,0,0,0,0,0,0,0,0,0,0,0,0,2
9796,GALA FLOOR WIPER,156,0,0,0,0,0,0,0,0,0,0,0,0,0,0
9803,BASIC AYURVEDA PANCH TULSI JUICE 500ML,160,0,0,0,0,0,0,0,0,0,0,0,0,0,0
9805,CYCLE THREE IN ONE AGARBATHIES 240GM,100,0,0,0,0,0,0,0,0,0,0,0,0,0,0
9807,PARK AVENUE FACEWASH TOMATO FURY 75ML,95,0,0,0,0,0,0,0,0,0,0,0,0,0,0
9809,CAKE TREE COOKIES,30,-4,0,0,0,0,0,0,0,0,0,0,0,0,-4
9810,CATCH BLACK PEPPER SPRINKEL 100GM,180,3,0,0,0,0,0,0,0,0,0,0,0,0,3
9811,ORAL-B TOOTH BRUSH GUM CARE IMPROVES GUM HEALTH IN 4 WEEKS MEDIUM 1NSO,75,0,0,6,0,0,0,0,0,0,0,0,0,0,6
9815,NIVEA BODY LOTION EXTRA WHITENNING UV PROTECT SPF 15 200ML,240,1,0,0,0,0,0,0,0,0,0,0,0,0,1
9816,NIVEA REFRESHING CLEANSING MILK NORMAL SKIN 125ML,159,0,0,0,0,0,0,0,0,0,0,0,0,0,0
9818,CAKE TREE CHICKEN FOOTLONG,55,0,0,0,0,0,0,0,0,0,0,0,0,0,0
9828,SAFFOLA TOTAL 5LTR,975,1,0,0,0,0,0,0,0,0,0,0,0,0,1
9834,TATA TEA PREMIUM 24GM,10,25,0,0,0,1,0,0,0,0,0,0,0,0,24
9836,MIRINDA BOTTLE ORANGE 750ML,35,0,0,0,0,0,0,0,0,0,0,0,0,0,0
9838,PEPSODENT TOOTH BRUSH SENSITIVE EXTRA SOFT,32,0,0,0,0,0,0,0,0,0,0,0,0,0,0
9839,FAIR & LOVELY ADVANCED MULTI VITAMIN PUMP TUBE SPF 1530GM,70,2,0,0,0,0,0,0,0,0,0,0,0,0,2
9843,CLEAN & CLEAR CREAM FAIRNESS 40GM,112,1,0,0,0,0,0,0,0,0,0,0,0,0,1
9845,RITE BITE WORK-OUT 50GM,60,0,0,0,0,0,0,0,0,0,0,0,0,0,0
9848,PASEO ELEGANT HYGIENIC SOFT AND NATURAL BATHROOM 1 ROLL,44,0,0,0,0,0,0,0,0,0,0,0,0,0,0
9854,MEATZZA CHICKEN MEATBALL HEAT & EAT 500GM,250,0,0,0,0,0,0,0,0,0,0,0,0,0,0
9855,GOWARDHAN GULAB JAMUN MIX 2X200GM,80,0,0,0,0,0,0,0,0,0,0,0,0,0,0
9858,DABUR VATIKA SHAMPOO HEALTH 7 SATT POSHAN 180ML,90,1,0,0,0,0,0,0,0,0,0,0,0,0,1
9859,NESTLE KITKAT 10X12.8GM,90,3,0,0,0,0,0,0,0,0,0,0,0,0,3
9861,WEIKFIELD JELLY STRAWBERRY 90GM,45,2,0,0,0,0,0,0,0,0,0,0,0,0,2
9863,PAMPERS BABY DRY MEDIUM 10DIAPERS,149,0,0,0,0,0,0,0,0,0,0,0,0,0,0
9864,LOREAL EXCELLENCE CREME COLOUR NATURAL DARK BROWN 4,540,0,0,0,0,0,0,0,0,0,0,0,0,0,0
9866,OXYWRAP CLING FILM  30MTR,55,0,0,0,0,0,0,0,0,0,0,0,0,0,0
9867,PISTA 250GM,350,4,0,0,0,0,0,0,0,0,0,0,0,0,4
9869,GOWARDHAN CHEESE WEDGES PLAIN 140GM,80,2,0,0,0,0,0,0,0,0,0,0,0,0,2
9870,WINTEX TISSUE PAPER 50PCS,70,0,0,0,0,0,0,0,0,0,0,0,0,0,0
9871,SWISS NATUREN CHICKEN BURGER PATTY 500GM,210,0,0,0,0,0,0,0,0,0,0,0,0,0,0
9872,SNACKERZ CHICKEN SAUSAGE 500GM,225,3,0,0,0,0,0,0,0,0,0,0,0,0,3
9873,SWISS NATUREN BREAST FILLET NUGGEST 400GM,230,0,0,0,0,0,0,0,0,0,0,0,0,0,0
9874,KIWI PER PEC,40,0,0,0,0,0,0,0,0,0,0,0,0,0,0
9875,NIVEA LIP BALM FRUITY SHINE PEACH 4.8GM,175,2,0,0,0,0,0,0,0,0,0,0,0,0,2
9876,MEDIMIX SOAP SANDAL 125GM,50,0,0,0,0,0,0,0,0,0,0,0,0,0,0
9877,AMUL KOOL KESAR BTL 200ML,20,0,0,0,0,0,0,0,0,0,0,0,0,0,0
9880,RED BULL CAN 250ML,99,8,0,0,0,0,0,0,0,0,0,0,0,0,8
9881,ODOPIC BAR SCOURING 500GM,43,0,0,0,0,0,0,0,0,0,0,0,0,0,0
9883,NIVEA MEN SHAVING FOAM SENSITIVE 200ML,199,0,0,0,0,0,0,0,0,0,0,0,0,0,0
9884,JOHNSONS BABY SOAP 50GM,30,0,0,0,0,0,0,0,0,0,0,0,0,0,0
9885,HEAD & SHOULDER SHAMPOO HAIR RETAIN 80ML,87,0,0,0,0,0,0,0,0,0,0,0,0,0,0
9886,MAYBELLINE BABY LIP COLOR CHERRY KISS SPF20 4GM,180,1,0,0,0,0,0,0,0,0,0,0,0,0,1
9887,GARNIER BLACK NATURALS CREAM COLOUR 1.0 DEEP BLACK 20ML,37,3,0,0,0,0,0,0,0,0,0,0,0,0,3
9889,GOOD KNIGHT MINI JAMBO 10N,26,0,0,0,0,0,0,0,0,0,0,0,0,0,0
9891,HOLI HERBAL GULAL COLOR RS.180,180,0,0,0,0,0,0,0,0,0,0,0,0,0,0
9892,HOLI PICHKARI HORN RS.240,240,0,0,0,0,0,0,0,0,0,0,0,0,0,0
9893,HOLI SILK GULAL COLORS RS.35,35,0,0,0,0,0,0,0,0,0,0,0,0,0,0
9895,HOLI WATER BALLOON RS.30,30,0,0,0,0,0,0,0,0,0,0,0,0,0,0
9897,HOLI MAGIC BALLOONS RS.150,150,0,0,0,0,0,0,0,0,0,0,0,0,0,0
9898,HOLI DOUBLE SIDE PICHKARI RS.180,180,0,0,0,0,0,0,0,0,0,0,0,0,0,0
9899,HOLI BALLOONS RS.20,20,0,0,0,0,0,0,0,0,0,0,0,0,0,0
9900,HOLI PICHKARI RS.100,100,0,0,0,0,0,0,0,0,0,0,0,0,0,0
9903,HOLI PICHKARI RS.350,350,0,0,0,0,0,0,0,0,0,0,0,0,0,0
9904,HOLI GUN PICHKARI RS.150,150,0,0,0,0,0,0,0,0,0,0,0,0,0,0
9905,HOLI PICHKARI RS.450,450,0,0,0,0,0,0,0,0,0,0,0,0,0,0
9906,HOLI HERBAL GOLD GULAB,350,0,0,0,0,0,0,0,0,0,0,0,0,0,0
9907,HOLI HERBAL GULAL RS.90,90,0,0,0,0,0,0,0,0,0,0,0,0,0,0
9910,ARIEL COMPLETE MORNING BREEZE 2KG,359,0,0,0,0,0,0,0,0,0,0,0,0,0,0
9914,HOLI GIFT SET RS.250,250,0,0,0,0,0,0,0,0,0,0,0,0,0,0
9916,FAIR AND HANDSOME FACEWASH INSTANT FAIRNESS 100GM,130,0,0,0,0,0,0,0,0,0,0,0,0,0,0
9918,TANG MIXED BOTTLE 4X125GM,110,0,0,0,0,0,0,0,0,0,0,0,0,0,0
9921,GALA FLOOR WIPER LEADER,175,0,0,0,0,0,0,0,0,0,0,0,0,0,0
9922,GALA BRUSHTILE HARD,99,4,0,0,0,0,0,0,0,0,0,0,0,0,4
9923,GALA IRON BULL SCRUB PAD,90,2,0,0,0,0,0,0,0,0,0,0,0,0,2
9924,GALA TOILEX SQUARE,200,2,0,0,0,0,0,0,0,0,0,0,0,0,2
9925,GALA TOILEAN CLEANER,109,0,0,0,0,0,0,0,0,0,0,0,0,0,0
9926,KEYA GARLIC POWDER 80GM,75,1,0,0,0,0,0,0,0,0,0,0,0,0,1
9927,VEET HAIR REMOVAL CREAM PAPAYA EXTRACT 60GM,110,0,0,0,0,0,0,0,0,0,0,0,0,0,0
9928,CLOSEUP TOOTH PASTE FIRE-FREEZE 80GM,52,0,0,0,0,0,0,0,0,0,0,0,0,0,0
9930,FLEX KWIK 20GMEDDDDDDDDDDDDDDDDDDDDDDD,40,0,0,0,0,0,0,0,0,0,0,0,0,0,0
9932,WHITE BOARD MARKER PEN,25,-2,0,0,0,0,0,0,0,0,0,0,0,0,-2
9933,KANGARO STAPLER 10 D,77,0,0,0,0,0,0,0,0,0,0,0,0,0,0
9934,NAVNEET FUN COLOUR PENCILS 12PENCILS,100,14,0,0,0,0,0,0,0,0,0,0,0,0,14
9935,NAVNEET FUN METALLIC PENCILS,50,8,0,0,0,0,0,0,0,0,0,0,0,0,8
9936,NAVNEET RULER 15CM,5,17,0,0,0,0,0,0,0,0,0,0,0,0,17
9937,NAVNEET RULER 30CM,7,13,0,0,0,0,0,0,0,0,0,0,0,0,13
9938,NAVNEET SHARPENERS LONG TIP,5,81,0,0,0,0,0,0,0,0,0,0,0,0,81
9939,NAVNEET PREMIUM FUN GEOMETRY BOX 5STAR,125,1,0,0,0,0,0,0,0,0,0,0,0,0,1
9940,NAVNEET STRIPES PENCILS 10PCS,50,10,0,0,0,0,0,0,0,0,0,0,0,0,10
9941,CD MARKER RS.10,10,34,0,0,0,0,0,0,0,0,0,0,0,0,34
9942,NAVNEET MY LONG BOOK A4 SIZE SOFT BOND 388 PAGES,150,0,0,0,0,0,0,0,0,0,0,0,0,0,0
9943,NAVNEET MY 5 SUBJECT BOOK 400PAGES,200,2,0,0,0,0,0,0,0,0,0,0,0,0,2
9945,PASEO BORN PURE PREMIUM FACIAL TISSUES 100PULLS,85,10,0,0,0,0,0,0,0,0,0,0,0,0,10
9946,MOTHER DAIRY TADKA CHACH LASSI 200ML,10,0,0,0,0,0,0,0,0,0,0,0,0,0,0
9950,NIVEA MEN DEO FRESH ACTIVE ORIGINAL 150ML,199,0,0,0,0,0,0,0,0,0,0,0,0,0,0
9951,NIVEA MEN AFTER SHAVE BALM REPLENISHING ORIGINALS 100ML,235,0,0,0,0,0,0,0,0,0,0,0,0,0,0
9952,NIVEA SHOWER GEL LEMON & OIL 250ML,199,0,0,0,0,0,0,0,0,0,0,0,0,0,0
9953,GOOD HOME VEGETABLE & FRUIT WASH 500ML,100,0,0,0,0,0,0,0,0,0,0,0,0,0,0
9954,GOOD KNIGHT XPRESS SYSTEM MACHINE+CARTRIDGE COMBI PACK,99,5,0,0,0,0,0,0,0,0,0,0,0,0,5
9956,DRUK APRICOT JAM 500GM,120,2,0,0,0,0,0,0,0,0,0,0,0,0,2
9957,DABUR SITOPALADI CHURNA 60GM,104,0,0,0,0,0,0,0,0,0,0,0,0,0,0
9959,SABUDANA 200GM,20,0,0,0,0,0,0,0,0,0,0,0,0,0,0
9960,RIN POWDER REFRESH LEMON AND ROSE 500GM,37,4,0,0,0,0,0,0,0,0,0,0,0,0,4
9962,NIVEA BODY LOTION WHITENING CELL REPAIR 250ML,225,1,0,0,0,0,0,0,0,0,0,0,0,0,1
9963,LAKME SUN EXPERT FAIRNESS+UV LOTION SPF 24 120ML,375,0,0,0,0,0,0,0,0,0,0,0,0,0,0
9964,PEPSODENT TOOTH BRUSH FIGHTER SOFT,18,0,0,0,0,0,0,0,0,0,0,0,0,0,0
9967,QUAKER OATS PLUS MULTIGRAIN ADVANTAGE 600GM,140,0,0,0,0,0,0,0,0,0,0,0,0,0,0
9968,GOWARDHAN CHEESE SLICE 750GM,365,2,0,0,0,0,0,0,0,0,0,0,0,0,2
9969,REAL JUICE ACTIV APPLE 1LTR,120,0,0,0,0,0,0,0,0,0,0,0,0,0,0
9972,PARK AVENUE DEO MARCUS FOR MEN WITH CLASS 120ML,199,0,0,0,0,0,0,0,0,0,0,0,0,0,0
9974,CLEAR SHAMPOO COMPLETE ACTIVE CARE 375ML,305,0,0,0,0,0,0,0,0,0,0,0,0,0,0
9975,SUNFEAST FARMLITE OATS 150GM,50,3,0,0,0,0,0,0,0,0,0,0,0,0,3
9976,STAYFREE SECURE EXTRA LARGE 6PADS,35,6,0,0,0,0,0,0,0,0,0,0,0,0,6
9977,JOHNSONS BAND-AID FLEXI,2,77,0,0,0,1,0,0,0,0,0,0,0,0,76
9978,NIPPO GOLD AA BATTERY,12,-11,0,0,0,0,0,0,0,0,0,0,0,0,-11
9980,GARDEN NYLON SEV 150GM,42,3,0,0,0,0,0,0,0,0,0,0,0,0,3
9985,TASTY FRESH METHI PARANTHA 400GM,95,0,0,0,0,0,0,0,0,0,0,0,0,0,0
9986,TASTY FRESH AJWAIN PARANTHA 400GM,95,0,0,0,0,0,0,0,0,0,0,0,0,0,0
9987,AMUL ICE CREAM RASPBERRY DUETZ 60ML,15,0,0,0,0,0,0,0,0,0,0,0,0,0,0
9991,EVERYUTH FACEWASH TULSI TURMERIC 50GM,42,0,0,0,0,0,0,0,0,0,0,0,0,0,0
9992,MOTHER DAIRY ICE CREAM LIC LOLLEEZ COLA 50ML,5,0,0,0,0,0,0,0,0,0,0,0,0,0,0
9993,DETTOL BAND AID WASHPROOF,2,0,0,0,0,0,0,0,0,0,0,0,0,0,0
9994,PASEO ELEGANT BATHROOM 8IN1 ROLL,550,1,0,0,0,0,0,0,0,0,0,0,0,0,1
9995,PASEO ELEGANT BATHROOM TISSUE 12IN1 ROLL,800,1,0,0,0,0,0,0,0,0,0,0,0,0,1
9996,LAURELS TOILET 4 IN 1 ROLLS,140,0,0,0,0,0,0,0,0,0,0,0,0,0,0
10000,SAVLON SOAP GENTLE MOISTURISING 4 X 75GM,75,0,0,0,0,0,0,0,0,0,0,0,0,0,0
10006,BRITANNIA TIGER BUTTER COOKIES 32GM,5,5,0,0,0,0,0,0,0,0,0,0,0,0,5
10007,PREMIER SPECIAL FACE TISSUE 200PULLS,130,0,0,0,0,0,0,0,0,0,0,0,0,0,0
10008,PREMIER SPECIAL FACE TISSUE 100ULLS,75,8,0,0,0,0,0,0,0,0,0,0,0,0,8
10009,FIGARO OLIVE OIL 100ML,150,11,0,0,0,0,0,0,0,0,0,0,0,0,11
10010,FIGARO OLIVE OIL 200ML,280,17,0,0,0,0,0,0,0,0,0,0,0,0,17
10011,GOWARDHAN CHEESE SPREAD CREAMY 200GM,110,0,0,0,0,0,0,0,0,0,0,0,0,0,0
10012,NIVEA SHOWER GEL CREAM CARE 250ML,175,1,0,0,0,0,0,0,0,0,0,0,0,0,1
10013,RAW HONEY 1KG,435,32,0,0,0,0,0,0,0,0,0,0,0,0,32
10020,SCOTCH BRITE KITCHEN SCRUB CLOTH SINGLE,159,2,0,0,0,0,0,0,0,0,0,0,0,0,2
10023,ALLOUT MULTI INSECT KILLER 250ML,74,0,0,0,0,0,0,0,0,0,0,0,0,0,0
10027,AYURVEDA WHEAT GRASS POWDER 50GM,230,0,0,0,0,0,0,0,0,0,0,0,0,0,0
10028,DERMI COOL TALCUM REGULER 90GM,64,0,0,0,0,0,0,0,0,0,0,0,0,0,0
10029,MOOV TUBE 10GM,32,1,0,0,0,0,0,0,0,0,0,0,0,0,1
10032,MAYBELLINE BABY LIPS LYCHEE ADDICT SPF20 4.5GM,135,0,0,0,0,0,0,0,0,0,0,0,0,0,0
10034,BROOKE BOND TAAZA 500GM,165,0,0,0,0,0,0,0,0,0,0,0,0,0,0
10037,LIVON CONDITIONING CREAM COLOUR 2.0 NATURAL BLACK 15ML,39,0,0,0,0,0,0,0,0,0,0,0,0,0,0
10038,JAR 500GM,58,0,0,0,0,0,0,0,0,0,0,0,0,0,0
10041,JOHNSONS BABY SOAP 25GM,15,0,0,0,0,0,0,0,0,0,0,0,0,0,0
10042,NIVEA MEN FACEWASH  ALL IN 1 100GM,195,0,0,0,0,0,0,0,0,0,0,0,0,0,0
10043,MOTHER DAIRY ICE CREAM FRENCH VANILLA 90ML,20,0,0,0,0,0,0,0,0,0,0,0,0,0,0
10047,FIGARO OLIVE OIL TIN1LTR,875,2,0,0,0,0,0,0,0,0,0,0,0,0,2
10048,FIGARO OLIVE OIL TIN500ML,549,4,0,0,0,0,0,0,0,0,0,0,0,0,4
10051,BRITANNIA TIGER KREEMZ ORANGE BISCUITS 43GM,5,26,0,0,0,0,0,0,0,0,0,0,0,0,26
10052,LAKME CC COMPLEXION CARE CREAM BRONZE ALL IN 1 SPF 20 30ML,275,0,0,0,0,0,0,0,0,0,0,0,0,0,0
10053,CAMEL STAMP PAD,30,0,0,0,0,0,0,0,0,0,0,0,0,0,0
10054,LUXOR PERMANENT MARKER,10,-2,0,0,0,0,0,0,0,0,0,0,0,0,-2
10056,NAVNEET FUN PREMIUM COMPASS,25,12,0,0,0,0,0,0,0,0,0,0,0,0,12
10057,NAVNEET EXAMBOARD RS,150,3,0,0,0,0,0,0,0,0,0,0,0,0,3
10058,NAVNEET EXAMBOARD REGULAR,65,0,0,0,0,0,0,0,0,0,0,0,0,0,0
10060,MOTHER DAIRY ICE CREAM COMBO KAJU KISHMISH 2X700ML,220,0,0,0,0,0,0,0,0,0,0,0,0,0,0
10061,ORGANIC NATION LEMON GINGER GREEN TEA 25 BAG,150,3,0,0,0,0,0,0,0,0,0,0,0,0,3
10062,ORGANIC NATION KASHMIRI KAHWA 25BAGS,210,2,0,0,0,0,0,0,0,0,0,0,0,0,2
10065,HANDKERCHIEFS COTTON,270,0,0,0,0,0,0,0,0,0,0,0,0,0,0
10066,FROOTI MANGO DRINK 300ML,20,-5,0,0,0,0,0,0,0,0,0,0,0,0,-5
10068,CLOTH CLIPS DEEMAX,55,8,0,0,0,0,0,0,0,0,0,0,0,0,8
10069,CLOTH CLIPS KHUSHI RS.70-/,70,8,0,0,0,0,0,0,0,0,0,0,0,0,8
10071,REAL THAI COCONUT CREAM 400ML,215,3,0,0,0,0,0,0,0,0,0,0,0,0,3
10072,VEGA HAIR BRUSH RS. 99,99,0,0,0,0,0,0,0,0,0,0,0,0,0,0
10074,AMUL ICE CREAM SUGAR FREE VANILLLA WITH CHOCOLATE SAUCE 500ML,85,0,0,0,0,0,0,0,0,0,0,0,0,0,0
10075,WHEAT BRAIN,15,0,0,0,0,0,0,0,0,0,0,0,0,0,0
10079,PANTENE CONDITIONER DAILY MOISTURE REPAIR 175ML,120,0,0,0,0,0,0,0,0,0,0,0,0,0,0
10080,GILLETTE FUSION POWER 8 CARTRIDGES,1650,1,0,0,0,0,0,0,0,0,0,0,0,0,1
10089,TIFY GHERKINS FRENCH CORNICHON 350GM,110,0,0,0,0,0,0,0,0,0,0,0,0,0,0
10091,LUX SOAP VELVET TOUCH 4X100GM,94,4,0,0,0,0,0,0,0,0,0,0,0,0,4
10092,PRIL DISH BAR LIME & VINEGAR 4X200GM,51,0,0,0,0,0,0,0,0,0,0,0,0,0,0
10099,PEDIASURE COMPELE PREMIUM CHOCOLATE 1KG,1080,0,0,0,0,0,0,0,0,0,0,0,0,0,0
10100,ORBIT STRONG MINT RS20,20,0,0,0,0,0,0,0,0,0,0,0,0,0,0
10102,CLEAR SHAMPOO ICE COOL MENTHOL 170ML,135,0,0,0,0,0,0,0,0,0,0,0,0,0,0
10105,CAKE TREE CROISSANT PLAIN ,50,0,0,0,0,0,0,0,0,0,0,0,0,0,0
10107,FAIR & LOVELY FACEWASH ADVANCED  MULTI VITAMIN 50GM,58,0,0,0,0,0,0,0,0,0,0,0,0,0,0
10108,DETTOL SOAP ORIGINAL 50GM,10,0,0,0,0,0,0,0,0,0,0,0,0,0,0
10112,KAMA SUTRA DEO DARE 150ML,200,0,0,0,0,0,0,0,0,0,0,0,0,0,0
10113,WHISPER ULTRA CLEAN L WINGS 30PADS,270,3,0,0,0,0,0,0,0,0,0,0,0,0,3
10115,MOTHER DAIRY ICE CREAM SUNDAE MAGIC CHOCOLATE 750ML,140,1,0,0,0,0,0,0,0,0,0,0,0,0,1
10117,PAGRO MIXED VEGETABLES 500GM,60,0,0,0,0,0,0,0,0,0,0,0,0,0,0
10118,HAMDARD JOSHINA 100ML,65,2,0,0,0,0,0,0,0,0,0,0,0,0,2
10124,CAKE TREE BURGER VEG IN BOX,45,0,0,0,0,0,0,0,0,0,0,0,0,0,0
10126,ODONIL NATURE AIR FRESHNER MULTI PEICE 4X75GM,201,3,0,0,0,0,0,0,0,0,0,0,0,0,3
10128,CYCLE OM SHANTI DHUP AGARBATHIES 10N,10,0,0,0,0,0,0,0,0,0,0,0,0,0,0
10130,FUN FOODS TOMATO IMLI SAMOSA DIP 275GM,69,0,0,0,0,0,0,0,0,0,0,0,0,0,0
10131,HALDIRAMS SALTED PEANUTS 200GM,46,25,0,0,0,1,0,0,0,0,0,0,0,0,24
10133,CATCH SPRING COLA BOTTLE 200ML,10,0,0,0,0,0,0,0,0,0,0,0,0,0,0
10134,LOREAL SHAMPOO SMOOTH INTENSE 75ML,55,0,0,0,0,0,0,0,0,0,0,0,0,0,0
10136,MOTHER DAIRY ICE CREAM SUNDAE MAGIC CHOCOLATE+VANILLA 125ML,30,0,0,0,0,0,0,0,0,0,0,0,0,0,0
10137,MOTHER DAIRY ICE CREAM KACHAA PAKAA MANGO 125ML,30,0,0,0,0,0,0,0,0,0,0,0,0,0,0
10140,SUHANA SPECIAL UDID PAPAD 200GM,67,0,0,0,0,0,0,0,0,0,0,0,0,0,0
10141,SUHANA SPECIAL PUNJABI PAPAD 200GM,77,0,0,0,0,0,0,0,0,0,0,0,0,0,0
10142,SUHANA CHICKEN TANDOORI MIX 100GM,50,0,0,0,0,0,0,0,0,0,0,0,0,0,0
10143,SUHANA CHICKEN GRAVY MIX 80GM,40,0,0,0,0,0,0,0,0,0,0,0,0,0,0
10144,SUHANA CHICKEN TIKKA MASALA MIX 80GM,45,0,0,0,0,0,0,0,0,0,0,0,0,0,0
10145,SUHANA RAJMA MASALA MIX 50GM,35,0,0,0,0,0,0,0,0,0,0,0,0,0,0
10149,ORAL-B TOOTH BRUSH SENSITIVE SUPER THIN EXTRA SOFT BUY 2 GET 1 FREE,100,0,0,0,0,0,0,0,0,0,0,0,0,0,0
10150,LUX SOAP SOFT TOUCH 4X100GM,87,0,0,0,0,0,0,0,0,0,0,0,0,0,0
10151,TRESEMME CONDITIONER KERATIN SMOOTH 190ML,216,0,0,0,0,0,0,0,0,0,0,0,0,0,0
10152,FAIR & LOVELY MEN FACEWASH REMOVER DULLNESS + POLLUTION 100GM,150,0,0,0,0,0,0,0,0,0,0,0,0,0,0
10158,AMUL ICE CREAM STRAWBERRY SUNDAE TUB 1LTR,150,1,0,0,0,0,0,0,0,0,0,0,0,0,1
10160,COLGATE TOOTH PASTE ACTIVE SALT HEALTHY WHITE 100GM,54,0,0,0,0,0,0,0,0,0,0,0,0,0,0
10162,LIPTON GREEN TEA JASMINE AURA 10TEA BAGS,55,0,0,0,0,0,0,0,0,0,0,0,0,0,0
10163,BROOKE BOND TAAZA TEA 15GM,5,2,0,0,0,0,0,0,0,0,0,0,0,0,2
10166,LUX SOAP VELVET TOUCH 4X54GM,40,0,0,0,0,0,0,0,0,0,0,0,0,0,0
10167,GARDEN TEA TIME PURI 160GM,44,0,0,0,0,0,0,0,0,0,0,0,0,0,0
10168,MISTER POTATO CRISPS CHEESE 160GM,189,0,0,0,0,0,0,0,0,0,0,0,0,0,0
10171,ODONIL NATURE AIR FRESHNER MULTI PEICE 4X50GM,135,4,0,0,0,0,0,0,0,0,0,0,0,0,4
10173,MAYBELLINE BABY LIPS WATERMELON SMOOTH SPF20 4GM,135,0,0,0,0,0,0,0,0,0,0,0,0,0,0
10176,ANNE FRENCH LEMON HAIR REMOVER CREAM 40GM,55,0,0,0,0,0,0,0,0,0,0,0,0,0,0
10179,VEGA FOOT SCRUB PD-06N,99,0,0,0,0,0,0,0,0,0,0,0,0,0,0
10180,KEO KARPIN HAIR OIL 300ML,110,1,0,0,0,0,0,0,0,0,0,0,0,0,1
10182,SCOTCH BRITE T.BRUSH WITH ROUND,250,2,0,0,0,0,0,0,0,0,0,0,0,0,2
10183,SCOTCH BRITE T.BRUSH,119,0,0,0,0,0,0,0,0,0,0,0,0,0,0
10185,GILLETTE MACH 3 RAZOR,129,0,0,0,0,0,0,0,0,0,0,0,0,0,0
10186,GILLETTE FUSION 5BLADE 2CARTRIDGES,465,0,0,0,0,0,0,0,0,0,0,0,0,0,0
10188,GOPAL JEE ACHAR MASALA 500GM,110,0,0,0,0,0,0,0,0,0,0,0,0,0,0
10193,CAKE TREE PIZZA 1SLICE,45,0,0,0,0,0,0,0,0,0,0,0,0,0,0
10195,PARLE MELODY CHOCOMEL ECLAIRS POUCH,50,0,0,0,0,0,0,0,0,0,0,0,0,0,0
10198,ORAL-B TOOTH BRUSH ANTI-BACTERIAL PRO-HEALTH SOFT BUY2GET1FREE,198,2,0,6,0,0,0,0,0,0,0,0,0,0,8
10201,JULIES LE-MOND CHOCOLATE FLAVOURED PUFF SANDWICH 170GM,159,0,0,0,0,0,0,0,0,0,0,0,0,0,0
10202,DELICIOUS CHICKEN POP CORM 250GM,100,0,0,0,0,0,0,0,0,0,0,0,0,0,0
10203,DELICIOUS CRUNCHY MUNCHY 300GM,155,0,0,0,0,0,0,0,0,0,0,0,0,0,0
10204,DELICIOUS CHICKEN MINCED MEAT 500GM,180,0,0,0,0,0,0,0,0,0,0,0,0,0,0
10206,COLGATE SENSITIVE PLUS RELIFE TOOTHPASTE 70GM,111,0,0,0,0,0,0,0,0,0,0,0,0,0,0
10207,COLGATE TOOTH PASTE TOTAL ADVANCED HEALTH 2X120=240GM,153,0,0,0,0,0,0,0,0,0,0,0,0,0,0
10210,COLGATE TOOTH BRUSH BARBIE KIDS,75,0,0,0,0,0,0,0,0,0,0,0,0,0,0
10211,COLGATE TOOTH PASTE MAXIMUM CAVITY PROTECTION PLUS SUGAR ACID 100GM,50,0,0,0,0,0,0,0,0,0,0,0,0,0,0
10212,COLGATE TOOTH PASTE MAXIMUM CAVITY PROTECTION SUGAR ACID NEUTRALIZER 200GM,96,0,0,0,0,0,0,0,0,0,0,0,0,0,0
10213,COLGATE TOOTH POWDER 50GM,20,0,0,0,0,0,0,0,0,0,0,0,0,0,0
10214,PARK AVENUE TALC GOOD MORNING 100GM,49,0,0,0,0,0,0,0,0,0,0,0,0,0,0
10215,HE DEO EXTROVERT150ML,180,0,0,0,0,0,0,0,0,0,0,0,0,0,0
10216,EVERYUTH FACEWASH RADIANT FAIRNESS SAFFRON 50GM,75,0,0,0,0,0,0,0,0,0,0,0,0,0,0
10217,EVERYUTH STRAWBERRY SCRUB 50G,90,0,0,0,0,0,0,0,0,0,0,0,0,0,0
10218,EVERYUTH CUCUMBER FACE PACK 50GM,60,0,0,0,0,0,0,0,0,0,0,0,0,0,0
10219,EVERYUTH CUCUMBER FACE PACK 100GM,95,0,0,0,0,0,0,0,0,0,0,0,0,0,0
10220,EVERYUTH NATURAL GOLDEN GLOW PEEL-OFF MASK 30GM,50,0,0,0,0,0,0,0,0,0,0,0,0,0,0
10221,EVERYUTH ORANGE PEEL-OFF MASK 30GM,45,0,0,0,0,0,0,0,0,0,0,0,0,0,0
10222,SUGAR FREE GOLD 110TAB,62,3,0,0,0,0,0,0,0,0,0,0,0,0,3
10224,REX JELLY RASPBERRY 85GM,40,0,0,0,0,0,0,0,0,0,0,0,0,0,0
10225,YARDLEY DEO GENTLEMAN CITRUS & WOOD BODY SPRAY 150ML,199,0,0,0,0,0,0,0,0,0,0,0,0,0,0
10227,DETTOL HAND SANITIZER SPRING FRESH 50ML,77,1,0,0,0,0,0,0,0,0,0,0,0,0,1
10228,HARPIC FLUSHMATIC AQUAMARINE 2X50GM=100GM,110,1,0,0,0,0,0,0,0,0,0,0,0,0,1
10229,MOOV PAIN RELIFE SPECIALIST 30GM,99,1,0,0,0,0,0,0,0,0,0,0,0,0,1
10231,DURACELL 9V2 BATTERIES,440,2,0,0,0,0,0,0,0,0,0,0,0,0,2
10232,PAMPERS BABY DRY PANTS SMALL 8DIPERS,95,2,0,0,0,0,0,0,0,0,0,0,0,0,2
10233,PAMPERS BABY DRY PANTS XL 7PANTS,135,1,0,0,0,0,0,0,0,0,0,0,0,0,1
10234,PAMPERS BABY DRY PANTS LARGE  8DIAPERS,135,0,0,0,0,0,0,0,0,0,0,0,0,0,0
10235,PAMPERS BABY DRY LARGE 38DIAPERS,510,0,0,0,0,0,0,0,0,0,0,0,0,0,0
10238,STAYFREE DRY MAX ALL NIGHT ULTRA DRY XL  7PADS,90,10,0,0,0,0,0,0,0,0,0,0,0,0,10
10240,SAVLON SOAP WITH ALOE VERA 75GM,22,0,0,0,0,0,0,0,0,0,0,0,0,0,0
10241,SAVLON SOAP NATURAL MOISTURISING WITH ALOE VERA 125GM,40,0,0,0,0,0,0,0,0,0,0,0,0,0,0
10243,ORGANIC NATION CHILLI GARLIC CHUTNEY SPREAD 400GM,150,1,0,0,0,0,0,0,0,0,0,0,0,0,1
10244,ORGANIC NATION DECAF BLACK TEA 25 TEA BAGS,160,0,0,0,0,0,0,0,0,0,0,0,0,0,0
10245,PONDS DREAMFLOWER FRAGRANT TALCUM 50GM,37,0,0,0,0,0,0,0,0,0,0,0,0,0,0
10246,PONDS TALCUM MAGIC FRESHNESS 50GM,50,0,0,0,0,0,0,0,0,0,0,0,0,0,0
10247,SUNSILK SHAMPOO LUSCIOUSLY THICK & LONG 340ML,190,0,0,0,0,0,0,0,0,0,0,0,0,0,0
10250,KESH KING SHAMPOO ALOEVERA HERBAL 200ML,174,0,0,0,0,0,0,0,0,0,0,0,0,0,0
10255,SIMCO HAIR SPRAY BLACK 100ML,110,0,0,0,0,0,0,0,0,0,0,0,0,0,0
10256,HENKO MATIC LINT ELLIGENT TOP LOAD PINK 1KG,215,0,0,0,0,0,0,0,0,0,0,0,0,0,0
10257,EXO DISHBAR 145GM,10,0,0,0,0,0,0,0,0,0,0,0,0,0,0
10259,GALA WINDOW WASHER,110,0,0,0,0,0,0,0,0,0,0,0,0,0,0
10260,GALA PLUNGER MEDIUM,70,1,0,0,0,0,0,0,0,0,0,0,0,0,1
10261,HAPPYDENT WAVE STRAWBERRY FLAVOUR,1,0,0,0,0,0,0,0,0,0,0,0,0,0,0
10262,CENTER FRESH STIK 16GM,5,0,0,0,0,0,0,0,0,0,0,0,0,0,0
10267,GODREJ SOAP KESAR MILK CREAM RS.5,5,0,0,0,0,0,0,0,0,0,0,0,0,0,0
10272,MOTHER DAIRY ICE CREAM BLUEBERRY BLISS TUB 1LTR,250,0,0,0,0,0,0,0,0,0,0,0,0,0,0
10273,HARPIC DISINFECTANT TOILET CLEANER ULTRA POWER 450ML,74,0,0,0,0,0,0,0,0,0,0,0,0,0,0
10277,PAPER BOAT AAM PANNA 200ML,20,3,0,0,0,1,0,0,0,0,0,0,0,0,2
10278,GILLETTE SHAVING GEL SENSITIVE SKIN 25GM,44,0,0,0,0,0,0,0,0,0,0,0,0,0,0
10279,ORAL-B TOOTH BRUSH PRO-HEALTH IMPROVES GUM HEALTH IN 4 WEEKS MEDIUM BUY2GET1 FREE,150,2,0,0,0,0,0,0,0,0,0,0,0,0,2
10280,AMUL ICE CREAM KING ALPHONSO 1 LTR TUB,200,1,0,0,0,0,0,0,0,0,0,0,0,0,1
10281,AMUL ICE CREAM CHOCO CARAMEL 1LTR TUB,200,0,0,0,0,0,0,0,0,0,0,0,0,0,0
10282,AMUL ICE CREAM CARAMEL COOKIES 1LTR TUB,200,0,0,0,0,0,0,0,0,0,0,0,0,0,0
10283,AMUL ICE CREAM ORANGE SALSA 1LTR TUB,200,0,0,0,0,0,0,0,0,0,0,0,0,0,0
10284,AMUL ICE CREAM CREME RICH CHOCOLATE  FUDGE 125ML,40,0,0,0,0,0,0,0,0,0,0,0,0,0,0
10285,LIPTON GREEN TEA FEEL LIGHT FEEL ACTIVE 100GM,95,0,0,0,0,0,0,0,0,0,0,0,0,0,0
10287,MCCAIN VEGGIE FINGERS 400GM,115,8,0,0,0,0,0,0,0,0,0,0,0,0,8
10288,MCCAIN VEGGIE FINGERS 175GM,45,1,0,0,0,0,0,0,0,0,0,0,0,0,1
10289,HALDIRAMS DIET LEMON BHEL 150GM,30,-1,0,0,0,0,0,0,0,0,0,0,0,0,-1
10290,HALDIRAMS SOAN PAPDI 2X500GM,350,0,0,0,0,0,0,0,0,0,0,0,0,0,0
10291,HALDIRAMS SOAN PAPDI 500GM,180,0,0,0,0,0,0,0,0,0,0,0,0,0,0
10293,GLUCOVITA BOLTS STRAWBERRY FLAVOUR 18GM,10,0,0,0,0,0,0,0,0,0,0,0,0,0,0
10294,CAKE TREE CHICKEN BURGER,50,0,0,0,0,0,0,0,0,0,0,0,0,0,0
10295,EKO PURE TOILET TISSUE 12 IN 1,200,-4,0,0,0,0,0,0,0,0,0,0,0,0,-4
10296,LAURELS DINNER NAPKIN 40 CM,60,0,0,0,0,0,0,0,0,0,0,0,0,0,0
10298,NAVNEET BOOK 3 IN 1,45,0,0,0,0,0,0,0,0,0,0,0,0,0,0
10299,NAVNEET HELIX GEOMETRY BOX,100,7,0,0,0,0,0,0,0,0,0,0,0,0,7
10300,NAVNEET TWISTABLE CRAYONS 12,18,-1,0,0,0,0,0,0,0,0,0,0,0,0,-1
10302,STIC BALL PENS RS.6/PEC,6,0,0,0,0,0,0,0,0,0,0,0,0,0,0
10303,RORITO ROBOMAX FUTURE PEN,50,0,0,0,0,0,0,0,0,0,0,0,0,0,0
10305,FORTUNE UBILEE PREMIUM RICE 1KG,75,0,0,0,0,0,0,0,0,0,0,0,0,0,0
10306,FORTUNE RICE BRAN OIL 2LTR,240,0,0,0,0,0,0,0,0,0,0,0,0,0,0
10307,MONTEX BALL PEN RS.10/P,10,0,0,0,0,0,0,0,0,0,0,0,0,0,0
10310,DAL SPROUTS MOONG SABUT 250GM,35,4,0,0,0,4,0,0,0,0,0,0,0,0,0
10311,MARGO SOAP ORIGINAL NEEM 4X100GM,72,0,0,0,0,0,0,0,0,0,0,0,0,0,0
10313,COLGATE TOOTH BRUSH SLIM SOFT TRITIP SOFT 1P,90,0,0,0,0,0,0,0,0,0,0,0,0,0,0
10317,MEDIMIX SOAP CLASSIC 3X125GM,97,0,0,0,0,0,0,0,0,0,0,0,0,0,0
10318,CLOSEUP TOOTH PASTE DAIMOND ATTRACTION 100GM,87,0,0,0,0,0,0,0,0,0,0,0,0,0,0
10319,CLOSEUP TOOTH PASTE DAIMOND ATTRACTION 50GM,48,0,0,0,0,0,0,0,0,0,0,0,0,0,0
10320,PONDS MEN OIL CONTROL FAIRNESS MOISTURIER 40GM,150,0,0,0,0,0,0,0,0,0,0,0,0,0,0
10321,PONDS MEN OIL CONTROL FAIRNESS MOISTURIZER 20GM,95,0,0,0,0,0,0,0,0,0,0,0,0,0,0
10322,PONDS MEN MOISTURIZER GEL ENERGY CHARGE 20GM,85,0,0,0,0,0,0,0,0,0,0,0,0,0,0
10323,PONDS MEN MOISTURIZER GEL ENERGY CHARGE 40GM,150,0,0,0,0,0,0,0,0,0,0,0,0,0,0
10324,PONDS MEN FACEWASH OIL CONTROL FACEWASH 100GM,185,0,0,0,0,0,0,0,0,0,0,0,0,0,0
10326,PONDS MEN FACEWASH ENERGY CHARGE 50GM,99,1,0,0,0,0,0,0,0,0,0,0,0,0,1
10328,MOOV SPRAY 50ML,145,0,0,0,0,0,0,0,0,0,0,0,0,0,0
10331,DELICIOUS MARINATED DRUMSTICKS 400GM,175,0,0,0,0,0,0,0,0,0,0,0,0,0,0
10332,DELICOIUS CHICKEN WINGS 500GM,190,0,0,0,0,0,0,0,0,0,0,0,0,0,0
10333,DELICIOUS CHICKEN MARINATED LOLLOPOP 300GM,130,0,0,0,0,0,0,0,0,0,0,0,0,0,0
10335,HALDI KACHA,140,0,0,0,0,0,0,0,0,0,0,0,0,0,0
10336,FORTUNE FILTERED MUSTARD OIL 1LTR,142,23,0,0,0,0,0,0,0,0,0,0,0,0,23
10337,MOTHER DAIRY ICE CREAM CONE DISC CHOCONADO 100ML,40,26,0,0,0,0,0,0,0,0,0,0,0,0,26
10344,ARTLINE PERMANENT MARKER,20,-1,0,0,0,0,0,0,0,0,0,0,0,0,-1
10347,GARNIER FRUCTIS CONDITIONER TRIPLE NUTRITION 175ML,150,0,0,0,0,0,0,0,0,0,0,0,0,0,0
10348,GARNIER FRUCTIS SHAMPOO FALL FIGHT 340ML,230,0,0,0,0,0,0,0,0,0,0,0,0,0,0
10351,MAGGI 2 MINUTE VEG ATTA NOODLES 320GM,78,0,0,0,0,0,0,0,0,0,0,0,0,0,0
10353,NIVEA SHOWER GEL FRANGIPANI & OIL 250ML,199,0,0,0,0,0,0,0,0,0,0,0,0,0,0
10354,NIVEA SHOWER GEL CREME SOFT 250ML,175,1,0,0,0,0,0,0,0,0,0,0,0,0,1
10355,NIVEA SHOWER CREME COCONUT 250ML,165,0,0,0,0,0,0,0,0,0,0,0,0,0,0
10356,NIVEA BODY LOTION EXTRA WHITENNING UV PROTECT SPF 15 350ML,375,0,0,0,0,0,0,0,0,0,0,0,0,0,0
10357,NIVEA BODY MILK NOURISHING LOTION 200ML,210,0,0,0,0,0,0,0,0,0,0,0,0,0,0
10360,NIVEA FACEWASH OIL CONTROL MOISTURISER UV 10X 15ML,99,0,0,0,0,0,0,0,0,0,0,0,0,0,0
10361,MTR OATS UPMA 180GM,52,0,0,0,0,0,0,0,0,0,0,0,0,0,0
10363,NIVEA BODY LOTION SMOOTH SENSATION 200ML,265,0,0,0,0,0,0,0,0,0,0,0,0,0,0
10365,NIVEA MEN OIL CONTROL MOISTURISER UV WHITENING 40ML,190,0,0,0,0,0,0,0,0,0,0,0,0,0,0
10366,NIVEA MEN SHAVING FOAM FRESH ACTIVE 200ML,199,0,0,0,0,0,0,0,0,0,0,0,0,0,0
10367,NIVEA MEN SHAVING GEL EXTRA MOISTURE ORIGINALS 200ML,275,0,0,0,0,0,0,0,0,0,0,0,0,0,0
10368,NIVEA MEN SHAVING GEL SENSITIVE 200ML,275,0,0,0,0,0,0,0,0,0,0,0,0,0,0
10369,NIVEA MEN DEO FRESH POWER CHARGE 150ML,190,2,0,0,0,0,0,0,0,0,0,0,0,0,2
10370,NIVEA MEN DEO SPORT 150ML,199,2,0,0,0,0,0,0,0,0,0,0,0,0,2
10371,NIVEA MEN DEO FRESH ACTIVE BURST 150ML,199,0,0,0,0,0,0,0,0,0,0,0,0,0,0
10372,NIVEA DEO FRESH NATURALS ROLL ON 50ML,185,0,0,0,0,0,0,0,0,0,0,0,0,0,0
10376,PARLE HIDE&SEEK BLACK BOURBON CHOCO 100GM,25,0,0,0,0,0,0,0,0,0,0,0,0,0,0
10378,PARLE GOLD STAR CASHEW BUTTER COOKIES 75GM,10,0,0,0,0,0,0,0,0,0,0,0,0,0,0
10380,PARLE HIDE&SEEK FAB STRWBERRY 100GM,25,0,0,0,0,0,0,0,0,0,0,0,0,0,0
10383,PARLE HIDE&SEEK FAB CHOCOLATE 100GM,25,0,0,0,0,0,0,0,0,0,0,0,0,0,0
10384,PARLE TOP DELICIOUS BUTTER CRACKERS 90GM,10,17,0,0,0,1,0,0,0,0,0,0,0,0,16
10385,PARLE HAPPY HAPPY CHOCO CHIP COOKIES 90GM,10,14,0,0,0,1,0,0,0,0,0,0,0,0,13
10387,PARLE MARIE WITH WHEAT BENEFITS 250GM,27,-1,0,0,0,0,0,0,0,0,0,0,0,0,-1
10389,MCVITIES OAT COOKIES 150GM,40,4,0,0,0,1,0,0,0,0,0,0,0,0,3
10390,MCVITIES CASHEW COOKIES 60GM,10,0,0,0,0,0,0,0,0,0,0,0,0,0,0
10391,MCVITIES DIGESTIVE WHOLE WHEAT 150GM,35,4,0,0,0,0,0,0,0,0,0,0,0,0,4
10392,MCVITIES DIGESTIVE LIGHT 400GM,190,0,0,0,0,0,0,0,0,0,0,0,0,0,0
10393,SUNFEAST DREAM CREAM BUTTER SCOTCH ZING 60GM,10,0,0,0,0,0,0,0,0,0,0,0,0,0,0
10394,SUNFEAST DREAM CREAM BUTTER SCOTCH ZING 120GM,20,0,0,0,0,0,0,0,0,0,0,0,0,0,0
10395,SUNFEAST BOUNCE ELAICHI DELIGHT 100GM,10,9,0,0,0,0,0,0,0,0,0,0,0,0,9
10396,SUNFEAST MARIE LIGHT OATS 120GM,15,2,0,0,0,0,0,0,0,0,0,0,0,0,2
10397,SUNFEAST MARIE LIGHT ORANGE 120GM,15,1,0,0,0,0,0,0,0,0,0,0,0,0,1
10398,SUNFEAST BOUNCE PINEAPPLE ZING 50GM,5,-1,0,0,0,0,0,0,0,0,0,0,0,0,-1
10399,SUNFEAST BOUNCE PINEAPPLE ZING 100GM,10,3,0,0,0,0,0,0,0,0,0,0,0,0,3
10400,SUNFEAST CASHEW COOKIES 150GM,20,0,0,0,0,0,0,0,0,0,0,0,0,0,0
10401,SUNFEAST DREAM CREAM STRAWBERRY VANILLA 120GM,20,10,0,0,0,0,0,0,0,0,0,0,0,0,10
10402,SUNFEAST KESARI ELAICHI COOKIES 150GM,20,0,0,0,0,0,0,0,0,0,0,0,0,0,0
10403,SUNFEAST BOUNCE CHOCO TWIST 50GM,5,1,0,0,0,0,0,0,0,0,0,0,0,0,1
10404,SUNFEAST DARK FANTASY CHOCO CREME 60GM,15,0,0,0,0,0,0,0,0,0,0,0,0,0,0
10405,SUNFEAST DELISHUS NUTS & RAISINS BISCOTTI 150GM,60,0,0,0,0,0,0,0,0,0,0,0,0,0,0
10406,SUNFEAST FARMLITE OATS & ALMONDS BISCUITS 75GM,25,0,0,0,0,0,0,0,0,0,0,0,0,0,0
10407,SUNFEAST FARMLITE OATS & RAISINS BISCUITS 75GM,25,0,0,0,0,0,0,0,0,0,0,0,0,0,0
10408,SUNFEAST FARMLITE OATS & RAISINS BISCUITS 150GM,50,0,0,0,0,0,0,0,0,0,0,0,0,0,0
10409,SUNFEAST FARMLITE OATS & ALMONDS BISCUITS 150GM,50,0,0,0,0,0,0,0,0,0,0,0,0,0,0
10411,REAL THAI YELLO CURRY PASTE 50GM,60,3,0,0,0,0,0,0,0,0,0,0,0,0,3
10412,WEIKFIELD JELLY MANGO 90GM,45,1,0,0,0,0,0,0,0,0,0,0,0,0,1
10413,WEIKFIELD JELLY LYCHEE 90GM,40,0,0,0,0,0,0,0,0,0,0,0,0,0,0
10414,WEIKFIELD JELLY CRYSTALS ORANGE 90GM,45,0,0,0,0,0,0,0,0,0,0,0,0,0,0
10415,BINGO TANGLES SALTED TANGLE 40GM,20,0,0,0,0,0,0,0,0,0,0,0,0,0,0
10418,BINGO YUMITOS MASALA REMIX 66GM,20,17,0,0,0,0,0,0,0,0,0,0,0,0,17
10419,BINGO MAD ANGLES ACHAARI MASTI 45GM,10,0,0,0,0,0,0,0,0,0,0,0,0,0,0
10420,BINGO TANGLES MASALA TANGLE 90GM,20,0,0,0,0,0,0,0,0,0,0,0,0,0,0
10421,BINGO MAD ANGLES ACHAARI MASTI 90GM,20,16,0,0,0,0,0,0,0,0,0,0,0,0,16
10422,BINGO YUMITOS JUICY TOMATO KETCHUP 66GM,20,12,0,0,0,0,0,0,0,0,0,0,0,0,12
10423,BINGO YUMITOS RED CHILLI BIJLI  66GM,20,0,0,0,0,0,0,0,0,0,0,0,0,0,0
10424,OPERA POTATO CRISPS ITALIAN HERBS 55GM,60,0,0,0,0,0,0,0,0,0,0,0,0,0,0
10425,OPERA POTATO CRISPS CHEESE JALAPENO,60,0,0,0,0,0,0,0,0,0,0,0,0,0,0
10426,OPERA POTATO CRISPS SALT AND BLACK PEPPER,60,1,0,0,0,0,0,0,0,0,0,0,0,0,1
10427,OPERA POTATO CRISPS PIRI PIRI 55GM,60,1,0,0,0,0,0,0,0,0,0,0,0,0,1
10428,FUN FOODS CUCUMBER&CARROT SANDIWICH SPREAD CLASSIC 275GM,79,2,0,0,0,0,0,0,0,0,0,0,0,0,2
10429,FUN FOODS THOUSAND ISLAND SANDIWICH SPREAD EGGLESS 300GM,79,0,0,0,0,0,0,0,0,0,0,0,0,0,0
10430,FUN FOODS CUCUMBER CARROT SANDWICH SPREAD EGGLESS 275GM,79,4,0,0,0,0,0,0,0,0,0,0,0,0,4
10431,FUN FOODS PASTA ALIREDO WITH CHEESE 275GM,115,2,0,0,0,0,0,0,0,0,0,0,0,0,2
10433,FUN FOODS SPICY VINEGAR 190GM,45,2,0,0,0,0,0,0,0,0,0,0,0,0,2
10434,KURKURE MASALA MUNCH 102GM,20,0,0,0,0,0,0,0,0,0,0,0,0,0,0
10435,KURKURE CHILLI CHATKA 100GM,20,0,0,0,0,0,0,0,0,0,0,0,0,0,0
10436,KURKURE GREEN CHUTNEY RAJASTHANI STYLE 106GM,20,0,0,0,0,0,0,0,0,0,0,0,0,0,0
10437,KURKURE PUFFCORN YUMMY CHEESE 69GM,20,24,0,0,0,1,0,0,0,0,0,0,0,0,23
10438,KURKURE SOLID MASTI MASALA 90GM,20,0,0,0,0,0,0,0,0,0,0,0,0,0,0
10439,LAYS SPANISH TOMATO TANGO 100GM,35,8,0,0,0,1,0,0,0,0,0,0,0,0,7
10440,LAYS AMERICAN STYLE CREAM & ONION 100GM,35,4,0,0,0,2,0,0,0,0,0,0,0,0,2
10441,LAYS MAGIC MASALA 95GM,35,0,0,0,0,0,0,0,0,0,0,0,0,0,0
10442,LAYS MAGIC MASALA 180GM,65,0,0,0,0,0,0,0,0,0,0,0,0,0,0
10443,LAYS CHILE LIMON 55GM,20,0,0,0,0,0,0,0,0,0,0,0,0,0,0
10444,LAYS CLASSIC SALTED 95GM,35,0,0,0,0,0,0,0,0,0,0,0,0,0,0
10445,LAYS MAGIC MASALA 55GM,20,1,0,0,0,0,0,0,0,0,0,0,0,0,1
10446,NESCAFE GOLD 200GM+NESTLE EVERYDAY 400GM,875,0,0,0,0,0,0,0,0,0,0,0,0,0,0
10447,LIPTON GREEN TEA PURE & LIGHT 20 TEA BAGS,105,0,0,0,0,0,0,0,0,0,0,0,0,0,0
10448,LIPTON GREEN TEA PURE & LIGHT 10BAGS,60,4,0,0,0,0,0,0,0,0,0,0,0,0,4
10449,LIPTON GREEN TEA LEMON ZEST 20 TEA BAGS,105,0,0,0,0,0,0,0,0,0,0,0,0,0,0
10450,LIPTON DARJEELING TEA 100GM,150,1,0,0,0,0,0,0,0,0,0,0,0,0,1
10451,LIPTON YELLOW LABEL TEA 250GM,200,0,0,0,0,0,0,0,0,0,0,0,0,0,0
10453,BROOKE BOND RED LABEL TEA 100GM,30,4,0,0,0,0,0,0,0,0,0,0,0,0,4
10454,BROOKE BOND RED LABEL TEA 500GM,185,1,0,0,0,0,0,0,0,0,0,0,0,0,1
10455,BROOKE BOND RED LABEL TEA POUCH 250GM,86,0,0,0,0,0,0,0,0,0,0,0,0,0,0
10457,TETLEY GREEN TEA WEBLING IN EVERY SIP 30BAGS,150,0,0,0,0,0,0,0,0,0,0,0,0,0,0
10458,TETLEY MASALA TEA 25BAGS,110,0,0,0,0,0,0,0,0,0,0,0,0,0,0
10459,TETLEY GREEN TEA GINGER MINT & LEMON 100BAGS,450,0,0,0,0,0,0,0,0,0,0,0,0,0,0
10460,TETLEY GREEN TEA LEMON & HONEY 100BAGS,450,0,0,0,0,0,0,0,0,0,0,0,0,0,0
10461,BROOKE BOND TAJ MAHAL TEA 500GM,225,0,0,0,0,0,0,0,0,0,0,0,0,0,0
10462,BROOKE BOND TAJ MAHAL TEA FLAVOUR OF DARJEELING 100GM,54,0,0,0,0,0,0,0,0,0,0,0,0,0,0
10463,BROOKE BOND TAJ MAHAL TEA 250GM,115,6,0,0,0,0,0,0,0,0,0,0,0,0,6
10464,BROOKE BOND TAJ MAHAL TEA FLAVOUR OF DARJEELING 250GM,135,0,0,0,0,0,0,0,0,0,0,0,0,0,0
10465,BROOKE BOND TAJ MAHAL TEA 100BAGS,136,19,0,0,0,0,0,0,0,0,0,0,0,0,19
10467,BASIC AYURVEDA GURU RAM RAS 500ML,188,0,0,0,0,0,0,0,0,0,0,0,0,0,0
10468,BASIC AYURVEDA NONI VIRGIN JUICE 500ML,399,0,0,0,0,0,0,0,0,0,0,0,0,0,0
10469,HORLICKS JUNIOR ORIGINAL 500GM,272,2,0,0,0,0,0,0,0,0,0,0,0,0,2
10470,HORLICKS CHOCOLATE DELIGHT 500GM,209,1,0,0,0,0,0,0,0,0,0,0,0,0,1
10472,HORLICKS WOMENS CHOCOLATE 400GM,285,1,0,0,0,0,0,0,0,0,0,0,0,0,1
10473,COMPLAN KESAR BADAM MILK DRINK 400GM,245,0,0,0,0,0,0,0,0,0,0,0,0,0,0
10474,TATA TEA TEAVEDA 250GM,90,0,0,0,0,0,0,0,0,0,0,0,0,0,0
10475,TATA TEA ACTI GREEN 20 TEA BAGS,75,0,0,0,0,0,0,0,0,0,0,0,0,0,0
10476,TATA TEA ACTI GREEN TEA TULSI NIMBU 5 TEA BAGS,20,0,0,0,0,0,0,0,0,0,0,0,0,0,0
10477,TATA TEA ACTI GREEN GREEN TEA 5 TEA BAGS,20,0,0,0,0,0,0,0,0,0,0,0,0,0,0
10478,TOPS SWEET MANGO CHUTNEY 400GM,105,0,0,0,0,0,0,0,0,0,0,0,0,0,0
10479,TOPS MANGO PICKLE 400GM,90,0,0,0,0,0,0,0,0,0,0,0,0,0,0
10480,TOPS GREEN CHILLI PICKLE 400GM,92,0,0,0,0,0,0,0,0,0,0,0,0,0,0
10481,TOPS STUFFED RED CHILLIES PICKLE 500GM,105,0,0,0,0,0,0,0,0,0,0,0,0,0,0
10482,YUMMIEZ FRENCH FRIES 750GM,150,0,0,0,0,0,0,0,0,0,0,0,0,0,0
10483,CADBURY DAIRY MILK CHOCOLATE 165GM,135,0,0,0,0,0,0,0,0,0,0,0,0,0,0
10484,CADBURY DAIRY MILK SILK FRUIT & NUT 137GM,150,6,0,0,0,1,0,0,0,0,0,0,0,0,5
10485,CADBURY PERK GLUCOSE 19GM,5,0,0,0,0,0,0,0,0,0,0,0,0,0,0
10486,CADBURY DAIRY MILK SILK CHOCOLATE 60GM,65,42,0,0,0,1,0,0,0,0,0,0,0,0,41
10487,CADBURY DAIRY MILK ROAST ALMOND 42GM,40,31,0,0,0,0,0,0,0,0,0,0,0,0,31
10489,CADBURY DAIRY MILK CHOCOLATE 40GM,40,16,0,0,0,0,0,0,0,0,0,0,0,0,16
10490,CADBURY DAIRY MILK CHOCOLATE 36GM,25,0,0,0,0,0,0,0,0,0,0,0,0,0,0
10491,CADBURY BOURNVILLE RAISIN & NUT CHOCOLATE 80GM,90,6,0,0,0,0,0,0,0,0,0,0,0,0,6
10492,CADBURY DAIRY MILK SILK CARAMELLO 136GM,175,0,0,0,0,0,0,0,0,0,0,0,0,0,0
10494,CADBURY BOURNVILLE CRANBERRY CHOCOLATE 33GM,49,0,0,0,0,0,0,0,0,0,0,0,0,0,0
10496,CADBURY BOURNVILLE RAISIN & NUT CHOCHOLATE 31GM,49,0,0,0,0,0,0,0,0,0,0,0,0,0,0
10497,KEYA KAJUN SEASONING 50GM,99,0,0,0,0,0,0,0,0,0,0,0,0,0,0
10498,VASELINE HEALTHY WHITE SPF24 100ML,135,0,0,0,0,0,0,0,0,0,0,0,0,0,0
10499,VASELINE HEALTHY WHITE TRIPLE LIGHTENING LOTION 300ML,240,0,0,0,0,0,0,0,0,0,0,0,0,0,0
10500,VASELINE HEALTHY WHITE COMPLETE 10 200ML,240,3,0,0,0,0,0,0,0,0,0,0,0,0,3
10501,EVERYUTH EXFOLIATING WALNUT SCRUB 100GM,125,0,0,0,0,0,0,0,0,0,0,0,0,0,0
10502,DOVE DEEP PURE OIL CONTROL FACIAL CLEANSER 50GM,125,1,0,0,0,0,0,0,0,0,0,0,0,0,1
10503,DOVE BODY LOTION GO FRESH NOURISHMENT 100ML,125,0,0,0,0,0,0,0,0,0,0,0,0,0,0
10504,DOVE BODY LOTION ESSENTIAL NOURISHMENT 100ML,140,0,0,0,0,0,0,0,0,0,0,0,0,0,0
10505,DOVE SHAMPOO SPLIT END RESCUE 340ML,250,1,0,0,0,0,0,0,0,0,0,0,0,0,1
10506,DOVE SHAMPOO HAIR FALL RESCUE 650ML,450,0,0,0,0,0,0,0,0,0,0,0,0,0,0
10507,HIMALAYA FACEWASH HERBAL NEEM FOAMING 150ML,195,0,0,0,0,0,0,0,0,0,0,0,0,0,0
10509,HIMALAYA FACEWASH HERBAL WHITENING50ML,65,0,0,0,0,0,0,0,0,0,0,0,0,0,0
10511,HIMALAYA FACEWASH HERBAL OIL CLEAR LEMON 50ML,55,0,0,0,0,0,0,0,0,0,0,0,0,0,0
10512,HIMALAYA TOOTH PASTE DENTAL CREAM 200GM,76,6,0,0,0,0,0,0,0,0,0,0,0,0,6
10516,HIMALAYA TOOTH PASTE COMPLETE CARE GUM EXPERT 80GM,48,0,0,0,0,0,0,0,0,0,0,0,0,0,0
10518,TRESEMME CONDITIONER SPLIT REMEDY 215ML,198,0,0,0,0,0,0,0,0,0,0,0,0,0,0
10519,TRESEMME CONDITIONER HAIR SPA REJUVENATION 85ML,99,0,0,0,0,0,0,0,0,0,0,0,0,0,0
10520,TRESEMME SHAMPOO HAIR FALL CONTROL STYLING KIT,443,0,0,0,0,0,0,0,0,0,0,0,0,0,0
10521,TRESEMME SHAMPOO HAIR FALL CONTROL 600ML,360,0,0,0,0,0,0,0,0,0,0,0,0,0,0
10522,TRESEMME SHAMPOO SPLIT REMEDY 215ML,152,0,0,0,0,0,0,0,0,0,0,0,0,0,0
10524,TRESEMME SHAMPOO HAIR SPA REJUVENATION 580ML,400,0,0,0,0,0,0,0,0,0,0,0,0,0,0
10525,TRESEMME CONDITIONER CLIMATE CONTROL 80ML,90,0,0,0,0,0,0,0,0,0,0,0,0,0,0
10526,JOHNSONS BABY SOAP BLOSSOMS 75GM,40,0,0,0,0,0,0,0,0,0,0,0,0,0,0
10527,JOHNSONS BABY CARE COLLECTION COMPACT GIFT PACK,71,0,0,0,0,0,0,0,0,0,0,0,0,0,0
10528,JOHNSONS BABY NATURAL MASSAGE OIL 50ML,59,0,0,0,0,0,0,0,0,0,0,0,0,0,0
10532,DETTOL SOAP ORIGINAL 3X125GM,142,0,0,0,0,0,0,0,0,0,0,0,0,0,0
10533,DETTOL SOAP ORIGINAL 3X75GM,78,0,0,0,0,0,0,0,0,0,0,0,0,0,0
10534,DETTOL SOAP ORIGINAL 125GM,51,0,0,0,0,0,0,0,0,0,0,0,0,0,0
10535,DETTOL SOAP ORIGINAL 75GM,32,2,0,0,0,0,0,0,0,0,0,0,0,0,2
10536,DETTOL SOAP COOL 3X125GM,141,0,0,0,0,0,0,0,0,0,0,0,0,0,0
10537,DETTOL SOAP COOL 3X75GM,79,0,0,0,0,0,0,0,0,0,0,0,0,0,0
10538,DETTOL SOAP COOL 75GM,32,18,0,0,0,0,0,0,0,0,0,0,0,0,18
10539,DETTOL SOAP SKIN CARE 3X125GM,142,1,0,0,0,0,0,0,0,0,0,0,0,0,1
10540,DETTOL SOAP SKIN CARE 3X75GM,78,0,0,0,0,0,0,0,0,0,0,0,0,0,0
10541,DETTOL SOAP SKIN CARE 125GM,51,0,0,0,0,0,0,0,0,0,0,0,0,0,0
10542,DETTOL SOAP SKIN CARE 75GM,28,11,0,0,0,0,0,0,0,0,0,0,0,0,11
10543,DETTOL SOAP RE.ENERGIZE 4X 75GM,58,0,0,0,0,0,0,0,0,0,0,0,0,0,0
10544,DETTOL HAND WASH COOL LIQUID REFILL 175ML,62,1,0,0,0,0,0,0,0,0,0,0,0,0,1
10545,DETTOL HAND WASH KITCHEN 250ML,78,0,0,0,0,0,0,0,0,0,0,0,0,0,0
10546,DETTOL HAND WASH  LIME KITCHEN 200ML,52,0,0,0,0,0,0,0,0,0,0,0,0,0,0
10548,LIMCA BOTTLE 2LTR,80,15,0,0,0,0,0,0,0,0,0,0,0,0,15
10549,FANTA BOTTLE ORANGE 2LTR,80,17,0,0,0,0,0,0,0,0,0,0,0,0,17
10550,SPRITE BOTTLE 2LTR,80,12,0,0,0,0,0,0,0,0,0,0,0,0,12
10551,THUMS UP BOTTLE 2LTR,80,1,0,0,0,0,0,0,0,0,0,0,0,0,1
10553,LIMCA BOTTLE 500ML,30,54,0,0,0,2,0,0,0,0,0,0,0,0,52
10554,FANTA BOTTLE ORANGE 500ML,30,11,0,0,0,0,0,0,0,0,0,0,0,0,11
10555,SPRITE BOTTLE 500ML,30,18,0,0,0,1,0,0,0,0,0,0,0,0,17
10556,THUMS UP BOTTLE 600ML,34,0,0,0,0,0,0,0,0,0,0,0,0,0,0
10558,THUMS UP CAN 300ML,35,0,0,0,0,0,0,0,0,0,0,0,0,0,0
10559,FANTA CAN 300ML,35,16,0,0,0,0,0,0,0,0,0,0,0,0,16
10560,SPRITE CAN 300ML,35,0,0,0,0,0,0,0,0,0,0,0,0,0,0
10561,COCA COLA BOTTLE 1.25LTR,60,17,0,0,0,2,0,0,0,0,0,0,0,0,15
10562,FANTA BOTTLE ORANGE 1.25ML,60,15,0,0,0,0,0,0,0,0,0,0,0,0,15
10563,LIMCA BOTTLE 1.25ML,60,18,0,0,0,0,0,0,0,0,0,0,0,0,18
10564,SPRITE BOTTLE 1.25LTR,60,4,0,0,0,0,0,0,0,0,0,0,0,0,4
10565,COCA COLA ZERO BOTTLE 600ML,35,0,0,0,0,0,0,0,0,0,0,0,0,0,0
10566,COCA COLA ZERO CAN 300ML,35,3,0,0,0,0,0,0,0,0,0,0,0,0,3
10567,MAAZA BOTTLE 1.2LTR,65,25,0,0,0,0,0,0,0,0,0,0,0,0,25
10568,MAAZA BOTTLE 600ML,35,2,0,0,0,0,0,0,0,0,0,0,0,0,2
10569,BRITANNIA 50 50 100GM,10,0,0,0,0,0,0,0,0,0,0,0,0,0,0
10570,BRITANNIA GOOD DAY RICH CASHEW COOKIES 58GM,10,0,0,0,0,0,0,0,0,0,0,0,0,0,0
10571,BRITANNIA NICE TIME BISCUITS 73GM,10,9,0,0,0,6,0,0,0,0,0,0,0,0,3
10572,BRITANNIA BOURBON THE ORIGINAL 150GM,28,6,0,0,0,0,0,0,0,0,0,0,0,0,6
10573,BRITANNIA BOURBON THE ORIGINAL 120GM,20,1,0,0,0,0,0,0,0,0,0,0,0,0,1
10574,BRITANNIA TREAT JIM JAM 150GM,30,6,0,0,0,0,0,0,0,0,0,0,0,0,6
10576,BRITANNIA TIGER ORANGE BISCUITS 86GM,10,0,0,0,0,0,0,0,0,0,0,0,0,0,0
10577,BRITANNIA TIGER KRUNCH CHOCOCHIP 64GM,10,0,0,0,0,0,0,0,0,0,0,0,0,0,0
10579,BRITANNIA TIGER COCONUT KRUNCH BISCUITS 115GM,10,0,0,0,0,0,0,0,0,0,0,0,0,0,0
10580,BRITANNIA MILK BIKIES BISCUITS 200GM,20,2,0,0,0,0,0,0,0,0,0,0,0,0,2
10581,BRITANNIA CAKE FRUITY FUN 65GM,15,1,0,0,0,0,0,0,0,0,0,0,0,0,1
10582,BRITANNIA CAKE FRUITY FUN 90GM,22,0,0,0,0,0,0,0,0,0,0,0,0,0,0
10583,BRITANNIA CAKE FRUITY FUN 150GM,30,1,0,0,0,0,0,0,0,0,0,0,0,0,1
10584,BRITANNIA CAKE CHOCO CHILL 65GM,15,4,0,0,0,0,0,0,0,0,0,0,0,0,4
10585,BRITANNIA CAKE PINEAPPLE PLUNGE 65GM,15,6,0,0,0,1,0,0,0,0,0,0,0,0,5
10586,KISSAN CHILLI TOMATO KETCHUP 200GM,48,0,0,0,0,0,0,0,0,0,0,0,0,0,0
10587,SNICKERS CHOCOLATE 25GM,20,16,0,0,0,3,0,0,0,0,0,0,0,0,13
10588,5 STAR CHOCOLATE 22GM,10,81,0,0,0,0,0,0,0,0,0,0,0,0,81
10589,5 STAR CHOCOLATE 40GM,20,44,0,0,0,0,0,0,0,0,0,0,0,0,44
10590,GALAXY CRISPY 36GM,40,0,0,0,0,0,0,0,0,0,0,0,0,0,0
10591,RITE BITE SUGARLESS CHOCO LITE 27GM,25,0,0,0,0,0,0,0,0,0,0,0,0,0,0
10592,RITE BITE MERRY BERRY NUTRITION BAR 35GM,35,2,0,0,0,0,0,0,0,0,0,0,0,0,2
10593,RITE BITE CHOCO DELIGHT 35GM,35,0,0,0,0,0,0,0,0,0,0,0,0,0,0
10596,CAKE TREE WALNUT DRY CAKE,105,0,0,6,0,5,0,0,0,0,0,0,0,0,1
10598,CATCH FLAVOURED WATER BLACK CURRENT 750ML,50,11,0,0,0,0,0,0,0,0,0,0,0,0,11
10600,CATCH FLAVOURED WATER LEMON LIME 750ML,50,7,0,0,0,0,0,0,0,0,0,0,0,0,7
10601,SAFFOLA MASALA OATS CLASSIC 43GM,12,3,0,0,0,0,0,0,0,0,0,0,0,0,3
10602,FORTUNE FILTERED MUSTARD OIL 500ML,67,58,0,0,0,0,0,0,0,0,0,0,0,0,58
10604,COLGATE MOUTHWASH PLAX FRESH MINT 100ML,49,0,0,0,0,0,0,0,0,0,0,0,0,0,0
10605,COLGATE MOUTHWASH PLAX PEPPER MINT 500ML,199,0,0,0,0,0,0,0,0,0,0,0,0,0,0
10606,COLGATE TOOTH POWDER 200GM,67,0,0,0,0,0,0,0,0,0,0,0,0,0,0
10607,COLGATE TOOTH PASTE FOR KIDS 80GM,74,0,0,0,0,0,0,0,0,0,0,0,0,0,0
10608,COLGATE TOOTH PASTE ACTIVE SALT 300GM,108,0,0,0,0,0,0,0,0,0,0,0,0,0,0
10609,COLGATE TOOTH PASTE ADVANCED PROTECTION 100GM,46,0,0,0,0,0,0,0,0,0,0,0,0,0,0
10610,COLGATE TOOTH PASTE CIBACA 350GM,82,0,0,0,0,0,0,0,0,0,0,0,0,0,0
10611,COLGATE TOOTH PASTE CIBACA 175GM,46,0,0,0,0,0,0,0,0,0,0,0,0,0,0
10612,COLGATE TOOTH PASTE ADVANCED PROTECTION 50GM,18,0,0,0,0,0,0,0,0,0,0,0,0,0,0
10613,COLGATE SENSITIVE CLEAN TEETH & GUMS,69,0,0,0,0,0,0,0,0,0,0,0,0,0,0
10614,ORAL-B TOOTH PASETE PRO HEALTH 140GM,98,0,0,0,0,0,0,0,0,0,0,0,0,0,0
10615,ORAL-B TOOTH BRUSH PRO HEALTH GUM CARE SOFT 2NOS,136,0,0,0,0,0,0,0,0,0,0,0,0,0,0
10616,COLGATE MOUTHWASH PLAX COMPLETE CARE 250ML,115,1,0,0,0,0,0,0,0,0,0,0,0,0,1
10617,COLGATE TOOTH BRUSH SENSITIVE ULTRA SOFT BUY 2 GET 1 FREE,100,0,0,0,0,0,0,0,0,0,0,0,0,0,0
10618,COLGATE TOOTH BRUSH ZIG ZAG SOFT BUT 2 GET 1 FREE,50,6,0,0,0,0,0,0,0,0,0,0,0,0,6
10619,COLGATE TOOTHBRUSH SENSITIVE CLEAN,69,0,0,0,0,0,0,0,0,0,0,0,0,0,0
10620,WHISPER ULTRA NIGHT XL+ 30PADS,330,3,0,0,0,0,0,0,0,0,0,0,0,0,3
10621,WHIPER ULTRA NIGHT 7PADS,83,0,0,0,0,0,0,0,0,0,0,0,0,0,0
10623,NAVNEET WOODEN EXAMBOARD 24CMX24.5CM,100,6,0,0,0,0,0,0,0,0,0,0,0,0,6
10624,NAVNEET FUN PREMIUM OIL PASTELS 24COLOURS,290,0,0,0,0,0,0,0,0,0,0,0,0,0,0
10625,NAVNEET COLOUR PENCIL SMALL,145,0,0,0,0,0,0,0,0,0,0,0,0,0,0
10626,NAVNEET COLOUR PENCIL BIG,80,0,0,0,0,0,0,0,0,0,0,0,0,0,0
10627,NAVNEET FUN OIL PASTELS,95,0,0,0,0,0,0,0,0,0,0,0,0,0,0
10628,NAVNEET FUN OIL COLOUR PENCIL SMALL,25,0,0,0,0,0,0,0,0,0,0,0,0,0,0
10629,NAVNEET FUN  PREMIUM 24 COLOUR PENCIL,160,0,0,0,0,0,0,0,0,0,0,0,0,0,0
10630,GODREJ RICH CREME HAIR COLOUR CINNAMON RED,35,0,0,0,0,0,0,0,0,0,0,0,0,0,0
10631,GODREJ FAIRGLOW SOAP 70GM,70,2,0,0,0,0,0,0,0,0,0,0,0,0,2
10632,GODREJ EXPERT RICH CREME HAIR COLOUR DARK BROWN 4.06,30,6,0,0,0,0,0,0,0,0,0,0,0,0,6
10635,GODREJ EXPERT RICH CREME HAIR COLOUR BURGUNDY,28,1,0,0,0,0,0,0,0,0,0,0,0,0,1
10636,KELLOGGS MUESLI NUTS DELIGHT 550GM,285,1,0,0,0,0,0,0,0,0,0,0,0,0,1
10637,KELLOGGS CHOCOS VARIETY PACK OF 5,60,12,0,0,0,0,0,0,0,0,0,0,0,0,12
10638,KELLOGGS CORN FLAKES REAL BANANA 300GM,130,3,0,0,0,0,0,0,0,0,0,0,0,0,3
10639,KELLOGGS MUESLI FRUIT MAGIC 550GM,285,4,0,0,0,0,0,0,0,0,0,0,0,0,4
10640,KELLOGGS CHOCOS CRUNCHY BITES 390GM,165,2,0,0,0,0,0,0,0,0,0,0,0,0,2
10644,AIR WICK AROMA OIL REFILL MYSTIC SANDAL AND JASMINE 18ML,139,0,0,0,0,0,0,0,0,0,0,0,0,0,0
10646,AIR WICK LAVENDER SPA ELECTRICAL DIFFUSER,139,0,0,0,0,0,0,0,0,0,0,0,0,0,0
10647,AIR WICK SANDAL HARMONY ELECTRICAL DIFFUSER,139,0,0,0,0,0,0,0,0,0,0,0,0,0,0
10648,AIR WICK LAVENDER BREEZE AIR FRESHENER SPRAY 245ML,150,0,0,0,0,0,0,0,0,0,0,0,0,0,0
10651,AIR WICK MYSTIC SANDAL & JASMINE ELECTRICAL ROOM FRESHNER REFILL,130,0,0,0,0,0,0,0,0,0,0,0,0,0,0
10652,YARDLEY LATHER SAVING CREAM ELEGANCE 70GM,60,5,0,0,0,0,0,0,0,0,0,0,0,0,5
10653,YARDLEY TALC JASMINE 250GM,160,1,0,0,0,0,0,0,0,0,0,0,0,0,1
10654,YARDLEY DEO ELEGANCE FOE MEN 150ML,190,0,0,0,0,0,0,0,0,0,0,0,0,0,0
10655,YARDLEY DEO RACE 150ML,180,0,0,0,0,0,0,0,0,0,0,0,0,0,0
10656,YARDLEY DEO SECRET CRUSH 150ML,180,0,0,0,0,0,0,0,0,0,0,0,0,0,0
10657,YARDLEY DEO ENGLISH DAISY 150ML,180,0,0,0,0,0,0,0,0,0,0,0,0,0,0
10658,YARDLEY DEO EQUITY 150ML,180,0,0,0,0,0,0,0,0,0,0,0,0,0,0
10659,YARDLEY DEO GOLD 150ML,180,0,0,0,0,0,0,0,0,0,0,0,0,0,0
10660,YARDLEY DEO GENTLEMAN 150ML,190,0,0,0,0,0,0,0,0,0,0,0,0,0,0
10661,YARDLEY DEO ENGLISH LAVENDER 150ML,190,0,0,0,0,0,0,0,0,0,0,0,0,0,0
10662,YARDLEY DEO LACE 150ML,190,0,0,0,0,0,0,0,0,0,0,0,0,0,0
10663,YARDLEY DEO JASMINE 150ML,190,0,0,0,0,0,0,0,0,0,0,0,0,0,0
10664,YARDLEY SOAP JASMINE 3X100GM,180,3,0,0,0,0,0,0,0,0,0,0,0,0,3
10665,YARDLEY DEO LILY OF THE VALLEY 150ML,175,0,0,0,0,0,0,0,0,0,0,0,0,0,0
10666,YARDLEY TALC LACE 100GM,85,0,0,0,0,0,0,0,0,0,0,0,0,0,0
10667,YARDLET TALC GENTLEMAN 100GM,75,0,0,0,0,0,0,0,0,0,0,0,0,0,0
10668,YARDLEY TALC SANDALWOOD 100GM,85,0,0,0,0,0,0,0,0,0,0,0,0,0,0
10669,YARDLEY TALC RED ROSE 100GM,85,0,0,0,0,0,0,0,0,0,0,0,0,0,0
10671,YARDLEY DEO DORIZING TALC ELEGANCE 100GM,50,0,0,0,0,0,0,0,0,0,0,0,0,0,0
10672,YARDLEY DEO DORIZING TALC GOLD 100GM,50,0,0,0,0,0,0,0,0,0,0,0,0,0,0
10673,YARDLEY DEO DORIZING TALC JASMINE 100GM,70,0,0,0,0,0,0,0,0,0,0,0,0,0,0
10674,YARDLEY ELEGANCE TALCUM 250GM,99,0,0,0,0,0,0,0,0,0,0,0,0,0,0
10675,YARDLEY TALC ENGLISH ROSE 250GM,160,1,0,0,0,0,0,0,0,0,0,0,0,0,1
10676,YARDLEY LUXURY SOAP ENGLISH LAVENDER 100GM,50,0,0,0,0,0,0,0,0,0,0,0,0,0,0
10677,YARDLEY SOAP JASMINE 100GM,62,0,0,0,0,0,0,0,0,0,0,0,0,0,0
10678,YARDLEY LUXURY SOAP ENGLISH ROSE 100GM,56,0,0,0,0,0,0,0,0,0,0,0,0,0,0
10679,YARDLEY LUXURY SOAP SANDALWOOD 100GM,58,0,0,0,0,0,0,0,0,0,0,0,0,0,0
10680,YARDLEY BODY SPRAY LACE 150ML,175,0,0,0,0,0,0,0,0,0,0,0,0,0,0
10681,YARDLEY BODY SPRAY SANDALWOOD 150ML,175,0,0,0,0,0,0,0,0,0,0,0,0,0,0
10682,YARDLEY BODY SPRAY RED ROSE 150ML,175,0,0,0,0,0,0,0,0,0,0,0,0,0,0
10683,YARDLEY BODY SPRAY ENGLISH ROSE 150ML,175,0,0,0,0,0,0,0,0,0,0,0,0,0,0
10684,YARDLEY BODY SPRAY LONDON MIST 150ML,175,0,0,0,0,0,0,0,0,0,0,0,0,0,0
10685,BAGRRYS WHITE OATS 200GM,45,0,0,0,0,0,0,0,0,0,0,0,0,0,0
10686,BAGRRYS FRUIT N FIBRE MUESLI BANANA 400GM,199,0,0,0,0,0,0,0,0,0,0,0,0,0,0
10687,BAGRRYS MASALA OATS TANGY TOMATO 300GM,99,0,0,0,0,0,0,0,0,0,0,0,0,0,0
10688,BAGRRYS FRUIT N  FIBRE MUESLI MIXED FRUIT JAR 1KG,545,0,0,0,0,0,0,0,0,0,0,0,0,0,0
10689,BAGRRYS FRUIT &  FIBRE MUESLI APPLE JAR 1KG,545,2,0,0,0,0,0,0,0,0,0,0,0,0,2
10691,TIDE PLUS TALCUM FRESHNESS 1KG,99,0,0,0,0,0,0,0,0,0,0,0,0,0,0
10692,VIM POWER OF 100 LEMONS BAR 300GM,20,0,0,0,0,0,0,0,0,0,0,0,0,0,0
10693,VIM DOUBLE POWER CONCERNTRATED GEL MEON 250ML,56,0,0,0,0,0,0,0,0,0,0,0,0,0,0
10695,EXPRESS FOODS HARVEST CRUNCH WHITE OATS JUMBO OATS 400GM,110,2,0,0,0,0,0,0,0,0,0,0,0,0,2
10696,MEDIMIX SOAP SANDAL 2X125GM,100,1,0,0,0,0,0,0,0,0,0,0,0,0,1
10697,MEDIMIX SOAP SANDAL 75GM,28,0,0,0,0,0,0,0,0,0,0,0,0,0,0
10698,PEARS SOAP PURE AND GENTLE WITH GLYCERIIN AND NATURAL OIL 75GM,39,6,0,0,0,0,0,0,0,0,0,0,0,0,6
10699,PEARS SOAP PURE AND GENTLE 3X125GM,164,3,0,0,0,0,0,0,0,0,0,0,0,0,3
10700,CAMAY SOAP INTERNATIONAL SOAP CLASSIC 125GM,40,7,0,0,0,1,0,0,0,0,0,0,0,0,6
10701,EXO CYCLOZAN ROUND 500GM,45,0,0,0,0,0,0,0,0,0,0,0,0,0,0
10704,HENKO MATIC LINT ELLIGENT TOP LOAD 500GM,105,0,0,0,0,0,0,0,0,0,0,0,0,0,0
10705,FIAMA DI WILLS SOAP PEACH & AVOCADO 75GM,36,0,0,0,0,0,0,0,0,0,0,0,0,0,0
10706,FIAMA SOAP MEN GEL BAR MICRO GEL ENERGIZING SPORT 3X125GM,186,1,0,0,0,0,0,0,0,0,0,0,0,0,1
10707,FIAMA DI WILLS SOAP PURE RIO SPLASH 3X125GM,174,0,0,0,0,0,0,0,0,0,0,0,0,0,0
10708,FIAMA SOAP GEL BAR PEACH & AVOCADO MILD DEW 3X125GM,180,0,0,0,0,0,0,0,0,0,0,0,0,0,0
10709,FIAMA SOAP GEL BAR PATCHOULI & MACADAMIA LA FANTASIA SOAP 3X125GM,180,0,0,0,0,0,0,0,0,0,0,0,0,0,0
10710,FIAMA SOAP GEL BAR BEARBERRY & BLACKCURRANT EXOTIC DREAM 3X125GM,180,2,0,0,0,0,0,0,0,0,0,0,0,0,2
10711,MARGO SOAP ORIGINAL NEEM VITAMIN E 75GM,22,0,0,0,0,0,0,0,0,0,0,0,0,0,0
10712,MARGO SOAP ORIGINAL NEEM VITAMIN E 100GM,27,0,0,0,0,0,0,0,0,0,0,0,0,0,0
10713,PRIL LIQUID DISHWASH KRAFT GEL 425ML,96,0,0,0,0,0,0,0,0,0,0,0,0,0,0
10714,PRIL LIQUID DISHWASH LIME 225ML,45,0,0,0,0,0,0,0,0,0,0,0,0,0,0
10715,PRIL DISH WASH BAR 3X400GM,99,0,0,0,0,0,0,0,0,0,0,0,0,0,0
10716,CINTHOL DEO TALC ORIGINAL COMPLEXION 300GM,125,0,0,0,0,0,0,0,0,0,0,0,0,0,0
10717,CINTHOL DEO TALC CONFIDENCE 300GM,125,0,0,0,0,0,0,0,0,0,0,0,0,0,0
10718,CINTHOL DEO TALC LIME REFRESHING 300GM,125,0,0,0,0,0,0,0,0,0,0,0,0,0,0
10719,CINTHOL DEO TALC LONG LASTING 300GM,125,0,0,0,0,0,0,0,0,0,0,0,0,0,0
10720,CINTHOL DEO SOAP COOL 3 X100GM,88,0,0,0,0,0,0,0,0,0,0,0,0,0,0
10721,CINTHOL SOAP CONFIDENCE 3X100GM,99,0,0,0,0,0,0,0,0,0,0,0,0,0,0
10722,CINTHOL DEO TALC ORIGINAL COMPLEXION 100GM,55,0,0,0,0,0,0,0,0,0,0,0,0,0,0
10723,CINTHOL SOAP LIME 55GM,10,0,0,0,0,0,0,0,0,0,0,0,0,0,0
10724,LIFEBUOY HANDWASH MILD CARE REFILL 185ML,46,4,0,0,0,0,0,0,0,0,0,0,0,0,4
10725,LIFEBUOY HANDWASH TOTAL10 185ML,46,4,0,0,0,0,0,0,0,0,0,0,0,0,4
10726,LIFEBUOY SOAP TOTAL 10 4 X125GM,90,0,0,0,0,0,0,0,0,0,0,0,0,0,0
10727,LIFEBUOY SOAP CARE 4X125GM,90,3,0,0,0,0,0,0,0,0,0,0,0,0,3
10728,LIFEBUOY HANDWASH TOTAL10 PUMP 190ML,69,0,0,0,0,0,0,0,0,0,0,0,0,0,0
10729,LIFEBUOY HANDWASH MILD CARE 190ML,69,1,0,0,0,0,0,0,0,0,0,0,0,0,1
10730,LIFEBUOY SOAP CARE 59GM,10,0,0,0,0,0,0,0,0,0,0,0,0,0,0
10731,LIFEBUOY SOAP TOTAL 60GM,10,7,0,0,0,0,0,0,0,0,0,0,0,0,7
10732,LIFEBUOY SOAP CLINI CARE 10 125GM,52,0,0,0,0,0,0,0,0,0,0,0,0,0,0
10733,LUX SOAP SOFT TOUCH 60GM,10,0,0,0,0,0,0,0,0,0,0,0,0,0,0
10734,LUX SOAP FRESH SPLASH 54GM,10,4,0,0,0,0,0,0,0,0,0,0,0,0,4
10735,LUX SOAP SOFT TOUCH 100GM,27,2,0,0,0,0,0,0,0,0,0,0,0,0,2
10737,LUX BODYWASH MAGICAL SPELL FLORAL BEAUTY OIL 235ML,99,0,0,0,0,0,0,0,0,0,0,0,0,0,0
10738,ODONIL NATURE GOOD LIVING ROOM FRESHNING GEL JASMINE FANTASY 75GM,75,3,0,0,0,0,0,0,0,0,0,0,0,0,3
10739,ODONIL NATURE GOOD LIVING ROOM FRESHNING GEL LAVENDER MUSK 75GM,71,0,0,0,0,0,0,0,0,0,0,0,0,0,0
10740,ODONIL ROOM FRESHENING GEL CITRUS SPICE 75GM,75,2,0,0,0,0,0,0,0,0,0,0,0,0,2
10741,ODONIL NATURE AIR FRESHENER JASMINE MIST 75GM,68,3,0,0,0,0,0,0,0,0,0,0,0,0,3
10742,ODONIL BLOCKS MYSTIC ROSE 75GM,68,5,0,0,0,0,0,0,0,0,0,0,0,0,5
10743,ODONIL BLOCKS ORCHID DEW 75GM,50,0,0,0,0,0,0,0,0,0,0,0,0,0,0
10744,ODONIL BLOCKS MYSTIC ROSE 50GM,47,1,0,0,0,0,0,0,0,0,0,0,0,0,1
10745,ODONIL BLOCKS SANDAL 50GM,35,0,0,0,0,0,0,0,0,0,0,0,0,0,0
10746,AIR WICK FRESHMATIC AND REFILL VELVET ROSE 250ML,499,0,0,0,0,0,0,0,0,0,0,0,0,0,0
10747,AIR WICK FRESHMATIC AND REFILL MYSTIC SANDAL & JASMINE 250ML,449,0,0,0,0,0,0,0,0,0,0,0,0,0,0
10748,AIR WICK GEL LAVENDER DEW 50GM,70,1,0,0,0,0,0,0,0,0,0,0,0,0,1
10749,AIR WICK GEL VELVET ROSE 50GM,70,1,0,0,0,0,0,0,0,0,0,0,0,0,1
10750,AIR WICK AROMA OIL DIFFUSER VELVET ROSE,199,0,0,0,0,0,0,0,0,0,0,0,0,0,0
10751,AIR WICK ELECT SANDAL HARMONY,199,0,0,0,0,0,0,0,0,0,0,0,0,0,0
10753,NESTLE CERELAC WHEAT RICE MANGO WITH DATES 300GM,200,0,0,0,0,0,0,0,0,0,0,0,0,0,0
10755,NESTLE KITKAT18GM,15,80,0,0,0,0,0,0,0,0,0,0,0,0,80
10757,LAKME KAJAL EYE CONIC BLUE 0.35GM,275,0,0,0,0,0,0,0,0,0,0,0,0,0,0
10758,LAKME KAJAL EYECONIC BROWN 0.35GM,275,1,0,0,0,0,0,0,0,0,0,0,0,0,1
10760,SCOTCH BRITE STAINLESS STEEL SCRUB,30,38,0,0,0,2,0,0,0,0,0,0,0,0,36
10761,SCOTCH BRITE SCRUB NET SPONGE,40,4,0,0,0,0,0,0,0,0,0,0,0,0,4
10763,PARACHUTE ADVANCED BODY LOTION COCONUT MILK REFRESH 100ML,70,0,0,0,0,0,0,0,0,0,0,0,0,0,0
10766,PARACHUTE COCONUT OIL BOTTLE 1LTR,400,0,0,0,0,0,0,0,0,0,0,0,0,0,0
10768,PARACHUTE COCONUT OIL BOX 500ML,177,0,0,0,0,0,0,0,0,0,0,0,0,0,0
10772,OLD SPICE DEO FRESH LIME 150ML,150,0,0,0,0,0,0,0,0,0,0,0,0,0,0
10773,OLD SPICE DEO SPORT 150ML,199,0,0,0,0,0,0,0,0,0,0,0,0,0,0
10774,OLD SPICE DEO ORIGINAL 150ML,199,0,0,0,0,0,0,0,0,0,0,0,0,0,0
10775,OLD SPICE DEO MAGNATE 150ML,180,0,0,0,0,0,0,0,0,0,0,0,0,0,0
10776,OLD SPICE DEO FRESH 150ML,199,1,0,0,0,0,0,0,0,0,0,0,0,0,1
10777,OLD SPICE AFTER SHAVE LOTION FRESH LIME 150ML,235,1,0,0,0,0,0,0,0,0,0,0,0,0,1
10778,OLD SPICE AFTER SHAVE LOTION ORIGINAL 150ML,235,1,0,0,0,0,0,0,0,0,0,0,0,0,1
10779,OLD SPICE AFTER SHAVE LOTION MUSK SMELL LIKE A MAN 100ML,215,2,0,0,0,0,0,0,0,0,0,0,0,0,2
10780,OLD SPICE AFTER SHAVE FRESH LIME 100ML,160,0,0,0,0,0,0,0,0,0,0,0,0,0,0
10781,OLD SPICE AFTER SHAVE LOTION ORIGINAL 50ML,120,1,0,0,0,0,0,0,0,0,0,0,0,0,1
10782,OLD SPICE AFTER SHAVE LOTION SMELL LIKE A MAN FRESH LIME 50ML,130,0,0,0,0,0,0,0,0,0,0,0,0,0,0
10783,OLD SPICE AFTER SHAVE LOTION  FRESH LIME 150ML,235,0,0,0,0,0,0,0,0,0,0,0,0,0,0
10784,OLD SPICE AFTER SHAVE LOTION ATOMIZER ORIGINAL 150ML,235,0,0,0,0,0,0,0,0,0,0,0,0,0,0
10785,VEET INSTANT WAXING KIT NORMAL SKIN 8WAX STRIPS,99,0,0,0,0,0,0,0,0,0,0,0,0,0,0
10786,VEET INSTANT WAXING KIT DRY SKIN 8WAX STRIPS,99,0,0,0,0,0,0,0,0,0,0,0,0,0,0
10787,VEET NATURAL BLEACH CREAM SENSITIVE SKIN,150,0,0,0,0,0,0,0,0,0,0,0,0,0,0
10788,VEET NATURAL BLEACH CREAM NORMAL SKIN,150,0,0,0,0,0,0,0,0,0,0,0,0,0,0
10789,VEET HAIR REMOVAL CREAM CAMELLIA SEED 60GM,110,0,0,0,0,0,0,0,0,0,0,0,0,0,0
10790,TANG LEMON 500GM,125,3,0,0,0,0,0,0,0,0,0,0,0,0,3
10792,SOLAR ICING SUGER 200GM,31,0,0,0,0,0,0,0,0,0,0,0,0,0,0
10793,PEDIGREE PUPPY CHICKEN & MILK 400GM,80,0,0,0,0,0,0,0,0,0,0,0,0,0,0
10794,KNORR SOUP MIXED VEGETABLE 50GM,55,6,0,0,0,0,0,0,0,0,0,0,0,0,6
10795,KNORR CHINESE HOT AND SPICY NOODLES DOUBLE PACK,30,0,0,0,0,0,0,0,0,0,0,0,0,0,0
10796,KNORR SOUP CREAMY MUSHROOM 41GM,50,0,0,0,0,0,0,0,0,0,0,0,0,0,0
10797,KNORR SOUP CHICKEN DELITE 50GM,55,1,0,0,0,0,0,0,0,0,0,0,0,0,1
10798,KNORR CUP A SOUP MIXED VEGETABLE READY IN 1 MINUTE 10GM,10,16,0,0,0,0,0,0,0,0,0,0,0,0,16
10799,KNORR CUP A SOUP SWEET CORN VEG 12GM,10,21,0,0,0,0,0,0,0,0,0,0,0,0,21
10801,PALMOLIVE SHOWER GEL AYURITUEL ENERGY 250ML,190,0,0,0,0,0,0,0,0,0,0,0,0,0,0
10802,PALMOLIVE SHOWER GEL AROMA 250ML,160,0,0,0,0,0,0,0,0,0,0,0,0,0,0
10803,PALMOLIVE SHOWER GEL MINERAL MASSAGE 250ML,190,0,0,0,0,0,0,0,0,0,0,0,0,0,0
10804,PALMOLIVE SHOWER GEL AROMA MORNING TONIC 250ML,180,0,0,0,0,0,0,0,0,0,0,0,0,0,0
10807,RASNA MANGO 500GM,120,0,0,0,0,0,0,0,0,0,0,0,0,0,0
10808,SUNSILK CONDITIONER KERATIN YOGHURT 180ML,115,0,0,0,0,0,0,0,0,0,0,0,0,0,0
10809,SUNSILK CONDITIONER ULTRA LIGHT FUSION 180ML,115,0,0,0,0,0,0,0,0,0,0,0,0,0,0
10810,SUNSILK SHAMPOO NOURISHING SOFT & SMOOTH ULTRALIGHT FUSION OF 5 NATURAL OILS 340ML,190,0,0,0,0,0,0,0,0,0,0,0,0,0,0
10811,SUNSILK SHAMPOO PERFECT STRAIGHT 80ML,50,0,0,0,0,0,0,0,0,0,0,0,0,0,0
10812,SUNSILK CONDITIONER AMLA PEARL 80ML,66,0,0,0,0,0,0,0,0,0,0,0,0,0,0
10813,SUNSILK CONDITIONER NOURISING SOFT & SMOOTH 5NATURAL OILS 80ML,69,0,0,0,0,0,0,0,0,0,0,0,0,0,0
10814,SUNSILK SHAMPOO RADIANT SHINE 180ML,132,0,0,0,0,0,0,0,0,0,0,0,0,0,0
10815,SUNSILK SHAMPOO NOURISHING SOFT & SMOOTH 80ML,50,1,0,0,0,0,0,0,0,0,0,0,0,0,1
10816,SUNSILK SHAMPOO NOURISHING SOFT & SMOOTH 650ML,349,0,0,0,0,0,0,0,0,0,0,0,0,0,0
10817,SUNSILK SHAMPOO LUSCIOUSLY THICK & LONG 650ML,355,0,0,0,0,0,0,0,0,0,0,0,0,0,0
10818,SUNSILK SHAMPOO PERFECT STRAIGHT 340ML,200,0,0,0,0,0,0,0,0,0,0,0,0,0,0
10819,SUNSILK SHAMPOO LUSCIOUSLY THICK & LONG KERATIN YOGHURT180ML,85,1,0,0,0,0,0,0,0,0,0,0,0,0,1
10820,SETWET HAIR GEL COOL HOLD 50ML,50,6,0,0,0,0,0,0,0,0,0,0,0,0,6
10821,SETWET HAIR GEL VERTICAL HOLD 50ML,50,9,0,0,0,0,0,0,0,0,0,0,0,0,9
10822,SETWET HAIR GEL WETLOOK 100ML,100,1,0,0,0,0,0,0,0,0,0,0,0,0,1
10823,SETWET HAIR GEL VERTICAL HOLD 100ML,100,0,0,0,0,0,0,0,0,0,0,0,0,0,0
10826,SETWET HAIR GEL GLAZE AMAZE RESTYLABLE WAX 25GM,75,0,0,0,0,0,0,0,0,0,0,0,0,0,0
10830,SETWET HAIE GEL VERTICAL HOLD STYLING GEL 250ML,155,0,0,0,0,0,0,0,0,0,0,0,0,0,0
10831,SETWET HAIR GEL GLAZE AMAZE RESTYLABLE WAX 75GM,225,0,0,0,0,0,0,0,0,0,0,0,0,0,0
10832,SETWET HAIR GEL WETLOOK STYLING GEL 250ML,155,2,0,0,0,0,0,0,0,0,0,0,0,0,2
10833,NIHAR SHANTI HAIR OIL 500ML,128,2,0,0,0,0,0,0,0,0,0,0,0,0,2
10834,CHERRY BLOSSOM BLACK LIQUID SHOE POLISH 75ML,55,4,0,0,0,0,0,0,0,0,0,0,0,0,4
10835,CHERRY BLOSSOM DARK TAN LIQUID SHOE POLISH 75ML,55,3,0,0,0,0,0,0,0,0,0,0,0,0,3
10836,LISTERINE MOUTHWASH COOLMINT 80ML,47,0,0,0,0,0,0,0,0,0,0,0,0,0,0
10837,LISTERINE MOUTHWASH ORIGINAL 80ML,47,0,0,0,0,0,0,0,0,0,0,0,0,0,0
10838,LISTERINE MOUTHWASH ORIGINAL 500ML,199,0,0,0,0,0,0,0,0,0,0,0,0,0,0
10839,LIZOL DISINFECTANT SURFACE CITRONELLA 500ML,76,0,0,0,0,0,0,0,0,0,0,0,0,0,0
10840,LIZOL DISINFECTANT SURFACE CLEANER LAVENDER 650ML,85,0,0,0,0,0,0,0,0,0,0,0,0,0,0
10841,LIZOL DISINFECTANT SURFACE CLEANER LAVENDER 1LTR,158,0,0,0,0,0,0,0,0,0,0,0,0,0,0
10842,LIZOL DISINFECTANT SURFACE CLEANER CITRUS 500ML,89,5,0,0,0,0,0,0,0,0,0,0,0,0,5
10843,LIZOL DISINFECTANT SURFACE CLEANER SANDAL 975ML,164,0,0,0,0,0,0,0,0,0,0,0,0,0,0
10844,LIZOL DISINFECTANT SURFACE CLEANER FLORAL 975ML,158,3,0,0,0,2,0,0,0,0,0,0,0,0,1
10845,LIZOL DISINFECTANT SURFACE CLEANER LAVENDER 2LTR,327,0,0,0,0,0,0,0,0,0,0,0,0,0,0
10846,LIZOL DISINFECTANT SURFACE CLEANER CITRONELLA 2LTR,270,0,0,0,0,0,0,0,0,0,0,0,0,0,0
10847,LIZOL DISINFECTANT SURFACE CLEANER PINE 2LTR,327,0,0,0,0,0,0,0,0,0,0,0,0,0,0
10849,CHINGS SCHEZWAN STIR FRY SAUCE 250GM,75,2,0,0,0,0,0,0,0,0,0,0,0,0,2
10850,CHINGS MANCHURIAN INSTANT NOODLES 75GM,10,0,0,0,0,0,0,0,0,0,0,0,0,0,0
10851,HARPIC DISINFECTANT TOILET CLEANER FRESH 500ML,68,0,0,0,0,0,0,0,0,0,0,0,0,0,0
10852,HARPIC WHITE & SHINE BLEACH DISINFECTANT TOILET CLEANER 500ML,80,0,0,0,0,0,0,0,0,0,0,0,0,0,0
10853,CLEAN & CLEAR FACEWASH MORNING ENERGY BERRY 50ML,70,0,0,0,0,0,0,0,0,0,0,0,0,0,0
10854,CLEAN & CLEAR FACE WASH FOAMING 100ML,110,0,0,0,0,0,0,0,0,0,0,0,0,0,0
10855,DERMI COOL TALCUM CITRUS 150GM,90,1,0,0,0,0,0,0,0,0,0,0,0,0,1
10856,DERMI COOL TALCUM LAVENDER 150GM,95,0,0,0,0,0,0,0,0,0,0,0,0,0,0
10857,OREO BISCUIT ORANGE CREME 150GM,35,0,0,0,0,0,0,0,0,0,0,0,0,0,0
10858,OREO BISCUIT CHOCO CREME 150GM,35,0,0,0,0,0,0,0,0,0,0,0,0,0,0
10859,OREO BISCUIT STRAWBERRY CREME 150GM,30,0,0,0,0,0,0,0,0,0,0,0,0,0,0
10860,ORBIT SPEARMINT RS.10,10,0,0,0,0,0,0,0,0,0,0,0,0,0,0
10861,ORBIT MIXED FRUIT RS.25,25,0,0,0,0,0,0,0,0,0,0,0,0,0,0
10862,ORBIT MIXED FRUIT SUGAR FREE RS.5,5,18,0,0,0,0,0,0,0,0,0,0,0,0,18
10863,ORBIT WINTERFROST SUGAR FREE  RS.5,5,37,0,0,0,0,0,0,0,0,0,0,0,0,37
10864,ORBIT SWEET MINT RS.5,5,19,0,0,0,0,0,0,0,0,0,0,0,0,19
10865,ORBIT ORANGE CARDAMOM FLAVOURED 4.4GM,5,31,0,0,0,0,0,0,0,0,0,0,0,0,31
10866,CORNITOS NACHO CRISPS THAI SWEET CHILI 60GM,35,4,0,0,0,0,0,0,0,0,0,0,0,0,4
10867,CORNITOS NACHO CRISPS CHEESE AND HERBS 60GM,35,0,0,0,0,0,0,0,0,0,0,0,0,0,0
10868,SUHANA DAL MAKHANI MIX 50GM,35,0,0,0,0,0,0,0,0,0,0,0,0,0,0
10869,SUHANA PALAK PANEER MIX,35,0,0,0,0,0,0,0,0,0,0,0,0,0,0
10870,SUHANA PANEER BUTTER MASALA MIX 50GM,35,0,0,0,0,0,0,0,0,0,0,0,0,0,0
10871,SUHANA MUTTON GRAVY MIX 80GM,40,0,0,0,0,0,0,0,0,0,0,0,0,0,0
10872,TZINGA ENERGY DRINK MANGO STRAWBERRY 250ML,30,0,0,0,0,0,0,0,0,0,0,0,0,0,0
10873,TZINGA ENERGY DRINK LEMON MINT 250ML,30,0,0,0,0,0,0,0,0,0,0,0,0,0,0
10874,TZINGA ENERGY DRINK TROPICAL TRIP,30,0,0,0,0,0,0,0,0,0,0,0,0,0,0
10875,TZINGA ENERGY DRINK APPLE 250ML,30,0,0,0,0,0,0,0,0,0,0,0,0,0,0
10876,TIFY CHUNKY SALSA 370GM,95,2,0,0,0,0,0,0,0,0,0,0,0,0,2
10877,TIFY OLIVE PITTED GREEN OLIVES 190GM,110,0,0,0,0,0,0,0,0,0,0,0,0,0,0
10878,TIC TAC POP CORN 10.2GM,10,0,0,0,0,0,0,0,0,0,0,0,0,0,0
10879,TIC TAC SPEARMINT,10,0,0,0,0,0,0,0,0,0,0,0,0,0,0
10880,TIC TAC PEACH & PASSION RS.10,10,0,0,0,0,0,0,0,0,0,0,0,0,0,0
10882,BIGEN MEN NATURAL BLACK 101 SPEEDY COLOUR,425,2,0,0,0,0,0,0,0,0,0,0,0,0,2
10884,KESH KING SHAMPOO ALOEVERA HERBAL 120ML,96,0,0,0,0,0,0,0,0,0,0,0,0,0,0
10887,MAYBELLINE BABY LIPS COLOR ROSE ADDICT SPF16 4GM,175,0,0,0,0,0,0,0,0,0,0,0,0,0,0
10888,MAYBELLINE BABY LIP BERRY CRUSH 4GM,180,0,0,0,0,0,0,0,0,0,0,0,0,0,0
10889,MAYBELLINE BABY LIPS ANTIOXIDANT BERRY SPF20 4GM,135,0,0,0,0,0,0,0,0,0,0,0,0,0,0
10890,MAYBELLINE BABY LIPS BALM PINK SHOCK 3.5GM,190,0,0,0,0,0,0,0,0,0,0,0,0,0,0
10891,MAYBELLINE BABY LIPS BALM STRIKING ORANGE 1.9GM,190,1,0,0,0,0,0,0,0,0,0,0,0,0,1
10895,ALLOUT ANTI DENGUE COIL SUPER SIZE 10+4 COIL,32,0,0,0,0,0,0,0,0,0,0,0,0,0,0
10896,ALLOUT ADJUSTABLE MACHINE AND REFILL,75,0,0,0,0,0,0,0,0,0,0,0,0,0,0
10897,CLEAR SHAMPOO ANTI-DANDRUFF COMPLETE ACTIVE CARE 80ML,65,2,0,0,0,0,0,0,0,0,0,0,0,0,2
10898,CLEAR SHAMPOO ANTI DANDRUFF COMPLETE ACTIVE CARE 170ML,140,0,0,0,0,0,0,0,0,0,0,0,0,0,0
10899,CLEAR SHAMPOO ANTI DANDRUFF ICE COOL MENTHOL 375ML,270,1,0,0,0,0,0,0,0,0,0,0,0,0,1
10900,KINDER JOY FOR GIRLS 20GM,40,35,0,0,0,0,0,0,0,0,0,0,0,0,35
10901,CLINIC PLUS VITA OIL ALMOND GOLD OIL 150ML,80,0,0,0,0,0,0,0,0,0,0,0,0,0,0
10903,GLADE TOUCH AND FRESH  AND DISPEMSER TROPICAL TWIST 12ML,99,0,0,0,0,0,0,0,0,0,0,0,0,0,0
10904,GLADE TOUCH AND FRESH FLORAL PERFECTION REFILL 12ML,75,2,0,0,0,0,0,0,0,0,0,0,0,0,2
10905,GLADE TOUCH AND FRESH REFILL AND DISPENSER WILD LAVENDER,99,4,0,0,0,0,0,0,0,0,0,0,0,0,4
10906,DEL MONTE SWEET CORN CREAM STYLE 425GM,90,0,0,0,0,0,0,0,0,0,0,0,0,0,0
10907,FOGG DEO PARADISE 120ML,185,0,0,0,0,0,0,0,0,0,0,0,0,0,0
10908,FOGG DEO IMPERIAL 120ML,185,0,0,0,0,0,0,0,0,0,0,0,0,0,0
10909,FOGG DEO MAJESTIC 120ML,185,0,0,0,0,0,0,0,0,0,0,0,0,0,0
10910,FOGG DEO RADIATE 120ML,185,0,0,0,0,0,0,0,0,0,0,0,0,0,0
10911,FOGG DEO ROYAL 120ML,185,0,0,0,0,0,0,0,0,0,0,0,0,0,0
10912,FOGG DEO NAPOLEON 120ML,185,0,0,0,0,0,0,0,0,0,0,0,0,0,0
10913,GATSBY STYLING WAX MAT & HARD 75GM,170,0,0,0,0,0,0,0,0,0,0,0,0,0,0
10914,GATSBY STYLING WAX LOSSE & FLOW 75GM,180,0,0,0,0,0,0,0,0,0,0,0,0,0,0
10915,GATSBY STYLING WAX POWER & SPIKES 200ML,150,0,0,0,0,0,0,0,0,0,0,0,0,0,0
10916,GATSBY STYLING WAX TOUGH & SHINE 75GM,170,1,0,0,0,0,0,0,0,0,0,0,0,0,1
10917,GATSBY STYLING WAX EXTREME & FIRM 75GM,180,1,0,0,0,0,0,0,0,0,0,0,0,0,1
10918,GATSBY HAIR GEL WATER GLOSS SOFT 50GM,50,0,0,0,0,0,0,0,0,0,0,0,0,0,0
10919,GATSBY HAIR GEL WATER GLOSS SUPER HARD 50GM,50,0,0,0,0,0,0,0,0,0,0,0,0,0,0
10920,GATSBY HAIR GEL WATER GLOSS SOFT 100GM,80,1,0,0,0,0,0,0,0,0,0,0,0,0,1
10921,GATSBY HAIR GEL WATER GLOSS SUPER HARD 100GM,80,0,0,0,0,0,0,0,0,0,0,0,0,0,0
10922,GATSBY HAIR GEL WATER GLOSS HYDER SOLID 75GM,75,0,0,0,0,0,0,0,0,0,0,0,0,0,0
10923,GATSBY FACEWASH OIL CONTROL COOLING 100GM,165,0,0,0,0,0,0,0,0,0,0,0,0,0,0
10924,GATSBY HAIR GEL WATER GLOSS HYDER SOLID 30GM,30,0,0,0,0,0,0,0,0,0,0,0,0,0,0
10925,GATSBY HAIR GEL WATER GLOSS SOFT 30GM,30,0,0,0,0,0,0,0,0,0,0,0,0,0,0
10926,GATSBY HAIR SPRAY SET AND KEEP EXTREME HOLD 250ML,190,0,0,0,0,0,0,0,0,0,0,0,0,0,0
10927,GATSBY SET & KEEP SPRAY SUPER HARD 250ML,200,0,0,0,0,0,0,0,0,0,0,0,0,0,0
10928,GATSBY SHAVING FOAM MOISTURIZING 250GM,150,0,0,0,0,0,0,0,0,0,0,0,0,0,0
10929,GATSBY HAIR GEL WATER GLOSS SUPER HARD 30GM,30,0,0,0,0,0,0,0,0,0,0,0,0,0,0
10930,GATSBY HAIR GEL WATER GLOSS SOFT 300ML,140,2,0,0,0,0,0,0,0,0,0,0,0,0,2
10931,GATSBY HAIR GEL WATER GLOSS HARD 300ML,140,1,0,0,0,0,0,0,0,0,0,0,0,0,1
10932,GATSBY HAIR GEL WATER GLOSS SUPER HARD 300ML,140,0,0,0,0,0,0,0,0,0,0,0,0,0,0
10933,GATSBY HAIR GEL WATER GLOSS HYPER SOLID 300ML,140,2,0,0,0,0,0,0,0,0,0,0,0,0,2
10934,GATSBY HAIR GEL WATER GLOSS SOFT 150ML,100,1,0,0,0,0,0,0,0,0,0,0,0,0,1
10935,GATSBY HAIR GEL WATER GLOSS HARD 150ML,100,0,0,0,0,0,0,0,0,0,0,0,0,0,0
10936,GATSBY HAIR GEL WATER GLOSS HYPER SOLID 150ML,100,0,0,0,0,0,0,0,0,0,0,0,0,0,0
10937,GATSBY HAIR GEL WATER GLOSS SUPER HARD 150ML,100,0,0,0,0,0,0,0,0,0,0,0,0,0,0
10938,GATSBY GEL ORIGINAL 600ML,250,0,0,0,0,0,0,0,0,0,0,0,0,0,0
10939,GATSBY GEL PROTECTING 600ML,250,0,0,0,0,0,0,0,0,0,0,0,0,0,0
10940,FEM TURMERIC HERBAL FAIRNESS CREAM BLEACH 24GM,52,0,0,0,0,0,0,0,0,0,0,0,0,0,0
10941,GILLETTE MACH3 SHAVE GEL COMPLETE DEFENSE SMOOTH 195GM,280,2,0,0,0,0,0,0,0,0,0,0,0,0,2
10942,GILLETTE SHAVING FOAM ARTIC ICE,229,0,0,0,0,0,0,0,0,0,0,0,0,0,0
10943,GILLETTE FUSION POWER 4CARTRIDGES,900,0,0,0,0,0,0,0,0,0,0,0,0,0,0
10945,GILLETTE SHAVING GEL LIME 60GM,59,0,0,0,0,0,0,0,0,0,0,0,0,0,0
10946,GILLETTE SHAVING FOAM MENTHOL 196GM,185,1,0,1,0,0,0,0,0,0,0,0,0,0,2
10948,GILLETTE SHAVING GEL SENSITIVE SKIN 196GM,299,0,0,0,0,0,0,0,0,0,0,0,0,0,0
10949,GILLETTE SHAVING GEL ULTRA COMFORT 60GM,85,1,0,0,0,0,0,0,0,0,0,0,0,0,1
10950,GILLETTE AFTER SHAVE SPLASH COOLWAVE FRESH 100ML,469,0,0,0,0,0,0,0,0,0,0,0,0,0,0
10951,GILLETTE SHAVING FOAM PROTECTON 245GM,210,0,0,0,0,0,0,0,0,0,0,0,0,0,0
10952,GILLETTE SHAVING FOAM PURE & SENSITIVE 245GM,269,0,0,0,0,0,0,0,0,0,0,0,0,0,0
10953,GILLETTE ENDURANCE SPORT CLEAN GEL 113GM,149,0,0,0,0,0,0,0,0,0,0,0,0,0,0
10954,GILLETTE SPORTE POWER RUSH CLEAN GEL 113GM,209,0,0,0,0,0,0,0,0,0,0,0,0,0,0
10955,GILLETTE MACH 3 RAZOR NANOTHIN BLADES,144,0,0,0,0,0,0,0,0,0,0,0,0,0,0
10956,GILLETTE VECTOR3  FAST SHAVE 4 CART,175,0,0,0,0,0,0,0,0,0,0,0,0,0,0
10958,GLUCON-D ORIGINAL 75GM,23,0,0,0,0,0,0,0,0,0,0,0,0,0,0
10959,EMAMI 7 IN 1 HAIR OIL 100ML,60,2,0,0,0,0,0,0,0,0,0,0,0,0,2
10960,EMAMI 7 IN 1 HAIR OIL 50GM,32,1,0,0,0,0,0,0,0,0,0,0,0,0,1
10961,HE DEO SMART 150ML,190,0,0,0,0,0,0,0,0,0,0,0,0,0,0
10962,HE DEO RECHARGE 150ML,180,0,0,0,0,0,0,0,0,0,0,0,0,0,0
10966,EVA DEO URBANE 125ML,122,0,0,0,0,0,0,0,0,0,0,0,0,0,0
10967,EVA DEO WILD 125ML,122,0,0,0,0,0,0,0,0,0,0,0,0,0,0
10968,EVA DEO SWEET 125ML,122,3,0,0,0,0,0,0,0,0,0,0,0,0,3
10969,EVA DEO BLUSH 125ML,122,2,0,0,0,0,0,0,0,0,0,0,0,0,2
10970,EVA DEO DOLL 125ML,122,3,0,0,0,0,0,0,0,0,0,0,0,0,3
10971,EVA DEO FLIRT 125ML,122,0,0,0,0,0,0,0,0,0,0,0,0,0,0
10972,HARNIK JELLY PINEAPPLE 90GM,45,0,0,0,0,0,0,0,0,0,0,0,0,0,0
10973,HARNIK JELLY CRYSTALS ORANGE 90GM,45,2,0,0,0,0,0,0,0,0,0,0,0,0,2
10974,HARNIK JELLY STRAWBERRY 90GM,45,0,0,0,0,0,0,0,0,0,0,0,0,0,0
10975,HEAD & SHOULDER SHAMPOO COOL MENTHOL 675ML,450,1,0,0,0,0,0,0,0,0,0,0,0,0,1
10976,HEAD & SHOULDER SHAMPOO SMOOTH & SILKY 675ML,450,0,0,0,0,0,0,0,0,0,0,0,0,0,0
10977,HEAD & SHOULDER SHAMPOO DRY SCALP CARE 170ML,150,0,0,0,0,0,0,0,0,0,0,0,0,0,0
10978,HEAD & SHOULDER SHAMPOO SMOOTH & SILKY 80ML,68,2,0,0,0,0,0,0,0,0,0,0,0,0,2
10979,HEAD & SHOULDER SHAMPOO COOL MENTHOL 80ML,68,1,0,0,0,0,0,0,0,0,0,0,0,0,1
10980,HEAD & SHOULDER SHAMPOO SILKY BLACK 72ML,68,2,0,0,0,0,0,0,0,0,0,0,0,0,2
10981,HEAD & SHOULDER SHAMPOO LEMON FRESH 170ML,145,0,0,0,0,0,0,0,0,0,0,0,0,0,0
10983,HEAD & SHOULDER SHAMPOO ANTI HAIR FALL 80ML,68,-1,0,0,0,0,0,0,0,0,0,0,0,0,-1
10984,HEAD & SHOULDER SHAMPOO SMOOTH & SILKY 375ML,275,2,0,0,0,0,0,0,0,0,0,0,0,0,2
10985,HEAD & SHOULDER CONDITIONER ANTI HAIRFALL 170ML,150,0,0,0,0,0,0,0,0,0,0,0,0,0,0
10986,HEAD & SHOULDER CONDITIONER SMOOTH & SILKY 170ML,150,1,0,0,0,0,0,0,0,0,0,0,0,0,1
10987,HEAD & SHOULDER SHAMPOO COOL MENTHOL 180ML,145,3,0,0,0,0,0,0,0,0,0,0,0,0,3
10988,HEAD & SHOULDER SHAMPOO SILKY BLACK 360ML,275,0,0,0,0,0,0,0,0,0,0,0,0,0,0
10989,HEAD & SHOULDER SHAMPOO COOL MENTHOL 375ML,305,0,0,0,0,0,0,0,0,0,0,0,0,0,0
10990,HEAD & SHOULDER SHAMPOO MEN HAIR RETAIN 340ML,275,0,0,0,0,0,0,0,0,0,0,0,0,0,0
10991,HEAD & SHOULDER SHAMPOO DRY SCALP CARE 360ML,285,0,0,0,0,0,0,0,0,0,0,0,0,0,0
10992,HEAD & SHOULDER SHAMPOO MEN COOL BLAST 180ML,150,0,0,0,0,0,0,0,0,0,0,0,0,0,0
10993,HEAD & SHOULDER SHAMPOO MEN COOL BLAST 80ML,87,0,0,0,0,0,0,0,0,0,0,0,0,0,0
10994,HEAD & SHOULDER SHAMPOO MEN HAIR RETAIN 170ML,150,0,0,0,0,0,0,0,0,0,0,0,0,0,0
10995,SECRET TEMPTATION DEO PASSION 150ML,185,0,0,0,0,0,0,0,0,0,0,0,0,0,0
10996,SECRET TEMPTATION DEO PLAY 150ML,185,0,0,0,0,0,0,0,0,0,0,0,0,0,0
10997,SECRET TEMPTATION DEO CURVE 150ML,185,0,0,0,0,0,0,0,0,0,0,0,0,0,0
10998,SECRET TEMPTATION DEO NEON 150ML,185,0,0,0,0,0,0,0,0,0,0,0,0,0,0
10999,SECRET TEMPTATION DEO ROMANCE 30ML,120,0,0,0,0,0,0,0,0,0,0,0,0,0,0
11000,NUTRALITE OMEGA-3 100GM,40,20,0,0,0,0,0,0,0,0,0,0,0,0,20
11002,DABUR VATIKA SHAMPOO HENNA & OLIVE 340ML,210,0,0,0,0,0,0,0,0,0,0,0,0,0,0
11003,WILD STONE DEO ULTRA SENSUAL 150ML,180,0,0,0,0,0,0,0,0,0,0,0,0,0,0
11004,WILD STONE BODY DEODORANT GREY 150ML,180,0,0,0,0,0,0,0,0,0,0,0,0,0,0
11005,WILD STONE BODY DEODORANT THUNDER 150ML,180,0,0,0,0,0,0,0,0,0,0,0,0,0,0
11006,WILD STONE BODY DEODORANT RED 150ML,180,0,0,0,0,0,0,0,0,0,0,0,0,0,0
11007,SOFIT MILK CHOCHOLATE 200ML,30,0,0,0,0,0,0,0,0,0,0,0,0,0,0
11008,SOFIT MILK CHOCHOLATE 1LTR,120,6,0,0,0,0,0,0,0,0,0,0,0,0,6
11009,SOFIT MILK MANGO 1LTR,120,4,0,0,0,0,0,0,0,0,0,0,0,0,4
11010,SOFIT MILK KESAR PISTA 1LTR,120,3,0,0,0,0,0,0,0,0,0,0,0,0,3
11011,OLAY REGENERIST MOIDTURISER NIGHT CREAM 50GM,1399,0,0,0,0,0,0,0,0,0,0,0,0,0,0
11012,OLAY REGENERIST REVITALISING CREAM CLEANSER 100GM,399,0,0,0,0,0,0,0,0,0,0,0,0,0,0
11013,OALY GENTLE FOAMING FACEWASH WITH ALOE 50GM,60,0,0,0,0,0,0,0,0,0,0,0,0,0,0
11014,OLAY MOISTURE BALANCE FOAMING FACEWASH WITH VITAMIN E 50GM,75,0,0,0,0,0,0,0,0,0,0,0,0,0,0
11015,OLAY CLARITY FRESH CLEANSER 50GM,60,0,0,0,0,0,0,0,0,0,0,0,0,0,0
11016,OLAY TOTAL EFFECTS 7 IN 1 DAY CREAM SPF 15 NORMAL 8GM,160,0,0,0,0,0,0,0,0,0,0,0,0,0,0
11017,OLAY REGENERIST MOIDTURISER CREAM SPF15 50GM,1399,0,0,0,0,0,0,0,0,0,0,0,0,0,0
11018,OLAY TOTAL EFFECTS 7 IN 1 ANTI AGEING SMOOTHING SERUM 50ML,799,0,0,0,0,0,0,0,0,0,0,0,0,0,0
11019,OLAY TOTAL EFFECTS 7 IN 1 BB CREAM SPF15 ALL SKIN TONES 50GM,799,0,0,0,0,0,0,0,0,0,0,0,0,0,0
11020,OLAY NATURAL WHITE 3 IN 1 FAIRNESS UV PROTECTION 40GM,89,0,0,0,0,0,0,0,0,0,0,0,0,0,0
11021,OLAY TOTAL EFFECTS 7 IN 1 ANTI AGEING NIGHT FIRMING CREAM NIGHT 20GM,399,0,0,0,0,0,0,0,0,0,0,0,0,0,0
11022,OLAY MOISTURIZING LOTION 75ML,240,0,0,0,0,0,0,0,0,0,0,0,0,0,0
11023,OLAY MOISTURE BALANCE FOAMING FACEWASH WITH VITAMIN E 100GM,135,0,0,0,0,0,0,0,0,0,0,0,0,0,0
11024,OLAY GENTLE FOAMING FACEWASH WITH ALOE 100GM,135,0,0,0,0,0,0,0,0,0,0,0,0,0,0
11026,PANTENE SHAMPOO HAIR FALL CONTROL 675ML,395,2,0,0,0,0,0,0,0,0,0,0,0,0,2
11027,PANTENE SHAMPOO TOTAL DAMAGE CARE 675ML,400,1,0,0,0,0,0,0,0,0,0,0,0,0,1
11029,PANTENE SHAMPOO DAILY MOISTURE REPAIR 675ML,425,0,0,0,0,0,0,0,0,0,0,0,0,0,0
11031,PANTENE SHAMPOO TOTAL DAMAGE CARE 10 340ML,200,0,0,0,0,0,0,0,0,0,0,0,0,0,0
11032,PANTENE CONDITIONER TOTAL DAMAGE CARE 175ML,139,0,0,0,0,0,0,0,0,0,0,0,0,0,0
11033,PANTENE CONDITIONER SILKY SMOOTH CARE 170ML,139,0,0,0,0,0,0,0,0,0,0,0,0,0,0
11034,PANTENE SHAMPOO LONG BLACK 675ML,425,1,0,0,0,0,0,0,0,0,0,0,0,0,1
11035,PANTENE CONDITIONER HAIR FALL CONTROL 175ML,139,1,0,0,0,0,0,0,0,0,0,0,0,0,1
11036,PANTENE SHAMPOO HAIR FALL CONTROL 72ML,57,1,0,0,0,0,0,0,0,0,0,0,0,0,1
11038,PANTENE SHAMPOO TOTAL DAMAGE CARE 72ML,57,0,0,0,0,0,0,0,0,0,0,0,0,0,0
11039,PANTENE SHAMPOO LONG BLACK 360ML,230,1,0,0,0,0,0,0,0,0,0,0,0,0,1
11040,PANTENE SHAMPOO LIVELY CLEAN 340ML,259,0,0,0,0,0,0,0,0,0,0,0,0,0,0
11041,PANTENE SHAMPOO LIVELY CLEAN 80ML,57,0,0,0,0,0,0,0,0,0,0,0,0,0,0
11043,PANTENE SHAMPOO LONG BLACK 80ML,50,1,0,0,0,0,0,0,0,0,0,0,0,0,1
11045,PARK AVENUE BEER SHAMPOO DAILY SHINE 200ML,155,1,0,0,0,0,0,0,0,0,0,0,0,0,1
11046,PARK AVENUE BEER SHAMPOO DAMAGE FREE HAIR 200ML,155,1,0,0,0,0,0,0,0,0,0,0,0,0,1
11047,PARK AVENUE DEO HORIZON 150ML,199,0,0,0,0,0,0,0,0,0,0,0,0,0,0
11048,PARK AVENUE SHOWER GEL SPEED 200ML,149,0,0,0,0,0,0,0,0,0,0,0,0,0,0
11049,STIC BOARD MARKER,20,-5,0,0,0,0,0,0,0,0,0,0,0,0,-5
11050,REAL JUICE APPLE 1LTR,99,1,0,0,0,0,0,0,0,0,0,0,0,0,1
11051,REAL JUICE MANGO 1LTR,99,5,0,0,0,1,0,0,0,0,0,0,0,0,4
11052,REAL JUICE GRAPE 1LTR,99,4,0,0,0,0,0,0,0,0,0,0,0,0,4
11053,REAL JUICE GUAVA 1LTR,99,4,0,0,0,0,0,0,0,0,0,0,0,0,4
11054,REAL JUICE CRANBERRY 1LTR,109,2,0,0,0,0,0,0,0,0,0,0,0,0,2
11055,REAL JUICE LITCHI 1LTR,99,3,0,0,0,0,0,0,0,0,0,0,0,0,3
11056,REAL JUICE TOMATO 1LTR,99,0,0,0,0,0,0,0,0,0,0,0,0,0,0
11057,PAPER BOAT JALJEERA 200ML,20,6,0,0,0,0,0,0,0,0,0,0,0,0,6
11058,PAPER BOAT AAMRAS 200ML,20,5,0,0,0,0,0,0,0,0,0,0,0,0,5
11060,PAPER BOAT JAMUN KALA KAHTTA 200ML,20,4,0,0,0,3,0,0,0,0,0,0,0,0,1
11062,FA DEO CARBBEAN 125ML,130,0,0,0,0,0,0,0,0,0,0,0,0,0,0
11063,HERBAL ESSENCES CONDITIONER BODY ENVY VOLUMIZING 300ML,190,0,0,0,0,0,0,0,0,0,0,0,0,0,0
11064,HERBAL ESSENCES CONDITIONER BREAKS OVER 300ML,205,0,0,0,0,0,0,0,0,0,0,0,0,0,0
11065,HERBAL ESSENCES CONDITIONER COLOR ME HAPPY 340ML,240,0,0,0,0,0,0,0,0,0,0,0,0,0,0
11066,HERBAL ESSENCES CONDITIONER COLOUR ME SHINY 300ML,205,0,0,0,0,0,0,0,0,0,0,0,0,0,0
11067,HERBAL ESSENCES CONDITIONER DANGEROUSLY STRAIGHT 300ML,205,0,0,0,0,0,0,0,0,0,0,0,0,0,0
11068,VIVEL SOAP GREEN TEA 4X100GM,87,0,0,0,0,0,0,0,0,0,0,0,0,0,0
11069,VIVEL SOAP ALOE VERA 4X100GM,87,0,0,0,0,0,0,0,0,0,0,0,0,0,0
11070,FRUTINS CHERRY IN SYRUP 820GM,285,-1,0,0,0,0,0,0,0,0,0,0,0,0,-1
11071,LIVON CONDITIONING CREAM COLOUR 4.0 NATURAL BROWN 15ML,39,0,0,0,0,0,0,0,0,0,0,0,0,0,0
11072,LIVON CONDITIONING CREAM COLOUR BURGUNDY,39,0,0,0,0,0,0,0,0,0,0,0,0,0,0
11073,LIVON CONDITIONING CREAM COLOUR NATURAL BLACK 21GM,59,0,0,0,0,0,0,0,0,0,0,0,0,0,0
11074,LIVON CONDITIONING CREAM COLOUR NATURAL BROWN 21GM,59,0,0,0,0,0,0,0,0,0,0,0,0,0,0
11075,BORO PLUS POLLUTION DAILY FACEWASH 50ML,50,0,0,0,0,0,0,0,0,0,0,0,0,0,0
11076,BORO PLUS ANTI POLLUTION CONTROL FACEWASH 50ML,50,0,0,0,0,0,0,0,0,0,0,0,0,0,0
11077,PONDS MEN MOISTURIZER OIL CONTROL 20GM,85,0,0,0,0,0,0,0,0,0,0,0,0,0,0
11078,PONDS MEN ENERGY CHARGE BRIGHTENING GEL MOISTURIZER WHITE BOOST 40GM,135,0,0,0,0,0,0,0,0,0,0,0,0,0,0
11079,PONDS MEN FACEWASH ENERGY CHARGE 100GM,185,1,0,0,0,0,0,0,0,0,0,0,0,0,1
11080,CORNITOS NACHO CRISPS WASABI 150gm,85,-1,0,0,0,0,0,0,0,0,0,0,0,0,-1
11081,LIA SAMTRUPTI AGARBATHIES 35GM,15,0,0,0,0,0,0,0,0,0,0,0,0,0,0
11082,LIA RAINBOW AGARBATHIES 130GM,50,0,0,0,0,0,0,0,0,0,0,0,0,0,0
11083,LIA RAINBOW AGARBATHIES 280GM,100,0,0,0,0,0,0,0,0,0,0,0,0,0,0
11084,LIA CHANDANAM AGARBATHIES 75GM,20,1,0,0,0,0,0,0,0,0,0,0,0,0,1
11086,LIA SAMTRUPTI AGARBATHIES 20GM,10,4,0,0,0,0,0,0,0,0,0,0,0,0,4
11087,LIA NATURE GIFT AGARBATHIES 20GM,10,1,0,0,0,0,0,0,0,0,0,0,0,0,1
11088,LIA RAINBOW AGARBATHIES 20GM,10,-1,0,0,0,0,0,0,0,0,0,0,0,0,-1
11090,LIA PRIME ROSE AGARBATHIES 35GM,15,0,0,0,0,0,0,0,0,0,0,0,0,0,0
11092,LIA RAINBOW AGARBATHIES 35GM,15,0,0,0,0,0,0,0,0,0,0,0,0,0,0
11093,FAIR GLOW SOAP 4 X 55GM,38,0,0,0,0,0,0,0,0,0,0,0,0,0,0
11094,COMFORT FABRIC CONDITIONER FRAGRANCE PEARLS AFTER WASH PINK 800ML,205,2,0,0,0,0,0,0,0,0,0,0,0,0,2
11109,BAGRRYS CRUNCHY MUESLI SUGARFREE JAR 1KG,545,2,0,0,0,0,0,0,0,0,0,0,0,0,2
11110,GILLETTE SHAVING CREAM LIME 30GM,33,0,0,0,0,0,0,0,0,0,0,0,0,0,0
11111,GILLETTE SHAVING CREAM LIME 70GM,65,0,0,0,0,0,0,0,0,0,0,0,0,0,0
11112,MAGGI TOMATO KETCHUP BOTTLE 200GM,48,0,0,0,0,0,0,0,0,0,0,0,0,0,0
11113,AASHIRVAAD WHOLE WHEAT ATTA 10KG,340,5,0,0,0,0,0,0,0,0,0,0,0,0,5
11114,PANTENE CONDITIONER SILKY SMOOTH CARE 75ML,55,0,0,0,0,0,0,0,0,0,0,0,0,0,0
11115,PANTENE CONDITIONER HAIR FALL CONTROL 75ML,69,0,0,0,0,0,0,0,0,0,0,0,0,0,0
11116,PANTENE CONDITIONER DAILY MOISTURE REPAIR 75ML,55,1,0,0,0,0,0,0,0,0,0,0,0,0,1
11118,HEAD & SHOULDER SHAMPOO ANTI HAIR FALL 180ML,145,2,0,0,0,0,0,0,0,0,0,0,0,0,2
11119,HEAD & SHOULDER SHAMPOO ANTI HAIR FALL 340ML,250,0,0,0,0,0,0,0,0,0,0,0,0,0,0
11120,PAMPERS ACTIVE BABY NBS 22 COUNTS,235,0,0,0,0,0,0,0,0,0,0,0,0,0,0
11121,PAMPERS BABY PANTS LIGHT & DRY LARGE 8DIAPERS,115,0,0,0,0,0,0,0,0,0,0,0,0,0,0
11122,PAMPERS BABY DRY PANTS LARGE 18DIAPERS,279,0,0,0,0,0,0,0,0,0,0,0,0,0,0
11123,PAMPERS BABY DRY M 6-11KG 10 DIAPERS,126,0,0,0,0,0,0,0,0,0,0,0,0,0,0
11124,PANTENE SHAMPOO HAIR FALL CONTROL 360ML,220,2,0,0,0,1,0,0,0,0,0,0,0,0,1
11125,GILLETTE MACH3 IRRITATION DEFENCE GEL 195GM,269,0,0,0,0,0,0,0,0,0,0,0,0,0,0
11126,KNORR SOUP CHINESE MANCHOW NOODLE BUY 2 GET 1 FREE 45GM,90,0,0,0,0,0,0,0,0,0,0,0,0,0,0
11127,KNORR SOUP TOMATO NOODLES 16GM,10,0,0,0,0,0,0,0,0,0,0,0,0,0,0
11128,KNORR SOUP THICK TOMATO BUY 2 GET 1 FREE 53GM,90,0,0,0,0,0,0,0,0,0,0,0,0,0,0
11129,KNORR SOUP HOT AND SOUR VEGETABLE BUY 2 GET 1 FREE 43GM,90,0,0,0,0,0,0,0,0,0,0,0,0,0,0
11130,KNORR SOUP HOT AND SOUR CHICKEN BUY 2 GET 1 FREE 45GM,90,0,0,0,0,0,0,0,0,0,0,0,0,0,0
11131,KNORR SWEET CORN CHICKEN SOUP BUY 2 GET 1 FREE 45GM,90,0,0,0,0,0,0,0,0,0,0,0,0,0,0
11133,KNORR CHINESE SCHEZWAN BUY 2 GET 1 FREE 45GM,90,0,0,0,0,0,0,0,0,0,0,0,0,0,0
11134,KNORR SOUP CHICKEN DELITE  BUY 2 GET 1 FREE 45GM,90,0,0,0,0,0,0,0,0,0,0,0,0,0,0
11135,KNORR CLASSIC CREAMY MUSHROOM SOUP BUY 2 GET 1 FREE 50GM,90,0,0,0,0,0,0,0,0,0,0,0,0,0,0
11136,LIPTON GREEN TEA TULSI NATURA TEA 10BAGS,60,2,0,0,0,0,0,0,0,0,0,0,0,0,2
11137,BROOKE BOND TEA GREEN TEA HONEY & LEMON 25BAHS,160,2,0,0,0,0,0,0,0,0,0,0,0,0,2
11138,BROOKE BOND TEA SPICY GINGER 25BAGS,150,0,0,0,0,0,0,0,0,0,0,0,0,0,0
11139,DOVE SHAMPOO INTENSE REPAIR 340ML,210,1,0,0,0,0,0,0,0,0,0,0,0,0,1
11140,LIFEBUOY HANDWASH COOL FRESH 185ML,45,3,0,0,0,0,0,0,0,0,0,0,0,0,3
11141,LIFEBUOY HANDWASH COOL FRESH 190ML,69,3,0,0,0,0,0,0,0,0,0,0,0,0,3
11142,LIFEBUOY HANDWASH COOL FRESH 900ML,160,0,0,0,0,0,0,0,0,0,0,0,0,0,0
11143,LIFEBUOY HANDWASH MILD CARE 750ML,175,0,0,0,0,0,0,0,0,0,0,0,0,0,0
11144,LIFEBUOY HANDWASH NATURE 900ML,160,0,0,0,0,0,0,0,0,0,0,0,0,0,0
11145,LIFEBUOY HANDWASH TOTAL10 750ML,175,0,0,0,0,0,0,0,0,0,0,0,0,0,0
11146,TRESEMME CONDITIONER CLIMATE CONTROL 190ML,187,0,0,0,0,0,0,0,0,0,0,0,0,0,0
11147,TRESEMME SHAMPOO CLIMATE CONTROL CLIMATE PROTECTION 85ML,63,1,0,0,0,0,0,0,0,0,0,0,0,0,1
11148,TRESEMME CONDITIONER HAIR FALL DEFENSE 80ML,90,2,0,0,0,0,0,0,0,0,0,0,0,0,2
11149,TRESEMME SHAMPOO HAIR FALL DEFENSE 580ML+CONDITIONER 190ML + HAIR STRAIGHTENER FREE,572,0,0,0,0,0,0,0,0,0,0,0,0,0,0
11150,TRESEMME CONDITIONER HAIR FALL CONTROL HAIR FALL DEFENSE 190ML,187,0,0,0,0,0,0,0,0,0,0,0,0,0,0
11151,TRESEMME CONDITIONER KERATIN SMOOTH 80ML,107,0,0,0,0,0,0,0,0,0,0,0,0,0,0
11152,TRESEMME SHAMPOO KERATIN SMOOTH 90ML,75,0,0,0,0,0,0,0,0,0,0,0,0,0,0
11153,TRESEMME SHAMPOO SMOOTH & SHINE 90ML,62,0,0,0,0,0,0,0,0,0,0,0,0,0,0
11154,TRESEMME CONDITIONER SMOOTH & SHINE SALON SILK MOISTURE 190ML,187,0,0,0,0,0,0,0,0,0,0,0,0,0,0
11155,SUNSILK CONDITIONER NOURISHING SOFT & SMOOTH 180ML,143,0,0,0,0,0,0,0,0,0,0,0,0,0,0
11156,SUNSILK SHAMPOO STUNNING BLACK SHINE 340ML,165,0,0,0,0,0,0,0,0,0,0,0,0,0,0
11157,SUNSILK CONDITIONER BLACK SHINE 80ML,60,0,0,0,0,0,0,0,0,0,0,0,0,0,0
11158,FAIR & LOVELY ADVANCED MULTI VITAMIN CREAM 80GM,145,5,0,0,0,0,0,0,0,0,0,0,0,0,5
11159,FAIR & LOVELY WINTER FAIRNESS CREAM 50GM,105,0,0,0,0,0,0,0,0,0,0,0,0,0,0
11160,FAIR & LOVELY WINTER FAIRNESS CREAM 80GM,157,0,0,0,0,0,0,0,0,0,0,0,0,0,0
11161,LAKME ABSOLUTE SKIN GLOSS GEL CREAM 50GM,499,2,0,0,0,0,0,0,0,0,0,0,0,0,2
11162,BASIC AYURVEDA CARDINA LIFE OK 500ML,380,0,0,0,0,0,0,0,0,0,0,0,0,0,0
11163,BASIC AYURVEDA OBITAPA 500ML,180,0,0,0,0,0,0,0,0,0,0,0,0,0,0
11164,PEARS FACEWASH OIL CLEAR GLOW 60GM,120,0,0,0,0,0,0,0,0,0,0,0,0,0,0
11165,PEPSODENT TOOTH PASTE EXPERT PROTECTION GUM CARE 70GM,50,2,0,0,0,0,0,0,0,0,0,0,0,0,2
11167,PEPSODENT TOOTH PASTE GERMI CHECK HEALTHY FRESH 100GM,52,5,0,0,0,0,0,0,0,0,0,0,0,0,5
11168,PEPSODENT TOOTH BRUSH TRIPLE CLEAN SOFT 1NOS,17,2,0,0,0,0,0,0,0,0,0,0,0,0,2
11169,PEPSODENT TOOTH PASTE GERMI CHECK 50GM,18,0,0,0,0,0,0,0,0,0,0,0,0,0,0
11170,PEPSODENT TOOTH PASTE G GUM CARE 2X150GM,160,0,0,0,0,0,0,0,0,0,0,0,0,0,0
11172,VASELINE TOTAL MOISTURISING  LOTION 300ML,185,0,0,0,0,0,0,0,0,0,0,0,0,0,0
11177,DOMEX ZERO STAIN 7X THICKER FORMULA LEMON POWER 450ML,76,-1,0,0,0,0,0,0,0,0,0,0,0,0,-1
11178,LUX SOAP SOFT TOUCH 3X150GM,108,0,0,0,0,0,0,0,0,0,0,0,0,0,0
11179,LUX SOAP SOFT TOUCH 4X51GM,40,0,0,0,0,0,0,0,0,0,0,0,0,0,0
11180,PEARS SOAP PURE AND GENTLE WITH GLYCERIN AND NATURAL OIL 125GM,62,-3,0,0,0,0,0,0,0,0,0,0,0,0,-3
11181,PEARS SOAP PURE AND GENTLE WITH GLYCERIN AND NATURAL OIL 50GM,23,4,0,0,0,0,0,0,0,0,0,0,0,0,4
11182,PEARS SOAP SOFT &  FRESH 75GM,40,0,0,0,0,0,0,0,0,0,0,0,0,0,0
11183,SURF EXCEL BAR MESH PACK 200GM,27,0,0,0,0,0,0,0,0,0,0,0,0,0,0
11184,VIM BAR ANTIGERM 85GM,6,0,0,0,0,0,0,0,0,0,0,0,0,0,0
11185,VIM DISHWASH ACTIVE GEL GREEN 500ML,105,0,0,0,0,0,0,0,0,0,0,0,0,0,0
11186,VIM POWER OF 100 LEMONS 225ML,40,1,0,0,0,0,0,0,0,0,0,0,0,0,1
11187,TIDE NATURALS LEMON & CHANDAN 1KG,65,0,0,0,0,0,0,0,0,0,0,0,0,0,0
11188,PANTENE SHAMPOO SILKY SMOOTH CARE 180ML,110,0,0,0,0,0,0,0,0,0,0,0,0,0,0
11190,GILLETTE 7 O CLOCK SUPER STAINLESS RAZOR,20,0,0,0,0,0,0,0,0,0,0,0,0,0,0
11191,GILLETTE 7 O CLOCK PII CATRIDGES PACK OF 5,175,3,0,0,0,0,0,0,0,0,0,0,0,0,3
11192,GILLETTE VECTOR CARTRIDGES PACK OF 4,110,2,0,0,0,0,0,0,0,0,0,0,0,0,2
11193,GILLETTE MACH3 12 CARTRIDGES,1175,0,0,0,0,0,0,0,0,0,0,0,0,0,0
11195,PANTENE SHAMPOO SILKY SMOOTH CARE 360ML,220,1,0,0,0,0,0,0,0,0,0,0,0,0,1
11197,CADBURY DAIRY MILK SILK ORANGE PEEL 145GM,150,0,0,0,0,0,0,0,0,0,0,0,0,0,0
11198,CADBURY DAIRY MILK SILK ROAST ALMOND 55GM,65,47,0,0,0,2,0,0,0,0,0,0,0,0,45
11199,CADBURY BOURNVILLE CRANBERRY CHOCOLATE 80GM,90,11,0,0,0,0,0,0,0,0,0,0,0,0,11
11200,OREO BISCUIT STRAWBERRY CREAM 60GM,15,0,0,0,0,0,0,0,0,0,0,0,0,0,0
11201,OREO BISCUIT ORANGE CREAM 60GM,15,0,0,0,0,0,0,0,0,0,0,0,0,0,0
11202,OREO BISCUIT CHOCO CREME 120GM,30,24,0,0,0,0,0,0,0,0,0,0,0,0,24
11204,MAGGI RICH TOMATO SAUCE 500GM,95,1,0,0,0,0,0,0,0,0,0,0,0,0,1
11205,TOP RAMEN CURRY VEG 70GM,20,5,0,0,0,0,0,0,0,0,0,0,0,0,5
11208,KIWI EXPRESS SHINE BLACK SPONG 7ML,65,6,0,0,0,0,0,0,0,0,0,0,0,0,6
11209,TRESEMME CONDITIONER HAIR SPA REJUVENATION 200ML,198,0,0,0,0,0,0,0,0,0,0,0,0,0,0
11210,DOVE CONDITIONER DAILY SHINE 40ML,40,0,0,0,0,0,0,0,0,0,0,0,0,0,0
11211,AXE DEO SIGNATURE BODY PERFUME INTENSE 125ML,190,0,0,0,0,0,0,0,0,0,0,0,0,0,0
11212,MCCAIN SUPER WEDGES 450GM,120,7,0,0,0,0,0,0,0,0,0,0,0,0,7
11213,NESTLE CERELAC MULTI GRAIN 5 FRUITS 300GM,216,0,0,0,0,0,0,0,0,0,0,0,0,0,0
11214,MAGGI NUTRI LICIOUS ATTA MASALA NOODLES 300GM,75,0,0,0,0,0,0,0,0,0,0,0,0,0,0
11215,NESTLE KITKAT 5X18GM,75,0,0,0,0,0,0,0,0,0,0,0,0,0,0
11216,MAGGI CHICKEN NOODLES 284GM,55,8,0,0,0,0,0,0,0,0,0,0,0,0,8
11217,NESTLE MILKYBAR CHOO STRAWBERRY 10GM,5,-1,0,0,0,0,0,0,0,0,0,0,0,0,-1
11218,NESTLE CERELAC SHISHU AADHAAR WHEAT RICE MOONG DAL VEG KHICHDI 300GM STAGE 2,196,0,0,0,0,0,0,0,0,0,0,0,0,0,0
11220,MAGGI SOUP RICH TOMATO 54GM,45,0,0,0,0,0,0,0,0,0,0,0,0,0,0
11221,MAGGI SOUP SWEET CORN VEG 36GM,45,0,0,0,0,0,0,0,0,0,0,0,0,0,0
11222,MAGGI SOUP MIXED VEGETABLE 44GM,45,0,0,0,0,0,0,0,0,0,0,0,0,0,0
11223,NESTLE MUNCH 6 CRUNCHIEST EVER TREATS 69GM,35,0,0,0,0,0,0,0,0,0,0,0,0,0,0
11224,MAGGI SOUP CREAMY CHICKEN 52GM,45,0,0,0,0,0,0,0,0,0,0,0,0,0,0
11225,MAGGI BHUNA MASALA KORMA 65GM,34,15,0,0,0,0,0,0,0,0,0,0,0,0,15
11226,MAGGI SOUP CREAM OF MUSHROOM 43GM,45,0,0,0,0,0,0,0,0,0,0,0,0,0,0
11227,COLGATE DENTAL CREAM CIVATY PROTECTION 100GM,46,0,0,0,0,0,0,0,0,0,0,0,0,0,0
11228,COLGATE TOOTH PASTE TOTAL PRO GUM HEALTH 70GM,60,0,0,0,0,0,0,0,0,0,0,0,0,0,0
11229,COLGATE TOOTH PASSRE CIBACA 175GM X175GM,74,0,0,0,0,0,0,0,0,0,0,0,0,0,0
11230,PARK AVENUE SOAP LUXURY 125GM,45,0,0,0,0,0,0,0,0,0,0,0,0,0,0
11231,PARK AVENUE SOAP STORM 125GM,45,0,0,0,0,0,0,0,0,0,0,0,0,0,0
11232,PARK AVENUE BEER SHAMPO FOR NORMAL HAIR 200ML,160,0,0,0,0,0,0,0,0,0,0,0,0,0,0
11233,PARK AVENUE SHAVING CREAM CLASSIC 70GM,65,3,0,0,0,0,0,0,0,0,0,0,0,0,3
11234,COLGATE DENTAL CREAM TOOTHPASTE 200GM + 100GM FREE + TOOTHBRUSH 300GM,130,0,0,0,0,0,0,0,0,0,0,0,0,0,0
11237,PARK AVENUE BEER SHAMPOO FOR NORMAL HAIR 75ML,65,0,0,0,0,0,0,0,0,0,0,0,0,0,0
11238,TATA TEA AGNI 35.2GM,10,0,0,0,0,0,0,0,0,0,0,0,0,0,0
11239,TETLEY GREEN TEA REGULAR BAGS 30,160,0,0,0,0,0,0,0,0,0,0,0,0,0,0
11240,TETLEY GREEN TEA ALOE VERA 10BAGS,65,0,0,0,0,0,0,0,0,0,0,0,0,0,0
11241,HAMDARD JOSHINA 200ML,115,3,0,0,0,0,0,0,0,0,0,0,0,0,3
11242,MTR SHAHI PANEER 300GM,95,0,0,0,0,0,0,0,0,0,0,0,0,0,0
11243,REAL THAI BLACK PAPER WOK SAUCE 150ML,195,2,0,0,0,0,0,0,0,0,0,0,0,0,2
11244,TWINING GREEN TEA & LEMON 25BAGS,285,0,0,0,0,0,0,0,0,0,0,0,0,0,0
11245,PARLE GOLDEN ARCS CHOCO FILLS 75GM,25,0,0,0,0,0,0,0,0,0,0,0,0,0,0
11246,PARLE HIDE&SEEK BOURBON 75GM,10,0,0,0,0,0,0,0,0,0,0,0,0,0,0
11248,PARLE SIMPLY GOOD CLASSIC DIGESTIVE 100GM,20,0,0,0,0,0,0,0,0,0,0,0,0,0,0
11249,PARLE MONACO CRISPY SALTY 150GM,20,0,0,0,0,0,0,0,0,0,0,0,0,0,0
11250,PARLE GOLD STAR CASHEW BUTTER COOKIES 150GM,20,0,0,0,0,0,0,0,0,0,0,0,0,0,0
11251,TOP RAMEN CUP NOODLES MASALA 75GM,40,0,0,0,0,0,0,0,0,0,0,0,0,0,0
11253,CLINIC PLUS SHAMPOO NATURALLY STRONG 340ML,187,0,0,0,0,0,0,0,0,0,0,0,0,0,0
11258,DOVE CONDITIONER INTENSE REPAIR DAMAGE THERAPY 170ML,190,0,0,0,0,0,0,0,0,0,0,0,0,0,0
11259,DOVE SHAMPOO DRYNESS CARE 80ML,62,0,0,0,0,0,0,0,0,0,0,0,0,0,0
11260,DOVE SHAMPOO HAIR FALL RESCUE 340ML,210,1,0,0,0,0,0,0,0,0,0,0,0,0,1
11261,DOVE SHAMPOO HAIR FALL RESCUE 180ML,105,1,0,0,0,0,0,0,0,0,0,0,0,0,1
11262,DOVE SHAMPOO HAIR FALL RESCUE 340ML+CONDITIONER 190ML+SCARF,400,1,0,0,0,0,0,0,0,0,0,0,0,0,1
11263,DOVE SHAMPOO INTENSE REPAIR 650ML,450,0,0,0,0,0,0,0,0,0,0,0,0,0,0
11264,DOVE SHAMPOO NOURISHING OIL CARE 340ML,250,1,0,0,0,0,0,0,0,0,0,0,0,0,1
11265,DOVE CONDITIONER INTENSE REPAIR DAMAGE THERAPY 40ML,40,0,0,0,0,0,0,0,0,0,0,0,0,0,0
11266,DOVE SHAMPOO NOURISHING OIL CARE 80ML,70,0,0,0,0,0,0,0,0,0,0,0,0,0,0
11267,DOVE SHAMPOO SPLIT END RESCUE 180ML,130,0,0,0,0,0,0,0,0,0,0,0,0,0,0
11269,LIFEBUOY HANDWASH TOTAL10 80ML,25,6,0,0,0,1,0,0,0,0,0,0,0,0,5
11271,SUNSILK SHAMPOO BLACK SHINE 180ML,130,0,0,0,0,0,0,0,0,0,0,0,0,0,0
11272,SUNSILK CONDITIONER DREAM SOFT & SMOOTH NOURISHING 80ML,60,0,0,0,0,0,0,0,0,0,0,0,0,0,0
11273,SUNSILK CONDITIONER LUSCIOUSLY THICK & LONG 180ML,143,0,0,0,0,0,0,0,0,0,0,0,0,0,0
11274,SUNSILK CONDITIONER LUSCIOUSLY THICK & LONG 80ML,69,0,0,0,0,0,0,0,0,0,0,0,0,0,0
11275,SUNSILK CONDITIONER LUSCIOUSLY THICK & LONG 40ML,36,0,0,0,0,0,0,0,0,0,0,0,0,0,0
11276,SUNSILK SHAMPOO STRAIGHT LOCK 180ML,132,0,0,0,0,0,0,0,0,0,0,0,0,0,0
11277,SUNSILK CONDITIONER STRAIGHT LOCK 80ML,59,0,0,0,0,0,0,0,0,0,0,0,0,0,0
11278,SUNSILK SHAMPOO STUNNING BLACK SHINE AMLA PEARL COMPLEX 80ML,50,1,0,0,0,0,0,0,0,0,0,0,0,0,1
11279,SUNSILK SHAMPOO STRAIGHT LOCK 340ML,197,0,0,0,0,0,0,0,0,0,0,0,0,0,0
11280,SUNSILK SHAMPOO HAIR FALL SOLUTION 340ML,217,0,0,0,0,0,0,0,0,0,0,0,0,0,0
11281,SUNSILK SHAMPOO HAIR FALL SOLUTION 180ML,105,0,0,0,0,0,0,0,0,0,0,0,0,0,0
11282,NOBLE FOODS SPROUTED WHEAT DALIA ROASTED 500GM,70,0,0,0,0,0,0,0,0,0,0,0,0,0,0
11283,NOBLE FOODS ROASTED PUFFED JWAR 200GM,70,0,0,0,0,0,0,0,0,0,0,0,0,0,0
11284,NOBLE FOODS ROASTED PUFFED BAJRA 180GM,70,0,0,0,0,0,0,0,0,0,0,0,0,0,0
11285,NOBLE FOODS ROASTED PUFFED WHEAT GRAIN 180GM,70,0,0,0,0,0,0,0,0,0,0,0,0,0,0
11286,NOBLE FOODS LOW CAL MULTIGRAIN BHEL 180GM,90,0,0,0,0,0,0,0,0,0,0,0,0,0,0
11287,NOBLE FOODS MULTIGRAIN SNACK 180GM,75,0,0,0,0,0,0,0,0,0,0,0,0,0,0
11288,NOBLE FOODS NAVRATTAN SNACK 180GM,75,0,0,0,0,0,0,0,0,0,0,0,0,0,0
11289,NOBLE FOODS ROASTED SUNFLOWER SEEDS 150,230,0,0,0,0,0,0,0,0,0,0,0,0,0,0
11290,NOBLE FOODS DIABETIC ATTA 1KG,200,0,0,0,0,0,0,0,0,0,0,0,0,0,0
11291,NOBLE FOODS HIGH PROTEIN ATTA 1KG,140,0,0,0,0,0,0,0,0,0,0,0,0,0,0
11292,NOBLE FOODS OAT BRAN 500GM,150,0,0,0,0,0,0,0,0,0,0,0,0,0,0
11293,NOBLE FOODS RAGI ATTA 500GM,105,0,0,0,0,0,0,0,0,0,0,0,0,0,0
11294,NOBLE FOODS SALTED CASHEW 250GM,410,0,0,0,0,0,0,0,0,0,0,0,0,0,0
11295,NOBLE FOODS ROASTED CASHEW 250GM,410,0,0,0,0,0,0,0,0,0,0,0,0,0,0
11296,NOBLE FOODS SALTED ALMONDS 250GM,390,0,0,0,0,0,0,0,0,0,0,0,0,0,0
11297,NOBLE FOODS ROASTED ALMONDS 250GM,390,0,0,0,0,0,0,0,0,0,0,0,0,0,0
11298,NOBLE FOODS HONEY COATED WALNUTS 200GM,545,0,0,0,0,0,0,0,0,0,0,0,0,0,0
11299,NOBLE FOODS JAGGERY COATED WALNUTS 200GM,545,0,0,0,0,0,0,0,0,0,0,0,0,0,0
11300,NOBLE FOODS DRY FIGS ANJEER 250GM,250,0,0,0,0,0,0,0,0,0,0,0,0,0,0
11301,TIDE LEMON & MINT 500GM,47,0,0,0,0,0,0,0,0,0,0,0,0,0,0
11302,HEAD & SHOULDER SHAMPOO SMOOTH & SILKY 180ML,145,2,0,0,0,0,0,0,0,0,0,0,0,0,2
11303,LOREAL EXCELLENCE CREME COLOURANT LIGHT BROWN 6,590,1,0,0,0,0,0,0,0,0,0,0,0,0,1
11304,LOREAL EXCELLENCE CREME COLOURANT DEEP PLUM 416,600,1,0,0,0,0,0,0,0,0,0,0,0,0,1
11305,LOREAL EXCELLENCE CREME COLOURANT BLACK1 72ML,590,1,0,0,0,0,0,0,0,0,0,0,0,0,1
11306,GARNIER FRUCTIS SHAMPOO LONG & STRONG 340ML,200,0,0,0,0,0,0,0,0,0,0,0,0,0,0
11307,CLEAR ACTIVE CARE HAIR OIL 75ML,45,5,0,0,0,0,0,0,0,0,0,0,0,0,5
11308,MOTHER DAIRY YOGHURT BLUEBERRY 100GM,20,16,0,0,0,4,0,0,0,0,0,0,0,0,12
11309,MOTHER DAIRY YOGHURT RASPBERRY 100GM,20,9,0,0,0,1,0,0,0,0,0,0,0,0,8
11310,MOTHER DAIRY YOGHURT MANGO 100GM,20,17,0,0,0,2,0,0,0,0,0,0,0,0,15
11311,BINGO MAD ANGLES MASALA MADNESS 90GM,20,-4,0,0,0,0,0,0,0,0,0,0,0,0,-4
11313,BINGO MAD ANGLES CHAAT MASTI 90GM,20,13,0,0,0,1,0,0,0,0,0,0,0,0,12
11315,BINGO TANGLES TOMATAO TANGLE 90GM,20,0,0,0,0,0,0,0,0,0,0,0,0,0,0
11317,BINGO YUMITOS INTERNATIONAL CREAM AND ONION 66GM,20,12,0,0,0,1,0,0,0,0,0,0,0,0,11
11318,BINGO MAD ANGLES TOMATO MADNESS 140GM,30,0,0,0,0,0,0,0,0,0,0,0,0,0,0
11319,BINGO YUMITOS PREMIUM SALTED 66GM,20,0,0,0,0,0,0,0,0,0,0,0,0,0,0
11320,BINGO YUMITOS ORIGINAL STYLE CHILLI SPRINKLED 60GM,20,0,0,0,0,0,0,0,0,0,0,0,0,0,0
11322,TROPICANA 100% APPLE JUICE 200ML,30,8,0,0,0,0,0,0,0,0,0,0,0,0,8
11323,TROPICANA JUICE APPLE 200ML,20,9,0,0,0,0,0,0,0,0,0,0,0,0,9
11324,TROPICANA JUICE CRANBERRY 1LTR,110,1,0,0,0,0,0,0,0,0,0,0,0,0,1
11325,GATORADE SPORTS DRINK BLUE 500ML,50,23,0,0,0,0,0,0,0,0,0,0,0,0,23
11326,GATORADE SPORTS DRINK LEMON 500ML,50,0,0,0,0,0,0,0,0,0,0,0,0,0,0
11327,GATORADE SPORTS DRINK ORANGE 500ML,50,0,0,0,0,0,0,0,0,0,0,0,0,0,0
11328,TROPICANA JUICE GUAVA 200ML,20,16,0,0,0,2,0,0,0,0,0,0,0,0,14
11329,TROPICANA JUICE GUAVA 1LTR,99,13,0,0,0,2,0,0,0,0,0,0,0,0,11
11330,TROPICANA JUICE LITCHI 200ML,20,8,0,0,0,2,0,0,0,0,0,0,0,0,6
11331,TROPICANA JUICE LITCHI 1LTR,99,4,0,0,0,0,0,0,0,0,0,0,0,0,4
11332,TROPICANA JUICE MANGO 200ML,20,0,0,0,0,0,0,0,0,0,0,0,0,0,0
11333,TROPICANA JUICE MANGO 1LTR,99,4,0,0,0,0,0,0,0,0,0,0,0,0,4
11334,TROPICANA JUICE MIXED FRUIT 200ML,20,8,0,0,0,0,0,0,0,0,0,0,0,0,8
11335,TROPICANA 100% JUICE MIXED FRUIT 200ML,30,6,0,0,0,5,0,0,0,0,0,0,0,0,1
11336,TROPICANA JUICE MIXED FRUIT 1LTR,99,6,0,0,0,0,0,0,0,0,0,0,0,0,6
11337,TROPICANA 100% JUICE MIXED FRUIT 1LTR,130,4,0,0,0,1,0,0,0,0,0,0,0,0,3
11338,TROPICANA 100% JUICE ORANGE 200ML,30,13,0,0,0,1,0,0,0,0,0,0,0,0,12
11339,TROPICANA JUICE ORANGE 1LTR,99,12,0,0,0,0,0,0,0,0,0,0,0,0,12
11340,TROPICANA 100% JUICE ORANGE 1LTR,130,2,0,0,0,1,0,0,0,0,0,0,0,0,1
11341,TROPICANA JUICE PINEAPPLE 200ML,20,11,0,0,0,0,0,0,0,0,0,0,0,0,11
11342,TROPICANA JUICE PINEAPPLE 1LTR,99,4,0,0,0,0,0,0,0,0,0,0,0,0,4
11343,TROPICANA JUICE POMEGRANATE 200ML,20,8,0,0,0,0,0,0,0,0,0,0,0,0,8
11345,REAL JUICE PINEAPPLE 1LTR,99,2,0,0,0,0,0,0,0,0,0,0,0,0,2
11346,REAL JUICE MIXED FRUIT 1LTR,99,0,0,0,0,0,0,0,0,0,0,0,0,0,0
11347,REAL JUICE MIXED FRUIT 200ML,20,1,0,0,0,0,0,0,0,0,0,0,0,0,1
11348,REAL JUICE APPLE 200ML,20,0,0,0,0,0,0,0,0,0,0,0,0,0,0
11349,REAL JUICE GUAVA 200ML,20,11,0,0,0,0,0,0,0,0,0,0,0,0,11
11350,REAL JUICE ORANGE 200ML,20,14,0,0,0,0,0,0,0,0,0,0,0,0,14
11351,REAL JUICE POMEGRANATE 200ML,20,3,0,0,0,0,0,0,0,0,0,0,0,0,3
11352,REAL JUICE LITCHI 200ML,20,0,0,0,0,0,0,0,0,0,0,0,0,0,0
11353,REAL JUICE PINEAPPLE 200ML,20,2,0,0,0,1,0,0,0,0,0,0,0,0,1
11354,MOTHER DAIRY CHEESE SLICE 100GM,70,8,0,0,0,2,0,0,0,0,0,0,0,0,6
11355,MOTHER DAIRY CHEESE SLICE 200GM,130,12,0,0,0,3,0,0,0,0,0,0,0,0,9
11356,MOTHER DAIRY LASSI LITCHI BOTTLE 200ML,18,0,0,0,0,0,0,0,0,0,0,0,0,0,0
11357,KURKURE CHILLI CHATKA 50GM,10,3,0,0,0,1,0,0,0,0,0,0,0,0,2
11358,KURKURE MASALA MUNCH 50GM,10,10,0,0,0,2,0,0,0,0,0,0,0,0,8
11360,LAYS CLASSIC SALTED 30GM,10,14,0,0,0,2,0,0,0,0,0,0,0,0,12
11361,LAYS MAGIC MASALA 30GM,10,0,0,0,0,0,0,0,0,0,0,0,0,0,0
11362,LAYS WEST INDIES HOT N SWEET CHILLI 30GM,10,0,0,0,0,0,0,0,0,0,0,0,0,0,0
11363,LAYS CLASSIC SALTED 52GM,20,17,0,0,0,4,0,0,0,0,0,0,0,0,13
11364,UNCLE CHIPS SPICY TREAT 55GM,20,1,0,0,0,0,0,0,0,0,0,0,0,0,1
11365,QUAKER OATS KESAR WITH KISHMISH 26GM,15,5,0,0,0,1,0,0,0,0,0,0,0,0,4
11366,SUGAR FREE NATURA 100TAB,62,3,0,0,0,0,0,0,0,0,0,0,0,0,3
11367,SUGAR FREE NATURA SWEET DROPS 200DROPS,135,0,0,0,0,0,0,0,0,0,0,0,0,0,0
11368,BRITANNIA MASKA RUSK 200GM,30,0,0,0,0,0,0,0,0,0,0,0,0,0,0
11369,BRITANNIA TREAT JIM JAM 100GM,20,-1,0,0,0,0,0,0,0,0,0,0,0,0,-1
11370,BRITANNIA TREAT PINEAPPLE 150GM,25,0,0,0,0,0,0,0,0,0,0,0,0,0,0
11371,BRITANNIA GOOD DAY RICH BUTTER COOKIES 150GM,22,7,0,0,0,0,0,0,0,0,0,0,0,0,7
11372,BRITANNIA CAKE ORANGE BITES 65GM,15,5,0,0,0,1,0,0,0,0,0,0,0,0,4
11373,REAL JUICE ORANGE 1LTR,99,0,0,0,0,0,0,0,0,0,0,0,0,0,0
11374,REAL JUICE APRICOT 1LTR,99,0,0,0,0,0,0,0,0,0,0,0,0,0,0
11375,REAL JUICE ACTIV FRUIT VEGGI BEETROOT CARROT 1LTR,105,0,0,0,0,0,0,0,0,0,0,0,0,0,0
11376,REAL JUICE ACTIV ORANGE CARROT 1LTR,120,0,0,0,0,0,0,0,0,0,0,0,0,0,0
11377,REAL JUICE ACTIV ORANGE 1LTR,120,0,0,0,0,0,0,0,0,0,0,0,0,0,0
11378,REAL JUICE MANGO 200ML,20,1,0,0,0,0,0,0,0,0,0,0,0,0,1
11379,NESTLE DAHI 400GM,55,21,0,0,0,4,0,0,0,0,0,0,0,0,17
11380,SOFIT MILK KESAR PISTA 200ML,30,1,0,0,0,0,0,0,0,0,0,0,0,0,1
11381,SOFIT MILK MANGO 200ML,30,2,0,0,0,1,0,0,0,0,0,0,0,0,1
11382,DABUR ALMOND HAIR OIL 200ML,115,3,0,0,0,0,0,0,0,0,0,0,0,0,3
11383,LIA JASMINE AGARBATHIES 75GM,30,0,0,0,0,0,0,0,0,0,0,0,0,0,0
11384,LIA RAINBOW AGARBATHIES 30N,20,0,0,0,0,0,0,0,0,0,0,0,0,0,0
11385,LAYS SPANISH TOMATO TANGO 55GM,20,14,0,0,0,1,0,0,0,0,0,0,0,0,13
11386,PUMPKIN,25,0,0,0,0,0,0,0,0,0,0,0,0,0,0
11387,GARNIER CONDITIONER TRIPLE NUTRITION 80ML,70,0,0,0,0,0,0,0,0,0,0,0,0,0,0
11389,DAL SPROUTS KALA CHANA 250GM,30,-6,0,0,0,2,0,0,0,0,0,0,0,0,-8
11390,LIA SANDALS 100STICKS,100,0,0,0,0,0,0,0,0,0,0,0,0,0,0
11391,LIA JASMINE AGARBATHIES 280GM,100,0,0,0,0,0,0,0,0,0,0,0,0,0,0
11392,LIA LAVENDERZ AGARBATHIES 130GM,50,1,0,0,0,1,0,0,0,0,0,0,0,0,0
11393,LIA RAINBOW AGARBATHIES 75GM,30,0,0,0,0,0,0,0,0,0,0,0,0,0,0
11394,MEDINI JAVADH DELUXE DHOOP,12,0,0,0,0,0,0,0,0,0,0,0,0,0,0
11395,MCVITIES ORANGE CREAM 60GM,10,6,0,0,0,0,0,0,0,0,0,0,0,0,6
11397,ORBIT MIXED FRUIT TUBE RS.50,50,4,0,0,0,0,0,0,0,0,0,0,0,0,4
11398,ORBIT SPEARMINT TUBE RS.50,50,0,0,0,0,0,0,0,0,0,0,0,0,0,0
11401,CLEAN & CLEAR FACEWASH FOAMING OIL FREE150ML,141,0,0,0,0,0,0,0,0,0,0,0,0,0,0
11403,LISTERINE MOUTHWASH ORIGINAL 250ML,109,0,0,0,0,0,0,0,0,0,0,0,0,0,0
11404,REAL JUICE ACTIV FIBER ORANGE CITUS PUNCH 1LTR,125,1,0,0,0,0,0,0,0,0,0,0,0,0,1
11405,REAL ACTIV CUCUMBER SPINACH 1LTR,105,0,0,0,0,0,0,0,0,0,0,0,0,0,0
11406,HALDIRAMS RASGULLA TIN 1KG,200,0,0,0,0,0,0,0,0,0,0,0,0,0,0
11407,HALDIRAMS GULAB JAMUN 1KG,210,0,0,0,0,0,0,0,0,0,0,0,0,0,0
11408,HALDIRAMS DIET JHALMURI 150GM,30,0,0,0,0,0,0,0,0,0,0,0,0,0,0
11409,DAAWAT ROZANA SUPER BASMATI RICE 5KG,380,0,0,0,0,0,0,0,0,0,0,0,0,0,0
11410,DAAWAT ROZANA SUPER BASMATI RICE 1KG,75,0,0,0,0,0,0,0,0,0,0,0,0,0,0
11412,COLIN ULTRA SHINE GLASS & HOUSEHOLD CLEANER REGULAR 250ML,45,0,0,0,0,0,0,0,0,0,0,0,0,0,0
11413,COLIN ULTRA SHINE GLASS & HOUSEHOLD CLEANER LEMON 250ML,45,0,0,0,0,0,0,0,0,0,0,0,0,0,0
11414,LOREAL SHAMPOO 6 OIL NOURISH 360ML,265,1,0,0,0,0,0,0,0,0,0,0,0,0,1
11417,LOREAL CASTING CREAM GLOSS 300 DARKEST  BROWN,550,0,0,0,0,0,0,0,0,0,0,0,0,0,0
11418,LOREAL CASTING CREAM GLOSS 200 EBONY BLACK,550,1,0,0,0,0,0,0,0,0,0,0,0,0,1
11419,LOREAL CASTING CREAM GLOSS 360 BLACK CHERRY,600,1,0,0,0,0,0,0,0,0,0,0,0,0,1
11420,GARNIER COLOR NATURALS MINI DARKEST BROWN 3,80,1,0,0,0,0,0,0,0,0,0,0,0,0,1
11421,GARNIER MICELLAR CLEANSING WATER 400ML,349,0,0,0,0,0,0,0,0,0,0,0,0,0,0
11422,LOREAL CONDITIONER FALL REPAIR 65ML,85,1,0,0,0,0,0,0,0,0,0,0,0,0,1
11423,GARNIER FRUCTIS SHAMPOO FALL FIGHT 175ML,115,0,0,0,0,0,0,0,0,0,0,0,0,0,0
11424,LOREAL SHAMPOO SMOOTH INTENSE 360ML,282,0,0,0,0,0,0,0,0,0,0,0,0,0,0
11425,LOREAL SHAMPOO ANTI HAIR FALL REPAIR 360ML,282,0,0,0,0,0,0,0,0,0,0,0,0,0,0
11426,LOREAL SHAMPOO COLOUR PROTECT PROTECTING 360ML,282,0,0,0,0,0,0,0,0,0,0,0,0,0,0
11427,LOREAL SHAMPOO TOTAL REPAIR REPAIRING 360ML,265,1,0,0,0,0,0,0,0,0,0,0,0,0,1
11428,LOREAL SHAMPOO TOTAL REPAIR REPAIRING 640ML,450,0,0,0,0,0,0,0,0,0,0,0,0,0,0
11429,LOREAL EXCELLENCE CREME COLOURANT DEEP BRONZE BLACK1.07,575,0,0,0,0,0,0,0,0,0,0,0,0,0,0
11430,LOREAL EXCELLENCE CREME COLOURANT NATURAL BROWN 5,590,1,0,0,0,0,0,0,0,0,0,0,0,0,1
11431,LOREAL EXCELLENCE CREME COLOURANT NATURAL DARKEST BROWN3,590,0,0,0,0,0,0,0,0,0,0,0,0,0,0
11432,DETTOL ORIGINAL MULTI USE WIPES30,115,0,0,0,0,0,0,0,0,0,0,0,0,0,0
11433,DETTOL ORIGINAL MULTI USE WIPES10,45,0,0,0,0,0,0,0,0,0,0,0,0,0,0
11434,DETTOL HAND WASH RE ENERGIZE LIQUID REFILL 175ML,47,0,0,0,0,0,0,0,0,0,0,0,0,0,0
11435,DETTOL HAND WASH SKINCARE LIQUID REFILL 175ML,40,0,0,0,0,0,0,0,0,0,0,0,0,0,0
11436,LIZOL DISINFECTANT SURFACE CLEANER JASMINE 2LTR,327,0,0,0,0,0,0,0,0,0,0,0,0,0,0
11437,LIZOL DISINFECTANT SURFACE CLEANER FLORAL 650ML,85,0,0,0,0,0,0,0,0,0,0,0,0,0,0
11438,VEET HAIR REMOVAL CREAM NORMAL SKIN CREAM 25GM,58,3,0,0,0,0,0,0,0,0,0,0,0,0,3
11439,VEET HAIR REMOVAL CREAM  NORMAL SKIN LOTUS MILK & JASMINE 60GM,110,0,0,0,0,0,0,0,0,0,0,0,0,0,0
11440,BAGRRYS FRUIT N FIBRE MUESLI MIXED FRUIT 500GM,290,1,0,0,0,0,0,0,0,0,0,0,0,0,1
11441,BAGRRYS B SPECIAL SLIM MUESLI 400GM,229,0,0,0,0,0,0,0,0,0,0,0,0,0,0
11442,SAFFOLA MASALA OATS VEGGIE TWIST 40GM,12,-5,0,0,0,0,0,0,0,0,0,0,0,0,-5
11443,BAGRRYS MUESLI CHOCO DELIGHT WITH ALMONDS AND RAISINS 400GM,290,1,0,0,0,0,0,0,0,0,0,0,0,0,1
11444,EXPRESS FOODS HARVEST CRUNCH SUGAR FREE 400GM,199,0,0,0,0,0,0,0,0,0,0,0,0,0,0
11446,EXPRESS FOODS MUESLI SWISS STYLE NO ADDED SUGAR 400GM,199,0,0,0,0,0,0,0,0,0,0,0,0,0,0
11447,KELLOGGS OATS BITES READY TO EAT 450GM,155,0,0,0,0,0,0,0,0,0,0,0,0,0,0
11449,EXPRESS FOODS CHOCOLATE GRANOLA JAR 1KG,495,1,0,0,0,0,0,0,0,0,0,0,0,0,1
11450,KELLOGGS SPECIAL K 900GM,380,4,0,0,0,0,0,0,0,0,0,0,0,0,4
11451,EXPRESS FOODS OAT GRANOLA 1KG,395,0,0,0,0,0,0,0,0,0,0,0,0,0,0
11452,SAFFOLA OATS 400GM,77,0,0,0,0,0,0,0,0,0,0,0,0,0,0
11453,SAFFOLA NATURAL OATS 1KG,185,2,0,0,0,0,0,0,0,0,0,0,0,0,2
11454,SAFFOLA MASALA OATS CLASSIC 400GM,145,0,0,0,0,0,0,0,0,0,0,0,0,0,0
11455,BAGRRYS OATS POHA 200GM,50,0,0,0,0,0,0,0,0,0,0,0,0,0,0
11456,SAFFOLA FRUIT AND NUT CRANBERRY MAGIC OATS 30GM,15,0,0,0,0,0,0,0,0,0,0,0,0,0,0
11457,QUAKER OATS 200GM,38,0,0,0,0,0,0,0,0,0,0,0,0,0,0
11458,KELLOGGS OATS SIMPLY PONGAL 39GM,15,0,0,0,0,0,0,0,0,0,0,0,0,0,0
11459,QUAKER OATS STRAWBERRY FLAVOUR WITH APPLE 26GM,15,8,0,0,0,0,0,0,0,0,0,0,0,0,8
11460,NESCAFE GOLD BLEND 150GM,550,0,0,0,0,0,0,0,0,0,0,0,0,0,0
11472,NIVEA MEN AFTER SHAVE LOTION VITALAZING 100ML,199,0,0,0,0,0,0,0,0,0,0,0,0,0,0
11473,GILLETTE SHAVING CREAM REGULAR 70GM,65,0,0,0,0,0,0,0,0,0,0,0,0,0,0
11474,GILLETTE SHAVING GEL MOISTURIZING 60GM,85,3,0,0,0,0,0,0,0,0,0,0,0,0,3
11475,GATSBY AFTER SHAVE LOTION CLASSIC 100ML,140,0,0,0,0,0,0,0,0,0,0,0,0,0,0
11476,NIVEA MEN SHAVING GEL FRESH ACTIVE COOLING MNT 200ML,275,0,0,0,0,0,0,0,0,0,0,0,0,0,0
11477,GILLETTE SHAVING FOAM LEMON LIME 196GM,185,1,0,1,0,0,0,0,0,0,0,0,0,0,2
11478,GILLETTE IRRITATION 5DEFENSE SOOTHING FOAM 245GM,229,0,0,0,0,0,0,0,0,0,0,0,0,0,0
11479,GILLETTE IRRITATION 5DEFENSE SOOTHING GEL 195GM,269,0,0,0,0,0,0,0,0,0,0,0,0,0,0
11480,OLD SPICE AFTER SHAVE LOTION MUSK 50ML,110,0,0,0,0,0,0,0,0,0,0,0,0,0,0
11481,GILLETTE FUSION HYDRA GEL PURE AND SENSITIVE 195GM,375,1,0,0,0,0,0,0,0,0,0,0,0,0,1
11482,GILLETTE SHAVING GEL EXTRA COMFORT JOJOBA OIL 195GM,329,0,0,0,0,0,0,0,0,0,0,0,0,0,0
11483,PARK AVENUE SHAVING FOAM MOISTURISING 420GM,199,0,0,0,0,0,0,0,0,0,0,0,0,0,0
11484,GILLETTE SHAVING FOM SENSITIVE SKIN 245GM,269,0,0,0,0,0,0,0,0,0,0,0,0,0,0
11485,PUCELLE PERFUME SPRAY TROPICAL SPIRIT 150ML,135,0,0,0,0,0,0,0,0,0,0,0,0,0,0
11486,PUCELLE PERFUME SPRAY WAVY OCEAN 150ML,135,0,0,0,0,0,0,0,0,0,0,0,0,0,0
11487,PUCELLE PERFUME SPRAY ECCENTRIC BREEZE 150ML,135,0,0,0,0,0,0,0,0,0,0,0,0,0,0
11488,NIVEA MEN DEO FRESH ACTIVE RUSH 150ML,199,0,0,0,0,0,0,0,0,0,0,0,0,0,0
11489,PARK AVENUE DEO STORM 250ML,257,0,0,0,0,0,0,0,0,0,0,0,0,0,0
11490,SET WET HAIR GEL COOL HOLD 10ML,10,0,0,0,0,0,0,0,0,0,0,0,0,0,0
11491,FOGG DEO DELICIOUS 120ML,185,0,0,0,0,0,0,0,0,0,0,0,0,0,0
11492,GILLETTE BODY SPRAY ARCTIC ICE 150ML,199,0,0,0,0,0,0,0,0,0,0,0,0,0,0
11493,FOGG DEO FRESH WOODY 120ML,250,0,0,0,0,0,0,0,0,0,0,0,0,0,0
11494,FOGG DEO FRESH AROMATIC 120ML,250,0,0,0,0,0,0,0,0,0,0,0,0,0,0
11495,FOGG DEO WOMEN SPLENDID 120ML,250,0,0,0,0,0,0,0,0,0,0,0,0,0,0
11496,FOGG DEO FRESH AQUA 120ML,250,0,0,0,0,0,0,0,0,0,0,0,0,0,0
11497,FOGG DEO FRESH SPICY 120ML,250,0,0,0,0,0,0,0,0,0,0,0,0,0,0
11498,WILD STONE DEO STEEL 120ML,250,0,0,0,0,0,0,0,0,0,0,0,0,0,0
11499,FOGG DEO WOMEN BLOSSOM 120ML,250,0,0,0,0,0,0,0,0,0,0,0,0,0,0
11500,FOGG DEO WOMEN ELEGANCE 120ML,250,0,0,0,0,0,0,0,0,0,0,0,0,0,0
11501,HE DEO RULER 150ML,199,0,0,0,0,0,0,0,0,0,0,0,0,0,0
11502,PARK AVENUE DEO XPRESS 150ML,255,0,0,0,0,0,0,0,0,0,0,0,0,0,0
11503,PARK AVENUE DEO RUSH 150ML,255,0,0,0,0,0,0,0,0,0,0,0,0,0,0
11504,PARK AVENUE DEO STORM 150ML,199,0,0,0,0,0,0,0,0,0,0,0,0,0,0
11505,CLEAN AND DRY INTIMATE CLEANSING FOAM WASH 85GM,249,2,0,0,0,0,0,0,0,0,0,0,0,0,2
11506,FOGG DEO CLASSIC 120ML,180,0,0,0,0,0,0,0,0,0,0,0,0,0,0
11507,PARK AVENUE DEO GOOD MORNING 250ML,257,0,0,0,0,0,0,0,0,0,0,0,0,0,0
11508,PLAYBOY DEO NEW YORK 150ML,199,0,0,0,0,0,0,0,0,0,0,0,0,0,0
11509,PARK AVENUE DEO BELIEVE 150ML,199,0,0,0,0,0,0,0,0,0,0,0,0,0,0
11511,FOGG DEO MARCO 120ML,185,1,0,0,0,0,0,0,0,0,0,0,0,0,1
11512,NIVEA MEN DEO FRESH POWER BOOST 150ML,190,0,0,0,0,0,0,0,0,0,0,0,0,0,0
11513,SIMCO HAIR SPRAY SWIFT POWER 100ML,110,0,0,0,0,0,0,0,0,0,0,0,0,0,0
11514,GILLETTE SHAVE GEL SATIN CARE SENSITIVE SKIN 195GM,225,1,0,0,0,0,0,0,0,0,0,0,0,0,1
11515,PARK AVENUE DEO ELEVATE 50GM,135,0,0,0,0,0,0,0,0,0,0,0,0,0,0
11516,HE DEO CONQUEROR 150ML,190,0,0,0,0,0,0,0,0,0,0,0,0,0,0
11517,GATSBY DEO MUSK 150ML,180,0,0,0,0,0,0,0,0,0,0,0,0,0,0
11518,GATSBY DEO KARATE 150ML,180,0,0,0,0,0,0,0,0,0,0,0,0,0,0
11519,NIVEA DEO WHITENING GENTLE CARE AND FLORAL TOUCH 150ML,199,0,0,0,0,0,0,0,0,0,0,0,0,0,0
11520,GILLETTE BODY SPRAY POWER RUSH 150ML,199,0,0,0,0,0,0,0,0,0,0,0,0,0,0
11521,DENVER DEO HAMILTON 115GM,199,0,0,0,0,0,0,0,0,0,0,0,0,0,0
11522,GATSBY DEO AQUA 150ML,180,0,0,0,0,0,0,0,0,0,0,0,0,0,0
11523,AMBI PUR AIR EFFECTS LAVENDER VANILLA & COMFORT 275GM,270,0,0,0,0,0,0,0,0,0,0,0,0,0,0
11524,AMBI PUR AIR EFFECTS BLOSSOM & BREEZE 275GM,270,0,0,0,0,0,0,0,0,0,0,0,0,0,0
11525,AIR WICK AROMA OIL DIFFUSER LAVENDER SPA,199,0,0,0,0,0,0,0,0,0,0,0,0,0,0
11526,AMBI PUR AIR EFFECTS SPRING & RENEWAL 275GM,270,0,0,0,0,0,0,0,0,0,0,0,0,0,0
11527,AIR WICK AROMA OIL REFILL LAVENDER SPA 18ML,139,0,0,0,0,0,0,0,0,0,0,0,0,0,0
11528,AMBI PUR AIR EFFECTS THAI DRAGON FRUIT 275GM,270,0,0,0,0,0,0,0,0,0,0,0,0,0,0
11529,AIR WICK AROMA OIL REFILL SANDAL HARMONY 18ML,139,0,0,0,0,0,0,0,0,0,0,0,0,0,0
11530,AMBI PUR AIR EFFECTS NEW ZEALAND SPRINGS 275GM,270,0,0,0,0,0,0,0,0,0,0,0,0,0,0
11531,AMBI PUR AIR EFFECTS SWEET CITRUS & ZEST 275GM,265,3,0,0,0,0,0,0,0,0,0,0,0,0,3
11532,AMBI PUR AIR FRESHENER PINK FLOWERS 300ML,140,0,0,0,0,0,0,0,0,0,0,0,0,0,0
11533,AMBI PUR AIR FRESHENER LAVENDER BREEZE 300ML,140,0,0,0,0,0,0,0,0,0,0,0,0,0,0
11534,AMBI PUR AIR FRESHENER BLUE OCEAN 300ML,140,0,0,0,0,0,0,0,0,0,0,0,0,0,0
11535,AMBI PUR AIR FRESHENER SANDALWOOD BREEZE 300ML,140,0,0,0,0,0,0,0,0,0,0,0,0,0,0
11536,AIR WICK AIR FRESHENER SPRAY LEMON GARDEN 300ML,130,0,0,0,0,0,0,0,0,0,0,0,0,0,0
11537,AIR WICK AIR FRESHENER SPRAY MYSTIC SANDAL & JASMINE 300ML,130,0,0,0,0,0,0,0,0,0,0,0,0,0,0
11538,AIR WICK AIR FRESHENER SPRAY LAVENDER DEW 300ML,130,0,0,0,0,0,0,0,0,0,0,0,0,0,0
11539,AIR WICK AIR FRESHENER SPRAY VELVET ROSE 300ML,130,0,0,0,0,0,0,0,0,0,0,0,0,0,0
11540,AIR WICK FRESHMATIC AUTOMATIC REFILL SPRAY VELVET ROSE 250ML,299,0,0,0,0,0,0,0,0,0,0,0,0,0,0
11541,AIR WICK FRESHMATIC AUTOMATIC REFILL SPRAY LEMON GARDEN 250ML,249,0,0,0,0,0,0,0,0,0,0,0,0,0,0
11542,AMBI PUR SET & REFRESH NEW ZEALAND SPRINGS 5.5ML,220,0,0,0,0,0,0,0,0,0,0,0,0,0,0
11543,AMBI PUR SET & REFRESH REFILL LAVENDER COMFORT 2ML,175,0,0,0,0,0,0,0,0,0,0,0,0,0,0
11544,AMBI PUR SET & REFRESH REFILL THAI DRAGON FRUIT 5.5.ML,180,0,0,0,0,0,0,0,0,0,0,0,0,0,0
11545,AMBI PUR SET & REFRESH REFILL HAWAIIAN FLOWERS,180,0,0,0,0,0,0,0,0,0,0,0,0,0,0
11546,AMBI PUR ULTRA CONTROL EXOTIC JASMINE 7.5ML,299,0,0,0,0,0,0,0,0,0,0,0,0,0,0
11547,AMBI PUR SET & REFRESH REFILL SPRING & RENEWAL,180,0,0,0,0,0,0,0,0,0,0,0,0,0,0
11548,AIR WICK AIR & FABRIC COOL LINEN & LILAC 345ML,149,0,0,0,0,0,0,0,0,0,0,0,0,0,0
11549,AMBI PUR CAR LAVENDER SPA 7.5ML,265,0,0,0,0,0,0,0,0,0,0,0,0,0,0
11550,AMBI PUR VANILLA BOUQUET ULTRA CONTROL 7.5ML,299,0,0,0,0,0,0,0,0,0,0,0,0,0,0
11551,AMBI PUR SWEET CITRUS &ZEST ULTRA CONTROL 7.5ML,315,0,0,0,0,0,0,0,0,0,0,0,0,0,0
11552,AMBI PUR CAR DIFFUSER & PREFUME VANILLA BOUQUET 15ML,375,0,0,0,0,0,0,0,0,0,0,0,0,0,0
11553,AMBI PUR CAR DIFFUSER & PREFUME LAVENDER SPA 15ML,375,0,0,0,0,0,0,0,0,0,0,0,0,0,0
11554,AMBI PUR REFILL VANILLA BOUQUET 7.5ML,195,2,0,0,0,0,0,0,0,0,0,0,0,0,2
11555,AMBI PUR REFILL SWEET CITRUS & ZEST 7.5ML,195,2,0,0,0,0,0,0,0,0,0,0,0,0,2
11556,AMBI PUR REFILL AQUA 7.5ML,195,2,0,1,0,0,0,0,0,0,0,0,0,0,3
11557,AMBI PUR CAR REFILL LAVENDER SPA,180,0,0,0,0,0,0,0,0,0,0,0,0,0,0
11558,GLADE TOUCH AND FRESH REFILL AND DISPENSER FLORAL PERFECTION,90,0,0,0,0,0,0,0,0,0,0,0,0,0,0
11559,GLADE TOUCH AND FRESH REFILL AND DISPENSER FRESH LEMON,99,0,0,0,0,0,0,0,0,0,0,0,0,0,0
11560,AMBI PUR CAR MINI CLIP THAI DRAGON FRUIT 2ML,175,0,0,0,0,0,0,0,0,0,0,0,0,0,0
11561,AMBI PUR CAR MINI CLIP NEW ZEALAND SPRINGS 2ML,210,0,0,0,0,0,0,0,0,0,0,0,0,0,0
11562,AMBI PUR CAR MINI CLIP LAVENDER COMFORT 2ML,210,0,0,0,0,0,0,0,0,0,0,0,0,0,0
11563,AMBI PUR CAR MINI CLIP SKY BREEZE 2ML,175,0,0,0,0,0,0,0,0,0,0,0,0,0,0
11564,AMBI PUR CAR MINI CLIP LIGHT CITRUS 2ML,175,0,0,0,0,0,0,0,0,0,0,0,0,0,0
11565,LOVIN CAR FRESHENER ROSE ROMANCE SPRAY,150,0,0,0,0,0,0,0,0,0,0,0,0,0,0
11566,NIVEA MEN DEO FRESH NATURAL 75ML,225,0,0,0,0,0,0,0,0,0,0,0,0,0,0
11569,JOHNSONS BABY SKINCARE WIPES 10S  FREE WITH BABY POWDER 100GM,50,0,0,0,0,0,0,0,0,0,0,0,0,0,0
11570,JOHNSONS BABY POWDER BLOSSOMS 100GM,69,0,0,0,0,0,0,0,0,0,0,0,0,0,0
11571,NIVEA DEO WHITENING SMOOTH SKIN ROLL ON 50ML,185,0,0,0,0,0,0,0,0,0,0,0,0,0,0
11572,HEAD & SHOULDER SHAMPOO ANTI HAIR FALL 675ML,485,0,0,0,0,0,0,0,0,0,0,0,0,0,0
11573,HEAD & SHOULDER SHAMPOO LEMON FRESH 360ML,285,0,0,0,0,0,0,0,0,0,0,0,0,0,0
11575,HEAD & SHOULDER SHAMPOO SILKY BLACK 170ML,145,3,0,0,0,0,0,0,0,0,0,0,0,0,3
11578,HEAD & SHOULDER SHAMPOO LEMON FRESH 80ML,68,1,0,0,0,0,0,0,0,0,0,0,0,0,1
11579,HEAD & SHOULDER CONDITIONER SMOOTH & SILKY 80ML,75,0,0,0,0,0,0,0,0,0,0,0,0,0,0
11580,LOREAL CONDITIONER NUTRI GLOSS MIRROR SHINE 175ML,170,0,0,0,0,0,0,0,0,0,0,0,0,0,0
11581,LOREAL SHAMPOO NUTRI GLOSS MIRROR SHINE 175ML,150,0,0,0,0,0,0,0,0,0,0,0,0,0,0
11582,LOREAL SHAMPOO NUTRI GLOSS MIRROR SHINE 360ML,282,0,0,0,0,0,0,0,0,0,0,0,0,0,0
11583,LOREAL SHAMPOO COLOUR PROTECT PROTECTING 175ML,150,1,0,0,0,0,0,0,0,0,0,0,0,0,1
11584,LOREAL CONDITIONER COLOUR PROTECT PROTECTING 175ML,185,0,0,0,0,0,0,0,0,0,0,0,0,0,0
11585,LOREAL SHAMPOO COLOUR PROTECT PROTECTING 75ML,66,2,0,0,0,0,0,0,0,0,0,0,0,0,2
11586,YARDLEY BODY LOTION ENGLISH MUSK 200ML,199,0,0,0,0,0,0,0,0,0,0,0,0,0,0
11587,YARDLEY BODY LOTION ENGLISH ROSE 200ML,199,0,0,0,0,0,0,0,0,0,0,0,0,0,0
11588,YARDLEY BODY LOTION SANDAL WOOD 200ML,180,0,0,0,0,0,0,0,0,0,0,0,0,0,0
11589,YARDLEY SOAP ENGLISH LAVENDER 3X100GM,180,2,0,0,0,0,0,0,0,0,0,0,0,0,2
11590,TRESEMME SHAMPOO CLIMATE PROTECTION 600ML,360,1,0,0,0,0,0,0,0,0,0,0,0,0,1
11591,TRESEMME SHAMPOO HAIR SPA REJUVENATION 200ML,190,0,0,0,0,0,0,0,0,0,0,0,0,0,0
11592,TRESEMME SHAMPOO HAIR FALL CONTROL 215ML,110,1,0,0,0,0,0,0,0,0,0,0,0,0,1
11593,LOREAL SHAMPOO TOTAL REPAIR REPAIRING 175ML,135,0,0,0,0,0,0,0,0,0,0,0,0,0,0
11594,TRESEMME SHAMPOO SPLIT REMEDY 90ML,67,0,0,0,0,0,0,0,0,0,0,0,0,0,0
11595,LOREAL SHAMPOO TOTAL REPAIR REPAIRING 75ML,60,1,0,0,0,0,0,0,0,0,0,0,0,0,1
11596,LOREAL CONDITIONER TOTAL REPAIR REPAIRING 175ML,185,0,0,0,0,0,0,0,0,0,0,0,0,0,0
11597,LOREAL CONDITIONER 6 OIL NOURISH 65ML,85,1,0,0,0,0,0,0,0,0,0,0,0,0,1
11598,LOREAL SHAMPOO 6 OIL NOURISH 75ML,60,1,0,0,0,0,0,0,0,0,0,0,0,0,1
11599,LOREAL CONDITIONER 6 OIL NOURISH 175ML,185,1,0,0,0,0,0,0,0,0,0,0,0,0,1
11600,LOREAL SHAMPOO 6 OIL NOURISH 175ML,135,1,0,0,0,0,0,0,0,0,0,0,0,0,1
11601,LOREAL CONDITIONER TOTAL REPAIR REPAIRING 65ML,80,0,0,0,0,0,0,0,0,0,0,0,0,0,0
11602,LOREAL SHAMPOO FALL REPAIR 175ML,135,1,0,0,0,0,0,0,0,0,0,0,0,0,1
11603,LOREAL CONDITIONER FALL REPAIR 175ML,185,1,0,0,0,0,0,0,0,0,0,0,0,0,1
11604,LOREAL SHAMPOO FALL REPAIR 640ML,389,1,0,0,0,0,0,0,0,0,0,0,0,0,1
11605,LOREAL CONDITIONER NUTRI GLOSS MIRROR SHINE 65ML,75,0,0,0,0,0,0,0,0,0,0,0,0,0,0
11606,LOREAL SHAMPOO NUTRI GLOSS MIRROR SHINE 75ML,55,0,0,0,0,0,0,0,0,0,0,0,0,0,0
11607,GILLETTE SHAVING FOAM SENSITIVE 418GM,230,0,0,1,0,0,0,0,0,0,0,0,0,0,1
11608,DOVE SHAMPOO INTENSE REPAIR 80ML,62,1,0,0,0,0,0,0,0,0,0,0,0,0,1
11609,DOVE CONDITIONER SPLIT END RESCUE 75ML,68,0,0,0,0,0,0,0,0,0,0,0,0,0,0
11610,DOVE CONDITIONER DRYNESS CARE 80ML,90,1,0,0,0,0,0,0,0,0,0,0,0,0,1
11611,DOVE CONDITIONER INTENSE REPAIR 75ML,90,1,0,0,0,0,0,0,0,0,0,0,0,0,1
11615,PANTENE SHAMPOO SILKY SMOOTH CARE 75ML,57,0,0,0,0,0,0,0,0,0,0,0,0,0,0
11617,PANTENE CONDITIONER TOTAL DAMAGE CARE 10  75ML,55,0,0,0,0,0,0,0,0,0,0,0,0,0,0
11618,GARNIER FRUCTIS SHAMPOO NORMAL 175ML,115,0,0,0,0,0,0,0,0,0,0,0,0,0,0
11619,GARNIER FRUCTIS SHAMPOO TRIPLE NUTRITION 175ML,115,0,0,0,0,0,0,0,0,0,0,0,0,0,0
11620,PANTENE SHAMPOO LIVELY CLEAN 200ML,120,0,0,0,0,0,0,0,0,0,0,0,0,0,0
11621,PANTENE SHAMPOO LONG BLACK 180ML,115,2,0,0,0,0,0,0,0,0,0,0,0,0,2
11622,GARNIER FRUCTIS CONDITIONER LONG & STRONG 175ML,165,0,0,0,0,0,0,0,0,0,0,0,0,0,0
11623,GARNIER FRUCTIS CONDITIONER SILKY STRAIGHT 175ML,130,0,0,0,0,0,0,0,0,0,0,0,0,0,0
11624,GARNIER FRUCTIS CONDITIONER GOODBYE DAMAGE 175ML,150,0,0,0,0,0,0,0,0,0,0,0,0,0,0
11625,GARNIER FRUCTIS SHAMPOO TRIPLE NUTRITION 340ML,255,0,0,0,0,0,0,0,0,0,0,0,0,0,0
11626,GARNIER FRUCTIS CONDITIONER GOODBYE DAMAGE 340ML,210,0,0,0,0,0,0,0,0,0,0,0,0,0,0
11627,GARNIER FRUCTIS SHAMPOO GOODBYE DAMAGE 340ML,250,0,0,0,0,0,0,0,0,0,0,0,0,0,0
11628,SUNSILK SHAMPOO NOURISHING SOFT & SMOOTH 180ML,85,1,0,0,0,0,0,0,0,0,0,0,0,0,1
11629,HIMALAYA CONDITIONER & HAIR DETANGLER SMOOTH EXTREME  75ML,85,0,0,0,0,0,0,0,0,0,0,0,0,0,0
11630,HIMALAYA SHAMPOO GENTLE DAILY CARE PROTEIN 200ML,128,2,0,0,0,0,0,0,0,0,0,0,0,0,2
11631,HIMALAYA SHAMPOO ANTI HAIR FALL ALL HAIR TYPES 400ML,216,0,0,0,0,0,0,0,0,0,0,0,0,0,0
11632,HIMALAYA SHAMPOO DAMAGE REPAIR PROTEIN 200ML,128,0,0,0,0,0,0,0,0,0,0,0,0,0,0
11633,HIMALAYA SHAMPOO DAMAGE REPAIR PROTEIN 400ML,220,0,0,0,0,0,0,0,0,0,0,0,0,0,0
11634,HIMALAYA SHAMPOO ANTI DANDRUFF 200ML,128,0,0,0,0,0,0,0,0,0,0,0,0,0,0
11635,HIMALAYA SHAMPOO GENTLE DAILY CARE PROTEIN 400ML,220,0,0,0,0,0,0,0,0,0,0,0,0,0,0
11636,NIVEA MEN SHOWER GEL PURE IMPACT 250ML,199,0,0,0,0,0,0,0,0,0,0,0,0,0,0
11637,NIVEA SHOWER GEL POWER REFRESH 250ML,195,1,0,0,0,0,0,0,0,0,0,0,0,0,1
11638,DOVE BODY WASH GO FRESH NUTRIUM MOISTURE 190ML,99,0,0,0,0,0,0,0,0,0,0,0,0,0,0
11639,DOVE BODY WASH DEEPLY NOURISHING 190ML,99,1,0,0,0,0,0,0,0,0,0,0,0,0,1
11640,FIAMA DI WILLS SHOWER GEL PURE INDULGENCE 200ML,199,0,0,0,0,0,0,0,0,0,0,0,0,0,0
11641,CLOSEUP TOOTH PASTE LEMON MINT 150GM,94,3,0,0,0,0,0,0,0,0,0,0,0,0,3
11642,PEPSODENT TOOTH PASTE COMPLETE GUMCARE 140GM,90,0,0,0,0,0,0,0,0,0,0,0,0,0,0
11643,PEPSODENT TOOTH PASTE GERMI CHECK HEALTHY FRESH 2X150GM,115,4,0,0,0,0,0,0,0,0,0,0,0,0,4
11644,PEPSODENT TOOTH PASTE 2 IN 1 2X150GM,171,0,0,0,0,0,0,0,0,0,0,0,0,0,0
11645,PEPSODENT TOOTH PASTE G GUM CARE 140GM,98,0,0,0,0,0,0,0,0,0,0,0,0,0,0
11646,HIMALAYA TOOTH PASTE SENSITIVE 100GM,95,0,0,0,0,0,0,0,0,0,0,0,0,0,0
11647,PEPSODENT TOOTH PASTE GERMI CHECK 25GM,10,1,0,0,0,0,0,0,0,0,0,0,0,0,1
11648,PEPSODENT TOOTH PASTE EXPERT PROTECTION COMPLETE 140GM,114,0,0,0,0,0,0,0,0,0,0,0,0,0,0
11649,LISTERINE MOUTHWASH FRESH BURST 500ML,199,0,0,0,0,0,0,0,0,0,0,0,0,0,0
11650,LISTERINE MOUTHWASH FRESH BURST 250ML,109,0,0,0,0,0,0,0,0,0,0,0,0,0,0
11651,LISTERINE MOUTHWASH FRESH BURST 80ML,47,0,0,0,0,0,0,0,0,0,0,0,0,0,0
11652,COLGATE TOOTH PASTE MAXFRESH SPICY FRESH COMBO 230GM,105,0,0,0,0,0,0,0,0,0,0,0,0,0,0
11654,COLGATE MOUTHWASH PLAX FRESH TEA 250ML,105,1,0,0,0,0,0,0,0,0,0,0,0,0,1
11655,COLGATE MOUTHWASH PLAX FRESH MINT 250ML,105,2,0,0,0,0,0,0,0,0,0,0,0,0,2
11656,DABUR MESWAK TOOTH PAST COMPLETE ORAL CARE 4100GM,150,0,0,0,0,0,0,0,0,0,0,0,0,0,0
11657,CLOSEUP TOOTH PASTE EVER FRESH RED HOT TUBE 25GM,10,4,0,0,0,0,0,0,0,0,0,0,0,0,4
11658,VEGA COTTON PADS 50PCS,110,0,0,0,0,0,0,0,0,0,0,0,0,0,0
11659,TRISHUL NAPHTHALENE BALLS 200GM,68,0,0,0,0,0,0,0,0,0,0,0,0,0,0
11660,TRISHUL NAPHTHALENE BALLS 100GM,35,0,0,0,0,0,0,0,0,0,0,0,0,0,0
11661,VEGA COTTON 50 BALLS,65,0,0,0,0,0,0,0,0,0,0,0,0,0,0
11662,OLAY NATURAL WHITE 7 IN ONE INSTANT WITH UV PROTECTION 40GM,175,0,0,0,0,0,0,0,0,0,0,0,0,0,0
11663,OLAY TOTAL EFFECTS 7 IN 1 DAY CREAM NORMAL SPF 15 20GM,375,0,0,0,0,0,0,0,0,0,0,0,0,0,0
11664,PONDS FACEWASH WHITE BEAUTY SPO LESSFAIRNESS 50GM,75,0,0,0,0,0,0,0,0,0,0,0,0,0,0
11665,LAKME GENTLE & SOFT DEEP PORE CLEANSER  120ML,220,0,0,0,0,0,0,0,0,0,0,0,0,0,0
11666,LAKME SKIN GLOSS WINTER INTENSE MOISTURISER CREME 50ML,225,0,0,0,0,0,0,0,0,0,0,0,0,0,0
11667,CLEAN & CLEAR FACEWASH PIMPLE CLEARING 40GM,51,1,0,0,0,0,0,0,0,0,0,0,0,0,1
11668,CLEAN AND DRY CLOTRIMAZOLE CREAM IP 15GM,100,2,0,0,0,0,0,0,0,0,0,0,0,0,2
11669,CLEAN & CLEAR CREAM FAIRNESS 20GM,65,2,0,0,0,0,0,0,0,0,0,0,0,0,2
11671,CLEAN & CLEAR FACEWASH MORNING ENERGY APPLE 50ML,70,1,0,0,0,0,0,0,0,0,0,0,0,0,1
11672,CLEAN & CLEAR FACEWASH MORNING ENERGY BERRY 100ML,130,1,0,0,0,0,0,0,0,0,0,0,0,0,1
11673,OLAY NATURAL WHITE 7 IN 1 DAY GLOWING FAIRNESS CREAM 50GM,340,0,0,0,0,0,0,0,0,0,0,0,0,0,0
11674,OLAY NATURAL WHITE 7 IN 1 NIGHT NOURISHING REPAIR CREAM 50GM,340,0,0,0,0,0,0,0,0,0,0,0,0,0,0
11675,OLAY NATURAL WHITE 7 IN ONE INSTANT WITH UV PROTECTION 20GM,89,0,0,0,0,0,0,0,0,0,0,0,0,0,0
11676,NEUTROGENA RAPID WRINKLE REPAIR NIGHT MOISTURIZER 29ML,1199,0,0,0,0,0,0,0,0,0,0,0,0,0,0
11677,OLAY GENTLE FOAMING FACEWASH WITH ALOE 50GM,75,0,0,0,0,0,0,0,0,0,0,0,0,0,0
11678,EVERYUTH FACEWASH HYDRATING FRUIT 60GM,70,0,0,0,0,0,0,0,0,0,0,0,0,0,0
11679,PARACHUTE HAIR FALL CONTROL SCALP THERAPIE 50ML,72,0,0,0,0,0,0,0,0,0,0,0,0,0,0
11680,PARACHUTE HAIR FALL CONTROL SCALP THERAPIE 190ML,245,0,0,0,0,0,0,0,0,0,0,0,0,0,0
11681,HAIR & CARE OIL 500ML,250,1,0,0,0,0,0,0,0,0,0,0,0,0,1
11682,KEO KARPIN HAIR OIL 500ML,175,0,0,0,0,0,0,0,0,0,0,0,0,0,0
11683,PARACHUTE ADVANCED JASMINE HAIR OIL 500ML,190,2,0,0,0,0,0,0,0,0,0,0,0,0,2
11684,LAKME PERFECT RADIANCE INTENSE WHITENING DAY CREME 15GM,105,0,0,0,0,0,0,0,0,0,0,0,0,0,0
11685,KEO KARPIN HERBAL BODY OIL SANDAL 300ML,130,0,0,0,0,0,0,0,0,0,0,0,0,0,0
11686,PONDS AGE MIRACLE DEEP ACTION NIGHT CREAM 50GM,625,1,0,0,0,0,0,0,0,0,0,0,0,0,1
11687,LAKME YOUTH INFINITY SKIN SCULPTING DAY CREAM SPF 15 PA 50GM,775,0,0,0,0,0,0,0,0,0,0,0,0,0,0
11688,LAKME FACEWASH CLEAN UP FRESH FAIRNESS 100GM,190,0,0,0,0,0,0,0,0,0,0,0,0,0,0
11689,CLEAN & CLEAR FACEWASH CLEAR FAIRNESS 40GM,55,0,0,0,0,0,0,0,0,0,0,0,0,0,0
11690,GODREJ NO. 1 FACEWASH KESAR 50GM,35,0,0,0,0,0,0,0,0,0,0,0,0,0,0
11691,GODREJ NO. 1 FACEWASH NEEM 50GM,35,0,0,0,0,0,0,0,0,0,0,0,0,0,0
11692,GARNIER COLOR NATURALS DARKEST BROWN 3  60ML,180,2,0,0,0,0,0,0,0,0,0,0,0,0,2
11693,GARNIER COLOR NATURALS NATURAL BLACK 1 60ML,180,1,0,0,0,0,0,0,0,0,0,0,0,0,1
11694,GARNIER COLOR NATURALS BROWN 4 60ML,180,1,0,0,0,0,0,0,0,0,0,0,0,0,1
11695,GARNIER COLOR NATURALS 4.6 BURGUNDY CELEBRATION,160,0,0,0,0,0,0,0,0,0,0,0,0,0,0
11696,GARNIER COLOR NATURALS BURGUNDY 3.16 60ML,180,0,0,0,0,0,0,0,0,0,0,0,0,0,0
11697,GARNIER COLOR NATURALS BURGUNDY CRUSH 4.26 60ML,160,0,0,0,0,0,0,0,0,0,0,0,0,0,0
11698,LOREAL CASTING CREAM GLOSS 535 CHOCOLATE,550,1,0,0,0,0,0,0,0,0,0,0,0,0,1
11699,PARACHUTE COCONUT OIL BOTTLE 100ML,39,2,0,0,0,0,0,0,0,0,0,0,0,0,2
11700,PARACHUTE COCONUT OIL BOTTLE 40ML,20,3,0,0,0,0,0,0,0,0,0,0,0,0,3
11701,PARACHUTE ADVANSED COCONUT OIL BOTTLE 200ML,80,0,0,0,0,0,0,0,0,0,0,0,0,0,0
11702,PARACHUTE ADVANSED AYURVEDIC HOT OIL BOTTLE 90ML,55,0,0,0,0,0,0,0,0,0,0,0,0,0,0
11703,PARACHUTE ADVANSED BODY LOTION SOFT TOUCH 250ML,175,0,0,0,0,0,0,0,0,0,0,0,0,0,0
11704,PARACHUTE ADVANSED BODY LOTION DEEP NOURISH 250ML,132,0,0,0,0,0,0,0,0,0,0,0,0,0,0
11705,PARACHUTE ADVANSED BODY LOTION COCONUT MILK DEEP NOURISH 100ML,60,0,0,0,0,0,0,0,0,0,0,0,0,0,0
11706,PARACHUTE ADVANSED BODY LOTION SOFT TOUCH 100ML,60,0,0,0,0,0,0,0,0,0,0,0,0,0,0
11707,PARACHUTE ADVANSED BODY LOTION COCONUT BUTTER SMOOTH 100ML,75,0,0,0,0,0,0,0,0,0,0,0,0,0,0
11708,SETWET HAIR GEL WETLOOK 50ML,50,0,0,0,0,0,0,0,0,0,0,0,0,0,0
11709,NIVEA SOFT LIGHT MOISTURISER 50ML,75,3,0,0,0,0,0,0,0,0,0,0,0,0,3
11710,NIVEA COCOA NOURISH OIL IN LOTION 200ML,225,2,0,0,0,0,0,0,0,0,0,0,0,0,2
11711,NIVEA COCOA NOURISH OIL IN LOTION 75ML,90,1,0,0,0,0,0,0,0,0,0,0,0,0,1
11712,NIVEA MEN FACEWASH OIL CONTROL 10X 100GM,185,0,0,0,0,0,0,0,0,0,0,0,0,0,0
11714,PARACHUTE ADVANSED BODY LOTION SUMMER FRESH 400ML,200,0,0,0,0,0,0,0,0,0,0,0,0,0,0
11715,PARACHUTE ADVANSED BODY LOTION SOFT TOUCH 400ML,275,0,0,0,0,0,0,0,0,0,0,0,0,0,0
11716,NIVEA SHOWER GEL WATERLILY & OIL 250ML,199,0,0,0,0,0,0,0,0,0,0,0,0,0,0
11717,VASELINE HEALTHY WHITE LIGHTENING LOTION 300ML,270,0,0,0,0,0,0,0,0,0,0,0,0,0,0
11718,VASELINE HEALTHY WHITE COMPLETE 10 300ML,368,1,0,0,0,0,0,0,0,0,0,0,0,0,1
11719,PARACHUTE ADVANSED BODY LOTION COCONUT BUTTER SMOOTH 250ML,160,0,0,0,0,0,0,0,0,0,0,0,0,0,0
11720,NIVEA MEN SHOWER GEL VITALITY FRESH 250ML,195,0,0,0,0,0,0,0,0,0,0,0,0,0,0
11721,VASELINE HEALTHY WHITE LIGHTENING LOTION 200ML,195,3,0,0,0,0,0,0,0,0,0,0,0,0,3
11724,DOVE ELIXIR HAIR FALL RESCUE ROSE & ALMOND OIL 90ML,185,0,0,0,0,0,0,0,0,0,0,0,0,0,0
11726,PONDS LIGHT MOISTURISER VITAMIN E GLYCERINE 75ML,115,0,0,0,0,0,0,0,0,0,0,0,0,0,0
11727,VASELINE TOTAL MOISTURE COCOA GLOW 40ML,40,0,0,0,0,0,0,0,0,0,0,0,0,0,0
11728,PONDS WHITE BEAUTY BB+ CREAM 9GM,78,0,0,0,0,0,0,0,0,0,0,0,0,0,0
11729,DOVE SHAMPOO DAILY SHINE 340ML,210,0,0,0,0,0,0,0,0,0,0,0,0,0,0
11730,DOVE SHAMPOO HAIR FALL RESCUE 180ML+CONDITIONER 80ML+SCARF,195,0,0,0,0,0,0,0,0,0,0,0,0,0,0
11731,DOVE SHAMPOO DANDRUFF CARE 80ML,65,0,0,0,0,0,0,0,0,0,0,0,0,0,0
11732,FABER CASTELL HIGH LIGHTER YELLOW,20,7,0,0,0,0,0,0,0,0,0,0,0,0,7
11733,DOVE SHAMPOO SPLIT END RESCUE 80ML,60,0,0,0,0,0,0,0,0,0,0,0,0,0,0
11734,COLGATE MOUTHWASH PLAX FRESH TEA 500ML,215,0,0,0,0,0,0,0,0,0,0,0,0,0,0
11735,LAKME FACEWASH CLEAN UP FRESH FAIRNESS WITH VITABEADS 50GM,110,0,0,0,0,0,0,0,0,0,0,0,0,0,0
11736,COLGATE TOOTH PASTE CAVITY PROTECTION 200GM,88,4,0,0,0,0,0,0,0,0,0,0,0,0,4
11737,PALMOLIVE SHOWER GEL AYURITUEL JOYOUS 250ML,190,0,0,0,0,0,0,0,0,0,0,0,0,0,0
11739,NIVEA MEN FACE SCRUB DARK SPOT REDUCTION 100ML,190,0,0,0,0,0,0,0,0,0,0,0,0,0,0
11740,NIVEA COCOA NOURISH OIL IN LOTION 400ML,369,0,0,0,0,0,0,0,0,0,0,0,0,0,0
11741,NIVEA BODY LOTION UV PROTECT 75ML,75,0,0,0,0,0,0,0,0,0,0,0,0,0,0
11742,NIVEA MEN FACEWASH ALL IN 1 50GM,95,1,0,0,0,0,0,0,0,0,0,0,0,0,1
11743,NIVEA MEN FACEWASH OIL CONTROL 10X50GM,99,2,0,0,0,1,0,0,0,0,0,0,0,0,1
11744,NIVEA BODY LOTION EXTRA WHITENNING UV PROTECT SPF 15 50ML,118,0,0,0,0,0,0,0,0,0,0,0,0,0,0
11745,GARNIER MEN ACNO FIGHT PIMPLE CLEARING WHITENING CREAM 45GM,180,0,0,0,0,0,0,0,0,0,0,0,0,0,0
11746,BAGRRYS CRUNCHY MUESLI ALMOND APPLE & CINNAMON 400GM,199,0,0,0,0,0,0,0,0,0,0,0,0,0,0
11747,BAGRRYS OATS RICE 200GM,50,0,0,0,0,0,0,0,0,0,0,0,0,0,0
11748,HIMALAYA CLEAR COMPLEXION WHITENING FACE SCRUB 100GM,135,0,0,0,0,0,0,0,0,0,0,0,0,0,0
11749,HIMALAYA FACEWASH CLEAR COMPLEXION WHITENING 50GM,75,1,0,0,0,0,0,0,0,0,0,0,0,0,1
11750,GARNIER WHITE COMPLETE 3 IN 1 FAIRNESS FACIAL 50GM,99,0,0,0,0,0,0,0,0,0,0,0,0,0,0
11751,GARNIER WHITE COMPLETE 3 IN 1 FAIRNESS FACIAL 100GM,179,0,0,0,0,0,0,0,0,0,0,0,0,0,0
11752,HIMALAYA FACEWASH OIL CLEAR LEMON FOAMING 150ML,170,0,0,0,0,0,0,0,0,0,0,0,0,0,0
11753,HIMALAYA FACEWASH OIL CLEAR LEMON FOAMING 50ML,65,0,0,0,0,0,0,0,0,0,0,0,0,0,0
11754,HIMALAYA FACEWASH OIL CLEAR LEMON 150ML,150,0,0,0,0,0,0,0,0,0,0,0,0,0,0
11755,HIMALAYA FACEWASH OIL CLEAR LEMON 100ML,117,-1,0,0,0,0,0,0,0,0,0,0,0,0,-1
11756,HIMALAYA FACEWASH OIL CLEAR LEMON 50ML,63,0,0,0,0,0,0,0,0,0,0,0,0,0,0
11757,HIMALAYA FACEWASH MOISTURISING ALOE VERA 100ML,117,0,0,0,0,0,0,0,0,0,0,0,0,0,0
11758,HIMALAYA FACEWASH POWER GLOW LICORICE 100ML,150,0,0,0,0,0,0,0,0,0,0,0,0,0,0
11759,HIMALAYA FACEWASH INTENSE OIL CLEAR LEMON 100ML,150,0,0,0,0,0,0,0,0,0,0,0,0,0,0
11760,HIMALAYA FACEWASH INTENSE OIL CLEAR LEMON 50ML,63,0,0,0,0,0,0,0,0,0,0,0,0,0,0
11761,HIMALAYA FACEWASH POWER GLOW LICORICE 50M,109,0,0,0,0,0,0,0,0,0,0,0,0,0,0
11762,GARNIER DAILY CARE GRAPE WATER 100ML,150,0,0,0,0,0,0,0,0,0,0,0,0,0,0
11763,EVERYUTH EXFOLIATING WALNUT SCRUB 50GM,65,0,0,0,0,0,0,0,0,0,0,0,0,0,0
11764,EVERYUTH EXFOLIATING WALNUT SCRUB 200GM,195,1,0,0,0,0,0,0,0,0,0,0,0,0,1
11765,BORO PLUS FACEWASH ALOE VERA & COCONUT 50ML,55,3,0,0,0,0,0,0,0,0,0,0,0,0,3
11766,FAIR AND HANDSOME FACEWASH INSTANT FAIRNESS 50GM,85,1,0,0,0,0,0,0,0,0,0,0,0,0,1
11767,DOVE CONDITIONER DAILY SHINE 180ML,190,1,0,0,0,0,0,0,0,0,0,0,0,0,1
11768,WINTEX FEEL FRESH 15 HANKY TISSUES,250,0,0,0,0,0,0,0,0,0,0,0,0,0,0
11769,LIZOL DISINFECTANT SURFACE CLEANER PINE 975ML,164,0,0,0,0,0,0,0,0,0,0,0,0,0,0
11770,LIZOL DISINFECTANT SURFACE CLEANER PINE 500ML,89,5,0,0,0,0,0,0,0,0,0,0,0,0,5
11771,ORAL-B TOOTH PASTE PRO-HEALTH 140GM,108,0,0,0,0,0,0,0,0,0,0,0,0,0,0
11772,DOMEX ZERO STAIN TOILET CLEANER LEMON POWER 750ML,115,0,0,0,0,0,0,0,0,0,0,0,0,0,0
11773,ALLOUT ULTRA LIQUID ELECTRIC POWER SLIDER,85,3,0,0,0,0,0,0,0,0,0,0,0,0,3
11774,STRIKE OUT KILLS COCKROACHES,140,0,0,0,0,0,0,0,0,0,0,0,0,0,0
11775,COLIN POWER CLEANER REGULER 400ML,75,0,0,0,0,0,0,0,0,0,0,0,0,0,0
11776,COLIN POWER CLEANER 400ML,77,0,0,0,0,0,0,0,0,0,0,0,0,0,0
11777,DETTOL KITCHEN LIME SPIASH 200ML,65,3,0,0,0,0,0,0,0,0,0,0,0,0,3
11779,DETTOL KITCHEN LEMON FRESH REFILL 130ML,20,3,0,0,0,0,0,0,0,0,0,0,0,0,3
11781,DETTOL KITCHEN LIME SPIASH REFILL 400ML,119,2,0,0,0,0,0,0,0,0,0,0,0,0,2
11782,HIMALAYA FACEWASH FAIRNESS KESAR 100ML,127,1,0,0,0,0,0,0,0,0,0,0,0,0,1
11783,HIMALAYA FACEWASH FAIRNESS KESAR 150ML,155,0,0,0,0,0,0,0,0,0,0,0,0,0,0
11784,HIMALAYA FACEWASH DEEP CLEANSING APRICOT 50ML,68,1,0,0,0,0,0,0,0,0,0,0,0,0,1
11785,HIMALAYA FACEWASH PURIFYING NEEM 50ML,63,-2,0,0,0,0,0,0,0,0,0,0,0,0,-2
11786,AXION DISHWASH PASTE 200GM,51,0,0,0,0,0,0,0,0,0,0,0,0,0,0
11787,LIFEBUOY SOAP CLINI-CARE COMPLETE 125GM,52,0,0,0,0,0,0,0,0,0,0,0,0,0,0
11788,MOHUNS CORN FLAKES MIX 200GM,46,1,0,0,0,0,0,0,0,0,0,0,0,0,1
11789,LAWRENCE MILLS CORN FLAKES ORIGINAL & THE BEST 450GM,150,0,0,0,0,0,0,0,0,0,0,0,0,0,0
11790,DETTOL HAND WASH RE-ENERGIZE LIQUID REFILL 900ML,190,0,0,0,0,0,0,0,0,0,0,0,0,0,0
11791,DETTOL HAND WASH ORIGINAL LIQUID REFILL 2X175ML,83,0,0,0,0,0,0,0,0,0,0,0,0,0,0
11792,DETTOL HAND WASH SKINCARE LIQUID REFILL 2X185GM,83,0,0,0,0,0,0,0,0,0,0,0,0,0,0
11793,DETTOL HAND WASH SENSITIVE REFILL 175ML,44,2,0,0,0,0,0,0,0,0,0,0,0,0,2
11794,LIZOL DISINFECTANT SURFACE CLEANER CITRUS 975ML,164,0,0,0,0,0,0,0,0,0,0,0,0,0,0
11795,LIZOL DISINFECTANT SURFACE CLEANER FLORAL 2LTR,327,0,0,0,0,0,0,0,0,0,0,0,0,0,0
11796,AXE DEO PROVOKE 150ML,190,0,0,0,0,0,0,0,0,0,0,0,0,0,0
11797,AXE DEO BLAST 150ML,199,0,0,0,0,0,0,0,0,0,0,0,0,0,0
11798,AXE DEO APOLLO 150ML,199,0,0,0,0,0,0,0,0,0,0,0,0,0,0
11799,VIM LIQUID DISHWASH POWER OF 100 LEMON 1.5LTR,290,0,0,0,0,0,0,0,0,0,0,0,0,0,0
11800,TIDE PLUS TALCUM FRESHNESS 4KG,382,0,0,0,0,0,0,0,0,0,0,0,0,0,0
11801,D-FLORA LEMON FLOOR CLEANER 1LTR,55,0,0,0,0,0,0,0,0,0,0,0,0,0,0
11802,D-FLORA JASMINE FLOOR CLEANER 1LTR,55,0,0,0,0,0,0,0,0,0,0,0,0,0,0
11803,ARIEL MATIC FRONT & TOP LOAD BOX 2KG,453,0,0,0,0,0,0,0,0,0,0,0,0,0,0
11805,LIA NATURE GIFT AGARBATHIES 75GM,30,0,0,0,0,0,0,0,0,0,0,0,0,0,0
11806,FOGG DEO PLEASURE 120ML,180,0,0,0,0,0,0,0,0,0,0,0,0,0,0
11807,FOGG DEO WOMEN LIVELY 120ML,250,0,0,0,0,0,0,0,0,0,0,0,0,0,0
11808,FOGG DEO FRESH ORIENTAL 120ML,250,1,0,0,0,0,0,0,0,0,0,0,0,0,1
11809,FOGG DEO WOMEN REVEAL 120ML,250,0,0,0,0,0,0,0,0,0,0,0,0,0,0
11810,VEET CREAM NATURALS CAMELLIA SEED OIL 60GM,115,0,0,0,0,0,0,0,0,0,0,0,0,0,0
11811,SPRAYMINTT MOUTH FRESHENER THANDAPAAN 15GM,99,1,0,0,0,0,0,0,0,0,0,0,0,0,1
11812,SPRAYMINTT MOUTH FRESHENER CHOCOLATE 15GM,99,0,0,0,0,0,0,0,0,0,0,0,0,0,0
11813,SPRAYMINTT MOUTH FRESHENER COLDCOFFEE 15GM,75,0,0,0,0,0,0,0,0,0,0,0,0,0,0
11814,BOROLINE ULTRA SMOOTH ANTISEPTIC AYURVEDIC CREAM 40GM,75,3,0,0,0,0,0,0,0,0,0,0,0,0,3
11815,ORRIS NAIL POLISH REMOVER ALOEVERA 30PADS,75,0,0,0,0,0,0,0,0,0,0,0,0,0,0
11816,ORRIS NAIL POLISH REMOVER RED FRUIT 30PADS,75,0,0,0,0,0,0,0,0,0,0,0,0,0,0
11817,ORRIS NAIL POLISH REMOVER VANILLA 30PADS,75,0,0,0,0,0,0,0,0,0,0,0,0,0,0
11818,LIPTON GREEN TEA PURE & LIGHT 100 TEA BAGS,450,0,0,0,0,0,0,0,0,0,0,0,0,0,0
11819,COLGATE MOUTHWASH PLAX PEPPER MINT 100ML,55,0,0,0,0,0,0,0,0,0,0,0,0,0,0
11820,PALMOLIVE SHOWER GEL THERMAL SPA MINERAL MASSAGE 250ML,145,0,0,0,0,0,0,0,0,0,0,0,0,0,0
11821,LIA JASMINE AGARBATHIES 130GM,50,0,0,0,0,0,0,0,0,0,0,0,0,0,0
11822,LIA CHANDANAM AGARBATHIES 130GM,50,0,0,0,0,0,0,0,0,0,0,0,0,0,0
11823,LIA PRIME ROSE AGARBATHIES 30N,20,0,0,0,0,0,0,0,0,0,0,0,0,0,0
11824,CYCLE GODHULI AGARBATHIES 120GM,50,2,0,0,0,0,0,0,0,0,0,0,0,0,2
11825,OLAY DAILY MOISTURE QUENCH BODY WASH 400ML,269,0,0,0,0,0,0,0,0,0,0,0,0,0,0
11826,PARACHUTE ADVANSED JASMINE HAIR OIL 50ML,20,0,0,0,0,0,0,0,0,0,0,0,0,0,0
11827,PARACHUTE ADVANSED AYURVEDIC HOT OIL BOTTLE 190ML,110,1,0,0,0,0,0,0,0,0,0,0,0,0,1
11828,BASIC AYURVEDA JAMUN POWDER 200GM,130,0,0,0,0,0,0,0,0,0,0,0,0,0,0
11829,BASIC AYURVEDA TRIPHALA CHURNA 200GM,90,0,0,0,0,0,0,0,0,0,0,0,0,0,0
11830,BASIC AYURVEDA KARELA POWDER 200GM,130,0,0,0,0,0,0,0,0,0,0,0,0,0,0
11831,BASIC AYURVEDA PANEER DODA 200GM,165,0,0,0,0,0,0,0,0,0,0,0,0,0,0
11832,BASIC AYURVEDA AAMLA CHURNA 200GM,110,0,0,0,0,0,0,0,0,0,0,0,0,0,0
11833,BASIC AYURVEDA WHEAT GRASS POWDER 50GM,230,0,0,0,0,0,0,0,0,0,0,0,0,0,0
11834,ZANDU KESARI JIVAN 900GM,695,0,0,0,0,0,0,0,0,0,0,0,0,0,0
11835,ZANDU KESARI JIVAN 450GM,395,0,0,0,0,0,0,0,0,0,0,0,0,0,0
11836,ORGANIC INDIA TEA TULSI GREEN TEA 25BAGS,174,0,0,0,0,0,0,0,0,0,0,0,0,0,0
11837,ORGANIC INDIA TEA TULSI ORIGINAL 25BAGS,148,1,0,0,0,0,0,0,0,0,0,0,0,0,1
11838,ORGANIC INDIA TEA TULSI GINGER 25BAGS,148,0,0,0,0,0,0,0,0,0,0,0,0,0,0
11839,ORGANIC INDIA TEA TULSI GREEN TEA LEMON GINGER 18BAGS,174,0,0,0,0,0,0,0,0,0,0,0,0,0,0
11840,ORGANIC INDIA TULSI MULETHI 18BAGS,148,0,0,0,0,0,0,0,0,0,0,0,0,0,0
11841,ORGANIC INDIA TEA TULSI GREEN TEA POMEGRANTE 18 BAGS,174,0,0,0,0,0,0,0,0,0,0,0,0,0,0
11842,ORGANIC INDIA TEA TULSI GREEN TEA EARL GREY 18BAGS,174,0,0,0,0,0,0,0,0,0,0,0,0,0,0
11843,ORGANIC INDIA TEA TULSI GREEN TEA JASMINE 18BAGS,174,0,0,0,0,0,0,0,0,0,0,0,0,0,0
11844,EVA LIP BALM LITCHI MOISTURISING 4.5GM,130,0,0,0,0,0,0,0,0,0,0,0,0,0,0
11845,EVA LIP BALM ROSPBERRY MOISTURISING 4.5GM,130,0,0,0,0,0,0,0,0,0,0,0,0,0,0
11846,EVA LIP BALM STRAWBERRY MOISTURISING 4.5GM,110,0,0,0,0,0,0,0,0,0,0,0,0,0,0
11847,EVA LIP BALM FRESH MINT MOISTURISING 4.5GM,110,0,0,0,0,0,0,0,0,0,0,0,0,0,0
11848,EVA LIP BALM GRAPE MOISTURISING 4.5GM,110,0,0,0,0,0,0,0,0,0,0,0,0,0,0
11849,GILLETTE BODY SPRAY COOL WAVE 150ML,199,0,0,0,0,0,0,0,0,0,0,0,0,0,0
11850,TATA TEA PREMIUM JAR 250GM,95,0,0,0,0,0,0,0,0,0,0,0,0,0,0
11851,TETLEY GREEN TEA LONG LEAF 500GM,335,0,0,0,0,0,0,0,0,0,0,0,0,0,0
11852,OXYWRAP CLING FILM 100MTR,185,0,0,0,0,0,0,0,0,0,0,0,0,0,0
11853,CREMICA TANDOORI SANDWICH MAYO 375GM,125,0,0,0,0,0,0,0,0,0,0,0,0,0,0
11854,CREMICA TANGY PICKLE SANDWICH MAYO 375GM,122,0,0,0,0,0,0,0,0,0,0,0,0,0,0
11855,CREMICA CHEESE SANDWICH MAYO 375GM,125,0,0,0,0,0,0,0,0,0,0,0,0,0,0
11856,CHINGS SCHEZWAN FRIED RICE MIRACLE MASALA 60GM,30,0,0,0,0,0,0,0,0,0,0,0,0,0,0
11857,CHINGS VEG MANCHURIAN MIRACLE MASALA 60GM,30,0,0,0,0,0,0,0,0,0,0,0,0,0,0
11858,CHINGS CHICKEN CHILLI MIRACLE MASALA 60GM,30,0,0,0,0,0,0,0,0,0,0,0,0,0,0
11859,BHUIRA GUAVA JELLY JAMS 470GM,250,0,0,0,0,0,0,0,0,0,0,0,0,0,0
11860,BHUIRA BLACK CHERRY PRESERVE JAM 470GM,295,0,0,0,0,0,0,0,0,0,0,0,0,0,0
11861,BHUIRA CAPE GOOSEBERRY PRESERVE 470GM,250,1,0,0,0,0,0,0,0,0,0,0,0,0,1
11862,BHUIRA MANGO JAM 470GM,250,0,0,0,0,0,0,0,0,0,0,0,0,0,0
11863,BHUIRA RED PLUM JAMS 470GM,250,0,0,0,0,0,0,0,0,0,0,0,0,0,0
11864,BHUIRA BITTER ORANGE JAM 470GM,240,0,0,0,0,0,0,0,0,0,0,0,0,0,0
11865,BHUIRA CINNAMON & APPLE JELLY  470GM,250,1,0,0,0,0,0,0,0,0,0,0,0,0,1
11866,KEYA INSTANT SWEET CORN CUP-A-SOUP 17GM,25,0,0,0,0,0,0,0,0,0,0,0,0,0,0
11867,KEYA INSTANT HOT & SOUR VEGETABLE CUP-A-SOUP 13GM,25,0,0,0,0,0,0,0,0,0,0,0,0,0,0
11870,KEYA INSTANT CREAMY MUSHROOM SOUP 3X11GM,10,6,0,0,0,0,0,0,0,0,0,0,0,0,6
11873,KEYA INSTANT HOT & SOUR CHICKEN SOUP 11GM,10,0,0,0,0,0,0,0,0,0,0,0,0,0,0
11874,KEYA INSTANT CREAMY CHICKEN SOUP 12GM,10,4,0,0,0,0,0,0,0,0,0,0,0,0,4
11875,KNORR CLASSIC MIXED VEGETABLE SOUP BUY 2 GET 1 FREE 45GM,90,0,0,0,0,0,0,0,0,0,0,0,0,0,0
11876,KNORR CLASSIC TOMATO NOODLE SOUP BUY 2 GET 1 FREE 45GM,90,0,0,0,0,0,0,0,0,0,0,0,0,0,0
11877,KNORR SWEET CORN VEGETABLE SOUP BUY 2 GET 1 FREE 45GM,90,0,0,0,0,0,0,0,0,0,0,0,0,0,0
11878,SUHANA PANEER TIKKA MASALA MIX 50GM,35,0,0,0,0,0,0,0,0,0,0,0,0,0,0
11879,SUHANA SHAHI PANEER MIX 50GM,35,0,0,0,0,0,0,0,0,0,0,0,0,0,0
11880,SUHANA PANEER MAKHANWALA MIX 50GM,35,0,0,0,0,0,0,0,0,0,0,0,0,0,0
11881,SUHANA MUTTER PANEER MIX 50GM,35,0,0,0,0,0,0,0,0,0,0,0,0,0,0
11882,BRITANNIA NUTRI CHOICE HEAVENS ALMONDS BANANA OATS COOKIES 100GM,50,0,0,0,0,0,0,0,0,0,0,0,0,0,0
11883,BRITANNIA NUTRI CHOICE DIGESTIVES HI FIBER 250GM,50,0,0,0,0,0,0,0,0,0,0,0,0,0,0
11884,MCVITIES CHOCO CREAMS 50GM,10,0,0,0,0,0,0,0,0,0,0,0,0,0,0
11885,MAGGI 2 MINUTE NOODLES MASALA OATS NOODLES 73GM,25,0,0,0,0,0,0,0,0,0,0,0,0,0,0
11886,MAGGI 2 MINUTE NOODLES MASALA OATS NOODLES 292GM,98,0,0,0,0,0,0,0,0,0,0,0,0,0,0
11887,NISSIN CUP NOODLES VEGGI MANCHOW 50GM,16,0,0,0,0,0,0,0,0,0,0,0,0,0,0
11888,NISSIN CUP NOODLES SPICED CHICKEN 55GM,25,0,0,0,0,0,0,0,0,0,0,0,0,0,0
11889,NISSIN CUP NOODLES MAZEDAAR MASALA 55GM,25,0,0,0,0,0,0,0,0,0,0,0,0,0,0
11890,NISSIN CUP NOODLES ITALIANO 55GM,25,0,0,0,0,0,0,0,0,0,0,0,0,0,0
11891,BRITANNIA TIGER CHOCOLATE BISCUITS 86GM,10,0,0,0,0,0,0,0,0,0,0,0,0,0,0
11892,BRITANNIA TIME PASS SIMPLY SALTED BISCUITS 40GM,5,0,0,0,0,0,0,0,0,0,0,0,0,0,0
11893,BRITANNIA TIGER KRUNCH BUTTER ELAICHI 45GM,5,0,0,0,0,0,0,0,0,0,0,0,0,0,0
11894,BRITANNIA TREAT JIM JAM 25GM,5,0,0,0,0,0,0,0,0,0,0,0,0,0,0
11895,BRITANNIA LITTLE HEARTS CLASSIC 39GM,10,10,0,0,0,2,0,0,0,0,0,0,0,0,8
11896,BRITANNIA GOOD DAY CHOCO CHUNKIES 100GM,50,0,0,0,0,0,0,0,0,0,0,0,0,0,0
11899,MISTTA AJWAIN PREMIUM COOKIES 350GM,75,0,0,0,0,0,0,0,0,0,0,0,0,0,0
11900,MISTTA KAJU JEERA DRY FRUIT COOKIES 350GM,85,0,0,0,0,0,0,0,0,0,0,0,0,0,0
11902,NISSIN CUP NOODLES ITALIANO 70GM,40,-1,0,0,0,0,0,0,0,0,0,0,0,0,-1
11903,NISSIN CUP NOODLES VEGGI MANCHOW 70GM,40,0,0,0,0,0,0,0,0,0,0,0,0,0,0
11904,NISSIN CUP NOODLES MAZEDAAR MASALA 70GM,40,0,0,0,0,0,0,0,0,0,0,0,0,0,0
11905,NISSIN SCOOPICS MAD MASALA NOODLES  70GM,10,0,0,0,0,0,0,0,0,0,0,0,0,0,0
11906,CHINGS HOT GARLIC INSTANT NOODLES 75GM,10,-1,0,0,0,0,0,0,0,0,0,0,0,0,-1
11907,CHINGS SINGAPORE CURRY INSTANT NOODLES 75GM,10,0,0,0,0,0,0,0,0,0,0,0,0,0,0
11908,PONDS WHITE BEAUTY BB+ FAIRNESS CREAM SPF PA++ 50GM,390,1,0,1,0,0,0,0,0,0,0,0,0,0,2
11909,LIFEBUOY SOAP LEMON FRESH 59GM,10,1,0,0,0,0,0,0,0,0,0,0,0,0,1
11910,NIVEA SOAP CREME SOFT 5X75GM,176,0,0,0,0,0,0,0,0,0,0,0,0,0,0
11913,MDH PEACOCK KASOORI METHI 25GM,25,0,0,0,0,0,0,0,0,0,0,0,0,0,0
11914,DOORSTEP ANARDANA POWDER 100GM,50,0,0,0,0,0,0,0,0,0,0,0,0,0,0
11915,ORGANIC NATION TAMARIND CHUTNEY SPREAD 400GM,130,0,0,0,0,0,0,0,0,0,0,0,0,0,0
11916,CREMICA SANDWICH SPREAD VEG 300GM,87,0,0,0,0,0,0,0,0,0,0,0,0,0,0
11917,CREMICA THOUSAND ISLAND DRESSING VEG 300GM,87,0,0,0,0,0,0,0,0,0,0,0,0,0,0
11918,CREMICA TARTAR SAUCE VEG 275GM,87,0,0,0,0,0,0,0,0,0,0,0,0,0,0
11919,LIZOL DISINFECTANT SURFACE CLEANER SANDAL 500ML,89,1,0,0,0,0,0,0,0,0,0,0,0,0,1
11920,HAJMOLA ANARDANA POUCH 20N,30,0,0,0,0,0,0,0,0,0,0,0,0,0,0
11922,FEM FAIRNESS NATURALS SAFFRON BLEACH CREAM 64GM,75,2,0,0,0,0,0,0,0,0,0,0,0,0,2
11923,SUNFEAST BOUNCE CREAM CHOCO TWIST 100GM,10,13,0,0,0,0,0,0,0,0,0,0,0,0,13
11924,SUNFEAST BOURBON BLISS 150GM,20,2,0,0,0,0,0,0,0,0,0,0,0,0,2
11925,SUNFEAST BOURBON BLISS 80GM,10,9,0,0,0,2,0,0,0,0,0,0,0,0,7
11926,SUNFEAST DARK FANTASY CHOCO CREME 100GM,30,4,0,0,0,0,0,0,0,0,0,0,0,0,4
11927,SUNFEAST MARIE LIGHT RICH TASTE 200GM,20,0,0,0,0,0,0,0,0,0,0,0,0,0,0
11928,SUNFEAST MOMS MAGIC NUT BISCOTTI 60GM,30,0,0,0,0,0,0,0,0,0,0,0,0,0,0
11929,SUNFEAST MOMS MAGIC RICH BUTTER 75GM,10,10,0,0,0,1,0,0,0,0,0,0,0,0,9
11930,SUNFEAST MOMS MAGIC RICH BUTTER 250GM,30,0,0,0,0,0,0,0,0,0,0,0,0,0,0
11931,SUNFEAST MOMS MAGIC CASHEW & ALMOND 66GM,10,3,0,0,0,1,0,0,0,0,0,0,0,0,2
11932,SUNFEAST DARK FANTASY VANILLA CREME 100GM,25,0,0,0,0,0,0,0,0,0,0,0,0,0,0
11933,SUNFEAST GLUCOSE BISCUITS 250GM,20,0,0,0,0,0,0,0,0,0,0,0,0,0,0
11934,HIMALAYA SHAMPOO DAMAGE REPAIR PROTEIN 100ML,70,0,0,0,0,0,0,0,0,0,0,0,0,0,0
11935,HIMALAYA SHAMPOO GENTLE DAILY CARE PROTEIN 100ML,70,0,0,0,0,0,0,0,0,0,0,0,0,0,0
11936,HIMALAYA HAIR OIL ANTI DANDRUFF 100ML,100,0,0,0,0,0,0,0,0,0,0,0,0,0,0
11937,COLGATE TOOTH PASTE ADVANCED PROTECTION SAVER PACK,176,2,0,0,0,0,0,0,0,0,0,0,0,0,2
11938,PALMOLIVE CREAM CHARMIS 58ML,50,0,0,0,0,0,0,0,0,0,0,0,0,0,0
11939,PALMOLIVE SHOWER GEL AROMA ABSOLUTE RELAX 250ML,180,0,0,0,0,0,0,0,0,0,0,0,0,0,0
11941,BINGO MAD ANGLES TOMATO MADNESS 90GM,20,14,0,0,0,0,0,0,0,0,0,0,0,0,14
11942,LAYS AMERICAN STYLE CREAM & ONION 55GM,20,0,0,0,0,2,0,0,0,0,0,0,0,0,-2
11943,CORNITOS NACHO CRISPS SIZZLIN JALAPENO 60GM,35,9,0,0,0,0,0,0,0,0,0,0,0,0,9
11944,CORNITOS NACHO CRISPS OLIVE AND HERBS 60GM,35,0,0,0,0,0,0,0,0,0,0,0,0,0,0
11945,CORNITOS NACHO CRISPS LIME AND MINT 60GM,35,9,0,0,0,0,0,0,0,0,0,0,0,0,9
11946,HERBAL ESSENCES SHAMPOO HELLO HYDRATION 300ML,205,0,0,0,0,0,0,0,0,0,0,0,0,0,0
11947,JABSONS ROASTED CHANA GUD CHANA 180GM,50,4,0,0,0,1,0,0,0,0,0,0,0,0,3
11948,LONDON DAIRY ICE CREAM CARAMEL CRUNCH 125ML,100,0,0,0,0,0,0,0,0,0,0,0,0,0,0
11949,LONDON DAIRY ICE CREAM VANILLA 125ML,125,5,0,0,0,0,0,0,0,0,0,0,0,0,5
11950,LONDON DAIRY ICE CREAM COOKIES & CREAM 125ML,125,13,0,0,0,0,0,0,0,0,0,0,0,0,13
11951,LONDON DAIRY ICE CREAM DOUBLE CHOCOLATE 125ML,125,-7,0,0,0,0,0,0,0,0,0,0,0,0,-7
11952,LONDON DAIRY ICE CREAM TIRAMISU 125ML,125,2,0,0,0,0,0,0,0,0,0,0,0,0,2
11953,LONDON DAIRY ICE CREAM ALMOND BAR 110ML,125,-2,0,0,0,0,0,0,0,0,0,0,0,0,-2
11954,LONDON DAIRY ICE CREAM SORBET MANGO 100ML,125,13,0,0,0,0,0,0,0,0,0,0,0,0,13
11955,LONDON DAIRY ICE CREAM HAZELNUT BAR 110ML,125,7,0,0,0,0,0,0,0,0,0,0,0,0,7
11956,LONDON DAIRY ICE CREAM MOCHA ALMOND FUDGE 1LTR,650,1,0,0,0,0,0,0,0,0,0,0,0,0,1
11957,LONDON DAIRY ICE CREAM VANILLA 1LTR,650,0,0,0,0,0,0,0,0,0,0,0,0,0,0
11958,LONDON DAIRY ICE CREAM COOKIES & CREAM 1LTR,650,2,0,0,0,0,0,0,0,0,0,0,0,0,2
11959,LONDON DAIRY ICE CREAM DOUBLE CHOCOLATE 1LTR,650,1,0,0,0,0,0,0,0,0,0,0,0,0,1
11960,LONDON DAIRY ICE CREAM SORBET MANGO 500ML,350,2,0,0,0,0,0,0,0,0,0,0,0,0,2
11961,LONDON DAIRY ICE CREAM DOUBLE CHOCOLATE 500ML,350,3,0,0,0,1,0,0,0,0,0,0,0,0,2
11962,LONDON DAIRY ICE CREAM PARALINES & CREAM 500ML,350,2,0,0,0,0,0,0,0,0,0,0,0,0,2
11963,LONDON DAIRY ICE CREAM NATURAL STRAWBERRY 500ML,350,2,0,0,0,0,0,0,0,0,0,0,0,0,2
11964,LONDON DAIRY ICE CREAM COOKIES & CREAM 500ML,350,2,0,0,0,0,0,0,0,0,0,0,0,0,2
11965,LONDON DAIRY ICE CREAM TIRAMISU 500ML,350,0,0,0,0,0,0,0,0,0,0,0,0,0,0
11966,LONDON DAIRY ICE CREAM VANILLA 500ML,350,1,0,0,0,0,0,0,0,0,0,0,0,0,1
11967,LONDON DAIRY ICE CREAM KULFI 500ML,325,0,0,0,0,0,0,0,0,0,0,0,0,0,0
11968,LONDON DAIRY ICE CREAM SORBET RASPBERRY 125ML,125,15,0,0,0,0,0,0,0,0,0,0,0,0,15
11969,LONDON DAIRY ICE CREAM BERRIES N CREAM BAR 110ML,125,10,0,0,0,0,0,0,0,0,0,0,0,0,10
11970,LONDON DAIRY ICE CREAM BELGIAN CHOCOLATE BAR 110GM,125,21,0,0,0,0,0,0,0,0,0,0,0,0,21
11971,ROHTANG MINERAL WATER 1LTR,25,0,0,0,0,0,0,0,0,0,0,0,0,0,0
11972,HALDIRAMS KHATTA MEETHA 400GM,83,5,0,0,0,0,0,0,0,0,0,0,0,0,5
11973,MONGINIS SWISS ROLL CHOCOLATE CAKE 40GM,10,60,0,0,0,2,0,0,0,0,0,0,0,0,58
11974,MONGINIS VEG CAKES MIXED FRUIT JAM 100GM,30,18,0,0,0,0,0,0,0,0,0,0,0,0,18
11975,MONGINIS VEG CAKES CHOCOLATE 100GM,30,3,0,0,0,0,0,0,0,0,0,0,0,0,3
11976,MONGINIS SWISS ROLL MIXED FRUIT JAM CAKE 100GM,25,0,0,0,0,0,0,0,0,0,0,0,0,0,0
11977,MONGINIS SWISS ROLL CHOCOLATE CAKE 100GM,30,15,0,0,0,0,0,0,0,0,0,0,0,0,15
11988,SUNDROP LITE OIL BOTTLE 1LTR,105,0,0,0,0,0,0,0,0,0,0,0,0,0,0
11989,MISTER POTATO SOUR CREAM & ONION CRISPS 130GM,129,0,0,0,0,0,0,0,0,0,0,0,0,0,0
11990,MISTER POTATO RICE CRISPS SOUR CREAM & ONION 130GM,149,0,0,0,0,0,0,0,0,0,0,0,0,0,0
11991,MISTER POTATO BARBEQUE CRISPS 130GM,149,0,0,0,0,0,0,0,0,0,0,0,0,0,0
11992,MISTER POTATO RICE CRISPS ORIGINAL ASLI 130GM,149,0,0,0,0,0,0,0,0,0,0,0,0,0,0
11995,VALES GINGER GARLIC CHUKH 450GM,110,0,0,0,0,0,0,0,0,0,0,0,0,0,0
11996,MOTHERS RECIPE PUNJABI MANGO PICKLE 200GM,42,0,0,0,0,0,0,0,0,0,0,0,0,0,0
11997,CADBURY BOURNVILLE RICH COCOA 80GM,100,0,0,0,0,0,0,0,0,0,0,0,0,0,0
11998,FIGARO EXTRA VIRGIN OLIVE OIL 500ML,525,0,0,0,0,0,0,0,0,0,0,0,0,0,0
11999,FIGARO EXTRA VIRGIN OLIVE OIL 1LTR,925,0,0,0,0,0,0,0,0,0,0,0,0,0,0
12000,KOHINOOR AUTHENTIC BASMATI RICE 1KG,210,0,0,0,0,0,0,0,0,0,0,0,0,0,0
12001,KOHINOOR AUTHENTIC BASMATI RICE 5KG,1150,0,0,0,0,0,0,0,0,0,0,0,0,0,0
12005,ELINA LONG GRAIN RICE 5KG,580,0,0,0,0,0,0,0,0,0,0,0,0,0,0
12006,KOHINOOR EXTRA LONG BASMATI RICE 1KG,190,0,0,0,0,0,0,0,0,0,0,0,0,0,0
12007,KOHINOOR EXTRA LONG BASMATI RICE 5KG,750,0,0,0,0,0,0,0,0,0,0,0,0,0,0
12008,KEYA MALABAR BLACK PEPPER 40GM,100,0,0,0,0,0,0,0,0,0,0,0,0,0,0
12009,KEYA SHAHI GARAM MASALA 80GM,80,0,0,0,0,0,0,0,0,0,0,0,0,0,0
12010,KEYA DELHI DAHI BHALLA MASALA 40GM,50,0,0,0,0,0,0,0,0,0,0,0,0,0,0
12011,KEYA CHAAT MASALA 100GM,60,0,0,0,0,0,0,0,0,0,0,0,0,0,0
12012,GARNIER COLOR NATURALS 3.16 BURGUNDY 24ML,80,1,0,0,0,0,0,0,0,0,0,0,0,0,1
12013,GARNIER COLOR NATURALS 3 DARKEST BROWN 24ML,65,0,0,0,0,0,0,0,0,0,0,0,0,0,0
12014,LOREAL EXCELLENCE CREME COLOURANT NATURAL LIGHT BROWN6,575,0,0,0,0,0,0,0,0,0,0,0,0,0,0
12015,LOREAL EXCELLENCE CREME COLOUR NATURAL DARK BROWN4,590,0,0,0,0,0,0,0,0,0,0,0,0,0,0
12016,LOREAL EXCELLENCE CREME COLOURANT BURGUNDY 316,590,1,0,0,0,0,0,0,0,0,0,0,0,0,1
12017,LOREAL EXCELLENCE CREME COLOURANT MAHOGANY BROWN55,590,1,0,0,0,0,0,0,0,0,0,0,0,0,1
12018,LOREAL EXCELLENCE CREME COLOURANT NATURAL DARKEST BROWN 3,299,2,0,0,0,0,0,0,0,0,0,0,0,0,2
12019,LOREAL EXCELLENCE CREME COLOURANT BLACK1 24ML,299,1,0,0,0,0,0,0,0,0,0,0,0,0,1
12020,LOREAL EXCELLENCE CREME COLOURANT BURGUNDY 316 24ML,199,2,0,0,0,0,0,0,0,0,0,0,0,0,2
12021,NESTLE KITKAT SENSES 37.3GM,50,0,0,0,0,0,0,0,0,0,0,0,0,0,0
12022,LOREAL CASTING CREAM GLOSS 316 PLUM,550,1,0,0,0,0,0,0,0,0,0,0,0,0,1
12023,LOREAL CASTING CREAM GLOSS 415 ICED CHOCOLATE,550,1,0,0,0,0,0,0,0,0,0,0,0,0,1
12024,RITE BITE MAX PROTEIN HONEY LEMON 70GM,110,0,0,0,0,0,0,0,0,0,0,0,0,0,0
12025,LOREAL CASTING CREAM GLOSS 353 BLACK GINGER,545,0,0,0,0,0,0,0,0,0,0,0,0,0,0
12026,RITE BITE MAX PROTEIN CHOCO SLIM 67GM,120,0,0,0,0,0,0,0,0,0,0,0,0,0,0
12027,LOREAL CASTING CREAM GLOSS 323 SONAMS DARK CHOCOLATE,550,1,0,0,0,0,0,0,0,0,0,0,0,0,1
12028,LOREAL CASTING CREAM GLOSS 550 MAHOGANY,550,1,0,0,0,0,0,0,0,0,0,0,0,0,1
12029,DANONE MILK 1LTR,80,0,0,0,0,0,0,0,0,0,0,0,0,0,0
12030,GODREJ EXPERT RICH CREME HAIR COLOR HONEY BROWN 5.34,35,0,0,0,0,0,0,0,0,0,0,0,0,0,0
12031,GARNIER BLACK NATURALS CREAM COLOUR 2.0 ORIGINAL BLACK 20ML,37,0,0,0,0,0,0,0,0,0,0,0,0,0,0
12032,GARNIER BLACK NATURALS CREME COLOUR BROWN BLACK 3.0 20GM,37,2,0,0,0,0,0,0,0,0,0,0,0,0,2
12033,GODREJ COLOUR SOFT NATURAL BLACK 1,159,0,0,0,0,0,0,0,0,0,0,0,0,0,0
12034,RITE BITE SUGARLESS CHOCOLITE 6 X 27GM,138,0,0,0,0,0,0,0,0,0,0,0,0,0,0
12035,GODREJ COLOUR SOFT  BLACK 2,159,1,0,0,0,0,0,0,0,0,0,0,0,0,1
12036,GODREJ COLOUR SOFT LIGHT BROWN 4,159,1,0,0,0,0,0,0,0,0,0,0,0,0,1
12037,DANONE SLIM MILK 1LTR,75,0,0,0,0,0,0,0,0,0,0,0,0,0,0
12038,GODREJ COLOUR SOFT BURGUNDY 3.16,159,0,0,0,0,0,0,0,0,0,0,0,0,0,0
12039,GODREJ COLOUR SOFT NATURAL BROWN 3,159,1,0,0,0,0,0,0,0,0,0,0,0,0,1
12040,GODREJ NUPUR HENNA 60GM,22,0,0,0,0,0,0,0,0,0,0,0,0,0,0
12041,GODREJ EXPERT RICH CREME BLACK BROWN 3,30,6,0,0,0,0,0,0,0,0,0,0,0,0,6
12042,SCOTCH BRITE KITCHEN GLOVES FRESH LEMON SCENT MEDIUM,90,1,0,0,0,0,0,0,0,0,0,0,0,0,1
12043,SCOTCH BRITE NON SCRATCH 1NOS,30,14,0,0,0,0,0,0,0,0,0,0,0,0,14
12044,GALA DUST GO SET,145,6,0,0,0,0,0,0,0,0,0,0,0,0,6
12045,SCOTCH BRITE JET SCRUBBER TOUGH,140,1,0,0,0,0,0,0,0,0,0,0,0,0,1
12047,GALA CHANDRA CLOTH BRUSH,79,0,0,0,0,0,0,0,0,0,0,0,0,0,0
12049,CADBURY DAIRY MILK SILK 24  LUXURIOUS PRALINES 240GM,700,0,0,0,0,0,0,0,0,0,0,0,0,0,0
12050,GALA CHANDRA SUPER TOILEAN BRUSH,75,2,0,0,0,0,0,0,0,0,0,0,0,0,2
12051,GALA CHANDRA MEGA TOILEX BRUSH,79,0,0,0,0,0,0,0,0,0,0,0,0,0,0
12052,GILLETTE MACH3 1 RAZOR+1CARTRIDGE,160,0,0,0,0,0,0,0,0,0,0,0,0,0,0
12053,LAKME KAJAL EYECONIC GREY 0.35GM,250,0,0,0,0,0,0,0,0,0,0,0,0,0,0
12054,LAKME KAJAL EYECONIC WHITE 0.35GM,250,0,0,0,0,0,0,0,0,0,0,0,0,0,0
12055,STAYFREE SECURE DRY ULTRA DRY 14PADS,70,0,0,0,0,0,0,0,0,0,0,0,0,0,0
12056,STAYFREE ADVANCED XL ULTRA COMFORT XL WITH WINGS 7PADS,80,0,0,0,0,0,0,0,0,0,0,0,0,0,0
12057,STAYFREE DRY MAX ULTRA DRY 16 PADS,155,3,0,0,0,0,0,0,0,0,0,0,0,0,3
12059,STAYFREE ADVANCED XL ULTRA COMFORT XL 28 PADS,290,2,0,0,0,0,0,0,0,0,0,0,0,0,2
12060,BRITANNIA NUTRI CHOICE DIGESTIVES HI-FIBER 120GM,20,38,0,0,0,4,0,0,0,0,0,0,0,0,34
12061,BRITANNIA 50-50 MASKA CHASKA 120GM,25,2,0,0,0,0,0,0,0,0,0,0,0,0,2
12062,WHISPER ULTRA SOFT XL+ 2X SOFTER 30PADS,310,2,0,0,0,0,0,0,0,0,0,0,0,0,2
12064,REPUBLIC OF CHICKEN CHICKEN FRANKFURTER 500GM,280,2,0,0,0,0,0,0,0,0,0,0,0,0,2
12065,REPUBLIC OF CHICKEN CHICKEN SAUSAGES 500GM,255,1,0,0,0,0,0,0,0,0,0,0,0,0,1
12066,REPUBLIC OF CHICKEN CHICKEN SEEKH KEBAB 500GM,255,1,0,0,0,0,0,0,0,0,0,0,0,0,1
12067,REPUBLIC OF CHICKEN CHICKEN SALAMI MASALA 500GM,265,2,0,0,0,0,0,0,0,0,0,0,0,0,2
12068,WHISPER MAXI NIGHTS XL WINGS 7PADS,88,2,0,0,0,0,0,0,0,0,0,0,0,0,2
12069,REPUBLIC OF CHICKEN CHICKEN MINI KIEVS 300GM,160,3,0,0,0,0,0,0,0,0,0,0,0,0,3
12071,WHISPER ULTRA SOFT L WINGS 15 PADS,143,0,0,0,0,0,0,0,0,0,0,0,0,0,0
12072,REPUBLIC OF CHICKEN CHICKEN DIMSUM 500GM,220,3,0,0,0,0,0,0,0,0,0,0,0,0,3
12074,BRITANNIA 50-50 SWEET N SALTY 150GM,15,0,0,0,0,0,0,0,0,0,0,0,0,0,0
12075,BRITANNIA NUTRI CHOICE ESSENTIALS RAGI COOKIES 150GM,60,0,0,0,0,0,0,0,0,0,0,0,0,0,0
12076,BRITANNIA NUTRI CHOICE DIGESTIVES 5 GRAIN 100GM,25,0,0,0,0,0,0,0,0,0,0,0,0,0,0
12077,TATA TEA GOLD 22GM,10,0,0,0,0,0,0,0,0,0,0,0,0,0,0
12078,MAYBELLINE BABY LIPS COLOR BERRY CRUSH 4GM,190,0,0,0,0,0,0,0,0,0,0,0,0,0,0
12079,MAYBELLINE BABY LIPS COLOR PINK LOLITA 9ML,190,0,0,0,0,0,0,0,0,0,0,0,0,0,0
12080,TETLEY ELAICHI TEA 50BAGS,200,2,0,0,0,0,0,0,0,0,0,0,0,0,2
12081,TETLEY GINGER TEA 50BAGS,200,0,0,0,0,0,0,0,0,0,0,0,0,0,0
12082,TETLEY EARL GRAY TEA 50BAGS,200,0,0,0,0,0,0,0,0,0,0,0,0,0,0
12100,NESTLE EXTRA SMOOTH CHOCOLATE 36GM,40,0,0,0,0,0,0,0,0,0,0,0,0,0,0
12101,SUHANA MUNG PAPAD 200GM,69,0,0,0,0,0,0,0,0,0,0,0,0,0,0
12102,JABSONS KHAKHRA PAPRIKA 180GM,50,0,0,0,0,0,0,0,0,0,0,0,0,0,0
12103,JABSONS KHAKHRA JEERA 180GM,50,6,0,0,0,0,0,0,0,0,0,0,0,0,6
12104,JABSONS KHAKHRA BLACK PEPPER 180GM,50,0,0,0,0,0,0,0,0,0,0,0,0,0,0
12105,JABSONS KHAKHRA PLAIN SALTED 180GM,50,0,0,0,0,0,0,0,0,0,0,0,0,0,0
12106,JABSONS KHAKHRA METHI 180GM,50,0,0,0,0,0,0,0,0,0,0,0,0,0,0
12107,HALDIRAMS METHI KHAKHRA 180GM,36,0,0,0,0,0,0,0,0,0,0,0,0,0,0
12108,JABSONS KHAKHRA PUNJABI MASALA SPICY 180GM,50,5,0,0,0,0,0,0,0,0,0,0,0,0,5
12109,HALDIRAMS JEERA KHAKHRA 180GM,36,0,0,0,0,0,0,0,0,0,0,0,0,0,0
12110,JABSONS KHAKHRA CHILLY GARLIC 180GM,50,1,0,0,0,0,0,0,0,0,0,0,0,0,1
12112,TANG ORANGE 500GM,125,3,0,0,0,0,0,0,0,0,0,0,0,0,3
12113,WAI WAI CUP NOODLE VEG 65GM,35,2,0,0,0,0,0,0,0,0,0,0,0,0,2
12114,WIPRO BULB 60 WATTS,15,1,0,0,0,0,0,0,0,0,0,0,0,0,1
12116,LOREAL EXCELLENCE CREME COLOURANT 43 GOLD CARAMEL,575,0,0,0,0,0,0,0,0,0,0,0,0,0,0
12117,JULIES OAT 25 STRAWBERRY 200GM,179,0,0,0,0,0,0,0,0,0,0,0,0,0,0
12118,JULIES OAT 25 TEN GRAINS 200GM,179,0,0,0,0,0,0,0,0,0,0,0,0,0,0
12119,JULIES OAT 25 HAZELNUT & CHOCOLATE CHIPS 200GM,179,0,0,0,0,0,0,0,0,0,0,0,0,0,0
12120,JULIES GOLDEN CRACKERS 125GM,60,0,0,0,0,0,0,0,0,0,0,0,0,0,0
12121,JULIES SUGAR CRACKERS 125GM,60,0,0,0,0,0,0,0,0,0,0,0,0,0,0
12122,LIZOL DISINFECTANT SURFACE CLEANER CITRONELLA 1LTR,135,0,0,0,0,0,0,0,0,0,0,0,0,0,0
12123,CORNITOS NACHO CRISPS CHEESE AND HERBS 150GM,85,1,0,0,0,0,0,0,0,0,0,0,0,0,1
12124,CORNITOS NACHO CRISPS THAI SWEET CHILI 150GM,85,4,0,0,0,0,0,0,0,0,0,0,0,0,4
12125,CORNITOS NACHO CRISPS SIZZLIN JALAPENO 150GM,85,0,0,0,0,0,0,0,0,0,0,0,0,0,0
12126,CORNITOS NACHO CRISPS TOMATO MEXICANA 60GM,35,9,0,0,0,1,0,0,0,0,0,0,0,0,8
12127,CORNITOS NACHO CRISPS TOMATO MEXICANA 150GM,85,4,0,0,0,0,0,0,0,0,0,0,0,0,4
12128,CORNITOS NACHO CRISPS BARBEQUE 60GM,35,10,0,0,0,0,0,0,0,0,0,0,0,0,10
12129,OLIVIA HERB BLEACH CREAM 15GM,40,0,0,0,0,0,0,0,0,0,0,0,0,0,0
12130,OLIVIA HERB BLEACH CREAM 8GM,30,0,0,0,0,0,0,0,0,0,0,0,0,0,0
12131,OLIVIA GOLD BLEACH SAFFRON 9GM,35,0,0,0,0,0,0,0,0,0,0,0,0,0,0
12132,PARLE MONACO CRISPY SALTY 40GM,5,23,0,0,0,2,0,0,0,0,0,0,0,0,21
12133,PARLE KRACKJACK SWEET & SALTY CRACKERS 40GM,5,0,0,0,0,0,0,0,0,0,0,0,0,0,0
12134,MTR POHA REGULAR 180GM,40,0,0,0,0,0,0,0,0,0,0,0,0,0,0
12135,MOTHERS RECIPE TOMATO PICKLE 300GM,74,0,0,0,0,0,0,0,0,0,0,0,0,0,0
12136,MOTHERS RECIPE GINGER PICKLE 300GM,74,0,0,0,0,0,0,0,0,0,0,0,0,0,0
12137,MOTHERS RECIPE STUFFED RED CHILLI PICKLE 200GM,52,0,0,0,0,0,0,0,0,0,0,0,0,0,0
12138,MOTHERS RECIPE GINGER PASTE 200GM,44,2,0,0,0,0,0,0,0,0,0,0,0,0,2
12140,TULSI CASHEWS ROASTED & SALTED 100GM,125,0,0,0,0,0,0,0,0,0,0,0,0,0,0
12147,NESTLE MILKYBAR GOODNESS OF MILK 13GM,10,67,0,0,0,0,0,0,0,0,0,0,0,0,67
12148,ACT II BUTTER FLAVOUR 33GM,24,14,0,0,0,2,0,0,0,0,0,0,0,0,12
12149,LAYS AMERICAN STYLE CREAM & ONION 180GM,65,1,0,0,0,2,0,0,0,0,0,0,0,0,-1
12150,BASIC AYURVEDA VINEGAR SUGAR CANE 450ML,100,0,0,0,0,0,0,0,0,0,0,0,0,0,0
12151,BASIC AYURVEDA VAN TULSI 200ML,105,0,0,0,0,0,0,0,0,0,0,0,0,0,0
12152,BASIC AYURVEDA NEEM MARGOSA LEAD JUICE 500ML,140,0,0,0,0,0,0,0,0,0,0,0,0,0,0
12153,HERBAL ESSENCES SHAMPOO COLOUR ME SHINY 300ML,205,0,0,0,0,0,0,0,0,0,0,0,0,0,0
12154,HERBAL ESSENCES CONDITIONER HELLO HYDRATION 300ML,205,0,0,0,0,0,0,0,0,0,0,0,0,0,0
12155,FIGARO EXTRA VIRGIN OLIVE OIL 250ML,325,3,0,0,0,0,0,0,0,0,0,0,0,0,3
12156,ORAL-B TOOTH BRUSH SENSITIVE WHITENNING SOFT BUY 2 GET 1 FREE,98,7,0,0,0,0,0,0,0,0,0,0,0,0,7
12157,ORAL-B TOOTH BRUSH EXTRA SOFT SENSITIVE SUPER THIN BUY2GET1FREE,110,0,0,0,0,0,0,0,0,0,0,0,0,0,0
12158,ORAL-B TOOTH BRUSH ALL-ROUNDER CLASSIC SUPER CLEAN MEDIUM,35,0,0,0,0,0,0,0,0,0,0,0,0,0,0
12159,ORAL-B TOOTH BRUSH PLAQUE REMOVAL SOFT BUY2GET1FREE,130,1,0,0,0,0,0,0,0,0,0,0,0,0,1
12160,ORAL-B TOOTH BRUSH SENSITIVE SUPER THIN EXTRA SOFT 1P,55,0,0,0,0,0,0,0,0,0,0,0,0,0,0
12161,ORAL-B TOOTH BRUSH SMART FLEX PRO HEALTH 2 BRUSH,142,0,0,0,0,0,0,0,0,0,0,0,0,0,0
12162,ORAL-B TOOTH BRUSH SENSITIVE SUPER THIN EXTRA SOFT 2P,88,0,0,0,0,0,0,0,0,0,0,0,0,0,0
12163,BRITANNIA 50-50 BISCUITS 40GM,5,0,0,0,0,0,0,0,0,0,0,0,0,0,0
12164,LUX SOAP VELVET TOUCH 3X150GM,108,0,0,0,0,0,0,0,0,0,0,0,0,0,0
12165,WHEEL BAR BLUE 115GM,5,0,0,0,0,0,0,0,0,0,0,0,0,0,0
12166,SOFIT MILK VANILLA 200ML,30,12,0,0,0,0,0,0,0,0,0,0,0,0,12
12167,TROPICANA JUICE POMEGRANATE 1LTR,110,6,0,0,0,0,0,0,0,0,0,0,0,0,6
12168,TROPICANA JUICE TOMATO 1LTR,99,3,0,0,0,0,0,0,0,0,0,0,0,0,3
12169,TROPICANA 100% APPLE JUICE 1LTR,130,5,0,0,0,0,0,0,0,0,0,0,0,0,5
12170,TROPICANA JUICE APPLE 1LTR,99,4,0,0,0,0,0,0,0,0,0,0,0,0,4
12171,REAL JUICE SUPA FRUITS STRAWBERRY & PLUM 1LTR,115,0,0,0,0,0,0,0,0,0,0,0,0,0,0
12172,TROPICANA 100% JUICE GRAPE 1LTR,130,0,0,0,0,0,0,0,0,0,0,0,0,0,0
12173,MINUTE MAID MIXED FRUIT 250ML,20,-4,0,0,0,0,0,0,0,0,0,0,0,0,-4
12174,DANONE MILK SHAKE CHOCOLATE 180ML,25,0,0,0,0,0,0,0,0,0,0,0,0,0,0
12175,DANONE MILK SHAKE STRAWBERRY 180ML,25,0,0,0,0,0,0,0,0,0,0,0,0,0,0
12177,CATCH SPRING ORANGE BOTTLE 200ML,10,0,0,0,0,0,0,0,0,0,0,0,0,0,0
12180,POTTERS FRUIT DRINK APPLE WITH ALOE VERA 350ML,66,0,0,0,0,0,0,0,0,0,0,0,0,0,0
12182,LIA PRIME ROSE AGARBATHIES 130GM,50,0,0,0,0,0,0,0,0,0,0,0,0,0,0
12183,HORLICKS CLASSIC MALT JAR 500GM,228,1,0,0,0,0,0,0,0,0,0,0,0,0,1
12184,GOWARDHAN CHEESE PROCESSED 400GM,225,0,0,0,0,0,0,0,0,0,0,0,0,0,0
12186,FOGG DEO BLEU SKIES 100GM,275,0,0,0,0,0,0,0,0,0,0,0,0,0,0
12187,FOGG DEO BLEU MOUNTAIN 100GM,275,0,0,0,0,0,0,0,0,0,0,0,0,0,0
12188,FOGG DEO BLEU FOREST 100GM,275,0,0,0,0,0,0,0,0,0,0,0,0,0,0
12189,FOGG DEO BLEU OCEAN 100GM,275,0,0,0,0,0,0,0,0,0,0,0,0,0,0
12190,FOGG DEO BLEU SPRING 100GM,275,0,0,0,0,0,0,0,0,0,0,0,0,0,0
12191,FOGG DEO BLEU ISLAND 100GM,275,0,0,0,0,0,0,0,0,0,0,0,0,0,0
12192,SONALO CANDY,1,0,0,0,0,0,0,0,0,0,0,0,0,0,0
12193,FOGG DEO DYNAMIC 100GM,225,0,0,0,0,0,0,0,0,0,0,0,0,0,0
12194,FOGG DEO MAGNETIC 100GM,225,0,0,0,0,0,0,0,0,0,0,0,0,0,0
12195,FOGG DEO ABSOLUTE 100GM,225,0,0,0,0,0,0,0,0,0,0,0,0,0,0
12196,FOGG DEO EXTREME 100GM,225,0,0,0,0,0,0,0,0,0,0,0,0,0,0
12197,DABUR HAJMOLA ANARDANA,25,0,0,0,0,0,0,0,0,0,0,0,0,0,0
12198,CHINGS INSTANT SOUP MIX VEG 15GM,10,1,0,0,0,0,0,0,0,0,0,0,0,0,1
12200,CHINGS INSTANT SOUP MANCHOW 15GM,10,0,0,0,0,0,0,0,0,0,0,0,0,0,0
12201,DUKES WAFFY PINEAPPLE WAFERS 75GM,45,0,0,0,0,0,0,0,0,0,0,0,0,0,0
12202,DUKES WAFFY ORANGE WAFERS 75GM,45,0,0,0,0,0,0,0,0,0,0,0,0,0,0
12203,DUKES WAFFY STRAWBERRY WAFERS 75GM,45,0,0,0,0,0,0,0,0,0,0,0,0,0,0
12206,VARDHAN MAIDA 500GM,35,-4,0,0,0,0,0,0,0,0,0,0,0,0,-4
12207,YUMMIEZ CHICKEN MAGIC BALLS 250GM,100,0,0,0,0,0,0,0,0,0,0,0,0,0,0
12208,REPUBLIC OF CHICKEN PUNJABI MASALA CHICKEN TIKKA 500GM,256,0,0,0,0,0,0,0,0,0,0,0,0,0,0
12211,TASTY FRESH ALOO PARANTHA 400GM,105,0,0,0,0,0,0,0,0,0,0,0,0,0,0
12217,YUMMIEZ CHICKEN CHILLI SAUSAGES 250GM,135,2,0,0,0,0,0,0,0,0,0,0,0,0,2
12218,YUMMIEZ CHICKEN KHEEMA 300GM,95,3,0,0,0,0,0,0,0,0,0,0,0,0,3
12219,PARK AVENUE FACEWASH COFFEE 75ML,95,0,0,0,0,0,0,0,0,0,0,0,0,0,0
12220,PARK AVENUE SHAVING GEL 50GM,65,0,0,0,0,0,0,0,0,0,0,0,0,0,0
12221,DELICIOUS CHICKEN SEEKH KEBAB 500GM,230,0,0,0,0,0,0,0,0,0,0,0,0,0,0
12222,DELICIOUS CHICKEN BLACK PEPPERS MORTADELLA 500GM,245,0,0,0,0,0,0,0,0,0,0,0,0,0,0
12223,PARK AVENUE DEO ZING 150ML,234,0,0,0,0,0,0,0,0,0,0,0,0,0,0
12225,YUMMIEZ CHICKEN NUGGETS 750GM,300,1,0,4,0,0,0,0,0,0,0,0,0,0,5
12226,SNACKERZ CHICKEN SPICY SALAMI 500GM,225,3,0,0,0,0,0,0,0,0,0,0,0,0,3
12228,YUMMIEZ CHICKEN KHEEMA PARHTHA 320GM,105,0,0,0,0,0,0,0,0,0,0,0,0,0,0
12229,SAFFA MUTTER PARTHA 320GM,115,0,0,0,0,0,0,0,0,0,0,0,0,0,0
12230,JABSONS ROASTED DANA CHANA 150GM,50,14,0,0,0,0,0,0,0,0,0,0,0,0,14
12232,DRUK MANGO JAM 500GM,110,1,0,0,0,0,0,0,0,0,0,0,0,0,1
12234,TOPS MIXED PICKLE 500GM,90,0,0,0,0,0,0,0,0,0,0,0,0,0,0
12235,TOPS GARLIC  PICKLE 400GM,98,0,0,0,0,0,0,0,0,0,0,0,0,0,0
12236,PARLE MAGIX PINEAPPLE 50GM,5,13,0,0,0,0,0,0,0,0,0,0,0,0,13
12237,PARLE MAGIX KREAMS MANGO 50GM,5,15,0,0,0,0,0,0,0,0,0,0,0,0,15
12238,PARLE MAGIX ELAICHI 50GM,5,18,0,0,0,0,0,0,0,0,0,0,0,0,18
12239,PARLE KREAMS MANGO 50GM,5,0,0,0,0,0,0,0,0,0,0,0,0,0,0
12240,BREAD TOAST LARGE 350GM,60,0,0,0,0,0,0,0,0,0,0,0,0,0,0
12241,ACRES FRESH SWEET CORN 1KG,130,0,0,0,0,0,0,0,0,0,0,0,0,0,0
12242,ACRES FRESH MIXED VEGETABLES 1KG,130,0,0,0,0,0,0,0,0,0,0,0,0,0,0
12243,ACRES FRESH GREEN PEAS 1KG,160,0,0,0,0,0,0,0,0,0,0,0,0,0,0
12244,ACRES FRESH MIXED VEGETABLES 500GM,75,0,0,0,0,0,0,0,0,0,0,0,0,0,0
12245,MOTHER DAIRY LOW FAT MILK 500ML,26,85,0,0,0,0,0,0,0,0,0,0,0,0,85
12246,MOTHER DAIRY CHEESE SPREAD 200GM,85,2,0,0,0,0,0,0,0,0,0,0,0,0,2
12247,PARLE SIMPLY GOOD DIGESTIVE APPLE & CINNAMON 250GM,50,0,0,0,0,0,0,0,0,0,0,0,0,0,0
12248,YUMMIEZ MUMBAI VADA 300GM,85,0,0,0,0,0,0,0,0,0,0,0,0,0,0
12249,NAVNEET ERASER DUST FREE JUMBO,5,-22,0,0,0,0,0,0,0,0,0,0,0,0,-22
12250,MOUSE AND RAT GLUE TRAP,85,0,0,0,0,0,0,0,0,0,0,0,0,0,0
12251,MAYOOR MAKKI ATTA 1KG,45,0,0,0,0,0,0,0,0,0,0,0,0,0,0
12252,MOTHER DAIRY CHEESE 10 CUBES 180GM,110,6,0,0,0,1,0,0,0,0,0,0,0,0,5
12253,NESTLE DAHI ACTIVE PLUS 400GM,70,14,0,0,0,4,0,0,0,0,0,0,0,0,10
12254,NAVNEET PREMIUM CRAFT PAPER 25SHEETS,15,0,0,0,0,0,0,0,0,0,0,0,0,0,0
12256,MISTER POTATO RICE CRISPS HOT & SPICY PEDAS 130GM,149,0,0,0,0,0,0,0,0,0,0,0,0,0,0
12257,MISTTER POTATO RICE CRISPS HOT & SPICY 130GM,129,0,0,0,0,0,0,0,0,0,0,0,0,0,0
12258,WINKIES SWISS ROLL STRAWBERRY 185GM,60,0,0,0,0,0,0,0,0,0,0,0,0,0,0
12260,ACT II BUTTER NATURAL 99GM,10,0,0,0,0,0,0,0,0,0,0,0,0,0,0
12264,SWISS NATUREN CHICKEN TWISITIES 400GM,230,0,0,0,0,0,0,0,0,0,0,0,0,0,0
12265,SWISS NATUREN SMOKED CHICKEN BREAST 300GM,150,0,0,0,0,0,0,0,0,0,0,0,0,0,0
12266,BROOKE BOND TAJ MAHAL TEA BOX 1KG,445,2,0,0,0,0,0,0,0,0,0,0,0,0,2
12267,SWISS NATUREN CHICKEN HOT DOG CHEESE GRILLER 200GM,140,0,0,0,0,0,0,0,0,0,0,0,0,0,0
12271,NIVEA MEN AFTER SHAVE LOTION SENSITIVE 100ML,199,0,0,0,0,0,0,0,0,0,0,0,0,0,0
12272,COLGATE MOUTHWASH PLAX ACTIVE SALT 250ML,105,1,0,0,0,0,0,0,0,0,0,0,0,0,1
12274,COLGATE TOOTH BRUSH WHOLE MOUTH CLEAN,70,1,0,0,0,0,0,0,0,0,0,0,0,0,1
12275,COLGATE TOOTH BRUSH SPIDERMAN KIDS,75,0,0,0,0,0,0,0,0,0,0,0,0,0,0
12276,HARPIC POWER PLUS ALL IN 1 ORIGINAL PACK OF THREE 500M*3,199,-8,0,0,0,0,0,0,0,0,0,0,0,0,-8
12277,WINTEX ULTIMA ROLL SUPER SAVE PACK 6IN1,195,2,0,0,0,0,0,0,0,0,0,0,0,0,2
12278,WINTEX ULTRA TOILET TISSUES 1 ROLL,84,0,0,0,0,0,0,0,0,0,0,0,0,0,0
12280,AMUL SLIM & TRIM MILK 1LTR,70,0,0,0,0,0,0,0,0,0,0,0,0,0,0
12281,PARLE HIDE&SEEK CHOCO CHIP CREME SANDWICHES VANILLA 100GM,25,5,0,0,0,0,0,0,0,0,0,0,0,0,5
12282,NOBLE FOODS NUTRITIOUS DALIA 500GM,105,0,0,0,0,0,0,0,0,0,0,0,0,0,0
12283,NESTLE AFTER EIGHT MINT CHOCOLATE THINGS 200GM,330,0,0,0,0,0,0,0,0,0,0,0,0,0,0
12285,NOBLE FOODS ANTI DIABETIC ATTA 1KG,200,0,0,0,0,0,0,0,0,0,0,0,0,0,0
12286,CLEAN & CLEAR FACEWASH 100ML,99,0,0,0,0,0,0,0,0,0,0,0,0,0,0
12287,HIMALAYA TOOTH PASTE SPARKLING WHITE 2X150GM,149,0,0,0,0,0,0,0,0,0,0,0,0,0,0
12289,PAMPERS BABY DRY PANTS UP TO 5 KG 60PANTS,674,0,0,0,0,0,0,0,0,0,0,0,0,0,0
12290,PAMPERS BABY DRY PANTS L 9-14KG 52DIAPERS,699,0,0,0,0,0,0,0,0,0,0,0,0,0,0
12291,PAMPERS ACTIVE BABY XLEXTRA LARGE 12+KG 56DIAPERS,1270,0,0,0,0,0,0,0,0,0,0,0,0,0,0
12292,PAMPERS ACTIVE BABY PANTS XL 48DIAPERS,799,0,0,0,0,0,0,0,0,0,0,0,0,0,0
12295,LUX BODYWASH STRAWBERRY & CREAM 240ML,145,0,0,0,0,0,0,0,0,0,0,0,0,0,0
12296,DOVE CONDITIONER HAIR FALL RESCUE 180ML,190,1,0,0,0,0,0,0,0,0,0,0,0,0,1
12297,DOVE CONDITIONER DRYNESS CARE 180ML,190,1,0,0,0,0,0,0,0,0,0,0,0,0,1
12298,DOVE SHAMPOO HAIR FALL RESCUE 80ML,62,1,0,0,0,0,0,0,0,0,0,0,0,0,1
12299,SUNSILK SHAMPOO RADIANT SHINE 340ML,225,0,0,0,0,0,0,0,0,0,0,0,0,0,0
12300,SUNSILK SHAMPOO STRONG & ABUNDANT180ML,116,0,0,0,0,0,0,0,0,0,0,0,0,0,0
12303,RIN POWDER JAI GANGAAJAL 500GM,35,0,0,0,0,0,0,0,0,0,0,0,0,0,0
12304,TETLEY GREEN TEA CINNAMON & HONEY 10BAG,65,0,0,0,0,0,0,0,0,0,0,0,0,0,0
12305,TETLEY GREEN TEA CITRUS & SPICE 10BAG,65,0,0,0,0,0,0,0,0,0,0,0,0,0,0
12306,NAVNEET FUN PLASTIC CRAYONS 12SHADES,60,4,0,0,0,0,0,0,0,0,0,0,0,0,4
12307,NESCAFE CHOCO MOCHA 75GM,100,0,0,0,0,0,0,0,0,0,0,0,0,0,0
12308,NESCAFE CLASSIC BUY 2 GET 1 FREE 1.5GM,10,0,0,0,0,0,0,0,0,0,0,0,0,0,0
12310,NIVEA OIL IN LOTION ARGAN NOURISH 250ML,250,0,0,0,0,0,0,0,0,0,0,0,0,0,0
12311,NIVEA OIL IN LOTION ARGAN NOURISH 400ML,330,0,0,0,0,0,0,0,0,0,0,0,0,0,0
12312,AMUL DARK CHOCOLATE 40GM,22,0,0,0,0,0,0,0,0,0,0,0,0,0,0
12313,AMUL DARK CHOCOLATE 150GM,100,10,0,0,0,2,0,0,0,0,0,0,0,0,8
12314,AMUL MILK CHOCOLATE 20GM,10,0,0,0,0,0,0,0,0,0,0,0,0,0,0
12315,NAVNEET FUN OIL PASTELS 25 SHADES,60,0,0,0,0,0,0,0,0,0,0,0,0,0,0
12316,NAVNEET LONG BOOK RAINBOW SERIES 140PAGES,50,0,0,0,0,0,0,0,0,0,0,0,0,0,0
12317,KAMACHI HIGH QUALITY TENNIS BALL,50,19,0,0,0,0,0,0,0,0,0,0,0,0,19
12318,MCVITIES BUTTER COOKIES 200GM,25,0,0,0,0,0,0,0,0,0,0,0,0,0,0
12319,BAYGON ALL INSECT KILLER 500ML,164,1,0,0,0,0,0,0,0,0,0,0,0,0,1
12320,SAFFOLA GOLD POUCH 1LTR,150,3,0,0,0,0,0,0,0,0,0,0,0,0,3
12321,OXY LIFE NATURAL RADIANCE 5 CREME BLEACH 9GM,40,0,0,0,0,0,0,0,0,0,0,0,0,0,0
12322,OXY LIFE MEN CREME BLEACH 15GM,40,0,0,0,0,0,0,0,0,0,0,0,0,0,0
12323,ACRES FRESH GREEN PEAS 500GM,90,0,0,0,0,0,0,0,0,0,0,0,0,0,0
12324,MOTHERS RECIPE PUNJABI MANGO PICKLE 400GM,94,1,0,0,0,0,0,0,0,0,0,0,0,0,1
12325,JAR SOOGO 3PC,270,0,0,0,0,0,0,0,0,0,0,0,0,0,0
12326,SCHWEPPES GINGER ALE CAN 300ML,50,0,0,0,0,0,0,0,0,0,0,0,0,0,0
12327,JAR RS.60,60,0,0,0,0,0,0,0,0,0,0,0,0,0,0
12328,AIR WICK FRESHMATIC AUTOMATIC REFILL SPRAY SANDAL &JASMINE DEW 250ML,249,0,0,0,0,0,0,0,0,0,0,0,0,0,0
12329,PREMIER MIX VEG 500GM,55,0,0,0,0,0,0,0,0,0,0,0,0,0,0
12334,CATCH FLAVOURED WATER PEACH 750ML,50,14,0,0,0,1,0,0,0,0,0,0,0,0,13
12337,KNORR SOUP SWEET & SOUR NOODLE  BUY 2 GET 1 FREE 45GM,90,0,0,0,0,0,0,0,0,0,0,0,0,0,0
12338,HALDIRAMS CHANA GUP SHUP 200GM,46,0,0,0,0,0,0,0,0,0,0,0,0,0,0
12340,JIVO CANOLA OIL COMBO 2LTR,425,-3,0,0,0,0,0,0,0,0,0,0,0,0,-3
12341,JIVO CANOLA OIL COMBO  5LTR,1650,0,0,0,0,0,0,0,0,0,0,0,0,0,0
12343,PARLE MILANO CENTRE FILLED DARK COOKIES WITH CHOCO FILLING 75GM,35,4,0,0,0,1,0,0,0,0,0,0,0,0,3
12344,ACT II BUTTER LOVERS FLAVOUR 33GM,24,10,0,0,0,2,0,0,0,0,0,0,0,0,8
12345,ACT II BUTTER LOVERS FLAVOUR 99GM,67,9,0,0,0,1,0,0,0,0,0,0,0,0,8
12346,SUNFEAST BOUNCE TANGY ORANGE CREME BISCUITS 50GM,5,0,0,0,0,0,0,0,0,0,0,0,0,0,0
12348,ACT II CLASSIC SALTED 90GM,33,0,0,0,0,0,0,0,0,0,0,0,0,0,0
12349,ACT II GOLDEN SIZZLE 90GM,33,0,0,0,0,0,0,0,0,0,0,0,0,0,0
12350,SPRAYMINTT MOUTH FRESHENER SAUNF SHIVER 15GM,99,3,0,0,0,0,0,0,0,0,0,0,0,0,3
12351,SPRAYMINTT MOUTH FRESHENER ICYMINT 15GM,99,1,0,0,0,0,0,0,0,0,0,0,0,0,1
12352,BROOKE BOND RED LABEL ZIP LOCK 1KG,350,0,0,0,0,0,0,0,0,0,0,0,0,0,0
12353,MONGINIS DESSERT CAKE COCOLATE 200GM,50,0,0,0,0,0,0,0,0,0,0,0,0,0,0
12354,HALDIRAMS MILK MATHRI 200GM,45,0,0,0,0,0,0,0,0,0,0,0,0,0,0
12355,GILLETTE SPORT TRIUMPH CLEAR GEL 113GM,209,0,0,0,0,0,0,0,0,0,0,0,0,0,0
12357,UNIBIC HONEY & OATMEAL COOKIES 75GM,25,3,0,0,0,0,0,0,0,0,0,0,0,0,3
12358,HAPPYDENT COMPLETE SUGARFREE CHEWING GUM STRAWBERRY FLAVOUR 6.6GM,5,0,0,0,0,0,0,0,0,0,0,0,0,0,0
12359,HAPPYDENT COMPLETE SUGARFREE CHEWING GUM SPEARMINT FLAVOUR 6.6GM,5,-9,0,0,0,0,0,0,0,0,0,0,0,0,-9
12360,HAPPYDENT WHITE SPARKLING SMILE MINT FLAVOUR 13.2GM,5,0,0,0,0,0,0,0,0,0,0,0,0,0,0
12361,CENTER FRUIT FRUITS FLAVOUR 27.02GM,10,0,0,0,0,0,0,0,0,0,0,0,0,0,0
12362,HAPPYDENT COMPLETE SUGARFREE  SPEARMINT FLAVOUR 27.5GM,35,0,0,0,0,0,0,0,0,0,0,0,0,0,0
12363,HAPPYDENT WAVE PEPPERMINT FLAVOUR 18.4GM,10,2,0,0,0,0,0,0,0,0,0,0,0,0,2
12364,ALPENLIEBE CREAM STRABERRY FLAVOUR,3,0,0,0,0,0,0,0,0,0,0,0,0,0,0
12365,DELICIOUS CHICKEN COCKTAIL SAUSAGE 500GM,255,0,0,0,0,0,0,0,0,0,0,0,0,0,0
12367,GARNIER DAILY CARE MOISTURISING CREAM 90GM,140,0,0,0,0,0,0,0,0,0,0,0,0,0,0
12368,LOREAL SKIN PERFECT WHITING CREAM AGE 20 18GM,99,0,0,0,0,0,0,0,0,0,0,0,0,0,0
12369,LOREAL SKIN PERFECT WHITING CREAM AGE 30 18GM,149,0,0,0,0,0,0,0,0,0,0,0,0,0,0
12370,PARK AVENUE DEO MARK 150ML,195,0,0,0,0,0,0,0,0,0,0,0,0,0,0
12371,CLASSIC TOOTH BRUSH SUPREME HARD,25,0,0,0,0,0,0,0,0,0,0,0,0,0,0
12372,CLASSIC TOOTH BRUSH SUPREME MEDIUM,25,0,0,0,0,0,0,0,0,0,0,0,0,0,0
12376,WILD STONE DEO CHROME BODY PERFUME 120ML,230,0,0,0,0,0,0,0,0,0,0,0,0,0,0
12377,WILD STONE BODY PERFUME STONE 120ML,250,0,0,0,0,0,0,0,0,0,0,0,0,0,0
12378,WILD STONE BODY PERFUME IRON 120ML,250,0,0,0,0,0,0,0,0,0,0,0,0,0,0
12379,WILD STONE DEO COPPER 120ML,250,0,0,0,0,0,0,0,0,0,0,0,0,0,0
12380,FOGG DEO WOMEN BOLD 120ML,250,0,0,0,0,0,0,0,0,0,0,0,0,0,0
12382,NAVNEET ECO BUDDY PENCILS,25,0,0,0,0,0,0,0,0,0,0,0,0,0,0
12383,NAVNEET FUN WAX CRAYONS 12SHADES,10,0,0,0,0,0,0,0,0,0,0,0,0,0,0
12384,FEVIGUM COLOGNE18ML,5,0,0,0,0,0,0,0,0,0,0,0,0,0,0
12385,WINTEX KITCHEN ROLL SUPER ULTRA PRINTED 250GM,90,11,0,0,0,0,0,0,0,0,0,0,0,0,11
12386,WINTEX KITCHEN ROLL SUPER ULTRA WHITE 250GM,75,0,0,0,0,0,0,0,0,0,0,0,0,0,0
12387,WINTEX FAB 3PLY BATHROOM ROLLS 4IN1,275,3,0,0,0,0,0,0,0,0,0,0,0,0,3
12388,SUMO FEET STEEL SCALE,30,0,0,0,0,0,0,0,0,0,0,0,0,0,0
12389,NAVNEET FUN WAX CRAYONS 16 SHADES,35,1,0,0,0,0,0,0,0,0,0,0,0,0,1
12390,NAVNEET FUN PREMIUM 2 IN 1 COLOUR PENCILS 12PCS,100,0,0,0,0,0,0,0,0,0,0,0,0,0,0
12391,NAVNEET FUN  OIL PASTELS 12SHADES,35,2,0,0,0,0,0,0,0,0,0,0,0,0,2
12392,NAVNEET FUN STRIPES PENCILS WITH ERASER TIP 10 PCS,50,0,0,0,0,0,0,0,0,0,0,0,0,0,0
12393,ORAL-B TOOTH BRUSH PRO HEALTH GUM CARE  MEDIUM40,85,0,0,0,0,0,0,0,0,0,0,0,0,0,0
12394,NAVNEET FUN WAX CRAYONS 24SHADES,50,11,0,0,0,1,0,0,0,0,0,0,0,0,10
12395,ORAL-B TOOTH BRUSH PRO HEALTH GUM CARE SOFT40,85,0,0,0,0,0,0,0,0,0,0,0,0,0,0
12396,NAVNEET 2 IN1 COLOUR PENCILS 6 PENCILS,50,0,0,0,0,0,0,0,0,0,0,0,0,0,0
12397,FRESH POTATO TEDDY NEARS 300GM,72,0,0,0,0,0,0,0,0,0,0,0,0,0,0
12398,ORAL-B TOOTH BRUSH SMART FLEX PRO HEALTH SOFT,89,0,0,0,0,0,0,0,0,0,0,0,0,0,0
12399,ORAL-B TOOTH BRUSH PLAQUE REMOVAL MEDIUM40,120,0,0,0,0,0,0,0,0,0,0,0,0,0,0
12400,ORAL-B TOOTH BRUSH PLAQUE REMOVAL SOFT 2NOS,128,3,0,0,0,0,0,0,0,0,0,0,0,0,3
12401,ORAL-B TOOTH BRUSH PLAQUE REMOVAL SOFT BUY 2 GET 1 FREE,160,0,0,0,0,0,0,0,0,0,0,0,0,0,0
12402,ORAL-B TOOTH BRUSH PLAQUE REMOVAL MEDIUM BUY 2 GET 1 FREE,160,0,0,0,0,0,0,0,0,0,0,0,0,0,0
12403,ORAL-B TOOTH BRUSH PRO HEALTH GUM HEALTH SOFT BUY 2GET 1 FREE,180,0,0,0,0,0,0,0,0,0,0,0,0,0,0
12404,NOBLE FOODS ROASTED FLAX SEEDS MIX 180GM,80,0,0,0,0,0,0,0,0,0,0,0,0,0,0
12405,PARLE KREAMS MANGO 100GM,10,0,0,0,0,0,0,0,0,0,0,0,0,0,0
12406,PARLE SIMPLY GOOD CLASSIC DIGESTIVE 250GM,50,0,0,0,0,0,0,0,0,0,0,0,0,0,0
12407,BRITANNIA TIGER GLUCOSE 37GM,3,332,0,0,0,47,0,0,0,0,0,0,0,0,285
12408,BRITANNIA BOURBON THE ORIGINAL 60GM,10,23,0,0,0,1,0,0,0,0,0,0,0,0,22
12409,BRITANNIA GOOD DAY BUTTER 66GM,10,24,0,0,0,5,0,0,0,0,0,0,0,0,19
12410,GARNIER B.B CREAM 9GM,69,0,0,0,0,0,0,0,0,0,0,0,0,0,0
12412,JULIES LEMOND LEMON FLAVOURED PUFF SANDWICH 85GM,90,0,0,0,0,0,0,0,0,0,0,0,0,0,0
12413,JULIES LEMOND CHEDDAR CHEESE PUFF SANDWICH 90GM,90,0,0,0,0,0,0,0,0,0,0,0,0,0,0
12414,JULIES PEANUT BUTTER SANDWICH 180GM,179,0,0,0,0,0,0,0,0,0,0,0,0,0,0
12416,CATCH SPRING LEMON BOTTLE 200ML,10,0,0,0,0,0,0,0,0,0,0,0,0,0,0
12417,HIMALAYA AGE DEFYING HAND CREAM 100ML,160,0,0,0,0,0,0,0,0,0,0,0,0,0,0
12418,HARPIC POWER FRESH FLORAL 39GM,149,0,0,0,0,0,0,0,0,0,0,0,0,0,0
12419,PARLE HIDE&SEEK FAB ORANGE 100GM,25,0,0,0,0,0,0,0,0,0,0,0,0,0,0
12421,PARLE HIDE&SEEK BLACK BOURBON VANILLA 100GM,25,2,0,0,0,1,0,0,0,0,0,0,0,0,1
12423,AMBI PUR AFTER TOBACCO 7ML,299,0,0,0,0,0,0,0,0,0,0,0,0,0,0
12424,WHISPER ULTRA CLEAN XL+ WINGS 7 PADS,80,0,0,0,0,0,0,0,0,0,0,0,0,0,0
12425,BAGRRYS CRUNCHY MUESLI FRUIT & NUT CRANBERRIES 300GM,229,0,0,0,0,0,0,0,0,0,0,0,0,0,0
12426,BAGRRYS HEALTHY CRUNCH ALMOND RAISIN 1KG,499,0,0,0,0,0,0,0,0,0,0,0,0,0,0
12427,BAGRRYS SWISS STYLE MUESLI 1KG,460,0,0,0,0,0,0,0,0,0,0,0,0,0,0
12428,BREAD TOAST SMALL 400GM,70,0,0,0,0,0,0,0,0,0,0,0,0,0,0
12429,BREAD TOAST MEDIUM 400GM,75,0,0,0,0,0,0,0,0,0,0,0,0,0,0
12432,AXE DENIM COLOGNE TALC 300GM,120,0,0,0,0,0,0,0,0,0,0,0,0,0,0
12433,AXE DEO GOLD TEMPTATION 150ML,200,0,0,0,0,0,0,0,0,0,0,0,0,0,0
12434,DOVE SHAMPOO DAILY SHINE 80ML,62,0,0,0,0,0,0,0,0,0,0,0,0,0,0
12435,VASELINE TOTAL MOISTURE LOTION 200ML,120,0,0,0,0,0,0,0,0,0,0,0,0,0,0
12436,MOTHER DAIRY AAM DOI 85GM,15,0,0,0,0,0,0,0,0,0,0,0,0,0,0
12437,MOTHER DAIRY MILK SHAKE STRAWBERRY 200ML,25,8,0,0,0,4,0,0,0,0,0,0,0,0,4
12438,LAKME PERFECT PADIANCE INTENSE WHITENING DAY CREME 50GM,265,0,0,0,0,0,0,0,0,0,0,0,0,0,0
12443,WINKLES MARBLE SLICE CAKE 140GM,30,0,0,0,0,0,0,0,0,0,0,0,0,0,0
12444,CADBURY DAIRY MILK SILK CHOCOLATE 250GM,275,0,0,0,0,0,0,0,0,0,0,0,0,0,0
12445,BINGO YUMITOS OYE PUDINA 66GM,20,0,0,0,0,0,0,0,0,0,0,0,0,0,0
12446,BINGO YUMITOS RED CHILLI BIJLI 89GM,30,0,0,0,0,0,0,0,0,0,0,0,0,0,0
12448,GLUCON-D AAM PANA 100GM,32,0,0,0,0,0,0,0,0,0,0,0,0,0,0
12449,GLUCON-D LIME 100GM,27,0,0,0,0,0,0,0,0,0,0,0,0,0,0
12450,LUX SOAP FRESH SPLASH SET 3X100GM,70,0,0,0,0,0,0,0,0,0,0,0,0,0,0
12451,MARS MINI BAG 270GM,229,0,0,0,0,0,0,0,0,0,0,0,0,0,0
12452,BOUNTY POUCH 227GM,199,0,0,0,0,0,0,0,0,0,0,0,0,0,0
12453,TETLEY GREEN TEA ALOE VERA 30BAGS,140,0,0,0,0,0,0,0,0,0,0,0,0,0,0
12455,GODHULI AGARBATHIES 16N,10,2,0,0,0,0,0,0,0,0,0,0,0,0,2
12456,KURKURE NAUGHTY TOMATO 100GM,20,0,0,0,0,0,0,0,0,0,0,0,0,0,0
12457,KELLOGGS OATS GREEN PUDINA 39GM,15,0,0,0,0,0,0,0,0,0,0,0,0,0,0
12458,MOTHERS RECIPE PUNJABI TEEKHA MANGO PICKLE 400GM,94,0,0,0,0,0,0,0,0,0,0,0,0,0,0
12459,NIVEA TOTAL FACE CLEANUP 150ML,220,0,0,0,0,0,0,0,0,0,0,0,0,0,0
12460,REAL JUICE ACTIV POMEGRANATE & BERRIES 1LTR,120,0,0,0,0,0,0,0,0,0,0,0,0,0,0
12461,REAL JUICE ACTIV FIBER MIXED FRUIT 1LTR,115,0,0,0,0,0,0,0,0,0,0,0,0,0,0
12462,WIPRO FROSTED LAMP 15W,16,0,0,0,0,0,0,0,0,0,0,0,0,0,0
12463,REYNOLDS JETTER BALL PEN BLUE,20,0,0,0,0,0,0,0,0,0,0,0,0,0,0
12464,JIFFY GEL PEN BLUE,5,0,0,0,0,0,0,0,0,0,0,0,0,0,0
12465,CHAMP BALL PEN BLACK,5,60,0,0,0,0,0,0,0,0,0,0,0,0,60
12466,HARPIC DISINFECTANT BATHROOM CLEANER LEMON 500ML,84,3,0,0,0,0,0,0,0,0,0,0,0,0,3
12467,VEET HAIR REMOVAL CREAM  DRY SKIN 25GM,60,0,0,0,0,0,0,0,0,0,0,0,0,0,0
12468,VEET HAIR REMOVAL CREAM SILK & FRESH DRY SKIN 50GM,110,0,0,0,0,0,0,0,0,0,0,0,0,0,0
12469,HARPIC DISINFECTANT BATHROOM CLEANER FLORAL 500ML,84,9,0,0,0,0,0,0,0,0,0,0,0,0,9
12470,TIC TAC 4.3GM,5,0,0,0,0,0,0,0,0,0,0,0,0,0,0
12471,TIC TAC MINTENSITY 13GM,15,0,0,0,0,0,0,0,0,0,0,0,0,0,0
12472,PASEO BORN PURE PREMIUM FACIAL TISSUES 200PULLS,135,7,0,0,0,0,0,0,0,0,0,0,0,0,7
12473,BASIC AYURVEDA AAMLA CHURNA 100GM,47,0,0,0,0,0,0,0,0,0,0,0,0,0,0
12474,BASIC AYURVEDA TRIPHALA CHURNA 100GM,47,0,0,0,0,0,0,0,0,0,0,0,0,0,0
12475,UNIBIC MILK COOKIES 37.5GM,5,0,0,0,0,0,0,0,0,0,0,0,0,0,0
12476,UNIBIC DOOSRA CHILLI BUTTER COOKIES 75GM,20,0,0,0,0,0,0,0,0,0,0,0,0,0,0
12477,UNIBIC SUGARFREE MULTIGRAIN COOKIES 75GM,50,3,0,0,0,0,0,0,0,0,0,0,0,0,3
12478,HALDIRAMS COCKTAIL MIXTURE 150GM,30,0,0,0,0,0,0,0,0,0,0,0,0,0,0
12479,BAGRRYS WHITE OATS POUCH 1.5KG,210,0,0,0,0,0,0,0,0,0,0,0,0,0,0
12480,SCOTCH BRITE KITCHEN GLOVES LARGE,90,2,0,0,0,0,0,0,0,0,0,0,0,0,2
12482,JOHNSONS BABY DIAPER RASH CREAM 20GM,75,0,0,0,0,0,0,0,0,0,0,0,0,0,0
12483,JOHNSONS BABY DIAPER RASH CREAM 40GM,110,0,0,0,0,0,0,0,0,0,0,0,0,0,0
12484,JOHNSONS BABY DIAPER RASH POWDER 100GM,60,0,0,0,0,0,0,0,0,0,0,0,0,0,0
12485,JOHNSONS BABY DIAPER RASH POWDER 200GM,110,0,0,0,0,0,0,0,0,0,0,0,0,0,0
12486,LIPTON GREEN TEA TULSI NATURA TEA BAGS 20BAGS,105,0,0,0,0,0,0,0,0,0,0,0,0,0,0
12487,LAURELS LUXURIOUS TOILET TISSUE 1 ROLL,50,0,0,0,0,0,0,0,0,0,0,0,0,0,0
12488,COLGATE TOOTH BRUSH SENSITIVE ULTRA SOFT BUY 1GET1,77,0,0,0,0,0,0,0,0,0,0,0,0,0,0
12489,COLGATE TOOTH BRUSH 360 SURROUND DESIGN SOFT,75,0,0,0,0,0,0,0,0,0,0,0,0,0,0
12490,COLGATE TOOTH PASTE VISIBLE WHITE PLUS SHINE 100GM,110,0,0,0,0,0,0,0,0,0,0,0,0,0,0
12491,LUX BODYWASH VELVET TOUCH JASMINE & ALMOND OIL 240ML,99,0,0,0,0,0,0,0,0,0,0,0,0,0,0
12492,FEM ANTI DARKENING HAIR REMOVEL CREAM TURMERIC 40GM,60,0,0,0,0,0,0,0,0,0,0,0,0,0,0
12493,FEM ANTI DARKENING HAIR REMOVEL CREAM GOLD 40GM,68,0,0,0,0,0,0,0,0,0,0,0,0,0,0
12495,MORDE WHITE COMPOUND 400GM,125,9,0,0,0,0,0,0,0,0,0,0,0,0,9
12496,DISANO POMACE OLIVE OIL 500ML,299,0,0,0,0,0,0,0,0,0,0,0,0,0,0
12497,DISANO POMACE OLIVE OIL 1LTR,550,0,0,0,0,0,0,0,0,0,0,0,0,0,0
12498,DISANO OLIVE OIL PURE 500ML,425,0,0,0,0,0,0,0,0,0,0,0,0,0,0
12499,DISANO OLIVE OIL PURE 1LTR,765,0,0,0,0,0,0,0,0,0,0,0,0,0,0
12500,DISANO EXTRA VIRGIN OLIVE OIL 500ML,495,0,0,0,0,0,0,0,0,0,0,0,0,0,0
12501,DISANO EXTRA VIRGIN OLIVE OIL 1LTR,875,0,0,0,0,0,0,0,0,0,0,0,0,0,0
12502,DISANO PASTA ELBOWS 500GM,99,0,0,0,0,0,0,0,0,0,0,0,0,0,0
12503,DISANO PASTE FARFALLE 500GM,175,0,0,0,0,0,0,0,0,0,0,0,0,0,0
12504,DISANO PASTA SPAGETHTI 500GM,198,0,0,0,0,0,0,0,0,0,0,0,0,0,0
12505,DISANO PASTA PENNE 500GM,125,-2,0,0,0,0,0,0,0,0,0,0,0,0,-2
12506,WEETABIX ORIGINAL NATURAL WHOLEGRAIN WHEAT 430GM,325,0,0,0,0,0,0,0,0,0,0,0,0,0,0
12507,DISANO SLICED BLACK OLIVES 230GM,165,0,0,0,0,0,0,0,0,0,0,0,0,0,0
12508,DISANO STUFFED GREEN OLIVES 285GM,165,0,0,0,0,0,0,0,0,0,0,0,0,0,0
12509,FEM ANTI DARKENING HAIR REMOVAL GOLD CREAM 40GM,68,0,0,0,0,0,0,0,0,0,0,0,0,0,0
12510,DISANO PITTED GREEN OLIVES 230GM,165,0,0,0,0,0,0,0,0,0,0,0,0,0,0
12511,DISANO SLICED GREEN OLIVES 230GM,165,0,0,0,0,0,0,0,0,0,0,0,0,0,0
12513,AMUL CHEESE SPREAD RED CHILLI FLAKES 200GM,75,0,0,0,0,0,0,0,0,0,0,0,0,0,0
12514,AMUL CHEESE SPREAD OREGANO PICKLE 200GM,75,0,0,0,0,0,0,0,0,0,0,0,0,0,0
12515,YUMMIEZ CHICKEN BREAK FAST SAUSAGE  250GM,125,4,0,2,0,0,0,0,0,0,0,0,0,0,6
12516,YUMMIEZ CHICKEN ITALIAN SAUSAGE 250GM,125,0,0,0,0,0,0,0,0,0,0,0,0,0,0
12518,ORAL-B TOOTH PASTE PRO HEALTH 2X140GM,180,0,0,0,0,0,0,0,0,0,0,0,0,0,0
12519,ORAL-B TOOTH BRUSH ALL ROUNDER 123 CLEAN MEDIUM 2NOS,44,0,0,0,0,0,0,0,0,0,0,0,0,0,0
12520,OLAY BODY WASH ULTRA MOISTURE 400ML,269,0,0,0,0,0,0,0,0,0,0,0,0,0,0
12521,PAMPERS SMALL 46 PANTS DIAPERS,490,0,0,0,0,0,0,0,0,0,0,0,0,0,0
12522,MAGAZINE FILMFARE H,100,0,0,0,0,0,0,0,0,0,0,0,0,0,0
12523,MAGAZINE GOOD FOOD,150,0,0,0,0,0,0,0,0,0,0,0,0,0,0
12524,MAGAZINE FEMINA HINDI,40,3,0,0,0,0,0,0,0,0,0,0,0,0,3
12525,MAGAZINE FILMFARE,60,1,0,0,0,0,0,0,0,0,0,0,0,0,1
12526,MAGAZINE TOP GEAR,150,2,0,3,0,0,0,0,0,0,0,0,0,0,5
12527,MAGAZINE HELLO,150,1,0,0,0,0,0,0,0,0,0,0,0,0,1
12528,MAGAZINE GOOD HOMES,120,1,0,2,0,0,0,0,0,0,0,0,0,0,3
12529,MAGAZINE GRAZIA,150,0,0,0,0,0,0,0,0,0,0,0,0,0,0
12530,MAGAZINE FEMINA SALON AND SAP,100,0,0,0,0,0,0,0,0,0,0,0,0,0,0
12531,MAGAZINE LONELY PLANET,150,2,0,0,0,0,0,0,0,0,0,0,0,0,2
12532,MAGAZINE TRENDS,250,2,0,0,0,0,0,0,0,0,0,0,0,0,2
12533,MAGAZINE KNOWLEDGE,125,0,0,0,0,0,0,0,0,0,0,0,0,0,0
12534,MAGAZINE ECONOMIST,350,1,0,1,0,0,0,0,0,0,0,0,0,0,2
12535,MAGAZINE ZIG WHEEL,75,0,0,0,0,0,0,0,0,0,0,0,0,0,0
12536,MAGAZINE TIMES WHATS UP,50,0,0,0,0,0,0,0,0,0,0,0,0,0,0
12538,CYCLE THREE IN ONE AGARBATHIES 75GM,30,1,0,0,0,0,0,0,0,0,0,0,0,0,1
12539,SWISS NATUREN CLASSIC CHICKEN NUGGEST 500GM,170,0,0,0,0,0,0,0,0,0,0,0,0,0,0
12540,SNACKERZ CHICKEN PEPPER SAUSAGE 500GM,225,3,0,0,0,0,0,0,0,0,0,0,0,0,3
12541,CALSI YOG 60 TABLETS,75,0,0,0,0,0,0,0,0,0,0,0,0,0,0
12542,ENO REGULAR 5GM,8,28,0,0,0,0,0,0,0,0,0,0,0,0,28
12543,SUNSILK CONDITIONER DREAM SOFT & SMOOTH NOURISHING 180ML,138,0,0,0,0,0,0,0,0,0,0,0,0,0,0
12544,TRESEMME SHAMPOO HAIR FALL DEFENSE HAIR FALL CONTROL 90ML,62,1,0,0,0,0,0,0,0,0,0,0,0,0,1
12545,BAMBI FABRIC SOFTENER & CONDITIONER 750ML,165,0,0,0,0,0,0,0,0,0,0,0,0,0,0
12546,CADBURY PERK HOME TREATS 175GM,99,0,0,0,0,0,0,0,0,0,0,0,0,0,0
12547,MOTHER DAIRY ICE CREAM SUNDAE MAGIC KACCHA PAKKA MANGO 750ML,130,0,0,0,0,0,0,0,0,0,0,0,0,0,0
12548,MAGAZINE FEMINA,60,3,0,0,0,0,0,0,0,0,0,0,0,0,3
12549,CLOTH CLIPS RS.45-/,45,0,0,0,0,0,0,0,0,0,0,0,0,0,0
12551,NEUTROGENA OIL FREE MOISTURE COMBINATION SKIN 118ML,299,0,0,0,0,0,0,0,0,0,0,0,0,0,0
12552,DANONE CHOCO SMOOTHIE CHOCOLATE FLAVOURES 180ML,25,0,0,0,0,0,0,0,0,0,0,0,0,0,0
12553,FRESHWRAPP ALUMINIUM FOIL 30MTR,194,5,0,0,0,0,0,0,0,0,0,0,0,0,5
12554,DRUK FRUIT COCKTAIL 450GM,75,3,0,0,0,0,0,0,0,0,0,0,0,0,3
12556,PARLE HIDE&SEEK CHOCOLATE CHIP COOKIES 16.5GM,5,32,0,0,0,0,0,0,0,0,0,0,0,0,32
12557,PREMIUM TALC BEAUTY COMBI 300GM,150,-1,0,0,0,0,0,0,0,0,0,0,0,0,-1
12558,KEYA INSTANT TOM YUM VEGETABLE SOUP 11GM,15,0,0,0,0,0,0,0,0,0,0,0,0,0,0
12559,KEYA INSTANT TOM YUM SEAFOOD SOUP 11GM,15,0,0,0,0,0,0,0,0,0,0,0,0,0,0
12560,KEYA INSTANT CREAMY SPINACH SOUP 13GM,10,10,0,0,0,0,0,0,0,0,0,0,0,0,10
12561,KEYA INSTANT HOT& SOUR VEGETABLE SOUP 12GM,10,0,0,0,0,0,0,0,0,0,0,0,0,0,0
12562,KEYA INSTANT SWEET CORN CHICKEN SOUP 13GM,10,1,0,0,0,0,0,0,0,0,0,0,0,0,1
12563,KEYA INSTANT RICH & CREAMY TOMATO SOUP 15GM,10,0,0,0,0,0,0,0,0,0,0,0,0,0,0
12564,SAVLON SOAP DOUBLE STRENGTH 100GM,25,0,0,0,0,0,0,0,0,0,0,0,0,0,0
12567,MOTHER DAIRY MILK SHAKE MANGO 200ML,25,0,0,0,0,0,0,0,0,0,0,0,0,0,0
12568,HALLS XS SUGAR FREE 11.2GM,15,0,0,0,0,0,0,0,0,0,0,0,0,0,0
12569,DETTOL PLASTER  WASHPROOF,2,0,0,0,0,0,0,0,0,0,0,0,0,0,0
12570,CHLOR MINT WITH HERBASOL,1,0,0,0,0,0,0,0,0,0,0,0,0,0,0
12571,CENTER FRUIT FRUITS FLAVUR RS.1,1,3,0,0,0,0,0,0,0,0,0,0,0,0,3
12572,HAPPYDENT COMPLETE SUGARFREE CHEWING GUM PEPPERMINT FLAVOUR6.6GM,5,0,0,0,0,0,0,0,0,0,0,0,0,0,0
12573,MARGO SOAP ACTIVE GLYCERINE 75GM,30,0,0,0,0,0,0,0,0,0,0,0,0,0,0
12574,BIGEN MEN NATURAL BLACK BEARD COLOUR 101,405,2,0,0,0,0,0,0,0,0,0,0,0,0,2
12575,BIGEN MENS SPEEDY COLOR 103 DARK BROWN,425,3,0,0,0,0,0,0,0,0,0,0,0,0,3
12576,NESTLE EVERYDAY DAIRY CREAMER RS.2,2,217,0,0,0,0,0,0,0,0,0,0,0,0,217
12577,WINTEX FACE TISSUES EXTRA SOFT & SUPER ABSORBENT20X20,55,0,0,0,0,0,0,0,0,0,0,0,0,0,0
12578,WINTEX FEEL FRESH HANKY TISSUES,10,58,0,0,0,5,0,0,0,0,0,0,0,0,53
12579,ARNOTTS TIMTAM CHOCOLATE 120GM,115,0,0,0,0,0,0,0,0,0,0,0,0,0,0
12580,ARNOTTS TIMTAM VANILLA 120GM,115,0,0,0,0,0,0,0,0,0,0,0,0,0,0
12581,ARNOTTS TIMTAM STRAWBERRY 120GM,115,0,0,0,0,0,0,0,0,0,0,0,0,0,0
12583,LIA JAS AGARBATHIES 75GM,30,0,0,0,0,0,0,0,0,0,0,0,0,0,0
12584,LIA CHANDANAM AGARBATHIES  75GM,30,0,0,0,0,0,0,0,0,0,0,0,0,0,0
12585,HORLICKS STRAWBERRY JAR200GM,100,0,0,0,0,0,0,0,0,0,0,0,0,0,0
12586,SAFFOLA MASALA OATS PEPPY TOMATO 400GM,145,0,0,0,0,0,0,0,0,0,0,0,0,0,0
12587,PARK AVENUE DEO IMPACT ICON 150ML,230,0,0,0,0,0,0,0,0,0,0,0,0,0,0
12588,PARK AVENUE DEO IMPACT REGAL 150ML,250,0,0,0,0,0,0,0,0,0,0,0,0,0,0
12589,PARK AVENUE DEO IMPACT SHARP 150ML,275,0,0,0,0,0,0,0,0,0,0,0,0,0,0
12590,GARNIER MEN POWER LIGHT FAIRNESS MOISTURISER SPF 15 45GM,180,0,0,0,0,0,0,0,0,0,0,0,0,0,0
12591,CLINIC PLUS SHAMPOO STRONG&LONG HEALTH 650ML,325,2,0,0,0,0,0,0,0,0,0,0,0,0,2
12592,TRESEMME SHAMPOO SMOOTH & SHINE 600ML,360,-1,0,0,0,0,0,0,0,0,0,0,0,0,-1
12594,BREAD TOAST LONG 400GM,70,0,0,0,0,0,0,0,0,0,0,0,0,0,0
12597,SUNFEAST NICE SUGAR SPRINKLED BISCUITS 150GM,20,8,0,0,0,2,0,0,0,0,0,0,0,0,6
12598,PARLE HAPPY HAPPY CHOCO VINILA 120GM,15,0,0,0,0,0,0,0,0,0,0,0,0,0,0
12599,HIMALAYA CONDITIONER GENTLE DAILY CARE 200ML,135,1,0,0,0,0,0,0,0,0,0,0,0,0,1
12600,MAGAJ KHIRA 100GM,115,0,0,0,0,0,0,0,0,0,0,0,0,0,0
12602,COCO THAI COCONUT MILK 400ML,92,0,0,0,0,0,0,0,0,0,0,0,0,0,0
12603,MOTHER DAIRY ICE CREAM HEART BEAT 1.25LTR,140,0,0,0,0,0,0,0,0,0,0,0,0,0,0
12604,MOTHER DAIRY ICE CREAM BELGIUM ALMOND BAR 80ML,40,28,0,0,0,0,0,0,0,0,0,0,0,0,28
12606,CAREFREE SUPER DRY 20 LINERS,90,2,0,0,0,0,0,0,0,0,0,0,0,0,2
12607,MCCAIN CHEESE SHORTZ POTATO 250GM,120,4,0,0,0,0,0,0,0,0,0,0,0,0,4
12608,CINTHOL SOAP COOL 50GM,10,0,0,0,0,0,0,0,0,0,0,0,0,0,0
12609,CINTHOL SOAP CONFIDENCE 50GM,10,0,0,0,0,0,0,0,0,0,0,0,0,0,0
12610,NESTLE EXTRA SMOOTH CHOCOLATE 37.3GM,50,0,0,0,0,0,0,0,0,0,0,0,0,0,0
12611,MISHA GOLD CLOTHES,26,0,0,0,0,0,0,0,0,0,0,0,0,0,0
12612,NAVNEET FUN PREMIUM OIL PASTELS 48 COLOURS,575,-1,0,0,0,0,0,0,0,0,0,0,0,0,-1
12613,NAVNEET FUN PREMIUM OIL PASTELS 60COLOURS,650,3,0,0,0,0,0,0,0,0,0,0,0,0,3
12614,JULIES PACIFIC CRACKERS 200GM,100,0,0,0,0,0,0,0,0,0,0,0,0,0,0
12615,RAINBOW LOLLIPOP 100GM,70,0,0,0,0,0,0,0,0,0,0,0,0,0,0
12616,ORAL-B TOOTH PASTE HEALTHY 32 MINT 190GM,79,0,0,0,0,0,0,0,0,0,0,0,0,0,0
12617,LUX BODYWASH SOFT & TOUCH ROSE WATER 240ML,99,0,0,0,0,0,0,0,0,0,0,0,0,0,0
12618,BRITANNIA TIGER CHOCOLATE BISCUITS 50GM,5,0,0,0,0,0,0,0,0,0,0,0,0,0,0
12619,BRITANNIA TIGER KREEMZ PINEAPPLE BISCUIT 43GM,5,18,0,0,0,2,0,0,0,0,0,0,0,0,16
12620,EXO SAFAI DISH SCRUB,15,-2,0,0,0,0,0,0,0,0,0,0,0,0,-2
12621,FORTUNE MINI SOYA CHUNKS 200GM,45,0,0,0,0,0,0,0,0,0,0,0,0,0,0
12622,TRUST DEMERARA COFFEE SUGAR 500GM,77,0,0,0,0,0,0,0,0,0,0,0,0,0,0
12623,REAL JUICE ACTIV CUCUMBER SPINACH 1LTR,105,0,0,0,0,0,0,0,0,0,0,0,0,0,0
12624,REAL JUICE ACTIV GRAPE 1LTR,110,0,0,0,0,0,0,0,0,0,0,0,0,0,0
12625,REAL JUICE GRAPE 200ML,20,0,0,0,0,0,0,0,0,0,0,0,0,0,0
12626,MTR RASAM POWDER 200GM,72,0,0,0,0,0,0,0,0,0,0,0,0,0,0
12628,MTR PANEER BUTTER MASALA 300GM,95,0,0,0,0,0,0,0,0,0,0,0,0,0,0
12629,MTR NAVARATHAN KURMA 300GM,75,0,0,0,0,0,0,0,0,0,0,0,0,0,0
12630,MTR ALOO MUTTER 300GM,70,0,0,0,0,0,0,0,0,0,0,0,0,0,0
12631,MTR ALOO METHI 300GM,65,0,0,0,0,0,0,0,0,0,0,0,0,0,0
12632,MTR LEMON RICE 250GM,70,0,0,0,0,0,0,0,0,0,0,0,0,0,0
12633,FUN FOODS VEG MAYONNAISE EGGLESS 500GM,110,0,0,0,0,0,0,0,0,0,0,0,0,0,0
12634,MTR TOMATO RICE 250GM,70,0,0,0,0,0,0,0,0,0,0,0,0,0,0
12635,MTR JEERA RICE 250GM,70,0,0,0,0,0,0,0,0,0,0,0,0,0,0
12636,DABUR GULABARI COLD CREAM SAFARAN & TURMERIC 30GM,44,0,0,0,0,0,0,0,0,0,0,0,0,0,0
12637,ACT II NATURAL 99GM,67,0,0,0,0,0,0,0,0,0,0,0,0,0,0
12638,COLGATE TOOTH BRUSH ZIG ZAG,27,0,0,0,0,0,0,0,0,0,0,0,0,0,0
12639,DABUR BABOOL TOOTH PASTE 2X180GM,82,0,0,0,0,0,0,0,0,0,0,0,0,0,0
12640,TWINING CLASSIC ASSAM TEA 25BAGS,190,1,0,0,0,0,0,0,0,0,0,0,0,0,1
12641,REAL JUICE SUPAFRUITS GOLI BERY & GUAVA 1LTR,115,0,0,0,0,0,0,0,0,0,0,0,0,0,0
12642,JOHNSONS BABY TOP-TO-TOE WASH 500ML,272,0,0,0,0,0,0,0,0,0,0,0,0,0,0
12643,SOUTH INDIAN MIXTURE 250GM,48,0,0,0,0,0,0,0,0,0,0,0,0,0,0
12644,KANGARO STAPLER PINS,7,0,0,0,0,0,0,0,0,0,0,0,0,0,0
12645,BREAD TOAST BREAD SAUNF 400GM,75,0,0,0,0,0,0,0,0,0,0,0,0,0,0
12646,SUNFEAST YIPPEE TRICOLOR PASTA MASALA 70GM,25,2,0,0,0,0,0,0,0,0,0,0,0,0,2
12647,ORAL-B TOOTH BRUSH PRO HEALTH GUM CARE MEDIUM BUY 2GET 1 FREE,136,0,0,0,0,0,0,0,0,0,0,0,0,0,0
12648,SECRET TEMPTATION DEO BLAST 150ML,185,0,0,0,0,0,0,0,0,0,0,0,0,0,0
12649,CLASSIC TOOTH BRUSH SUPREME SUPER SOFT,25,0,0,0,0,0,0,0,0,0,0,0,0,0,0
12650,DENVER DEO RACE 100GM,195,0,0,0,0,0,0,0,0,0,0,0,0,0,0
12651,DENVER DEO SPORT 100GM,195,0,0,0,0,0,0,0,0,0,0,0,0,0,0
12652,DENVER DEO SPRING 150ML,180,0,0,0,0,0,0,0,0,0,0,0,0,0,0
12653,DENVER DEO ORIGINAL 150ML,195,0,0,0,0,0,0,0,0,0,0,0,0,0,0
12654,NIVEA BODY LOTION SMOOTH MILK SHEA BUTTER 400ML,369,0,0,0,0,0,0,0,0,0,0,0,0,0,0
12655,NIVEA SUN MOISTURISING SPF50 75ML,360,0,0,0,0,0,0,0,0,0,0,0,0,0,0
12656,NIVEA SUN MOISTURISING SPF50 125ML,499,1,0,0,0,0,0,0,0,0,0,0,0,0,1
12658,NIVEA SUN MOISTURISING SPF30 125ML,385,1,0,0,0,0,0,0,0,0,0,0,0,0,1
12659,MOTHER DAIRY CHILLZ CHOCOLATE SWIRL FLAVOURED MILK 180ML,25,18,0,0,0,0,0,0,0,0,0,0,0,0,18
12660,MOTHER DAIRY MILK SHAKE CHOCOLATE 200ML,25,10,0,0,0,2,0,0,0,0,0,0,0,0,8
12661,MOTHERS RECIPE PUNJABI PACHRANGA PICKLE 200GM,42,0,0,0,0,0,0,0,0,0,0,0,0,0,0
12662,NESTLE KITKAT SENSES DARK 37.3GM,50,0,0,0,0,0,0,0,0,0,0,0,0,0,0
12663,QUAKER OATS HOMESTYLE MASALA 40GM,15,0,0,0,0,0,0,0,0,0,0,0,0,0,0
12665,SUNSILK SHAMPOO STUNNING BLACK SHINE AMLA PEARL COMPLEX 650ML,350,0,0,0,0,0,0,0,0,0,0,0,0,0,0
12666,SUNSILK SHAMPOO STRAIGHT LOCK 80ML,60,0,0,0,0,0,0,0,0,0,0,0,0,0,0
12667,AMUL FRUIT N NUT SMOOTH AND CREAMY 150GM,90,0,0,0,0,0,0,0,0,0,0,0,0,0,0
12668,HALLS RS.1,1,0,0,0,0,0,0,0,0,0,0,0,0,0,0
12669,CADBURY GEMS POUCH 20.47GM,10,58,0,0,0,0,0,0,0,0,0,0,0,0,58
12670,SUHANA BUTTER CHICKEN MIX 50GM,35,0,0,0,0,0,0,0,0,0,0,0,0,0,0
12673,NESTLE MILKYBAR GOODNESS OF MILK 26GM,20,86,0,0,0,0,0,0,0,0,0,0,0,0,86
12674,STAYFREE ADVANCED ALL NIGHT ULTRA COMFORT BLACK XL 7PADS,90,7,0,0,0,0,0,0,0,0,0,0,0,0,7
12675,AYURVEDIC SHOWER TO SHOWER PRICKLY HEAT POWDER 75GM,45,0,0,0,0,0,0,0,0,0,0,0,0,0,0
12676,PEDIGREE ADULT COMBO PACK CHICKEN & VEGETABLE 400GM,100,0,0,0,0,0,0,0,0,0,0,0,0,0,0
12677,PEDIGREE PUPPY COMBO PACK CHICKEN & MILK 400GM,100,0,0,0,0,0,0,0,0,0,0,0,0,0,0
12678,SURF EXCEL QUICK WASH POWDER 65GM,10,0,0,0,0,0,0,0,0,0,0,0,0,0,0
12679,SURF EXCEL EASY WASH POWDER 80GM,10,0,0,0,0,0,0,0,0,0,0,0,0,0,0
12680,PEPSODENT TOOTH PASTE EXPERT PROTECTION COMPLETE 70GM,63,0,0,0,0,0,0,0,0,0,0,0,0,0,0
12681,PEPSODENT TOOTH PASTE EXPERT PROTECTION WHITENING 140GM,114,0,0,0,0,0,0,0,0,0,0,0,0,0,0
12682,PEPSODENT TOOTH PASTE EXPERT PROTECTION WHITENING 70GM,63,0,0,0,0,0,0,0,0,0,0,0,0,0,0
12683,AXE DEO SIGNATURE BODY PERFUME ROGUE 122ML,190,0,0,0,0,0,0,0,0,0,0,0,0,0,0
12684,TIC TAC ELAICHI MINT 107GM,10,0,0,0,0,0,0,0,0,0,0,0,0,0,0
12685,HOLI RAINBOW FOG RS.600,600,0,0,0,0,0,0,0,0,0,0,0,0,0,0
12686,HOLI AIR HORN RS.60,60,0,0,0,0,0,0,0,0,0,0,0,0,0,0
12687,CHINGS SCHEZWAN INSANT NOODLES 75GM,10,-5,0,0,0,0,0,0,0,0,0,0,0,0,-5
12688,OLIVIA HERB BLEACH CREAM 60GM,80,0,0,0,0,0,0,0,0,0,0,0,0,0,0
12689,OLD SPICE DEO DANGER ZONE SPRAY 150ML,199,0,0,0,0,0,0,0,0,0,0,0,0,0,0
12690,BAMBINO MACARONI COMBI PACK 200GM,40,0,0,0,0,0,0,0,0,0,0,0,0,0,0
12691,COLGATE MOUTHWASH PLAX FRESH MINT 500ML,199,0,0,0,0,0,0,0,0,0,0,0,0,0,0
12693,PARLE HAPPY HAPPY STRAWBERRY  VINILA 120GM,15,0,0,0,0,0,0,0,0,0,0,0,0,0,0
12694,BROOKE BOND RED LABEL TEA BOX 250GM,95,2,0,0,0,1,0,0,0,0,0,0,0,0,1
12697,HOKEY POKEY FUSSY FRENCH VANILLA 125ML,60,0,0,0,0,0,0,0,0,0,0,0,0,0,0
12698,HOKEY POKEY MAD KING ALPHONSO 125ML,60,0,0,0,0,0,0,0,0,0,0,0,0,0,0
12699,HOKEY POKEY KNIGHT IN ARMOUR 125ML,65,0,0,0,0,0,0,0,0,0,0,0,0,0,0
12700,HOKEY POKEY DOUBLE CHOCOLATE THERAPY 125ML,75,0,0,0,0,0,0,0,0,0,0,0,0,0,0
12701,HOKEY POKEY FUSSY FRENCH VANILLA 500ML,195,0,0,0,0,0,0,0,0,0,0,0,0,0,0
12702,HOKEY POKEY MAD KING ALPHONSO 500ML,195,0,0,0,0,0,0,0,0,0,0,0,0,0,0
12703,HOKEY POKEY KNIGHT IN ARMOR 500ML,225,0,0,0,0,0,0,0,0,0,0,0,0,0,0
12704,HOKEY POKEY BLACK FOREST BLEND 500ML,225,0,0,0,0,0,0,0,0,0,0,0,0,0,0
12705,HOKEY POKEY LIVE & LAUGH BROWNIE BREAK 500ML,225,0,0,0,0,0,0,0,0,0,0,0,0,0,0
12706,HOKEY POKEY CAFE MOCHA MAGIC 500ML,225,0,0,0,0,0,0,0,0,0,0,0,0,0,0
12707,HOKEY POKEY VERRY VERRY BERRY 500ML,245,0,0,0,0,0,0,0,0,0,0,0,0,0,0
12708,HOKEY POKEY MANIC MONKEY 500ML,245,0,0,0,0,0,0,0,0,0,0,0,0,0,0
12709,HOKEY POKEY CHERRY CHIPCHUNKS 500ML,245,0,0,0,0,0,0,0,0,0,0,0,0,0,0
12710,HOKEY POKEY DOUBLE CHOCOLATE THERAPY 500ML,275,0,0,0,0,0,0,0,0,0,0,0,0,0,0
12711,HOKEY POKEY NH7 WEEKENDER MIX 500ML,325,0,0,0,0,0,0,0,0,0,0,0,0,0,0
12712,MOTHER DAIRY LASSI SWEET TETRA 200ML,20,36,0,0,0,2,0,0,0,0,0,0,0,0,34
12713,GILLETTE FUSION HYDRA GEL SENSITIVE SKIN 195GM,375,1,0,0,0,0,0,0,0,0,0,0,0,0,1
12714,CADBURY DAIRY MILK HOME TREATS 140GM,150,1,0,0,0,0,0,0,0,0,0,0,0,0,1
12716,TYPHOO BLACK TEA DECAFF HEAT SEALED TEA 25 BAGS,250,0,0,0,0,0,0,0,0,0,0,0,0,0,0
12717,TYPHOO BLACK TEA GOLD HEAT SEALED 25 BAGS,150,0,0,0,0,0,0,0,0,0,0,0,0,0,0
12718,TYPHOO GREEN TEA MOROCCAN MINT HEAT SEALED 25 BAGS,185,0,0,0,0,0,0,0,0,0,0,0,0,0,0
12719,TYPHOO GREEN TEA JASMINE HEAT SEALED 25 BAGS,210,0,0,0,0,0,0,0,0,0,0,0,0,0,0
12720,TYPHOO GREEN TEA TRADITIONAL TULSI HEAT SEALED 25 BAGS,210,0,0,0,0,0,0,0,0,0,0,0,0,0,0
12721,TYPHOO GREEN TEA COCONUT HEAT SEALED 25 BAGS,210,0,0,0,0,0,0,0,0,0,0,0,0,0,0
12722,TYPHOO ELAICHI CHAI HEAT SEALED 25 BAGS,195,0,0,0,0,0,0,0,0,0,0,0,0,0,0
12723,TYPHOO GREEN TEA MASALA CHAI HEAD SEALED 25 BAGS,210,0,0,0,0,0,0,0,0,0,0,0,0,0,0
12724,TYPHOO GINGER TEA HEAD SEALED 25 BAGS,195,0,0,0,0,0,0,0,0,0,0,0,0,0,0
12725,TYPHOO GREEN TEA PURE LEAF TEA 25 BAGS,250,0,0,0,0,0,0,0,0,0,0,0,0,0,0
12726,TYPHOO BLACK CURRANT BRACER HEAT SEALED 25 BAGS,225,0,0,0,0,0,0,0,0,0,0,0,0,0,0
12727,LAYS MAXX SIZZLING BARBEQUE FLAVOUR 58GM,35,19,0,0,0,0,0,0,0,0,0,0,0,0,19
12728,LAYS MAXX MACHO CHILLI FLAVOUR 90M,35,22,0,0,0,0,0,0,0,0,0,0,0,0,22
12730,WINTEX EXCEL TOILET TISSUE 10IN1,275,2,0,0,0,0,0,0,0,0,0,0,0,0,2
12732,DANONE MANGO LASSI 200ML,25,0,0,0,0,0,0,0,0,0,0,0,0,0,0
12734,PARK AVENUE HAIR GEL WET LOOK 300GM,160,0,0,0,0,0,0,0,0,0,0,0,0,0,0
12735,VEGA SHOWER CAP 01,79,0,0,0,0,0,0,0,0,0,0,0,0,0,0
12736,VEGA SPONGE LARG NR25,150,0,0,0,0,0,0,0,0,0,0,0,0,0,0
12737,VEGA SCISSOR LARGE,160,0,0,0,0,0,0,0,0,0,0,0,0,0,0
12738,VEGA SCISSOR SCS 01,110,1,0,0,0,0,0,0,0,0,0,0,0,0,1
12741,CINTHOL DEO TALC COOL 100GM,55,0,0,0,0,0,0,0,0,0,0,0,0,0,0
12742,CINTHOL DEO TALC STRONG 100GM,45,0,0,0,0,0,0,0,0,0,0,0,0,0,0
12743,CINTHOL DEO TALC LIME REFRESHING 100GM,55,0,0,0,0,0,0,0,0,0,0,0,0,0,0
12744,CINTHOL SOAP COOL PACK OF 3 100GM,99,2,0,0,0,0,0,0,0,0,0,0,0,0,2
12745,JABSONS KHAKHRA AJWAIN 180GM,50,1,0,0,0,0,0,0,0,0,0,0,0,0,1
12746,JABSONS SABUDANA MIX 200GM,45,0,0,0,0,0,0,0,0,0,0,0,0,0,0
12747,JABSONS ALU LACHHA 200GM,45,0,0,0,0,0,0,0,0,0,0,0,0,0,0
12748,ORBIT SPEARMINT SUGAR FREE RS.5,5,18,0,0,0,0,0,0,0,0,0,0,0,0,18
12749,ORBIT WHITE SWEETMINT SUGAR FREE RS.5,5,0,0,0,0,0,0,0,0,0,0,0,0,0,0
12750,GARNIER MICELLAR CLEANSING WATER 125ML,175,0,0,0,0,0,0,0,0,0,0,0,0,0,0
12751,STAYFREE DRY MAX ULTRA DRY XL 7PADS,85,-1,0,0,0,0,0,0,0,0,0,0,0,0,-1
12752,HALDIRAMS MASALA KHAKHRA 180GM,36,0,0,0,0,0,0,0,0,0,0,0,0,0,0
12754,AMUL ICE CREAM DUETZ MANGO BAR 60ML,20,0,0,0,0,0,0,0,0,0,0,0,0,0,0
12755,AMUL ICE CREAM FROSTICK BAR 70ML,25,19,0,0,0,6,0,0,0,0,0,0,0,0,13
12756,AMUL ICE CREAM RAJBHOG TUB 1LTR,235,1,0,0,0,0,0,0,0,0,0,0,0,0,1
12757,AMUL ICE CREAM BUTTER SCOTCH CUP 75ML,15,0,0,0,0,0,0,0,0,0,0,0,0,0,0
12758,CENTER FRUIT WATERMELON FLAVOUR 2.3GM,1,-3,0,0,0,0,0,0,0,0,0,0,0,0,-3
12759,HAPPYDENT COMPLETE SUGAR FREE PEPPERMINT FLAVOUR 27.05GM,35,0,0,0,0,0,0,0,0,0,0,0,0,0,0
12760,VART WALA LADDO10PC,24,0,0,0,0,0,0,0,0,0,0,0,0,0,0
12761,VART WALA TIKI 200GM,40,0,0,0,0,0,0,0,0,0,0,0,0,0,0
12762,SANWAK RICE 200GM,33,0,0,0,0,0,0,0,0,0,0,0,0,0,0
12763,MOTHER DAIRY ICE CREAM BLACK GRAPE 60ML,10,0,0,0,0,0,0,0,0,0,0,0,0,0,0
12764,BRITANNIA GOOD DAY CHOCOCHIP COOKIES 150GM,35,0,0,0,0,0,0,0,0,0,0,0,0,0,0
12765,BRITANNIA TIGER GLUCOSE BISCUIT 66GM,5,76,0,0,0,5,0,0,0,0,0,0,0,0,71
12767,MEDINI CHAMPA DELUXE DHOOP,12,0,0,0,0,0,0,0,0,0,0,0,0,0,0
12768,MEDINI JASMINE  DELUXE DHOOP,12,0,0,0,0,0,0,0,0,0,0,0,0,0,0
12769,MEDINI ROSE DELUXE DHOOP,12,0,0,0,0,0,0,0,0,0,0,0,0,0,0
12770,LIA JAS AGARBATHIES 20GM,10,1,0,0,0,0,0,0,0,0,0,0,0,0,1
12771,LIA JAS AGARBATHIES 76GM,20,0,0,0,0,0,0,0,0,0,0,0,0,0,0
12772,SAFFOLA TOTAL JAR 1LTR,195,-1,0,0,0,0,0,0,0,0,0,0,0,0,-1
12773,DETTOL SOAP LASTING FRESH 3X125GM,111,0,0,0,0,0,0,0,0,0,0,0,0,0,0
12774,HEINZ BEANZ BAKED BEANS IN A DELICIOUSLY RICH TOMATO SAUCE 415GM,130,0,0,0,0,0,0,0,0,0,0,0,0,0,0
12775,MORTEIN NEEM CARD,10,0,0,0,0,0,0,0,0,0,0,0,0,0,0
12776,MORTEIN NATURGARD LOW SMOKE 10COIN,32,0,0,0,0,0,0,0,0,0,0,0,0,0,0
12777,JABSONS SATTOO BARLEY 200GM,45,0,0,0,0,0,0,0,0,0,0,0,0,0,0
12778,JABSONS SING BHUJIA 200GM,45,0,0,0,0,0,0,0,0,0,0,0,0,0,0
12779,WINTEX VALUE PACK TOILET ROLL 4IN1,155,4,0,0,0,0,0,0,0,0,0,0,0,0,4
12780,WINTEX ELEGANT TOILET ROLL 4IN1,165,0,0,0,0,0,0,0,0,0,0,0,0,0,0
12781,WINTEX JUMBO PACK TOILET ROLL 4IN1,150,0,0,0,0,0,0,0,0,0,0,0,0,0,0
12783,WINTEX FAB 4PLAY TISSUE PAPER 40X40CM,175,1,0,0,0,0,0,0,0,0,0,0,0,0,1
12784,WINTEX NEXXT 2PLAY TISSUE PAPER WHITE 40X40CM,75,-7,0,0,0,0,0,0,0,0,0,0,0,0,-7
12785,WINTEX NEXXT 2PLAY TISSUE PAPER PRINTED 40CMX40CM,75,15,0,0,0,0,0,0,0,0,0,0,0,0,15
12786,WINTEX NEXXT 2PLAY TISSUE PAPER WHITE 33CMX33CM,65,64,0,0,0,5,0,0,0,0,0,0,0,0,59
12787,FEVI STIK 22GM,50,18,0,0,0,0,0,0,0,0,0,0,0,0,18
12788,ACRES FRESH SWEET CORN 500KG,65,0,0,0,0,0,0,0,0,0,0,0,0,0,0
12789,SUNFEAST DARK FANTASY CHOCO FILLS LUXURIA 150GM,60,-1,0,0,0,0,0,0,0,0,0,0,0,0,-1
12790,SUNFEAST BOUNCE TANGY ORANGE CREME BISCUITS 200GM,20,0,0,0,0,0,0,0,0,0,0,0,0,0,0
12791,SUNFEAST BOUNCE CHOCO TWIST CREME BISCUITS 200GM,20,0,0,0,0,0,0,0,0,0,0,0,0,0,0
12792,LIPTON GREEN TEA PURE & LIGHT 5BAGS,25,0,0,0,0,0,0,0,0,0,0,0,0,0,0
12796,BRITANNIA MARIE GOLD 100GM,10,1,0,0,0,0,0,0,0,0,0,0,0,0,1
12797,BRITANNIA GOOD DAY CHOCO NUT COOKIES 75GM,25,0,0,0,0,0,0,0,0,0,0,0,0,0,0
12798,GLUCON-D AAM PANA 500GM,135,0,0,0,0,0,0,0,0,0,0,0,0,0,0
12799,DANONE YOGHURT STRAWBERY 4X80GM,75,0,0,0,0,0,0,0,0,0,0,0,0,0,0
12800,DANONE YOGHURT MANGO 4X80GM,50,0,0,0,0,0,0,0,0,0,0,0,0,0,0
12801,TIC TAC MANGO 10.7GM,10,0,0,0,0,0,0,0,0,0,0,0,0,0,0
12802,MOTHERS RECIPE POHA 60GM,15,0,0,0,0,0,0,0,0,0,0,0,0,0,0
12803,TOPS MIXED FRUIT JAM 200GM,60,0,0,0,0,0,0,0,0,0,0,0,0,0,0
12804,FAIR & LOVELY BB CREAM 9GM,40,0,0,0,0,0,0,0,0,0,0,0,0,0,0
12805,FAIR & LOVELY BB CREAM 18GM,77,3,0,0,0,0,0,0,0,0,0,0,0,0,3
12806,FAIR & LOVELY MEN FACEWASH MAX OIL CONTROL 50GM,80,0,0,0,0,0,0,0,0,0,0,0,0,0,0
12807,FAIR & LOVELY MEN FACEWASH MAX OIL CONTROL 100GM,150,0,0,0,0,0,0,0,0,0,0,0,0,0,0
12808,LISTERINE MOUTHWASH COOL CITRUS 250ML,99,0,0,0,0,0,0,0,0,0,0,0,0,0,0
12809,RASOI MAGIC METHI MUTTER MALIA 50GM,40,0,0,0,0,0,0,0,0,0,0,0,0,0,0
12810,GARNIER COLOUR NATURAL BURGUNDY 3.16 20GM,35,0,0,0,0,0,0,0,0,0,0,0,0,0,0
12811,GLADE TOUCH & FRESH WILD LAVENDER 12ML,75,1,0,0,0,0,0,0,0,0,0,0,0,0,1
12812,GLADE TOUCH & FRESH WILD WILD FLORAL12ML,75,0,0,0,0,0,0,0,0,0,0,0,0,0,0
12813,PARLE MILK SHAKTI STRAWBERRY & MILK 60GM,10,0,0,0,0,0,0,0,0,0,0,0,0,0,0
12814,PARLE MILK SHAKTI CHOCOLATE & MILK 60GM,10,0,0,0,0,0,0,0,0,0,0,0,0,0,0
12815,MONGINIS PLUM CAKE VEG 225GM,70,0,0,0,0,0,0,0,0,0,0,0,0,0,0
12816,MONGINIS CHERRY ALMOND CAKE VEG 225GM,70,0,0,0,0,0,0,0,0,0,0,0,0,0,0
12817,MONGINIS CHOCOLTE BAR CAKE VEG 225GM,80,0,0,0,0,0,0,0,0,0,0,0,0,0,0
12818,MONGINIS HONEY ALMOND CAKE 225GM,70,0,0,0,0,0,0,0,0,0,0,0,0,0,0
12819,SUHANA PANEER CHILLI 50GM,35,0,0,0,0,0,0,0,0,0,0,0,0,0,0
12820,SUHANA MANCHURIAN 80GM,45,0,0,0,0,0,0,0,0,0,0,0,0,0,0
12822,NAVNEET DUST FREE ERASER MEDIUM,3,66,0,0,0,0,0,0,0,0,0,0,0,0,66
12824,STIC COLOR STIX 12  PENS,25,0,0,0,0,0,0,0,0,0,0,0,0,0,0
12825,GATORADE SPORT MIX ORANGE 4X25GM,80,1,0,0,0,0,0,0,0,0,0,0,0,0,1
12826,BRITANNIA MILK BIKIS 50GM,5,0,0,0,0,0,0,0,0,0,0,0,0,0,0
12827,COLGATE TOOTH BRUSH ZIG ZAG BLACK MEDIUM,30,0,0,0,0,0,0,0,0,0,0,0,0,0,0
12828,FAIR & LOVELY BB CREAM 40GM,159,3,0,0,0,0,0,0,0,0,0,0,0,0,3
12829,QUAKER OATS LEMONY VEGGIE MIX 40GM,15,0,0,0,0,0,0,0,0,0,0,0,0,0,0
12830,PEPSODENT TOOTH PASTE EXPERT PROTECTION GUM CARE MEGA PACK 280GM,174,2,0,0,0,0,0,0,0,0,0,0,0,0,2
12831,DOVE CONDITIONER NOURISHING OIL CARE 180ML,160,0,0,0,0,0,0,0,0,0,0,0,0,0,0
12832,MTR SAMBAR RICE 300GM,70,0,0,0,0,0,0,0,0,0,0,0,0,0,0
12833,HALDIRAMS MANGO PANNA CONCENTRATE 750GM,150,0,0,0,0,0,0,0,0,0,0,0,0,0,0
12834,HALDIRAMS LEMON CRUSH 1KG,150,0,0,0,0,0,0,0,0,0,0,0,0,0,0
12835,HALDIRAMS PINEAPPLE CRUSH 1KG,150,0,0,0,0,0,0,0,0,0,0,0,0,0,0
12836,CATCH TEA MASALA 50GM,45,1,0,0,0,0,0,0,0,0,0,0,0,0,1
12837,MOTHER DAIRY COLL & REFRESHING MASALA CHACH 200ML,12,34,0,0,0,0,0,0,0,0,0,0,0,0,34
12838,WEIKFIELD CUSTARD POWDER AAMRAS FLAVOUR 75GM,25,2,0,0,0,0,0,0,0,0,0,0,0,0,2
12839,WEIKFIELD CUSTARD POWDER BUTTERSCOTCH FLAVOUR 75GM,25,2,0,0,0,0,0,0,0,0,0,0,0,0,2
12840,WEIKFIELD CUSTARD POWDER STRAWBERRY FLAVOUR 75GM,25,1,0,0,0,0,0,0,0,0,0,0,0,0,1
12841,AMUL CHEESE SPREAD PUNCHY PEPPER 200GM,80,0,0,0,0,0,0,0,0,0,0,0,0,0,0
12842,COLGATE TOOTH BRUSH SLIM SOFT CHARCOAL,70,0,0,0,0,0,0,0,0,0,0,0,0,0,0
12843,7UP NIMBOOZ MASALA SODA 500ML,35,42,0,24,0,10,0,0,0,0,0,0,0,0,56
12844,KNORR SOUPY NOODLES MAST MASALA 300GM,57,1,0,0,0,0,0,0,0,0,0,0,0,0,1
12845,AMUL CHEESE SLICES 400GM,223,2,0,0,0,0,0,0,0,0,0,0,0,0,2
12848,TROPICANA 100% JUICE GRAPE 200ML,30,0,0,0,0,0,0,0,0,0,0,0,0,0,0
12849,LONDON DAIRY ICE CREAM CARAMELLO 75ML,60,0,0,0,0,0,0,0,0,0,0,0,0,0,0
12850,PLAYBOY DEO PLAY IT LOVELY 150ML,199,0,0,0,0,0,0,0,0,0,0,0,0,0,0
12851,PLAYBOY DEO IN SEXY 150ML,199,0,0,0,0,0,0,0,0,0,0,0,0,0,0
12852,PLAYBOY DEO LONDON 150ML,199,0,0,0,0,0,0,0,0,0,0,0,0,0,0
12853,REAL JUICE ACTIV FIBER MULTI FRUIT 1LTR,125,0,0,0,0,0,0,0,0,0,0,0,0,0,0
12854,PARK AVENUE TALC COOLANCE 300GM,110,0,0,0,0,0,0,0,0,0,0,0,0,0,0
12855,PARK AVENUE TALC COOLANCE 100GM,55,0,0,0,0,0,0,0,0,0,0,0,0,0,0
12856,BGS LEMON CHUTNEY 200GM,55,0,0,0,0,0,0,0,0,0,0,0,0,0,0
12857,BGS AMLA PUDINA CHUTNEY 200GM,55,0,0,0,0,0,0,0,0,0,0,0,0,0,0
12858,BGS CHILLI CHUTNEY 200GM,55,0,0,0,0,0,0,0,0,0,0,0,0,0,0
12859,BGS GINGER GARLIC CHUNEY 200GM,55,0,0,0,0,0,0,0,0,0,0,0,0,0,0
12860,BGS MANGO CHUTNEY 200GM,55,0,0,0,0,0,0,0,0,0,0,0,0,0,0
12861,GOWARDHAN CHEESE SLICE PLAIN 100GM,72,5,0,0,0,0,0,0,0,0,0,0,0,0,5
12862,GOWARDHAN CHEESE SPREAD JALAPENO 200GM,79,0,0,0,0,0,0,0,0,0,0,0,0,0,0
12863,STAYFREE SECURE DRY ULTRA DRY WINGS 7PADS,37,0,0,0,0,0,0,0,0,0,0,0,0,0,0
12866,CHERRY BLOSSOM COMBI PACK BLACK,104,0,0,0,0,0,0,0,0,0,0,0,0,0,0
12867,KNORR SOUPY NOODLES MAST MASALA 154GM,28,3,0,0,0,2,0,0,0,0,0,0,0,0,1
12868,TYPHOO GREEN TEA LEMONGRASS 25TEA BAGS,185,0,0,0,0,0,0,0,0,0,0,0,0,0,0
12869,TYPHOO GREEN TEA 25BAGS,175,0,0,0,0,0,0,0,0,0,0,0,0,0,0
12870,MAAZA MILKY DELTE 200ML,20,0,0,0,0,0,0,0,0,0,0,0,0,0,0
12871,COLGATE TOOTH BRUSH SLIM SOFT CHARCOAL 2IN1,140,-1,0,0,0,0,0,0,0,0,0,0,0,0,-1
12872,WHISPER ULTRA CLEAN 8PADS REGULAR,70,0,0,0,0,0,0,0,0,0,0,0,0,0,0
12873,AMBI PUR AFTER TOBACCO 7.5ML,195,2,0,0,0,0,0,0,0,0,0,0,0,0,2
12874,ORAL-B TOOTH BRUSH ALL ROUNDER CAVITY DEFENCE MEDIUM 1P,25,0,0,0,0,0,0,0,0,0,0,0,0,0,0
12875,ORAL-B TOOTH BRUSH ALL ROUNDER HEALTHY32 MEDIUM,22,0,0,0,0,0,0,0,0,0,0,0,0,0,0
12876,VERKA PIO MILK PISTA FLAVOURED 200ML,25,0,0,0,0,0,0,0,0,0,0,0,0,0,0
12877,NIVEA MEN FACE WASH OIL CONTROL ALL IN 1 150ML,260,0,0,0,0,0,0,0,0,0,0,0,0,0,0
12878,JULIES LE-MOND LEMON FLAVOURED PUFF SANDWICH 80GM,75,0,0,0,0,0,0,0,0,0,0,0,0,0,0
12879,JULIES LE-MOND MANGO FLAVOURED PUFF SANDWICH 180GM,159,0,0,0,0,0,0,0,0,0,0,0,0,0,0
12880,NYCIL COOL CHANDAN TALCUM 150GM,99,2,0,0,0,0,0,0,0,0,0,0,0,0,2
12881,GLUCON-D NIMBU PANI JAR400GM,140,0,0,0,0,0,0,0,0,0,0,0,0,0,0
12882,GLUCON-D REGULAR JAR 400GM,100,0,0,0,0,0,0,0,0,0,0,0,0,0,0
12883,MAXO FITS ALL MACHINES 45ML,59,0,0,0,0,0,0,0,0,0,0,0,0,0,0
12884,NIVEA MEN FACE SCRUB DARK SPOT REDUCTION 50GM,89,0,0,0,0,0,0,0,0,0,0,0,0,0,0
12885,NIVEA MEN FACE WASH OIL CONTROL ALL IN 1 65ML,110,0,0,0,0,0,0,0,0,0,0,0,0,0,0
12886,NIVEA MEN SHOWER GEL ACTIVE CLEAN 250ML,199,1,0,0,0,0,0,0,0,0,0,0,0,0,1
12887,NIVEA BODY LOTION NIGHT WHITENING SKIN MOISTURISER 200ML,249,0,0,0,0,0,0,0,0,0,0,0,0,0,0
12888,NIVEA BODY LOTION NIGHT WHITENING SKIN MOISTURISER 100ML,135,0,0,0,0,0,0,0,0,0,0,0,0,0,0
12889,GOWARDHAN TOP UP MILK BUTTERSCOTCH FLAVOUR 200ML,25,0,0,0,0,0,0,0,0,0,0,0,0,0,0
12890,GOWARDHAN TOP UP MILK MANGO FLAVOUR 200ML,25,0,0,0,0,0,0,0,0,0,0,0,0,0,0
12891,GOWARDHAN TOP UP MILK STRAWBERRY FLAVOUR 200ML,25,0,0,0,0,0,0,0,0,0,0,0,0,0,0
12892,PARLE G GOLD 112.50GM,10,24,0,0,0,1,0,0,0,0,0,0,0,0,23
12893,MOTHER DAIRY ICE CREAM KACHCHA PAKKA AAM 60ML,20,0,0,0,0,0,0,0,0,0,0,0,0,0,0
12894,AMUL BUTTER GARLIC & HERBS 100GM,47,3,0,0,0,1,0,0,0,0,0,0,0,0,2
12895,AMUL CHEESE BLOCK 200GM,96,0,0,0,0,0,0,0,0,0,0,0,0,0,0
12897,REAL JUICE ACTIV FRUIT VEGGIE MIXED FRUIT BEETROOT CARROT 1LTR,120,0,0,0,0,0,0,0,0,0,0,0,0,0,0
12898,FUN FOODS BUTTER SCOTCH DESSERT TOPPING 300GM,79,0,0,0,0,0,0,0,0,0,0,0,0,0,0
12899,MEDIMIX SOAP CLASSIC 3X75GM,63,0,0,0,0,0,0,0,0,0,0,0,0,0,0
12900,NEUTROGENA ULTRA SHEER DRY TOUCH SUNBLOCK SPF 50 30ML,199,0,0,0,0,0,0,0,0,0,0,0,0,0,0
12901,AASHIRVAAD METHI ATTA 1KG,60,0,0,0,0,0,0,0,0,0,0,0,0,0,0
12902,GILLETTE AFTER SHAVE SPLASH ARCTIC ICE FRESH 100ML,469,1,0,0,0,0,0,0,0,0,0,0,0,0,1
12903,MOTHER DAIRY ICE CREAM COMBO TUTTI FRUTTI 700ML,190,0,0,0,0,0,0,0,0,0,0,0,0,0,0
12904,AMUL ICE CREAM STRAWBERRY CUP 75ML,10,0,0,0,0,0,0,0,0,0,0,0,0,0,0
12906,AL KABEER ALOO PARATHA 400GM,90,1,0,0,0,0,0,0,0,0,0,0,0,0,1
12911,MDH JAL JEERA MASALA 100GM,49,0,0,0,0,0,0,0,0,0,0,0,0,0,0
12912,OLD SPICW AFTER SHAVE LOTION ORIGINAL 100ML,179,0,0,0,0,0,0,0,0,0,0,0,0,0,0
12913,ORAL-B TOOTH BRUSH ALL ROUNDER CAVITY DEFENCE MEDIUM 2P,40,0,0,0,0,0,0,0,0,0,0,0,0,0,0
12914,ORAL-B TOOTH BRUSH ALL ROUNDER CAVITY DEFENCE SOFT 2P,40,0,0,0,0,0,0,0,0,0,0,0,0,0,0
12915,CRAX TANGY TOMATO 35GM,10,0,0,0,0,0,0,0,0,0,0,0,0,0,0
12918,CRAX CLASSIC NATKHAT NAMKEEN 27GM,5,0,0,0,0,0,0,0,0,0,0,0,0,0,0
12920,MOTHER DAIRY DALIYCIOUS DAIRY WHITENER 500GM,190,3,0,0,0,0,0,0,0,0,0,0,0,0,3
12922,KELLOGGS OATS 200GM,45,0,0,0,0,0,0,0,0,0,0,0,0,0,0
12923,KELLOGGS OATS TOMATO SALSA 40GM,15,0,0,0,0,0,0,0,0,0,0,0,0,0,0
12924,JUMPIN MANGO PUNCH 200ML,15,1,0,0,0,0,0,0,0,0,0,0,0,0,1
12925,JOLLY RANCHER JUICY FILLED CANDY 200GM,150,0,0,0,0,0,0,0,0,0,0,0,0,0,0
12926,NIVEA DEO WHITENING TALC TOUCH  150ML,209,1,0,0,0,1,0,0,0,0,0,0,0,0,0
12927,DISANO PASTA FUSILLI  500GM,125,0,0,0,0,0,0,0,0,0,0,0,0,0,0
12928,GOWARDHAN ANGLES CHEESE PLAIN 200GM,115,0,0,0,0,0,0,0,0,0,0,0,0,0,0
12929,GOWARDHAN FRESH CREAM 200ML,45,0,0,0,0,0,0,0,0,0,0,0,0,0,0
12930,GOWARDHAN BUTTERMILK 200ML,10,0,0,0,0,0,0,0,0,0,0,0,0,0,0
12931,GOWARDHAN FRESH CREAM 1LTR,185,0,0,0,0,0,0,0,0,0,0,0,0,0,0
12932,BRITANNIA NUTRI CHOICE DIGESTIVES 5 GRAIN 250GM,55,2,0,0,0,0,0,0,0,0,0,0,0,0,2
12933,LIFEBUOY HANDWASH TOTAL10 65ML,15,0,0,0,0,0,0,0,0,0,0,0,0,0,0
12934,MTR JALEBI SWEET MIX 200GM,55,0,0,0,0,0,0,0,0,0,0,0,0,0,0
12935,TOPS CUSTARD POWDER CHOCOLATE 100GM,37,0,0,0,0,0,0,0,0,0,0,0,0,0,0
12936,TOPS CUSTARD POWDER BUTTER SCOTCH 100GM,30,0,0,0,0,0,0,0,0,0,0,0,0,0,0
12937,TOPS CUSTARD POWDER STRAWBERRY100GM,30,0,0,0,0,0,0,0,0,0,0,0,0,0,0
12938,TOPS CUSTARD POWDER KESAR ELACHI 100GM,37,0,0,0,0,0,0,0,0,0,0,0,0,0,0
12939,TOPS CUSTARD POWDER KESAR PISTA 100GM,37,0,0,0,0,0,0,0,0,0,0,0,0,0,0
12940,TOPS PLAIN NOODLES 800GM,58,0,0,0,0,0,0,0,0,0,0,0,0,0,0
12941,TOPS VERMICELLI KESAR ELAICHI 200GM,22,0,0,0,0,0,0,0,0,0,0,0,0,0,0
12942,SUNFEAST MARIE LIGHT ORANGE 75GM,10,0,0,0,0,0,0,0,0,0,0,0,0,0,0
12943,SUNFEAST MARIE LIGHT OATS 75GM,10,0,0,0,0,0,0,0,0,0,0,0,0,0,0
12944,VIVEL SOAP LOCE & NOURISH EXOTIC AVOCADO OIL 3X125GM,150,0,0,0,0,0,0,0,0,0,0,0,0,0,0
12945,VIVEL SOAP LOCE & NOURISH RICH ALMOND OIL 3X125GM,150,0,0,0,0,0,0,0,0,0,0,0,0,0,0
12946,MOTHER DAIRY ICE CREAM VANILLA 1.5LTR,170,3,0,0,0,0,0,0,0,0,0,0,0,0,3
12947,MORTEIN INSTA5 REFILL AND MACHINE,78,7,0,0,0,0,0,0,0,0,0,0,0,0,7
12948,PASEO BATHROOM TISSUE 220 SHEETS 4IN1 ROLLS,253,0,0,0,0,0,0,0,0,0,0,0,0,0,0
12949,PARK AVENUE GOOD MORNING KIT SET BOX,499,0,0,0,0,0,0,0,0,0,0,0,0,0,0
12950,PARK AVENUE MENS GOOD MORNING KIT SET BOX,654,0,0,0,0,0,0,0,0,0,0,0,0,0,0
12951,PARK AVENUE ESSENTIALS SET BOX,398,0,0,0,0,0,0,0,0,0,0,0,0,0,0
12954,PARK AVENUE HAIR GEL SOFT HOLD 100GM,85,3,0,0,0,0,0,0,0,0,0,0,0,0,3
12955,CLOTH CLIPS RS.32,32,0,0,0,0,0,0,0,0,0,0,0,0,0,0
12956,SOAP CASE RS.41,41,0,0,0,0,0,0,0,0,0,0,0,0,0,0
12957,SOAP CASE RS.42-/,42,2,0,0,0,0,0,0,0,0,0,0,0,0,2
12958,SOAP CASE ALL TIME RS.50,45,0,0,0,0,0,0,0,0,0,0,0,0,0,0
12959,JAR TERO 1PC,120,0,0,0,0,0,0,0,0,0,0,0,0,0,0
12960,JAR TREO 2PC,230,0,0,0,0,0,0,0,0,0,0,0,0,0,0
12961,JAR SOOGO 2PC,230,0,0,0,0,0,0,0,0,0,0,0,0,0,0
12962,JAR BOROSIL 1PC,320,-4,0,0,0,0,0,0,0,0,0,0,0,0,-4
12963,JAR RS.175,175,-1,0,0,0,0,0,0,0,0,0,0,0,0,-1
12964,JAR RS.250,250,0,0,0,0,0,0,0,0,0,0,0,0,0,0
12965,DIET FOODS PIRI PIRI SOYA CHIPS 150GM,60,5,0,0,0,0,0,0,0,0,0,0,0,0,5
12966,DIET FOODS SOYA KATORI 120GM,60,8,0,0,0,0,0,0,0,0,0,0,0,0,8
12967,DIET FOODS CORN SCHEZWAN TRIANGLE 150GM,60,6,0,0,0,1,0,0,0,0,0,0,0,0,5
12968,DIET FOODS CORN CHIPS 150GM,60,5,0,0,0,0,0,0,0,0,0,0,0,0,5
12969,DIET FOODS MASALA TRIANGLE 150GM,60,0,0,0,0,0,0,0,0,0,0,0,0,0,0
12970,DIET FOODS WHEAT PUFFS CHIWDA 150GM,60,0,0,0,0,0,0,0,0,0,0,0,0,0,0
12971,DIET FOODS SOYA STICKS 150GM,60,4,0,0,0,0,0,0,0,0,0,0,0,0,4
12972,DIET FOODS SOYA CHEESE CHIPS 50GM,60,4,0,0,0,0,0,0,0,0,0,0,0,0,4
12973,DIET FOODS THAI SWEET CHILLI SOYA CHIPS 150GM,60,0,0,0,0,0,0,0,0,0,0,0,0,0,0
12974,DIET FOODS SOYA BHEL 150GM,60,0,0,0,0,0,0,0,0,0,0,0,0,0,0
12975,DIET FOODS SOYA MANCHURIAN STICKS GARLIC 150GM,60,4,0,0,0,0,0,0,0,0,0,0,0,0,4
12976,DIET FOODS SOYA CHIPS 150GM,60,4,0,0,0,0,0,0,0,0,0,0,0,0,4
12977,DIET FOODS WHOLE WHEAT BRAN 200GM,60,0,0,0,0,0,0,0,0,0,0,0,0,0,0
12978,VERKA PIO MILK STRAWBERRY FLAVOURED 200ML,25,0,0,0,0,0,0,0,0,0,0,0,0,0,0
12979,TIFY GHERKINS ZESTY SLICE 350GM,90,0,0,0,0,0,0,0,0,0,0,0,0,0,0
12980,TIFY PIZZA PASTA SAUCE 370GM,110,0,0,0,0,0,0,0,0,0,0,0,0,0,0
12981,TIFY JALAPENO SLICE 350GM,130,0,0,0,0,0,0,0,0,0,0,0,0,0,0
12982,TIFY OLIVES GARLIC STUFFED 350GM,140,0,0,0,0,0,0,0,0,0,0,0,0,0,0
12983,TIFY OLIVE RED PAPRIKA STUFFED 350GM,140,0,0,0,0,0,0,0,0,0,0,0,0,0,0
12984,GARNIER MEN FACEWASH POWERWHITE DOUBLE ACTION 50GM,90,0,0,0,0,0,0,0,0,0,0,0,0,0,0
12985,GARNIER MEN FACEWASH POWERWHITE DOUBLE ACTION 100GM,180,0,0,0,0,0,0,0,0,0,0,0,0,0,0
12986,BRITANNIA NUTRI CHOICE CRACKER SIMPLY LITE 100GM,15,0,0,0,0,0,0,0,0,0,0,0,0,0,0
12987,PEPPY TOMATO DISCS 55GM,30,0,0,0,0,0,0,0,0,0,0,0,0,0,0
12988,PEPPY CHEESE BALL 70GM,30,0,0,0,0,0,0,0,0,0,0,0,0,0,0
12989,SENOR PEPITO TORTILLA CHIPS NACHO FLAVOUR 100GM,100,0,0,0,0,0,0,0,0,0,0,0,0,0,0
12990,SENOR PEPITO TORTILLA CHIPS JALAPENO FLAVOUR 100GM,85,0,0,0,0,0,0,0,0,0,0,0,0,0,0
12991,PIKNIK CLASSIC TOMATO CHILLI 55GM,50,28,0,0,0,1,0,0,0,0,0,0,0,0,27
12992,MOTHER DAIRY ICE CREAM CONE CHILLZ CHOCO SWIRL 100ML,30,0,0,0,0,0,0,0,0,0,0,0,0,0,0
12993,DANONE YOGHURT VANILLA FLAVOURED 4X80GM,75,0,0,0,0,0,0,0,0,0,0,0,0,0,0
12994,DANONE MISTI DOI 275GM,60,0,0,0,0,0,0,0,0,0,0,0,0,0,0
12995,DANONE MISTI DOI  85GM,20,0,0,0,0,0,0,0,0,0,0,0,0,0,0
12996,VIM DISHWASH POWER OF 100 LEMONS GREEN LIQUIED 250ML,55,0,0,0,0,0,0,0,0,0,0,0,0,0,0
12997,AMUL ICE CREAM CHOCOBAR CRACKLERS 4X60ML,65,0,0,0,0,0,0,0,0,0,0,0,0,0,0
12999,SUHANA CHHOLE CHANA GRAVY MIX 50GM,35,0,0,0,0,0,0,0,0,0,0,0,0,0,0
13002,YUMMIEZ CHICKEN PEPPER & HERB SAUSAGES  250GM,135,4,0,0,0,0,0,0,0,0,0,0,0,0,4
13003,YUMMIEZ CHICKEN BREAK FAST SALAMI 250GM,120,2,0,0,0,0,0,0,0,0,0,0,0,0,2
13004,SPARK MATE XTRALIFE TOILET BRUSH,329,0,0,0,0,0,0,0,0,0,0,0,0,0,0
13005,SPARK MATE POPULAR ANTIBAC TOILET BRUSH,129,0,0,0,0,0,0,0,0,0,0,0,0,0,0
13007,SPARK MATE FLEXY FLOOR BRUSH,99,0,0,0,0,0,0,0,0,0,0,0,0,0,0
13008,SPARK MATE PU COATED SPONGE PAD 2 PCS PACK,79,0,0,0,0,0,0,0,0,0,0,0,0,0,0
13009,SPARK MATE SCRUB PAD 3PACK 7.5CM,39,1,0,0,0,0,0,0,0,0,0,0,0,0,1
13010,SPARK MATE NON SCRATCH SCRUB SPONGE 1PC PACK,25,0,0,0,0,0,0,0,0,0,0,0,0,0,0
13011,BAMBINO PASTA TRI COLOUR PASTA 500GM,110,0,0,0,0,0,0,0,0,0,0,0,0,0,0
13013,COLIN GLASS CLEANER WITH SHINE BOOSTERS LEMON 500ML,75,-1,0,0,0,0,0,0,0,0,0,0,0,0,-1
13014,COLIN GLASS CLEANER SHINE BOOSTERS 500ML,82,7,0,0,0,0,0,0,0,0,0,0,0,0,7
13015,PARLE MAGIX KREAMS ELAICHI 50GM,5,0,0,0,0,0,0,0,0,0,0,0,0,0,0
13016,PARLE GOLD STAR BUTTER COOKIES 75GM,10,0,0,0,0,0,0,0,0,0,0,0,0,0,0
13017,LONDON DAIRY ICE CREAM PEANUT SURPRISES 75ML,60,0,0,0,0,0,0,0,0,0,0,0,0,0,0
13018,CYCLE BANSURI AGARBATHI,50,0,0,0,0,0,0,0,0,0,0,0,0,0,0
13019,CYCLE LOBAN AGARBATHI,50,0,0,0,0,0,0,0,0,0,0,0,0,0,0
13020,CYCLE HONEY ROSE AGARBATHI,50,8,0,0,0,1,0,0,0,0,0,0,0,0,7
13021,CYCLE AMBER  AGARBATHI,50,0,0,0,0,0,0,0,0,0,0,0,0,0,0
13022,CYCLE MORNING GLORY AGARBATHI,50,0,0,0,0,0,0,0,0,0,0,0,0,0,0
13023,CYCLE YAGNA AGARBATHI,50,0,0,0,0,0,0,0,0,0,0,0,0,0,0
13024,CYCLE AMBER AGARBATHI 16N,10,0,0,0,0,0,0,0,0,0,0,0,0,0,0
13025,YARDLEY DEO LACE SATIN 150ML,190,0,0,0,0,0,0,0,0,0,0,0,0,0,0
13026,YARDLEY DEO LONDON MIST 150ML,190,0,0,0,0,0,0,0,0,0,0,0,0,0,0
13028,YARDLEY DEO MORNING DEW 150ML,190,0,0,0,0,0,0,0,0,0,0,0,0,0,0
13029,YARDLEY DEO FEATHER 150ML,199,0,0,0,0,0,0,0,0,0,0,0,0,0,0
13030,YARDLEY DEO POISE 150ML,199,0,0,0,0,0,0,0,0,0,0,0,0,0,0
13031,NAVRATNA COOL TALC ACTIVE DEO 100GM,68,0,0,0,0,0,0,0,0,0,0,0,0,0,0
13032,GARNIER FACE WASH PURE ACTIVE PURIFYING NEEM 150GM,135,0,0,0,0,0,0,0,0,0,0,0,0,0,0
13033,GARNIER PURE ACTIVE HIGH FOAMING FACEWASH NEEM+TULSI 100GM,105,0,0,0,0,0,0,0,0,0,0,0,0,0,0
13034,AMUL ICE CREAM ROASTED ALMOND TUB 1LTR,235,1,0,0,0,0,0,0,0,0,0,0,0,0,1
13035,CLINIC PLUS SHAMPOO NATURALLY STRONG HEALTH 340ML,145,1,0,0,0,0,0,0,0,0,0,0,0,0,1
13036,MOTHER DAIRY ICE CREAM PINEAPPLE 125ML,30,0,0,0,0,0,0,0,0,0,0,0,0,0,0
13037,KISSAN TWIST SWEET & SPICY SAUCE 200GM,49,0,0,0,0,0,0,0,0,0,0,0,0,0,0
13038,WILD STONE TALCUM HYDRA ENERGY DEO 300GM,165,0,0,0,0,0,0,0,0,0,0,0,0,0,0
13039,WILD STONE TALC ULTRA SENSUAL DEO 100GM,70,0,0,0,0,0,0,0,0,0,0,0,0,0,0
13040,SONIC BALL PEN,6,0,0,0,0,0,0,0,0,0,0,0,0,0,0
13041,SLICE BOTTLE ALPHONSO 600ML,50,0,0,0,0,0,0,0,0,0,0,0,0,0,0
13042,NOBLE FOODS ROASTED CHANA MALAI 180GM,75,0,0,0,0,0,0,0,0,0,0,0,0,0,0
13043,NOBLE FOODS ROASTED STICKS 150GM,55,0,0,0,0,0,0,0,0,0,0,0,0,0,0
13044,NOBLE FOODS ROASTED KHATTA MEETHA 180GM,75,0,0,0,0,0,0,0,0,0,0,0,0,0,0
13045,NOBLE FOODS ROASTED BEEJ MASOOR MIX 180GM,75,0,0,0,0,0,0,0,0,0,0,0,0,0,0
13046,NOBLE FOODS ROASTED SOYA NUTS 180GM,75,0,0,0,0,0,0,0,0,0,0,0,0,0,0
13047,CAKE TREE DONUTS BLACK,50,5,0,4,0,2,0,0,0,0,0,0,0,0,7
13056,TETLEY TEA ENVELOPES 100BAGS,161,0,0,0,0,0,0,0,0,0,0,0,0,0,0
13057,SPICY TREAT TENTI DELA PICKLE 400GM,110,0,0,0,0,0,0,0,0,0,0,0,0,0,0
13058,SPICY TREAT GAJAR GOBI SHALGAM 400GM,92,0,0,0,0,0,0,0,0,0,0,0,0,0,0
13059,SPICY TREAT ONION PICKLE 400GM,109,0,0,0,0,0,0,0,0,0,0,0,0,0,0
13060,SPICY TREAT MANGO PUNJABI 400GM,85,0,0,0,0,0,0,0,0,0,0,0,0,0,0
13061,SPICY TREAT LIME SWEET & SOUR PICKLE 400GM,100,0,0,0,0,0,0,0,0,0,0,0,0,0,0
13062,SPICY TREAT MIXED PICKLE 400GM,85,0,0,0,0,0,0,0,0,0,0,0,0,0,0
13063,SPICY TREAT LIME PICKLE 400GM,85,1,0,0,0,0,0,0,0,0,0,0,0,0,1
13064,SPICY TREAT MUSHROOM PICKLE 400GM,150,0,0,0,0,0,0,0,0,0,0,0,0,0,0
13065,SPICY TREAT MANGO CHHUNDA 400GM,105,0,0,0,0,0,0,0,0,0,0,0,0,0,0
13066,SPICY TREAT LIME CHILLY GINGER PICKLE 400GM,92,0,0,0,0,0,0,0,0,0,0,0,0,0,0
13067,SPICY TREAT STUFFED RED CHILLY 400GM,105,1,0,0,0,0,0,0,0,0,0,0,0,0,1
13068,SPICY TREAT GINGER PICKLE 400GM,100,0,0,0,0,0,0,0,0,0,0,0,0,0,0
13069,SPICY TREAT RED CHILLY GARLIC SPREAD 400GM,94,0,0,0,0,0,0,0,0,0,0,0,0,0,0
13070,SPICY TREAT MANGO CHUTNEY 400GM,100,1,0,0,0,0,0,0,0,0,0,0,0,0,1
13071,SPICY TREAT GREEN CHILLY 400GM,85,0,0,0,0,0,0,0,0,0,0,0,0,0,0
13073,ARNOTTS TIMTAM MILK CHOCOLATE 100GM,115,0,0,0,0,0,0,0,0,0,0,0,0,0,0
13074,OLAY SOOTHING CREAM ADVANCED MOISTURE BODYWASH 295ML,229,0,0,0,0,0,0,0,0,0,0,0,0,0,0
13075,MONGINIS SWISS ROLL STRAWBERRY CAKE 100GM,30,15,0,0,0,0,0,0,0,0,0,0,0,0,15
13076,CREMICA BUTTER COOKIES CLASSIC RICH 200GM,20,0,0,0,0,0,0,0,0,0,0,0,0,0,0
13077,CREMICA DIGESTIVE HIGH BRAN BISCUITS 250GM,50,0,0,0,0,0,0,0,0,0,0,0,0,0,0
13078,CREMICA COCONUT BISCUITS 150GM,22,0,0,0,0,0,0,0,0,0,0,0,0,0,0
13079,CREMICA CASHEW COOKIES 85GM,10,0,0,0,0,0,0,0,0,0,0,0,0,0,0
13080,TOPS CUSTARD POWDER VANILLA 100GM,35,0,0,0,0,0,0,0,0,0,0,0,0,0,0
13081,GARNIER BLACK NATURALS CREAM COLOUR 4.0 NATURAL BROWN 20ML,37,7,0,0,0,0,0,0,0,0,0,0,0,0,7
13082,GARNIER COLOR NATURALS MEN NATURAL BLACK 1,105,0,0,0,0,0,0,0,0,0,0,0,0,0,0
13083,ALLOUT KILLS DENGUE MOSQUITOES ULTRA,125,0,0,0,0,0,0,0,0,0,0,0,0,0,0
13084,PARK AVENUE DEO IMPACT URBABE 150ML,275,0,0,0,0,0,0,0,0,0,0,0,0,0,0
13085,PARK AVENUE DEO DIVE 150ML,199,0,0,0,0,0,0,0,0,0,0,0,0,0,0
13092,DETWET DEO SADA SEXY RAHO 150ML,180,0,0,0,0,0,0,0,0,0,0,0,0,0,0
13093,AMUL ICE CREAM MAWA MALAI KULFI 60ML,20,3,0,0,0,0,0,0,0,0,0,0,0,0,3
13094,AMUL ICE CREAM ORANGE FROOT LICKZ 60ML,10,5,0,0,0,0,0,0,0,0,0,0,0,0,5
13095,VARDHAN DALIA 400GM,35,0,0,0,0,0,0,0,0,0,0,0,0,0,0
13096,VARDHAN SOOJI 500GM,35,-3,0,0,0,0,0,0,0,0,0,0,0,0,-3
13097,VARDHAN BESAN 500GM,65,10,0,0,0,2,0,0,0,0,0,0,0,0,8
13098,VARDHAN BESAN 1KG,120,-3,0,0,0,0,0,0,0,0,0,0,0,0,-3
13099,AMUL LASSI 250ML,20,0,0,0,0,0,0,0,0,0,0,0,0,0,0
13100,AMUL KOOL STRAWBERRY SHAKERS CAN 200ML,30,0,0,0,0,0,0,0,0,0,0,0,0,0,0
13101,SUNFEAST BUTTER COOKIES 45GM,5,0,0,0,0,0,0,0,0,0,0,0,0,0,0
13102,SUNFEAST KESARI ELAICHI COOKIES 40GM,5,0,0,0,0,0,0,0,0,0,0,0,0,0,0
13103,SUNFEAST CHOCO COOKIES 45GM,5,0,0,0,0,0,0,0,0,0,0,0,0,0,0
13104,FIAMA DI WILLS GELBAR MILD DEW 125GM,60,0,0,0,0,0,0,0,0,0,0,0,0,0,0
13105,FIAMA MEN SHOWER GEL ENERGIZING SPORT 250ML,199,0,0,0,0,0,0,0,0,0,0,0,0,0,0
13106,FIAMA SHOWER GEL BLACKCURRANT & BEARBERRY 250ML,199,0,0,0,0,0,0,0,0,0,0,0,0,0,0
13108,KNORR SOUP HOT & SOUR VEGETABLE 44GM,55,2,0,0,0,0,0,0,0,0,0,0,0,0,2
13112,GILLETTE SHAVING GEL MOISTURIZING 195GM,329,0,0,0,0,0,0,0,0,0,0,0,0,0,0
13113,NIVEA BODY DEODORIZER ICE COLL 120ML,230,0,0,0,0,0,0,0,0,0,0,0,0,0,0
13114,NIVEA BODY DEODORIZER ENERGY 120ML,230,0,0,0,0,0,0,0,0,0,0,0,0,0,0
13115,MANNS FIELD FROZEN MIXED VEGETABLE 1KG,110,0,0,0,0,0,0,0,0,0,0,0,0,0,0
13116,MOTHER DAIRY ICE CREAM CHOCO MALAI 50ML,20,0,0,0,0,0,0,0,0,0,0,0,0,0,0
13122,PIKNIK CLASSIC TOMATO CHILLI 23GM,10,0,0,0,0,0,0,0,0,0,0,0,0,0,0
13123,PEPPY CHEESE BALL 23GM,10,0,0,0,0,0,0,0,0,0,0,0,0,0,0
13124,PEPPY TOMATO DISCS 23GM,10,0,0,0,0,0,0,0,0,0,0,0,0,0,0
13126,PLAYBOY DEO BERLIN 150ML,199,0,0,0,0,0,0,0,0,0,0,0,0,0,0
13127,VIM BAR POWER OF 100 LEMONS 75GM,5,0,0,0,0,0,0,0,0,0,0,0,0,0,0
13128,EXO SAFAI DISH SCRUB HEAVY DUTY,25,0,0,0,0,0,0,0,0,0,0,0,0,0,0
13129,ALC CHICKEN BONLESS BREST 1KG,300,0,0,0,0,0,0,0,0,0,0,0,0,0,0
13130,ALC CHICKEN BONLESS THIGGH 1KG,325,0,0,0,0,0,0,0,0,0,0,0,0,0,0
13131,ALC CHICKEN DRUMSTICK DOWN 1KG,260,0,0,0,0,0,0,0,0,0,0,0,0,0,0
13132,DANONE CHOCO SMOOTHIE HAZELENUT FLAVOURES 180ML,30,0,0,0,0,0,0,0,0,0,0,0,0,0,0
13136,PARK AVENUE HAIR GEL WET LOOK 100GM,90,1,0,0,0,0,0,0,0,0,0,0,0,0,1
13137,PARLE 20-20 BUTTER COOKIES 35GM,5,2,0,0,0,0,0,0,0,0,0,0,0,0,2
13138,WINTEX KITCHEN ROLL FAB 3IN1,215,1,0,0,0,0,0,0,0,0,0,0,0,0,1
13139,REAL JUICE BURRST AAMPANNA 1LTR,85,0,0,0,0,0,0,0,0,0,0,0,0,0,0
13140,REAL MANGO SHAKES 1LTR,120,0,0,0,0,0,0,0,0,0,0,0,0,0,0
13141,SUNFEAST DARK FANTASY VANILLA CREAM 150GM,27,0,0,0,0,0,0,0,0,0,0,0,0,0,0
13142,SUNFEAST BOURBON BLISS 30GM,5,0,0,0,0,0,0,0,0,0,0,0,0,0,0
13144,GARNIER PURE ACTIVE EXFOLIATING APRICOT FACE SCRUB 100GM,115,0,0,0,0,0,0,0,0,0,0,0,0,0,0
13145,GARNIER FRUCTIS OIL IN TRIPLE NUTRITION CREAM 100GM,60,0,0,0,0,0,0,0,0,0,0,0,0,0,0
13146,PAMPERS NEW BABY 24 DIAPERS,339,2,0,0,0,0,0,0,0,0,0,0,0,0,2
13147,VIVEL SOAP LOVE & NOURISH EXOTIC BUTTER 75GM,30,0,0,0,0,0,0,0,0,0,0,0,0,0,0
13148,RIGEL FRUBALL JELLICIOUS JELLY 260GM,50,0,0,0,0,0,0,0,0,0,0,0,0,0,0
13149,MOTHERS RECIPE GARLIC PASTE 200GM,44,4,0,0,0,0,0,0,0,0,0,0,0,0,4
13150,GALA TOILEAN STADEE  BRUSH,200,0,0,0,0,0,0,0,0,0,0,0,0,0,0
13151,GALA DOUBLE HOCKEY  BRUSH,110,1,0,0,0,0,0,0,0,0,0,0,0,0,1
13152,GALA CHANDRA KITCHEN MOPPY,75,1,0,0,0,0,0,0,0,0,0,0,0,0,1
13153,HARPIC POWER PLUS ALL IN 1 ROSE 1LTR,152,0,0,0,0,0,0,0,0,0,0,0,0,0,0
13154,DERMI COOL TALCUM SANDAL 90GM,55,0,0,0,0,0,0,0,0,0,0,0,0,0,0
13155,BAGRRYS CHOCO DELIGHT MUESLI ALMONDS N RAISINS JAR 1KG,545,1,0,0,0,0,0,0,0,0,0,0,0,0,1
13156,EVEREADY MEGA POWER 1005 AA BATTERIES,12,115,0,0,0,0,0,0,0,0,0,0,0,0,115
13157,EVEREADY CELL 912 AAA,5,0,0,0,0,0,0,0,0,0,0,0,0,0,0
13158,EVEREADY CELL 915 AA,9,1,0,0,0,0,0,0,0,0,0,0,0,0,1
13159,MOTHER DAIRY ICE CREAM ROSE KULFI 60ML,25,3,0,0,0,0,0,0,0,0,0,0,0,0,3
13160,NATURO ASSARTED FRUIT BAR 20X12.5GM,100,0,0,0,0,0,0,0,0,0,0,0,0,0,0
13161,MOTHER DAIRY ICE CREAM COMBO STRAWBERRY DELIGHT 2X700ML,230,0,0,0,0,0,0,0,0,0,0,0,0,0,0
13163,KURKURE BUTTER MASTI 117GM,25,0,0,0,0,0,0,0,0,0,0,0,0,0,0
13164,5 STAR HOME TREATS 200GM,150,0,0,0,0,0,0,0,0,0,0,0,0,0,0
13165,AMUL ICE CREAM AMERICAN NUTS 100ML,20,0,0,0,0,0,0,0,0,0,0,0,0,0,0
13166,OLD SPICE AFTER SHAVE LOTION ORIGINAL 100ML,190,2,0,0,0,0,0,0,0,0,0,0,0,0,2
13167,GILLETTE VENUS 3 BLADES 2 CARTRIDGES,299,3,0,0,0,0,0,0,0,0,0,0,0,0,3
13168,SPICY TREAT CHILLY GARLIC 400GM,86,0,0,0,0,0,0,0,0,0,0,0,0,0,0
13169,SPICY TREAT GARLIC PICKLE 400GM,129,0,0,0,0,0,0,0,0,0,0,0,0,0,0
13170,ROYALE PEANUT BUTTER SMOOTH SILK SUGAR FREE 340GM,149,0,0,0,0,0,0,0,0,0,0,0,0,0,0
13171,ROYALE PEANUT BUTTER ROASTED CRUNCH SUGAR FREE 340GM,149,0,0,0,0,0,0,0,0,0,0,0,0,0,0
13172,ROYALE PEANUT BUTTER ROASTED CRUNCH 340GM,149,0,0,0,0,0,0,0,0,0,0,0,0,0,0
13173,ROYALE PEANUT BUTTER SMOOTH SILK 340GM,149,0,0,0,0,0,0,0,0,0,0,0,0,0,0
13174,CHATHA FOODS SPICY MEXICAN CHICKEN PATTY 500GM,250,0,0,0,0,0,0,0,0,0,0,0,0,0,0
13175,CHATHA FOODS MASALA CHICKEN PATTY 500GM,130,0,0,0,0,0,0,0,0,0,0,0,0,0,0
13176,CHATHA FOODS BBQ SMOKED CHICKEN PATTY 500GM,130,0,0,0,0,0,0,0,0,0,0,0,0,0,0
13177,CHATHA FOODS CHICKEN HAM 500GM,220,0,0,0,0,0,0,0,0,0,0,0,0,0,0
13178,PARK AVENUE BEER CONDITIONER  75ML,99,0,0,0,0,0,0,0,0,0,0,0,0,0,0
13179,LAKME PEACH MILK MAXIMUM MOISTURISER 60ML,90,2,0,0,0,0,0,0,0,0,0,0,0,0,2
13180,LAKME PEACH MILK MOISTURISER SPF24 PA ALL SKIN TYPES 60ML,110,1,0,0,0,0,0,0,0,0,0,0,0,0,1
13181,KURKURE MASALA MUNCH 155GM,30,0,0,0,0,0,0,0,0,0,0,0,0,0,0
13182,LAYS AMERICAN STYLE CREAM & ONION 275GM,99,0,0,0,0,0,0,0,0,0,0,0,0,0,0
13183,REAL SHAKERS BANANA STRAWBERRY 1LTR,120,0,0,0,0,0,0,0,0,0,0,0,0,0,0
13184,REAL JUICE PLUM 1LTR,99,0,0,0,0,0,0,0,0,0,0,0,0,0,0
13185,REAL JUICE BURRST PINEAPPLE 1LTR,75,0,0,0,0,0,0,0,0,0,0,0,0,0,0
13186,AMUL ICE CREAM AMERICAN NUTS 750ML,120,0,0,0,0,0,0,0,0,0,0,0,0,0,0
13187,AMUL ICE CREAM ZAFRANI BADAM PISTA 750ML,120,0,0,0,0,0,0,0,0,0,0,0,0,0,0
13188,AMUL ICE CREAM SUGAR FREE VANILLA  WITH CHOCOLATE SAUCE 125ML,25,8,0,0,0,2,0,0,0,0,0,0,0,0,6
13189,DANONE BUTTERMILK MASALA 200ML,20,0,0,0,0,0,0,0,0,0,0,0,0,0,0
13190,DANONE SWEET LASSI 200ML,20,0,0,0,0,0,0,0,0,0,0,0,0,0,0
13191,WINKLES MARBLE ENGLISH TEA CAKE 250GM,75,0,0,0,0,0,0,0,0,0,0,0,0,0,0
13192,HIMALAYA FACEWASH PURIFYING NEEM 2X150ML,239,0,0,0,0,0,0,0,0,0,0,0,0,0,0
13193,GARNIER FRUCTIS SHAMPOO PLUS OIL 2 IN 1 175ML,145,0,0,0,0,0,0,0,0,0,0,0,0,0,0
13194,GARNIER PURE ACTIVE HIGH FOAMING FACEWASH NEEM+TULSI 50GM,60,0,0,0,0,0,0,0,0,0,0,0,0,0,0
13195,AIR WICK AIR & FABRIC FRESH JASMINE 345ML,149,0,0,0,0,0,0,0,0,0,0,0,0,0,0
13196,AIR WICK AIR & FABRIC LAVENDER DEW 345ML,149,0,0,0,0,0,0,0,0,0,0,0,0,0,0
13201,GODREJ NO. 1 FACEWASH KESAR 100GM,65,0,0,0,0,0,0,0,0,0,0,0,0,0,0
13202,GODREJ NO. 1 FACEWASH NEEM 100GM,65,0,0,0,0,0,0,0,0,0,0,0,0,0,0
13203,GODREJ EXPERT ORIGINAL NATURAL BLACK HAIR CREAM 3X24GM,128,0,0,0,0,0,0,0,0,0,0,0,0,0,0
13204,VARDHAN POHA 500GM,60,14,0,0,0,4,0,0,0,0,0,0,0,0,10
13214,NIVEA AFTER SHAVE BALM SENSITIVE COOLING 100ML,255,0,0,0,0,0,0,0,0,0,0,0,0,0,0
13215,NIVEA MEN AFTER SHAVE BALM SENSITIVE COOLING 100ML,209,0,0,0,0,0,0,0,0,0,0,0,0,0,0
13216,NIVEA MEN  SENSITIVE COOLING SHAVING GEL200ML,285,0,0,0,0,0,0,0,0,0,0,0,0,0,0
13217,NIVEA MEN  SENSITIVE COOLING SHAVING FOAML200ML,209,0,0,0,0,0,0,0,0,0,0,0,0,0,0
13218,REXONA SOAP COCONUT AND OLIVE OIL 100GM,25,-6,0,0,0,0,0,0,0,0,0,0,0,0,-6
13219,VIM ANTI GERM WITH LEMON AND NEEM BAR 125GM,10,0,0,0,0,0,0,0,0,0,0,0,0,0,0
13220,KELLOGGS OATS TOMATO SALSA 250GM,99,0,0,0,0,0,0,0,0,0,0,0,0,0,0
13221,BAMBINO XPRESS PASTA 500GM,120,0,0,0,0,0,0,0,0,0,0,0,0,0,0
13222,FIAMA DI WILLS GEL BAR MILD DEW PEACH AND AVOCADO SUPER SAVER PAK,240,0,0,0,0,0,0,0,0,0,0,0,0,0,0
13223,SENSODYNE REPAIR & PROTECT BUY2GET1FREE 3X40GM,160,0,0,0,0,0,0,0,0,0,0,0,0,0,0
13224,REAL SHAKERS BANANA STRAWBERRY 200ML,25,0,0,0,0,0,0,0,0,0,0,0,0,0,0
13225,REAL SHAKES MANGO 200ML,25,0,0,0,0,0,0,0,0,0,0,0,0,0,0
13227,CREMICA DIGESTIVE HIGH  BRAN BISCUITS 250GM,30,0,0,0,0,0,0,0,0,0,0,0,0,0,0
13228,HIMALAYA TOOTH PASTE COMPLETE CARE 275GM,120,0,0,0,0,0,0,0,0,0,0,0,0,0,0
13229,MEDIMIX SOAP NATURAL GLYCERINE 5X125GM,180,0,0,0,0,0,0,0,0,0,0,0,0,0,0
13231,WILD STONE TALC AQUA FRESH 100GM,60,0,0,0,0,0,0,0,0,0,0,0,0,0,0
13232,WILD STONE DEO BRONZE 120ML,250,0,0,0,0,0,0,0,0,0,0,0,0,0,0
13233,WILD STONE DEO  FOREST SPICE 75ML,95,0,0,0,0,0,0,0,0,0,0,0,0,0,0
13234,DOVE SHAMPOO OXYGEN MOISTURE 340ML,270,0,0,0,0,0,0,0,0,0,0,0,0,0,0
13235,DOVE SHAMPOO OXYGEN MOISTURE 180ML,145,1,0,0,0,0,0,0,0,0,0,0,0,0,1
13236,GOWARDHAN TOP UP MILK PASTA FLAVOUR 200ML,25,0,0,0,0,0,0,0,0,0,0,0,0,0,0
13237,GOWARDHAN TOP UP MILK ELAICHI FLAVOUR 200ML,25,0,0,0,0,0,0,0,0,0,0,0,0,0,0
13238,REX STRAWBERRY JELLY MIX NON 85GM,30,0,0,0,0,0,0,0,0,0,0,0,0,0,0
13240,MOTHER DAIRY ICE CREAM NIMBU SHIKANJI 60ML,10,0,0,0,0,0,0,0,0,0,0,0,0,0,0
13242,KAMA SUTRA DEO ON 150ML,200,0,0,0,0,0,0,0,0,0,0,0,0,0,0
13243,KAMA SUTRA DEO HARD 150ML,200,0,0,0,0,0,0,0,0,0,0,0,0,0,0
13244,KAMA SUTRA DEO URGE 150ML,200,0,0,0,0,0,0,0,0,0,0,0,0,0,0
13245,KAMA SUTRA DEO SPARK 150ML,190,0,0,0,0,0,0,0,0,0,0,0,0,0,0
13246,KAMA SUTRA DEO SINGLE X PERFUMED SPRAY 120ML,250,0,0,0,0,0,0,0,0,0,0,0,0,0,0
13247,KAMA SUTRA DEO DOUBLE XX PERFUMED SPRAY 120ML,250,0,0,0,0,0,0,0,0,0,0,0,0,0,0
13248,KAMA SUTRA DEO TRIPLE XX X PERFUMED SPRAY 120ML,250,0,0,0,0,0,0,0,0,0,0,0,0,0,0
13249,SNICKERS COMBI PACK,198,0,0,0,0,0,0,0,0,0,0,0,0,0,0
13250,NIVEA DEO WHITENING SMOOTH SKIN FEATHER TOUCH 150ML,199,0,0,0,0,0,0,0,0,0,0,0,0,0,0
13251,NAVNEET THIKED PROJECT PAPER 20S,50,0,0,0,0,0,0,0,0,0,0,0,0,0,0
13252,COLGATE TOOTH PASTE ACTIVE SALT HEALTHY TIGHT GUMS 200GM,92,1,0,0,0,0,0,0,0,0,0,0,0,0,1
13253,COLGATE TOOTH PASTE ACTIVE SALT HEALTHY TIGHT GUMS 100GM,54,0,0,0,0,0,0,0,0,0,0,0,0,0,0
13254,CADBURY CHOCOLAIRS GOLD POUCH 341GM,116,0,0,0,0,0,0,0,0,0,0,0,0,0,0
13255,CADBURY CHOCOLAIRS POUCH 137.5GM,50,0,0,0,0,0,0,0,0,0,0,0,0,0,0
13256,PEPSODENT TOOTH PASTE CLOVE SALT 200GM,90,0,0,0,0,0,0,0,0,0,0,0,0,0,0
13257,PEPSODENT TOOTH PASTE CLOVE SALT 23GM,10,0,0,0,0,0,0,0,0,0,0,0,0,0,0
13259,KITTY EGGLESS VEG CHOCO FRUIT CAKE 200GM,65,0,0,0,0,0,0,0,0,0,0,0,0,0,0
13260,KITTY EGGLESS VEG FRUIT CAKE NO CHOLESTROL60GM,20,0,0,0,0,0,0,0,0,0,0,0,0,0,0
13261,KITTY EGGLESS VEG CHOCO FRUIT CAKE 120GM,40,0,0,0,0,0,0,0,0,0,0,0,0,0,0
13262,KITTY EGGLESS VEG CHOCO FRUIT CAKE 60GM,20,0,0,0,0,0,0,0,0,0,0,0,0,0,0
13263,KITTY EGGLESS VEG FRUIT CAKE NO CHOLESTROL 120GM,40,0,0,0,0,0,0,0,0,0,0,0,0,0,0
13264,KITTY EGGLESS VEG FRUIT CAKE 200GM,65,0,0,0,0,0,0,0,0,0,0,0,0,0,0
13265,PONDS MEN FACEWASH OIL CONTROL 50GM,95,0,0,0,0,0,0,0,0,0,0,0,0,0,0
13266,FIAMA DI WILLS SOAP PATCHOULI AND MACADAMIA 125GM,60,0,0,0,0,0,0,0,0,0,0,0,0,0,0
13267,FIAMA DI WILLS SOAP EXOTIC DREAM 75GM,58,0,0,0,0,0,0,0,0,0,0,0,0,0,0
13268,SUNFEAST DREAM CREAM CHOCO VANILLA 60GM,10,0,0,0,0,0,0,0,0,0,0,0,0,0,0
13269,PARLE MAGIX KREAMS CHOCOLATE 125GM,10,17,0,0,0,0,0,0,0,0,0,0,0,0,17
13270,HALDIRAMS KHARI METHI 200GM,60,0,0,0,0,0,0,0,0,0,0,0,0,0,0
13271,HALDIRAMS KHARI MASALA 200GM,60,0,0,0,0,0,0,0,0,0,0,0,0,0,0
13272,CENTRE FRESH ENDLESS LASTING,1,0,0,0,0,0,0,0,0,0,0,0,0,0,0
13273,GILLETTE SHAVING GEL PURE & SENSITIVE 195GM,329,0,0,0,0,0,0,0,0,0,0,0,0,0,0
13274,HE DEO MAGICIAN 150ML,180,0,0,0,0,0,0,0,0,0,0,0,0,0,0
13275,7UP LEMON FLAVOUR 750ML,35,0,0,0,0,0,0,0,0,0,0,0,0,0,0
13276,KISSAN CHILLI TOMATO TWIST 500GM,88,0,0,0,0,0,0,0,0,0,0,0,0,0,0
13277,KISSAN CHILLI TOMATO TWIST 200GM,59,0,0,0,0,0,0,0,0,0,0,0,0,0,0
13278,RAW HONEY 250GM,110,192,0,0,0,0,0,0,0,0,0,0,0,0,192
13279,ROBIN CUFFSN COLLARS 200ML,60,0,0,0,0,0,0,0,0,0,0,0,0,0,0
13280,LIZOL BLEACH POWER DISINFECTANT CLEANER 500ML,64,0,0,0,0,0,0,0,0,0,0,0,0,0,0
13281,AMUL ICE CREAM CONE TRICONE CHOCO CRUNCH 100ML,25,0,0,0,0,0,0,0,0,0,0,0,0,0,0
13284,LIPTON ICE TEA LEMON 350ML,25,16,0,0,0,0,0,0,0,0,0,0,0,0,16
13285,LIPTON ICE TEA PEACH 350ML,25,8,0,0,0,0,0,0,0,0,0,0,0,0,8
13286,LIPTON ICE TEA MINT AND LEMON 350ML,20,0,0,0,0,0,0,0,0,0,0,0,0,0,0
13287,LIRIL SOAP LIME 125GM,50,0,0,0,0,0,0,0,0,0,0,0,0,0,0
13288,VEET HAIR REMOVAL CREAM SILK & FRESH NORMAL SKIN 25GM,58,0,0,0,0,0,0,0,0,0,0,0,0,0,0
13289,FUN FOODS MAYONNAISE EGGLESS GREEN MINT 275GM,75,3,0,0,0,0,0,0,0,0,0,0,0,0,3
13290,SUNSILK CONDITIONER PERFECT STRAIGHT 180ML,146,0,0,0,0,0,0,0,0,0,0,0,0,0,0
13291,CLEAR SHAMPOO ICE COOL MENTHOL 80ML,59,5,0,0,0,0,0,0,0,0,0,0,0,0,5
13292,CLEAR SHAMPOO ANTI HAIR FALL 80ML,79,0,0,0,0,0,0,0,0,0,0,0,0,0,0
13293,DOVE CONDITIONER OXYGEN MOISTURE 80ML,98,0,0,0,0,0,0,0,0,0,0,0,0,0,0
13294,DOVE SHAMPOO OXYGEN MOISTURE 90ML,75,0,0,0,0,0,0,0,0,0,0,0,0,0,0
13295,TADAA BOILED  SWEET CORN COB ,35,0,0,0,0,0,0,0,0,0,0,0,0,0,0
13296,TADAA BOILED SWEET CORN COB COMBO,68,0,0,0,0,0,0,0,0,0,0,0,0,0,0
13297,SPARK MATE FLOOR SCRUBBER WITH HANDLE,89,0,0,0,0,0,0,0,0,0,0,0,0,0,0
13298,SPARK MATE MICROFIBER MOP,399,-1,0,0,0,0,0,0,0,0,0,0,0,0,-1
13299,LOREAL SHAMPOO FALL RESIST ANTI HAIR FALL 640ML,450,1,0,0,0,0,0,0,0,0,0,0,0,0,1
13300,SUNFEAST CASHEW COOKIES 40GM,5,0,0,0,0,0,0,0,0,0,0,0,0,0,0
13301,SOAP CASE RS.27,27,6,0,0,0,0,0,0,0,0,0,0,0,0,6
13302,SOAP CASE RS.45,45,0,0,0,0,0,0,0,0,0,0,0,0,0,0
13303,SOAP CASE PRIME RS.32,32,-1,0,0,0,0,0,0,0,0,0,0,0,0,-1
13304,SOAP CASE RS.35,35,-1,0,0,0,0,0,0,0,0,0,0,0,0,-1
13305,SOAP CASE RS.22,22,-1,0,0,0,0,0,0,0,0,0,0,0,0,-1
13306,CADBURY CHOCLAIRS GOLD 5.7GM,2,0,0,0,0,0,0,0,0,0,0,0,0,0,0
13307,MOTHER DAIRY ICE CREAM MAHA COLA BAR 60ML,10,0,0,0,0,0,0,0,0,0,0,0,0,0,0
13308,HALDIRAMS GATHIYA 200GM,40,0,0,0,0,0,0,0,0,0,0,0,0,0,0
13313,COMPLAN NUTRIGRO CREAMY VANILLA FLAVOUR 400GM,275,0,0,0,0,0,0,0,0,0,0,0,0,0,0
13314,LIRIL SOAP LIME 75GM,30,0,0,0,0,0,0,0,0,0,0,0,0,0,0
13315,HIMALAYA SOAP ALMOND & ROSE  125GM,44,0,0,0,0,0,0,0,0,0,0,0,0,0,0
13316,SPICY TREAT AMLA PICKLE 400GM,92,0,0,0,0,0,0,0,0,0,0,0,0,0,0
13317,SPICY TREAT RED CHILLY CHUTNEY 400GM,100,0,0,0,0,0,0,0,0,0,0,0,0,0,0
13318,SPICY TREAT MANGO TEEKHA PICKLE 400GM,85,0,0,0,0,0,0,0,0,0,0,0,0,0,0
13319,HAJMOLA CANDY 125GM,25,0,0,0,0,0,0,0,0,0,0,0,0,0,0
13320,VEET HAIR REMOVAL CREAM SILK & FRESH SUPREM ESSENC 25GM,58,1,0,0,0,0,0,0,0,0,0,0,0,0,1
13321,SAVLON SOAP GLYCERIN 3X75GM,93,0,0,0,0,0,0,0,0,0,0,0,0,0,0
13322,FIAMA DI WILLS SHOWER GEL PEACH & AVOCADO 250ML,199,1,0,0,0,0,0,0,0,0,0,0,0,0,1
13323,PEPSODENT TOOTH PASTE CLOVE SALT 100GM,49,2,0,0,0,0,0,0,0,0,0,0,0,0,2
13324,PARLE MAGIX KREAMS PINEAPPLE 50GM,5,0,0,0,0,0,0,0,0,0,0,0,0,0,0
13325,PARLE MAGIX KREAMS CHOCOLATE 50GM,5,5,0,0,0,0,0,0,0,0,0,0,0,0,5
13326,PARLE HAPPY HAPPY BISCUITS 60GM,10,0,0,0,0,0,0,0,0,0,0,0,0,0,0
13327,LOREAL FACIAL FOAM  AGE 20+ 50GM,95,0,0,0,0,0,0,0,0,0,0,0,0,0,0
13328,LOREAL FACIAL FOAM AGE 30+ 50GM,135,0,0,0,0,0,0,0,0,0,0,0,0,0,0
13329,LOREAL CREAM UV FILTERS AGE 20+ 18GM,99,0,0,0,0,0,0,0,0,0,0,0,0,0,0
13330,LOREAL CREAM SPF21 PA+++ AGE 30+ 18GM,149,0,0,0,0,0,0,0,0,0,0,0,0,0,0
13331,AMUL ICE CREAM CONE PISTA BADAM 120ML,30,0,0,0,0,0,0,0,0,0,0,0,0,0,0
13332,AMUL ICE CREAM EPIC CHOCO CAPPUCCINO BELGIAN CHOCOLATE 80ML,40,0,0,0,0,0,0,0,0,0,0,0,0,0,0
13333,KNORR SOUP HOT & SOUR VEG 11GM,10,10,0,0,0,0,0,0,0,0,0,0,0,0,10
13334,BROOKE BOND TAJ MAHAL DARJEELING GREEN TEA 25BAGS,150,0,0,0,0,0,0,0,0,0,0,0,0,0,0
13335,DRUK FRUIT COCKTAIL 850GM,110,0,0,0,0,0,0,0,0,0,0,0,0,0,0
13336,DRUK TOMATO PUREE 850GM,100,0,0,0,0,0,0,0,0,0,0,0,0,0,0
13337,OLIVIA OXYGEN BLEACH GREEN TEA 9GM,35,0,0,0,0,0,0,0,0,0,0,0,0,0,0
13338,OLIVIA NATURAL FRUITS BLEACH 9GM,30,0,0,0,0,0,0,0,0,0,0,0,0,0,0
13339,WHISPER CHOICE EXTRA LONG 6PADS,36,0,0,0,0,0,0,0,0,0,0,0,0,0,0
13340,BRITANNIA PURE MAGIC CHOCOLUSH 75GM,30,0,0,0,0,0,0,0,0,0,0,0,0,0,0
13341,BRITANNIA TIGER ELAICHI BISCUITS 45GM,5,0,0,0,0,0,0,0,0,0,0,0,0,0,0
13342,FORTUNE REFINED SUNFLOWER OIL 1LTR,115,1,0,0,0,0,0,0,0,0,0,0,0,0,1
13343,SPICY TREAT MANGO GARLIC PICKLE 400GM,92,0,0,0,0,0,0,0,0,0,0,0,0,0,0
13344,SPICY TREAT CHILLY SWEET & SOUR 400GM,100,0,0,0,0,0,0,0,0,0,0,0,0,0,0
13345,SPICY TREAT RED CHILLY MANGO CHANA PICKLE 400GM,90,0,0,0,0,0,0,0,0,0,0,0,0,0,0
13346,TIC TAC BANANA 13.1GM,15,0,0,0,0,0,0,0,0,0,0,0,0,0,0
13347,TIC TAC CHERRY PASSION 13GM,15,0,0,0,0,0,0,0,0,0,0,0,0,0,0
13348,PARK AVENUE DEO IMPACT MAGNIFICO 150ML,230,0,0,0,0,0,0,0,0,0,0,0,0,0,0
13349,AMUL SMOOTHIES VANILLA 200ML,25,0,0,0,0,0,0,0,0,0,0,0,0,0,0
13350,HIMALAYA SOAP NEEM & TURMERIC SOAP 125GM,44,0,0,0,0,0,0,0,0,0,0,0,0,0,0
13351,HIMALAYA SOAP CUCUMBER & COCONUT 125GM,44,0,0,0,0,0,0,0,0,0,0,0,0,0,0
13352,CREMICA JEERA LITE BISCUITS 90GM,10,0,0,0,0,0,0,0,0,0,0,0,0,0,0
13353,WHISPER ULTRA NIGHT 2PADS XL WINGS,25,0,0,0,0,0,0,0,0,0,0,0,0,0,0
13354,PONDS FACE WASH POLLUTION OUT DEEP CLEAN 100GM,205,0,0,0,0,0,0,0,0,0,0,0,0,0,0
13355,PONDS FACE WASH POLLUTION OUT DEEP CLEAN 50GM,105,0,0,0,0,0,0,0,0,0,0,0,0,0,0
13356,VASELINE INTENSIVE CARE ALOE SOOTHE DRY SKIN 100ML,99,2,0,0,0,0,0,0,0,0,0,0,0,0,2
13357,JOS ONION RINGS 80GM,30,0,0,0,0,0,0,0,0,0,0,0,0,0,0
13358,PARLE 2 IN 1 ECLAIRS 277GM,50,0,0,0,0,0,0,0,0,0,0,0,0,0,0
13359,PARLE MAGIX KREAMS ELAICHI 125GM,10,8,0,0,0,0,0,0,0,0,0,0,0,0,8
13360,BRU GOLD 2.08GM,2,0,0,0,0,0,0,0,0,0,0,0,0,0,0
13361,LONDON DAIRY ICE CREAM CHOCOLATE BROWNIE DELIGHT 500ML,350,-1,0,0,0,0,0,0,0,0,0,0,0,0,-1
13362,CADBURY DAIRY MILK SILK BUBBLY 120GM,160,18,0,0,0,0,0,0,0,0,0,0,0,0,18
13363,CADBURY DAIRY MILK SILK BUBBLY 50GM,75,36,0,0,0,0,0,0,0,0,0,0,0,0,36
13364,AMUL GOUDA CHEESE CUBE 200GM,140,0,0,0,0,0,0,0,0,0,0,0,0,0,0
13367,COLGATE TOOTH PASTE TOTAL CHARCOAL DEEP CLEAN 140GM,115,0,0,0,0,0,0,0,0,0,0,0,0,0,0
13368,GALA SWASH SCRUB PAD 1NOS,20,0,0,0,0,0,0,0,0,0,0,0,0,0,0
13369,PARK AVENUE DEO BOUNCE 135ML,190,0,0,0,0,0,0,0,0,0,0,0,0,0,0
13370,PARK AVENUE DEO CELEB 135ML,190,0,0,0,0,0,0,0,0,0,0,0,0,0,0
13371,PARK AVENUE DEO CHIC 135ML,180,0,0,0,0,0,0,0,0,0,0,0,0,0,0
13372,PARK AVENUE SHAVING FOAM RE GEN 200GM,150,0,0,0,0,0,0,0,0,0,0,0,0,0,0
13373,PARK AVENUE SHAIVNG CREAM RE GEN 70GM,63,0,0,0,0,0,0,0,0,0,0,0,0,0,0
13374,PARK AVENUE DEO LIVELY 135ML,190,0,0,0,0,0,0,0,0,0,0,0,0,0,0
13375,PREMIUM ROOM FRESHNER RAJNIGANDHA 125GM,125,1,0,0,0,0,0,0,0,0,0,0,0,0,1
13376,PREMIUM ROOM FRESHNER ROSE 125GM,125,1,0,0,0,0,0,0,0,0,0,0,0,0,1
13377,PREMIUM ROOM FRESHNER LAVENDER LACE 125GM,125,2,0,0,0,0,0,0,0,0,0,0,0,0,2
13378,PREMIUM ROOM FRESHNER JASMINE 125GM,125,2,0,0,0,0,0,0,0,0,0,0,0,0,2
13379,SLEEK HOT WAX 150GM,45,0,0,0,0,0,0,0,0,0,0,0,0,0,0
13380,SLEEK COLD WAX 150GM,45,0,0,0,0,0,0,0,0,0,0,0,0,0,0
13381,SLEEK HAIR REMOVER WAX ALOE VERA 250GM,72,0,0,0,0,0,0,0,0,0,0,0,0,0,0
13382,SLEEK HAIR REMOVER WAX CHOCOLATE 250GM,72,0,0,0,0,0,0,0,0,0,0,0,0,0,0
13383,TIC TAC BANANA MINIONS 24GM,30,0,0,0,0,0,0,0,0,0,0,0,0,0,0
13384,SLEEK FACIAL HAIR REMOVER WAX PACK 80GM,72,0,0,0,0,0,0,0,0,0,0,0,0,0,0
13385,SUNFEAST DARK FANTASY VANILLA CREAM 50GM,10,0,0,0,0,0,0,0,0,0,0,0,0,0,0
13386,PONDS WHITE BEAUTY PEARL CLEANSING GEL 100GM,199,1,0,0,0,0,0,0,0,0,0,0,0,0,1
13387,PONDS WHITE BEAUTY PEARL CLEANSING GEL 50GM,100,5,0,0,0,0,0,0,0,0,0,0,0,0,5
13388,HOKEY POKEY SILKY SMOOTH KULFI 500ML,225,0,0,0,0,0,0,0,0,0,0,0,0,0,0
13389,PARLE FAB HIDE&SEEK BOURBON CHOCOLATE FLAVOURED 150GM,25,5,0,0,0,0,0,0,0,0,0,0,0,0,5
13390,MOTHER DAIRY ICE CREAM RASILLA RASPBERRY & MANGO 60ML,10,0,0,0,0,0,0,0,0,0,0,0,0,0,0
13391,PARLE GLUCOSE BISCUITS 250GM,18,0,0,0,0,0,0,0,0,0,0,0,0,0,0
13392,PARLE POPPINS STRAWBERRY 190GM,50,0,0,0,0,0,0,0,0,0,0,0,0,0,0
13393,PARLE POPPINS LITCHI 190GM,50,0,0,0,0,0,0,0,0,0,0,0,0,0,0
13394,AMBI PUR AIR EFFECTS HAWALLAN FLOWERS 275GM,270,0,0,0,0,0,0,0,0,0,0,0,0,0,0
13395,BHUIRA KIWI JAM 470GM,250,1,0,0,0,0,0,0,0,0,0,0,0,0,1
13396,LIPTON GREEN TEA 250GM,225,4,0,0,0,0,0,0,0,0,0,0,0,0,4
13397,BROOKE BOND TAJ MAHAL LEMON TEA 25BAGS,150,0,0,0,0,0,0,0,0,0,0,0,0,0,0
13398,BROOKE BOND TAJ MAHAL TEA CARDAMOM 25BAGS,150,0,0,0,0,0,0,0,0,0,0,0,0,0,0
13399,MENTOS ORANGE FLAVOUR 31.02GM,10,0,0,0,0,0,0,0,0,0,0,0,0,0,0
13401,DENVER DEO RODEO 100GM,195,0,0,0,0,0,0,0,0,0,0,0,0,0,0
13402,DENVER DEO BLACK CODE 100GM,195,0,0,0,0,0,0,0,0,0,0,0,0,0,0
13403,DENVER DEO COOL 100GM,195,0,0,0,0,0,0,0,0,0,0,0,0,0,0
13404,DENVER DEO BRAVE 100GM,195,0,0,0,0,0,0,0,0,0,0,0,0,0,0
13405,DENVER DEO PRESTIGE HAMILTON 105GM,199,0,0,0,0,0,0,0,0,0,0,0,0,0,0
13406,DENVER DEO HONOUR HAMILTON 105GM,210,0,0,0,0,0,0,0,0,0,0,0,0,0,0
13407,DENVER DEO PRIDE HAMILTON 105GM,210,0,0,0,0,0,0,0,0,0,0,0,0,0,0
13408,CADBURY DAIRY MILK COFFEE ALMOND 38GM,45,0,0,0,0,0,0,0,0,0,0,0,0,0,0
13409,BRITANNIA NUTRI CHOICE CRACKER SIMPLY LITE 300GM,45,2,0,0,0,1,0,0,0,0,0,0,0,0,1
13410,ARIEL BRILLIANT CLEANING 1KG,180,0,0,0,0,0,0,0,0,0,0,0,0,0,0
13411,AMUL MYSTIC MOCHA 150GM,115,0,0,0,0,0,0,0,0,0,0,0,0,0,0
13413,NESCAFE CLASSIC 50GM,130,8,0,0,0,1,0,0,0,0,0,0,0,0,7
13414,PURE SOYA PANEER MASALA 180GM,40,4,0,0,0,2,0,0,0,0,0,0,0,0,2
13415,NIVEA ALOE  BODY CREAM REFRESHING MOISTURISER200ML,265,0,0,0,0,0,0,0,0,0,0,0,0,0,0
13416,NIVEA BODY CREAM COCOA NOURISH 200ML,265,0,0,0,0,0,0,0,0,0,0,0,0,0,0
13417,BUD WHITE TEA DARJEELING OOLONG CLASSIC 20TEA BAGS,400,0,0,0,0,0,0,0,0,0,0,0,0,0,0
13418,BUD WHITE GREEN TEA 25BAGS,130,0,0,0,0,0,0,0,0,0,0,0,0,0,0
13419,BUD WHITE GREEN TEA TULSI+CINNAMON 25BAGS,150,0,0,0,0,0,0,0,0,0,0,0,0,0,0
13420,BUD WHITE GREEN TEA ORANGE+LEMONGRASS 25BAGS,150,0,0,0,0,0,0,0,0,0,0,0,0,0,0
13421,BUD WHITE GREEN TEA LEMON+MINT 25BAGS,150,0,0,0,0,0,0,0,0,0,0,0,0,0,0
13422,PARLE MILK SHAKTI MILKY SANDWICH 60GM,10,0,0,0,0,0,0,0,0,0,0,0,0,0,0
13423,PARLE SIMPLY GOOD DIGESTIVE HONEY & OATS 100GM,20,0,0,0,0,0,0,0,0,0,0,0,0,0,0
13424,PARK AVENUE GENUINE FRENCH FOUR SEASONS EAU DE PARFUM 50ML,199,0,0,0,0,0,0,0,0,0,0,0,0,0,0
13425,PARK AVENUE GENUINE FRENCH 9TO5 EAU DE PARFUM 50ML,199,0,0,0,0,0,0,0,0,0,0,0,0,0,0
13426,HIMALAYA SOAP NEEM & TURMERIC SOAP 75GM,30,-1,0,0,0,0,0,0,0,0,0,0,0,0,-1
13427,HIMALAYA SOAP NEEM & TURMERIC SOAP 4X125GM,160,0,0,0,0,0,0,0,0,0,0,0,0,0,0
13428,HIMALAYA SOAP ALMOND & ROSE  75GM,30,3,0,0,0,0,0,0,0,0,0,0,0,0,3
13429,HIMALAYA FACEWASH OIL CLEAR MUD FACE PACK 100GM,135,0,0,0,0,0,0,0,0,0,0,0,0,0,0
13430,HIMALAYA FACEWASH POWER GLOW LICORICE 50ML,80,0,0,0,0,0,0,0,0,0,0,0,0,0,0
13431,HIMALAYA FACEWASH OIL CLEAR MUD FACE PACK 50GM,75,0,0,0,0,0,0,0,0,0,0,0,0,0,0
13432,LAKME PEACH MILK MAXIMUM MOISTURISER 120ML,220,0,0,0,0,0,0,0,0,0,0,0,0,0,0
13433,EVA TALC COOL SPLASH 100GM,50,0,0,0,0,0,0,0,0,0,0,0,0,0,0
13434,TOPS VINEGAR NON FRUIT 610ML,43,0,0,0,0,0,0,0,0,0,0,0,0,0,0
13435,AIR WICK EVERFRESH GEL LAVENDER DEW 2X50GM,100,0,0,0,0,0,0,0,0,0,0,0,0,0,0
13436,KNORR SOUP THICK TOMATO 53GM,55,7,0,0,0,0,0,0,0,0,0,0,0,0,7
13438,CHANDAN SWEETY IMLI 150GM,95,0,0,0,0,0,0,0,0,0,0,0,0,0,0
13439,CHANDAN ROSE WONDER 160GM,95,0,0,0,0,0,0,0,0,0,0,0,0,0,0
13440,CHANDAN KACHI KAIRRI 180GM,95,0,0,0,0,0,0,0,0,0,0,0,0,0,0
13441,CHANDAN COCKTAIL THUNDER 180GM,110,0,0,0,0,0,0,0,0,0,0,0,0,0,0
13442,CHANDAN DRAXAVATI SPI 180GM,95,0,0,0,0,0,0,0,0,0,0,0,0,0,0
13443,CHANDAN ABAJPATI GOLI 180GM,110,0,0,0,0,0,0,0,0,0,0,0,0,0,0
13444,CHANDAN JET MUKHWAS 170GM,95,0,0,0,0,0,0,0,0,0,0,0,0,0,0
13445,CHANDAN JAIPURI MIKHWAS 140GM,95,0,0,0,0,0,0,0,0,0,0,0,0,0,0
13446,CHANDAN POONA MUKHWAS 135GM,95,0,0,0,0,0,0,0,0,0,0,0,0,0,0
13447,CHANDAN OLYMPIC MUKHWAS 170GM,110,0,0,0,0,0,0,0,0,0,0,0,0,0,0
13448,CHANDAN KASHMIRI MUKHWAS 165GM,95,0,0,0,0,0,0,0,0,0,0,0,0,0,0
13449,BUFFET MALABAR PARATHA 300GM,75,0,0,0,0,0,0,0,0,0,0,0,0,0,0
13450,BUFFET METHI  PARATHA 300GM,75,0,0,0,0,0,0,0,0,0,0,0,0,0,0
13451,BUFFET ALOO PARATHA 400GM,95,0,0,0,0,0,0,0,0,0,0,0,0,0,0
13452,BUFFET BUTTER PARATHA 300GM,85,0,0,0,0,0,0,0,0,0,0,0,0,0,0
13453,BUFFET MULTIGRAIN PARATHA 300GM,80,0,0,0,0,0,0,0,0,0,0,0,0,0,0
13454,BUFFET JEERA PARATHA 300GM,75,0,0,0,0,0,0,0,0,0,0,0,0,0,0
13455,BUFFET AJWAIN PARATHA 300GM,75,0,0,0,0,0,0,0,0,0,0,0,0,0,0
13457,FORTUNE SOYA CHUNKS 200GM,45,6,0,0,0,0,0,0,0,0,0,0,0,0,6
13458,FORTUNE SOYA GRANULES 200GM,45,6,0,0,0,0,0,0,0,0,0,0,0,0,6
13459,GATSBY DEO WILD & VIBRANT 150ML,180,0,0,0,0,0,0,0,0,0,0,0,0,0,0
13460,GATSBY DEO COLL & BREEZY 150ML,180,0,0,0,0,0,0,0,0,0,0,0,0,0,0
13461,COLGATE TOOTH BRUSH CHARCOAL INFUSED LIM TIP BRISTLES GOLD,99,0,0,0,0,0,0,0,0,0,0,0,0,0,0
13462,COLGATE TOOTH BRUSH ZIGZAG ANTI GERM MEDIUM,28,0,0,0,0,0,0,0,0,0,0,0,0,0,0
13463,COLGATE TOOTH BRUSH KIDS O2 EXTRA SOFT,27,0,0,0,0,0,0,0,0,0,0,0,0,0,0
13464,AMUL ICE CREAM CREME RICH ALMONS FUDGE 125ML,40,0,0,0,0,0,0,0,0,0,0,0,0,0,0
13465,DIET FOODS SOYA SAIL 150GM,60,0,0,0,0,0,0,0,0,0,0,0,0,0,0
13466,JABSONS SOYA STIC  CHINESE CHATKA 150GM,55,0,0,0,0,0,0,0,0,0,0,0,0,0,0
13467,JABSONS CLASSIC HAND ROASTED PEANUTS 150GM,55,0,0,0,0,0,0,0,0,0,0,0,0,0,0
13468,REAL JUICE ACTIVE APLE 200ML,25,0,0,0,0,0,0,0,0,0,0,0,0,0,0
13469,FIAMA DI WILLS MEN REFRESHING PULSE 3X125GM,186,0,0,0,0,0,0,0,0,0,0,0,0,0,0
13470,SAVLON SOAP GENTLE MOISTURISING 2X125GM,75,0,0,0,0,0,0,0,0,0,0,0,0,0,0
13471,PARLE MONACO CRACKER SANDWICH CHEESE 100GM,30,0,0,0,0,0,0,0,0,0,0,0,0,0,0
13472,CATCH PIZZA SEASONING 40GM,99,0,0,0,0,0,0,0,0,0,0,0,0,0,0
13473,CATCH PASTA SEASONING 40GM,99,0,0,0,0,0,0,0,0,0,0,0,0,0,0
13474,CATCH RED CHILLI FLAKES 30GM,60,0,0,0,0,0,0,0,0,0,0,0,0,0,0
13475,PARLE MONACO CRACKER SANDWICH CHOCOLATE 100GM,25,0,0,0,0,0,0,0,0,0,0,0,0,0,0
13476,PARLE SIMPLY GOOD DIGESTIVE SLIMZ 120GM,15,0,0,0,0,0,0,0,0,0,0,0,0,0,0
13477,MOTHER DAIRY CREAM 200ML,46,1,0,0,0,0,0,0,0,0,0,0,0,0,1
13478,GOLDEE SKETCH CLOUR PEN,15,0,0,0,0,0,0,0,0,0,0,0,0,0,0
13479,BOURN VITA LIL CHMPS 500GM,228,0,0,0,0,0,0,0,0,0,0,0,0,0,0
13481,HEAD & SHOULDER SHAMPOO COOL MENTHOL 340ML,250,0,0,0,0,0,0,0,0,0,0,0,0,0,0
13482,AKARSHIT DIET CHIPS 70GM,45,-5,0,0,0,0,0,0,0,0,0,0,0,0,-5
13483,VIM LIQUITDPOWER OF 100 LEMONS 55ML,10,0,0,0,0,0,0,0,0,0,0,0,0,0,0
13484,LUX SOAP PEACH & CREAM MINI 30GM,5,0,0,0,0,0,0,0,0,0,0,0,0,0,0
13487,ONLY SALAD SEASONING GRINDER 50GM,109,0,0,0,0,0,0,0,0,0,0,0,0,0,0
13488,ONLY SOUP SEASONING GRINDER 45GM,99,0,0,0,0,0,0,0,0,0,0,0,0,0,0
13489,ONLY ITALIAN SEASONING GRINDER 45GM,119,0,0,0,0,0,0,0,0,0,0,0,0,0,0
13490,ONLY BLACK PEPPER GRINDER 50GM,159,0,0,0,0,0,0,0,0,0,0,0,0,0,0
13491,ONLY FRUIT SEASONING GRINDER 55GM,119,0,0,0,0,0,0,0,0,0,0,0,0,0,0
13492,ONLY SALT GRINDER 100GM,59,0,0,0,0,0,0,0,0,0,0,0,0,0,0
13493,ONLY PINK SALT GRINDER 100GM,79,0,0,0,0,0,0,0,0,0,0,0,0,0,0
13494,GARNIER FAIRNESS CREAM WHITE COMPLETE SPF19 90GM,160,0,0,0,0,0,0,0,0,0,0,0,0,0,0
13495,ONLY TROPICAL HEAT GRINDER 40GM,109,0,0,0,0,0,0,0,0,0,0,0,0,0,0
13496,SUNFEAST HIFI BUTTER COOKIES 40GM,5,0,0,0,0,0,0,0,0,0,0,0,0,0,0
13497,SUNFEAST HIFI BUTTER COOKIES 150GM,20,0,0,0,0,0,0,0,0,0,0,0,0,0,0
13498,SUNFEAST HIFI CASHEW BUTTER COOKIES 150GM,20,0,0,0,0,0,0,0,0,0,0,0,0,0,0
13499,SUNFEAST HIFI CASHEW BUTTER COOKIES 40GM,5,0,0,0,0,0,0,0,0,0,0,0,0,0,0
13500,FUN FOODS PASTA & PIZZA SAUCE 850GM,149,0,0,0,0,0,0,0,0,0,0,0,0,0,0
13501,FUN FOODS PEANUT BUTTER CRUNCHY 1KG,275,0,0,0,0,0,0,0,0,0,0,0,0,0,0
13502,FUN FOODS PEANUT BUTTER CREAMY 1KG,275,0,0,0,0,0,0,0,0,0,0,0,0,0,0
13503,CREMICA BUTTER COOKIES CLASSIC RICH 90GM,10,0,0,0,0,0,0,0,0,0,0,0,0,0,0
13504,HIMALAYA FAIRNESS KESAR FACE PACK 50GM,75,0,0,0,0,0,0,0,0,0,0,0,0,0,0
13505,DEL MONTE PINEAPPLE SLICE 266GM,110,0,0,0,0,0,0,0,0,0,0,0,0,0,0
13506,VANLEER WHITE CONFECTION 500GM,145,0,0,0,0,0,0,0,0,0,0,0,0,0,0
13507,PONDS WHITE MULTI ACTION FACIAL WASH 100GM,149,0,0,0,0,0,0,0,0,0,0,0,0,0,0
13508,FAIR & LOVELY MEN MAX FAIRNESS CREAM 9GM,10,0,0,0,0,0,0,0,0,0,0,0,0,0,0
13509,FAIR & LOVELY ADVANCED MULTI VITAMIN 9GM,8,0,0,0,0,0,0,0,0,0,0,0,0,0,0
13510,AXE AFTERSHAVE DARK TEMPTATION 50GM,120,0,0,0,0,0,0,0,0,0,0,0,0,0,0
13511,HIMALAYA SOAP ALMOND & ROSE  4X125GM,160,0,0,0,0,0,0,0,0,0,0,0,0,0,0
13512,TRESEMME SHAMPOO IONIC STRENGTH 190ML,165,0,0,0,0,0,0,0,0,0,0,0,0,0,0
13513,TRESEMME SHAMPOO IONIC STRENGTH 580ML,420,0,0,0,0,0,0,0,0,0,0,0,0,0,0
13514,TRESEMME CONDITIONER IONIC STRENGTH 85ML,99,0,0,0,0,0,0,0,0,0,0,0,0,0,0
13515,TRESEMME CONDITIONER IONIC STRENGTH 190ML,220,1,0,0,0,0,0,0,0,0,0,0,0,0,1
13516,AXE LATHER SHAVING CREAM DENIM 78GM,70,0,0,0,0,0,0,0,0,0,0,0,0,0,0
13517,FRESH ONES SOFT & SILKY FACIAL TISSUES BOX 200PULLS,125,0,0,0,0,0,0,0,0,0,0,0,0,0,0
13518,FRESH ONES BATHROOM KOTTON 1ROLL,34,0,0,0,0,0,0,0,0,0,0,0,0,0,0
13519,FRESH ONES NAPKIN 3PLY,75,0,0,0,0,0,0,0,0,0,0,0,0,0,0
13520,FRESH ONES DINNER NAPKIN 2PLY,40,0,0,0,0,0,0,0,0,0,0,0,0,0,0
13521,FRESH ONES PREMIUM  NAPKIN 2PLY,60,0,0,0,0,0,0,0,0,0,0,0,0,0,0
13522,PALMOLIVE SHOWER GEL ENERGY+JOYOUS 250ML+250ML,270,0,0,0,0,0,0,0,0,0,0,0,0,0,0
13523,COLGATE TOOTH PASTE SENSITIVE ORIGINAL 3X80GM,200,0,0,0,0,0,0,0,0,0,0,0,0,0,0
13524,COLGATE TOOTH BRUSH 360 SURROUND DESIGN MEDIUM,79,0,0,0,0,0,0,0,0,0,0,0,0,0,0
13525,KNORR SOUP HOT & SOUR CHICKEN 44GM,50,0,0,0,0,0,0,0,0,0,0,0,0,0,0
13526,KNORR SOUP SWEET CORN CHICKEN 42GM,55,2,0,0,0,0,0,0,0,0,0,0,0,0,2
13527,PARLE GOLDEN ARCS STRAWBERRY 75GM,25,0,0,0,0,0,0,0,0,0,0,0,0,0,0
13528,BRITANNIA GOOD DAY RICH BUTTER COOKIES 39GM,5,0,0,0,0,0,0,0,0,0,0,0,0,0,0
13530,LIFEBUOY SOAP TOTAL 125GM,28,8,0,0,0,0,0,0,0,0,0,0,0,0,8
13531,ZANDU BALM ULTRA POWER 8ML,40,0,0,0,0,0,0,0,0,0,0,0,0,0,0
13532,HIMALAYA SOAP CUCUMBER & COCONUT 75GM,30,0,0,0,0,0,0,0,0,0,0,0,0,0,0
13533,HIMALAYA SOAP CREAM & HONEY 75GM,30,1,0,0,0,0,0,0,0,0,0,0,0,0,1
13534,TATA SHAKTI BESAN 1KG,92,0,0,0,0,0,0,0,0,0,0,0,0,0,0
13535,AIR WICK FRESHMATIC AUTOMATIC REFILL SPRAY CITRUS SPICE 250ML,299,0,0,0,0,0,0,0,0,0,0,0,0,0,0
13537,KISSAN TWIST SWEET & SPICY SAUCE 1KG,150,0,0,0,0,0,0,0,0,0,0,0,0,0,0
13538,MOTHER DAIRY ICE CREAM BLACK FOREST CAKE 525GM,400,1,0,0,0,0,0,0,0,0,0,0,0,0,1
13539,DELIVERY CHARGE,30,-104,0,0,0,0,0,0,0,0,0,0,0,0,-104
13540,AMUL ICE CREAM BUTTER SCOTCH CUP 100ML,20,32,0,0,0,0,0,0,0,0,0,0,0,0,32
13541,ACT II NACHOZ SALTED 150GM,55,0,0,0,0,0,0,0,0,0,0,0,0,0,0
13544,BRITANNIA GOOD DAY CASHEW COOKIES 58GM,10,47,0,0,0,0,0,0,0,0,0,0,0,0,47
13546,NIVEA MEN GROOMING KIT,649,0,0,0,0,0,0,0,0,0,0,0,0,0,0
13549,LUBE MAK CLASSIC 500ML,130,26,0,0,0,0,0,0,0,0,0,0,0,0,26
13550,LUBE BRAKE OIL 250ML,80,15,0,0,0,0,0,0,0,0,0,0,0,0,15
13551,LUBE MAK ELITE 500ML,135,42,0,0,0,0,0,0,0,0,0,0,0,0,42
13552,LUBE 2T OIL 1LTR,230,14,0,0,0,0,0,0,0,0,0,0,0,0,14
13553,LUBE 2T OIL 250ML,60,5,0,0,0,0,0,0,0,0,0,0,0,0,5
13554,LUBE MAK 4T NXT 900ML,350,33,0,0,0,0,0,0,0,0,0,0,0,0,33
13555,LUBE MAK ELITE 3LTR,775,19,0,0,0,0,0,0,0,0,0,0,0,0,19
13556,LUBE MAK GOLD PLUS 5LTR,1194,0,0,0,0,0,0,0,0,0,0,0,0,0,0
13557,LUBE MAK AUTO X.L 3LTR,660,6,0,0,0,0,0,0,0,0,0,0,0,0,6
13558,LUBE MAK CLASSIC 3LTR,773,0,0,0,0,0,0,0,0,0,0,0,0,0,0
13559,LUBE MAK MULTIGRADE 5LTR,1285,0,0,0,0,0,0,0,0,0,0,0,0,0,0
13560,LUBE MAK SPIROL 1LTR,229,0,0,0,0,0,0,0,0,0,0,0,0,0,0
13561,LUBE MAK 4T NXT 1LTR,320,0,0,0,0,0,0,0,0,0,0,0,0,0,0
13562,LUBE MAK REDI KOOL 1LTR,185,0,0,0,0,0,0,0,0,0,0,0,0,0,0
13563,LUBE MAK REDI KOOL 500ML,95,32,0,0,0,0,0,0,0,0,0,0,0,0,32
13564,LUBE MAK A.T.F 1LTR,230,18,0,0,0,0,0,0,0,0,0,0,0,0,18
13565,LUBE MAK A.T.F 500ML,120,41,0,0,0,0,0,0,0,0,0,0,0,0,41
13566,LUBE MAK DIAMOND PLUS 1LTR,250,5,0,0,0,0,0,0,0,0,0,0,0,0,5
13567,LUBE MAK 4T PLUS 1LTR,285,24,0,0,0,1,0,0,0,0,0,0,0,0,23
13568,LUBE HONDA ACTIVE 800ML,280,0,0,0,0,0,0,0,0,0,0,0,0,0,0
13569,LUBE MAK ELITE 1LTR,260,20,0,0,0,1,0,0,0,0,0,0,0,0,19
13570,LUBE BRAKE OIL 500ML,161,0,0,0,0,0,0,0,0,0,0,0,0,0,0
13571,LUBE MAK CLASSIC 1LTR,255,9,0,0,0,0,0,0,0,0,0,0,0,0,9
13572,LUBE MAK MULTIGRADE 1LTR,263,0,0,0,0,0,0,0,0,0,0,0,0,0,0
13573,LUBE 2T OIL 500ML,115,15,0,0,0,1,0,0,0,0,0,0,0,0,14
13574,LUBE MAK GOLD PLUS 1LTR,249,0,0,0,0,0,0,0,0,0,0,0,0,0,0
13575,LUBE DIAMOND PLUS 15LTR,3679,0,0,0,0,0,0,0,0,0,0,0,0,0,0
13576,SIMCO EXTRA CARE HAIR GEL 50GM,30,0,0,0,0,0,0,0,0,0,0,0,0,0,0
13577,FOLLOWME BOUQUET IMPERIAL SPRAY PERFUME 30ML,99,0,0,0,0,0,0,0,0,0,0,0,0,0,0
13578,FOLLOWME SPRING ESSENSE SPRAY PERFUME 30ML,99,0,0,0,0,0,0,0,0,0,0,0,0,0,0
13579,FOLLOWME PERFECT WAVES SPRAY PERFUME 30ML,99,0,0,0,0,0,0,0,0,0,0,0,0,0,0
13580,FOLLOWME EXOTIC GARDEN  SPRAY PERFUME 30ML,99,0,0,0,0,0,0,0,0,0,0,0,0,0,0
13581,KNORR SOUP SWEET CORN VEGETABLE 52GM,55,3,0,0,0,0,0,0,0,0,0,0,0,0,3
13582,KNORR INTERNATIONAL THAI VEGETABLE SOUP 46GM,60,0,0,0,0,0,0,0,0,0,0,0,0,0,0
13583,KNORR INTERNATIONAL MEXICAN TOMATO CORN SOUP 52GM,60,0,0,0,0,0,0,0,0,0,0,0,0,0,0
13584,LUBE SYSTEM G 200ML,325,15,0,0,0,2,0,0,0,0,0,0,0,0,13
13585,LUBE SYSTEM D 250ML,275,10,0,0,0,0,0,0,0,0,0,0,0,0,10
13586,LUBE 4T PLUS 900ML,260,43,0,0,0,1,0,0,0,0,0,0,0,0,42
13587,UNIBIC CHOCO RIPPLE COOKIES 150GM,30,0,0,0,0,0,0,0,0,0,0,0,0,0,0
13588,UNIBIC CHOCO RIPPLE COOKIES 75GM,10,0,0,0,0,0,0,0,0,0,0,0,0,0,0
13589,DANONE MILK SHAKE VANILLA 180ML,25,0,0,0,0,0,0,0,0,0,0,0,0,0,0
13590,SENSODYNE FRESH MINT 130GM,160,2,0,0,0,0,0,0,0,0,0,0,0,0,2
13591,SENSODYNE FRESH GEL 130GM,160,1,0,0,0,0,0,0,0,0,0,0,0,0,1
13592,SENSODYNE TOOTH BRUSH SENSITIVE SOFT 1N,45,0,0,0,0,0,0,0,0,0,0,0,0,0,0
13593,HORLICKS CLASSIC MALT BOX 500GM,204,0,0,0,0,0,0,0,0,0,0,0,0,0,0
13594,TOPS ZINGY SNACK SAUCE 12GM,1,0,0,0,0,0,0,0,0,0,0,0,0,0,0
13595,AIR WICK ESSENTIAL OIL ORANGE BLOSSOM 250ML,499,0,0,0,0,0,0,0,0,0,0,0,0,0,0
13596,DETTOL HAND WASH COOL LIQUID REFILL2X185ML,77,0,0,0,0,0,0,0,0,0,0,0,0,0,0
13597,RING GARD ADVANCE 12GM,60,0,0,0,0,0,0,0,0,0,0,0,0,0,0
13598,DETTOL HAND WASH SKINCARE BUY 3 GET 1FREE 4X185ML,114,0,0,0,0,0,0,0,0,0,0,0,0,0,0
13599,STAYFREE SECURE COTTONY SOFT EXTRA LARGE 20PADS,110,7,0,0,0,0,0,0,0,0,0,0,0,0,7
13602,GATSBY STYLING WAX HARD & FREE 25GM,75,0,0,0,0,0,0,0,0,0,0,0,0,0,0
13603,GATSBY STYLING WAX LOOSE & FLOW 25GM,75,0,0,0,0,0,0,0,0,0,0,0,0,0,0
13604,GATSBY STYLING WAX POWER & SPIKES 25GM,75,1,0,0,0,0,0,0,0,0,0,0,0,0,1
13605,GATSBY STYLING WAX TOUCH & SHINE 25GM,75,0,0,0,0,0,0,0,0,0,0,0,0,0,0
13606,GATSBY STYLING WAX EXTREME & FIRM 25GM,75,1,0,0,0,0,0,0,0,0,0,0,0,0,1
13607,ARIEL COCOUR BRILLIANT CLEANING IN 1 WASH 2KG,370,0,0,0,0,0,0,0,0,0,0,0,0,0,0
13608,PANTENE SHAMPOO DAILY MOISTURE RENEWAL 340ML,230,0,0,0,0,0,0,0,0,0,0,0,0,0,0
13611,CLINIC PLUS SHAMPOO NATURALLY STRONG HEALTH 175ML,80,0,0,0,0,0,0,0,0,0,0,0,0,0,0
13612,KOHINOOR SILVER 1KG,145,0,0,0,0,0,0,0,0,0,0,0,0,0,0
13613,FEVICOL CRAFT GLUE 22.5GM,10,0,0,0,0,0,0,0,0,0,0,0,0,0,0
13614,FEVIGUM LIME 200ML,30,0,0,0,0,0,0,0,0,0,0,0,0,0,0
13615,FEVICOL MR 50GM,20,0,0,0,0,0,0,0,0,0,0,0,0,0,0
13616,AMUL BITTER CHOCOLATE 150GM,115,0,0,0,0,0,0,0,0,0,0,0,0,0,0
13617,PAGRO FROZEN GREEN PRAS 500GM,80,0,0,0,0,0,0,0,0,0,0,0,0,0,0
13618,PAGRO FROZEN GREEN PEAS 1KG,165,0,0,0,0,0,0,0,0,0,0,0,0,0,0
13619,CREMICA STRAWBERRY CRUCH 1LTR,180,0,0,0,0,0,0,0,0,0,0,0,0,0,0
13620,CREMICA KIWI CRUCH 1LTR,270,0,0,0,0,0,0,0,0,0,0,0,0,0,0
13621,CREMICA BLACK CURRANT CRUCH 1LTR,270,0,0,0,0,0,0,0,0,0,0,0,0,0,0
13622,CREMICA MAYONNAISE EGG 450GM,138,0,0,0,0,0,0,0,0,0,0,0,0,0,0
13623,LIFREE ABSORBENT PANT XL 8PC,549,0,0,0,0,0,0,0,0,0,0,0,0,0,0
13624,LIFREE ABSORBENT PANT L 9PC,549,0,0,0,0,0,0,0,0,0,0,0,0,0,0
13625,LIFREE ABSORBENT PANT M 10PC,549,1,0,0,0,0,0,0,0,0,0,0,0,0,1
13626,MAMY POKO PANTS XS 10PC,99,0,0,0,0,0,0,0,0,0,0,0,0,0,0
13627,MAMY POKO PANTS EXTRA ABSORB XL 3 PCS,54,0,0,0,0,0,0,0,0,0,0,0,0,0,0
13628,MENTOS COLA FLAVOUR 31GM,10,0,0,0,0,0,0,0,0,0,0,0,0,0,0
13629,SURF EXCEL MATIC FRONT LOAD 1KG,250,7,0,0,0,0,0,0,0,0,0,0,0,0,7
13630,NESTLE CERELAC WHEAT STAGE 1 300GM,157,0,0,0,0,0,0,0,0,0,0,0,0,0,0
13631,NAVRATNA COOL TALC FLORAL FREEZE 100GM,68,0,0,0,0,0,0,0,0,0,0,0,0,0,0
13632,NAVRATNA COOL TALC ORANGY BLAST 100GM,65,0,0,0,0,0,0,0,0,0,0,0,0,0,0
13633,SUNFEAST MARIE LIGHT RICH TASTE 85GM,10,0,0,0,0,0,0,0,0,0,0,0,0,0,0
13634,COLGATE TOOTH PASTE DENTAL CREAM WITH CAVITY PROTECTION 100GM,46,0,0,0,0,0,0,0,0,0,0,0,0,0,0
13635,BATTERY WATER 2LTR,40,7,0,0,0,3,0,0,0,0,0,0,0,0,4
13636,BATTERY WATER 1LTR,20,1,0,0,0,1,0,0,0,0,0,0,0,0,0
13637,DETTOL KITCHEN DISH & SLAB GEL LEMON FRESH 750ML,192,1,0,0,0,0,0,0,0,0,0,0,0,0,1
13639,AKARSHIT SOYA KATORI 120GM,47,0,0,0,0,0,0,0,0,0,0,0,0,0,0
13640,AKARSHIT DIET MIXTURE CURRY PATTA 170GM,40,2,0,0,0,0,0,0,0,0,0,0,0,0,2
13641,PEDIGREE COMBO MIX OFFER 6X80GM,575,0,0,0,0,0,0,0,0,0,0,0,0,0,0
13642,LUX SOAP VELVET TOUCH 3X100GM,70,0,0,0,0,0,0,0,0,0,0,0,0,0,0
13643,LUX SOAP SOFT TOUCH 3X100GM,73,1,0,0,0,0,0,0,0,0,0,0,0,0,1
13644,LIFEBUOY SOAP CLINI-CARE 10 FRESH 75GM,30,0,0,0,0,0,0,0,0,0,0,0,0,0,0
13645,LIFEBUOY SOAP TOTAL 10 3X100GM,58,0,0,0,0,0,0,0,0,0,0,0,0,0,0
13646,REAL JUICE ACTIVE 100%MIXED FRUIT 1LTR,120,0,0,0,0,0,0,0,0,0,0,0,0,0,0
13647,AIR WICK LIFE SCENTS SUMMER DELIGHTS 250ML,275,0,0,0,0,0,0,0,0,0,0,0,0,0,0
13648,AIR WICK LIFE SCENTS SUMMER DELIGHTS 210ML,249,0,0,0,0,0,0,0,0,0,0,0,0,0,0
13649,AIR WICK LIFE SCENTS MYSTICAL GARDEN 210ML,249,0,0,0,0,0,0,0,0,0,0,0,0,0,0
13650,D-FLORA CONE ADVANCE FLOOR CLEANER 275ML,95,0,0,0,0,0,0,0,0,0,0,0,0,0,0
13651,VASELINE INTENSIVE CARE COCOA GLOW 300ML,285,1,0,0,0,0,0,0,0,0,0,0,0,0,1
13652,FAIR & LOVELY AYURVEDIC CARE EXPERT FAIRNESS SOLUTION 50GM,121,1,0,0,0,0,0,0,0,0,0,0,0,0,1
13653,FAIR & LOVELY AYURVEDIC CARE 25GM GLOWING FAIRNESS SOLUTION,68,3,0,0,0,0,0,0,0,0,0,0,0,0,3
13654,GLUMAN BABY HANGER 6 OF SET,110,0,0,0,0,0,0,0,0,0,0,0,0,0,0
13655,SOAP CASE STEEL,65,5,0,0,0,0,0,0,0,0,0,0,0,0,5
13656,PLASTIC ROPE ,32,1,0,0,0,0,0,0,0,0,0,0,0,0,1
13657,SAVLON SOAP GENTLE MOISTURISING 45GM,38,0,0,0,0,0,0,0,0,0,0,0,0,0,0
13658,WHISPER ULTRA CLEAN XL+ WINGS 30PADS,310,5,0,0,0,0,0,0,0,0,0,0,0,0,5
13659,NESTLE CERELAC 5GRAIN & FRUITS STAGE5 IRON FORTIFIED 300GM,249,2,0,0,0,1,0,0,0,0,0,0,0,0,1
13660,PERLA GRANA PADANO 200GM,650,0,0,0,0,0,0,0,0,0,0,0,0,0,0
13661,DOVE ELIXIR NOURISHED SHINE OIL 90ML,185,0,0,0,0,0,0,0,0,0,0,0,0,0,0
13662,LUBE MAK DIAMOND PLUS 3LTR,745,9,0,0,0,0,0,0,0,0,0,0,0,0,9
13663,SUNFEAST HIFI CHOCO COOKIES 150GM,20,0,0,0,0,0,0,0,0,0,0,0,0,0,0
13664,CREMICA DIET MARIE 100GM,10,0,0,0,0,0,0,0,0,0,0,0,0,0,0
13665,GRANORO PENNONI RIGATI 500GM,150,0,0,0,0,0,0,0,0,0,0,0,0,0,0
13666,GILLETTE SHAVING GEL SENSITIVE SKIN 195GM,329,1,0,0,0,0,0,0,0,0,0,0,0,0,1
13667,ARIEL BRILLIANT CLEANING IN 1 WASH 24HR FRESH 2KG,444,0,0,0,0,0,0,0,0,0,0,0,0,0,0
13668,ARIEL BRILLIANT CLEANING IN 1 WASH 24HOUR FRESH 1KG,222,0,0,0,0,0,0,0,0,0,0,0,0,0,0
13669,LIPTON MINT & LEMON FLAVOURED GREEN ICE TEA 500ML,33,0,0,0,0,0,0,0,0,0,0,0,0,0,0
13671,DABUR HONITUS COUGH DROPS 3.2GM,1,366,0,0,0,0,0,0,0,0,0,0,0,0,366
13672,VASELINE INTENSIVE CARE DEEP RESTORE 100ML,83,3,0,0,0,0,0,0,0,0,0,0,0,0,3
13673,AKARSHIT SOYA STICK 150GM,55,0,0,0,0,0,0,0,0,0,0,0,0,0,0
13674,AKARSHIT SOYA CHIPS 150GM,55,0,0,0,0,0,0,0,0,0,0,0,0,0,0
13675,BRITANNIA CAKE NUT & RAISIN ROMANCE 65GM,20,-2,0,0,0,0,0,0,0,0,0,0,0,0,-2
13676,GLADE TOUCH AND FRESH FLORAL PERFETION 12ML,99,0,0,0,0,0,0,0,0,0,0,0,0,0,0
13677,GLADE TOUCH AND FRESH TROPICAL TWIST 12ML,75,0,0,0,0,0,0,0,0,0,0,0,0,0,0
13678,FUN FOODS MAYONNAISE VEG EGGLESS POUCH 100GM,35,10,0,0,0,1,0,0,0,0,0,0,0,0,9
13679,NUTTY PEANUT BUTTER CHOCOLATY 227GM,99,0,0,0,0,0,0,0,0,0,0,0,0,0,0
13680,NUTTY PEANUT BUTTER CRUNCHY 227GM,99,0,0,0,0,0,0,0,0,0,0,0,0,0,0
13681,NUTTY PEANUT BUTTER PINEAPPLE 227GM,99,0,0,0,0,0,0,0,0,0,0,0,0,0,0
13682,NUTTY PEANUT BUTTER CREAMY 227GM,99,0,0,0,0,0,0,0,0,0,0,0,0,0,0
13683,NUTTY DRIED GARLIC CLOVES 150GM,60,0,0,0,0,0,0,0,0,0,0,0,0,0,0
13684,NUTTY DRIED ONION FLAKES 100GM,60,0,0,0,0,0,0,0,0,0,0,0,0,0,0
13685,NUTTY FRIED ONION 200GM,60,0,0,0,0,0,0,0,0,0,0,0,0,0,0
13686,GILLETTE VECTOR 3 RAZOR 1HANDLE 1 BLADE,89,0,0,0,0,0,0,0,0,0,0,0,0,0,0
13687,CREMICA THOUSAND ISLAND SALAD DRESSING 350GM,120,0,0,0,0,0,0,0,0,0,0,0,0,0,0
13688,CREMICA CAESAR SALAD DRESSING 350GM,120,0,0,0,0,0,0,0,0,0,0,0,0,0,0
13689,CREMICA ITALIAN SALAD DRESSING 350GM,120,1,0,0,0,0,0,0,0,0,0,0,0,0,1
13690,CREMICA PIZZA PASTA SAUCE 220GM,80,0,0,0,0,0,0,0,0,0,0,0,0,0,0
13691,CREMICA PIZZA PASTA SAUCE 425GM,125,0,0,0,0,0,0,0,0,0,0,0,0,0,0
13692,PASEO ELEGANT KICHEN TOWEL 1 ROLL,90,2,0,0,0,0,0,0,0,0,0,0,0,0,2
13693,PAGRO MIXED VEGETABLES 1KG,100,0,0,0,0,0,0,0,0,0,0,0,0,0,0
13695,MAYO BITTES VEG SANDWICH 2PIECES,30,0,0,0,0,0,0,0,0,0,0,0,0,0,0
13696,SPICY TREAT MANGO SWEET & SOUR 500GM,94,0,0,0,0,0,0,0,0,0,0,0,0,0,0
13697,MR WHITE 2X ACTIVE POWER 120GM,10,0,0,0,0,0,0,0,0,0,0,0,0,0,0
13698,GATSBY WATER GLOSS SUPER HARD HAIR GEL 75GM,75,0,0,0,0,0,0,0,0,0,0,0,0,0,0
13699,GATSBY STYLING WAX MAT &HARD 25GM,75,0,0,0,0,0,0,0,0,0,0,0,0,0,0
13700,WILD STONE DEO WAVE 120ML,199,0,0,0,0,0,0,0,0,0,0,0,0,0,0
13701,WILD STONE DEO BURST 120ML,199,0,0,0,0,0,0,0,0,0,0,0,0,0,0
13702,WILD STONE DEO SURGE 120ML,199,0,0,0,0,0,0,0,0,0,0,0,0,0,0
13703,BUFFET FLAKY PARATHA 400GM,85,0,0,0,0,0,0,0,0,0,0,0,0,0,0
13704,BUFFET AUTHENTIC TANDOORI NAAN 340GM,95,0,0,0,0,0,0,0,0,0,0,0,0,0,0
13705,COLGATE WAXED DENTAL FLOSS 25GM,75,-2,0,0,0,0,0,0,0,0,0,0,0,0,-2
13706,HANSAPLAST REGULAR 10STRIPS,20,-1,0,0,0,0,0,0,0,0,0,0,0,0,-1
13707,RANI FLOAT STRAWBERRY BANANA DRINKS 180ML,25,0,0,0,0,0,0,0,0,0,0,0,0,0,0
13708,RANI FLOAT PINEAPPLE DRINKD 180ML,25,0,0,0,0,0,0,0,0,0,0,0,0,0,0
13709,RANI FLOAT ORANGE DRINKS 180ML,25,0,0,0,0,0,0,0,0,0,0,0,0,0,0
13710,RANI FLOAT PEACH DRINKS 180ML,25,0,0,0,0,0,0,0,0,0,0,0,0,0,0
13712,CREMICA BOURBON 75GM,12,0,0,0,0,0,0,0,0,0,0,0,0,0,0
13713,GARNIER FACEWASH WHITE COMPLETE SPEED WHITE 50GM,63,0,0,0,0,0,0,0,0,0,0,0,0,0,0
13714,SPRAYMINTT MOUTH FRESHENER ORANGE WAVE 15GM,99,1,0,0,0,0,0,0,0,0,0,0,0,0,1
13715,FAIR & LOVELY ADVANCED MULTI VITAMIN BLUE LENS 50GM,91,0,0,0,0,0,0,0,0,0,0,0,0,0,0
13716,VASELINE INTENSIVE CARE COCOA GLOW 100ML,117,3,0,0,0,0,0,0,0,0,0,0,0,0,3
13717,CREMICA SALSA MEXICANA VEG SAUCE 400GM,115,0,0,0,0,0,0,0,0,0,0,0,0,0,0
13718,CREMICA SALSA MEXICANA VEG SAUCE 220GM,80,2,0,0,0,0,0,0,0,0,0,0,0,0,2
13719,CREMICA CHILLI GARLIC DIP 220GM,80,1,0,0,0,0,0,0,0,0,0,0,0,0,1
13720,JABSONS BANANA WAFERS SPICY MASALA 160GM,45,0,0,0,0,0,0,0,0,0,0,0,0,0,0
13721,JABSONS BANANA WAFERS BLACK PEPPER 75GM,25,0,0,0,0,0,0,0,0,0,0,0,0,0,0
13722,GILLETTE SHAVING GEL FUSION SENSITIVE SKIN HYDRA GEL 195GM,355,0,0,0,0,0,0,0,0,0,0,0,0,0,0
13723,LIPTON GREEN TEA HONEY LEMON 25BAGS,140,2,0,0,0,0,0,0,0,0,0,0,0,0,2
13724,LIPTON GREEN TEA MINT BURST 25BAGS,140,2,0,0,0,0,0,0,0,0,0,0,0,0,2
13725,KISSAN FRESH TOMATO KETCHUP POUCH 1KG,125,1,0,0,0,0,0,0,0,0,0,0,0,0,1
13726,AIR WICK LIFE SCENTS TURQUOISE OASIS SPRAY 250ML,275,0,0,0,0,0,0,0,0,0,0,0,0,0,0
13727,AIR WICK LIFE SCENTS MELON VANILA REFILL AND GADGET 1N,505,0,0,0,0,0,0,0,0,0,0,0,0,0,0
13728,AIR WICK LIFE SCENTS CITRUS SPICE  REFILL AND GADGET 1N,550,0,0,0,0,0,0,0,0,0,0,0,0,0,0
13729,PANTENE SHAMPOO LIVELY CLEAN 400ML,230,2,0,0,0,0,0,0,0,0,0,0,0,0,2
13730,BETTY CROCKER COMPLETE PLANCAKE MIX ORIGINAL 1KG,355,0,0,0,0,0,0,0,0,0,0,0,0,0,0
13731,BETTY CROCKER CHOCO FUDGE CAKE MIX 475GM,250,0,0,0,0,0,0,0,0,0,0,0,0,0,0
13732,BETTY CROCKER DEVILS FOOD CAKE MIX 475GM,250,0,0,0,0,0,0,0,0,0,0,0,0,0,0
13733,BETTY CROCKER CHOCO FUDGE BROWNIE MIX 395GM,250,0,0,0,0,0,0,0,0,0,0,0,0,0,0
13734,WONDERLAND FOODS CASHEW OVEN ROASTED 100GM,150,0,0,0,0,0,0,0,0,0,0,0,0,0,0
13735,WONDERLAND FOODS ALMONDS OVEN ROASTED 100GM,190,0,0,0,0,0,0,0,0,0,0,0,0,0,0
13736,WONDERLAND FOODS PISTACHIO OVEN ROASTED 100GM,190,0,0,0,0,0,0,0,0,0,0,0,0,0,0
13737,WONDERLAND FOODS CASHEW OVEN ROASTED BLACK PEPPER 100GM,150,0,0,0,0,0,0,0,0,0,0,0,0,0,0
13738,PILLSBURY SWEET DELIGHTS MOLTEN CHOCO CAKE MIX 135GM,85,0,0,0,0,0,0,0,0,0,0,0,0,0,0
13739,PILLSBURY MILK CHOCO SPREAD 180GM,160,0,0,0,0,0,0,0,0,0,0,0,0,0,0
13740,PILLSBURY CREAMY VANILLA ICING FLAVOURED 250GM,100,0,0,0,0,0,0,0,0,0,0,0,0,0,0
13741,GREEN GIANT NIBLETS SWEET CORN 165GM,95,0,0,0,0,0,0,0,0,0,0,0,0,0,0
13742,GREEN GIANT NIBLETS SWEET CORN 285GM,140,0,0,0,0,0,0,0,0,0,0,0,0,0,0
13743,NESTLE NAN PRO 4 FORMULA 400GM,520,1,0,0,0,0,0,0,0,0,0,0,0,0,1
13744,HIMALAYA SOAP ALMOND & ROSE  4X75GM,109,0,0,0,0,0,0,0,0,0,0,0,0,0,0
13745,NAVNEET FUN PREMIUM COLOUR PENCILS 24 PENCILS,150,2,0,0,0,0,0,0,0,0,0,0,0,0,2
13746,TRESEMME STYLING KIT SMOOTH SHINE,443,0,0,0,0,0,0,0,0,0,0,0,0,0,0
13747,TRESEMME STYLING KIT KERTAN SMOOTH,514,0,0,0,0,0,0,0,0,0,0,0,0,0,0
13748,PIDILITE FLEX KWIK 20GM,40,0,0,0,0,0,0,0,0,0,0,0,0,0,0
13749,KEYA MATHURA CHAAT MASALA 40G,50,0,0,0,0,0,0,0,0,0,0,0,0,0,0
13750,KEYA INSTANT HOT & SOUR CHICHEN SOUP 44GM BUY2GET1 FREE,40,2,0,0,0,0,0,0,0,0,0,0,0,0,2
13751,KEYA INSTANT CREAMY CHICKEN SOUP 48GM,40,2,0,0,0,0,0,0,0,0,0,0,0,0,2
13752,KEYA INSTANT CREAMY MUSHROOM SOUP 44GM,40,1,0,0,0,0,0,0,0,0,0,0,0,0,1
13753,KEYA INSTANT SWEET CORN VEGETABLE SOUP 14GM,10,0,0,0,0,0,0,0,0,0,0,0,0,0,0
13754,LIPTON GREEN TEA LEMON ZEST 25BAGS,140,2,0,0,0,0,0,0,0,0,0,0,0,0,2
13755,CAKE TREE VEG FOOTLONG,50,3,0,0,0,0,0,0,0,0,0,0,0,0,3
13756,CREMICA ENGLISH MUSTARD SAUCE 300GM,77,0,0,0,0,0,0,0,0,0,0,0,0,0,0
13757,CHINGS SCHWZWAN FRIED RICE MIRACLE MASALA20GM,10,0,0,0,0,0,0,0,0,0,0,0,0,0,0
13758,CHINGS PANEER CHILLI MASALA 20GM,10,0,0,0,0,0,0,0,0,0,0,0,0,0,0
13759,CHINGS VEG MANCHURIAN MIRACLE MASALA 20GM,10,0,0,0,0,0,0,0,0,0,0,0,0,0,0
13760,CHINGS HAKKA NOODLES CHOWMEIN MIRACLE MASALA 20GM,10,0,0,0,0,0,0,0,0,0,0,0,0,0,0
13761,ANNE FRENCH CREAM HAIR REMOVER REFRESHING LEMON 40GM,62,1,0,0,0,0,0,0,0,0,0,0,0,0,1
13762,ANNE FRENCH CREAM HAIR REMOVAL ORIENTAL ROSE 25GM,57,1,0,0,0,0,0,0,0,0,0,0,0,0,1
13763,ANNE FRENCH CREAM HAIR REMOVER SENSUAL SANDAL 25GM,57,0,0,0,0,0,0,0,0,0,0,0,0,0,0
13764,ANNE FRENCH CREAM HAIR REMOVER SOOTHING ALOE 25GM,57,0,0,0,0,0,0,0,0,0,0,0,0,0,0
13765,GARNIER FACE WASH WHITE COMPLETE DOUBLE ACTION LEMON AND WHITE CLAY 100GM,160,0,0,0,0,0,0,0,0,0,0,0,0,0,0
13766,GARNIER FACE WASH WHITE COMPLETE DOUBLE ACTION LEMON AND WHITE CLAY 50GM,90,0,0,0,0,0,0,0,0,0,0,0,0,0,0
13767,CREMICA MAGICREAM ORANGE FLAVOURED BISCUIT 100GM,10,0,0,0,0,0,0,0,0,0,0,0,0,0,0
13768,PARLE MONACO CRACKER SANDWICH PEANUT BUTTER 100GM,25,0,0,0,0,0,0,0,0,0,0,0,0,0,0
13769,PARLE COCONUT CRUNCHY BISCUITS 200GM,20,2,0,0,0,0,0,0,0,0,0,0,0,0,2
13770,CREMICA BUTTER CREAM BISCUITS 100GM,16,0,0,0,0,0,0,0,0,0,0,0,0,0,0
13771,CREMICA STRAWBERRY CREAM BISCUTS 100GM,16,0,0,0,0,0,0,0,0,0,0,0,0,0,0
13772,PARK AVENUE SHAVING FOAM RE GEN 300GM,199,0,0,0,0,0,0,0,0,0,0,0,0,0,0
13773,PARK AVENUE DEO ZION 100GM,195,0,0,0,0,0,0,0,0,0,0,0,0,0,0
13774,VANISH SHAKTI O2 PLUS POWDER 30GM,10,0,0,0,0,0,0,0,0,0,0,0,0,0,0
13775,YARDLEY DEO LONDON LACE SATIN SENSITIVE SKIN 150ML,249,0,0,0,0,0,0,0,0,0,0,0,0,0,0
13776,YARDLEY DEO LONDON LACE  SENSITIVE SKIN 150ML,249,0,0,0,0,0,0,0,0,0,0,0,0,0,0
13777,ORGANIC NATION PLUM PRESERVE SPREAD 450GM,170,0,0,0,0,0,0,0,0,0,0,0,0,0,0
13778,ORGANIC NATION APRICOT PRESERVE SPREAD 450GM,170,0,0,0,0,0,0,0,0,0,0,0,0,0,0
13779,LIPTON GREEN TEA PURE & LIGHT 25BAGS,140,2,0,0,0,0,0,0,0,0,0,0,0,0,2
13780,LIPTON GREEN TEA HONEY LEMON 10BAGS,60,3,0,0,0,0,0,0,0,0,0,0,0,0,3
13781,AMUL MILK CHOCOLATE SMOOTTH AND CREAMY 150GM,90,5,0,0,0,0,0,0,0,0,0,0,0,0,5
13782,OREO BISCUIT ROAST ALMOND CREAM 150GM,35,0,0,0,0,0,0,0,0,0,0,0,0,0,0
13783,ROYAL TOILET TISUE 6IN1,200,2,0,0,0,0,0,0,0,0,0,0,0,0,2
13784,ROYAL TOILET TISUE SOFT ABSORBENT 1ROLL,43,0,0,0,0,0,0,0,0,0,0,0,0,0,0
13785,PREMIER ALUMINIUM FOIL 1KG,475,3,0,0,0,0,0,0,0,0,0,0,0,0,3
13786,IFB PRAWNS MEDIUM 200GM,165,0,0,0,0,0,0,0,0,0,0,0,0,0,0
13787,IFB PRAWNS SMALL 200GM,120,0,0,0,0,0,0,0,0,0,0,0,0,0,0
13788,IFB PRAWNS LARGE 200GM,180,0,0,0,0,0,0,0,0,0,0,0,0,0,0
13789,IFB PRAWNS EXTRA LARGE 200GM,195,-1,0,0,0,0,0,0,0,0,0,0,0,0,-1
13790,IFB PRAWNS JUMBO 200GM,250,0,0,0,0,0,0,0,0,0,0,0,0,0,0
13791,IFB PRAWNS SUPER JUMBO 200GM,280,0,0,0,0,0,0,0,0,0,0,0,0,0,0
13792,IFB PRAWNS POPS 200GM,195,0,0,0,0,0,0,0,0,0,0,0,0,0,0
13793,IFB FISH FINGERS 200GM,180,0,0,0,0,0,0,0,0,0,0,0,0,0,0
13794,IFB BREADED FISH FILLETS 200GM,170,0,0,0,0,0,0,0,0,0,0,0,0,0,0
13795,IFB FISH FRITTERS 600GM,310,0,0,0,0,0,0,0,0,0,0,0,0,0,0
13796,IFB FISH POPPERS 300GM,170,0,0,0,0,0,0,0,0,0,0,0,0,0,0
13797,FORTUNE ROZANA BASMATI RICE 1KG,105,0,0,0,0,0,0,0,0,0,0,0,0,0,0
13798,AKARSHIT DIET CHIPS LOW FAT 70GM,45,5,0,0,0,0,0,0,0,0,0,0,0,0,5
13799,MENTOS MIXED FRUIT RS.1,1,0,0,0,0,0,0,0,0,0,0,0,0,0,0
13800,HIMALAYA NATURAL GLOW FAIRNESS CREAM 50GM,85,0,0,0,0,0,0,0,0,0,0,0,0,0,0
13801,HIMALAYA NATURAL GLOW FAIRNESS CREAM 25GM,44,0,0,0,0,0,0,0,0,0,0,0,0,0,0
13802,DABUR ANMOL GOLD PURE COCONUT OIL 500ML,190,1,0,0,0,0,0,0,0,0,0,0,0,0,1
13803,NIHAR NATURALS SARSO OIL 34ML,10,4,0,0,0,0,0,0,0,0,0,0,0,0,4
13804,NIHAR NATURALS SARSO OIL 175ML,45,1,0,0,0,0,0,0,0,0,0,0,0,0,1
13805,LIA FLORESS AGARBATHIES 130GM,50,0,0,0,0,0,0,0,0,0,0,0,0,0,0
13806,LIA CREAME AGARBATHIES 130GM,50,0,0,0,0,0,0,0,0,0,0,0,0,0,0
13807,FILTER ,50,0,0,0,0,0,0,0,0,0,0,0,0,0,0
13808,PARLE 20-20 BUTTER JEERA COOKIES 90GM,10,1,0,0,0,0,0,0,0,0,0,0,0,0,1
13809,AIR WICK AIR FRESHENER SPRAY MORNING ROSE DEW 200GM,150,0,0,0,0,0,0,0,0,0,0,0,0,0,0
13810,MENTOS ASSORTED FRUIT FLAVOURS RS.1,1,0,0,0,0,0,0,0,0,0,0,0,0,0,0
13811,HIMALAYA LIP BALM STRAWBERRY SHINE 4.5GM,125,0,0,0,0,0,0,0,0,0,0,0,0,0,0
13812,HIMALAYA LIP BALM SUN PROTECTION 4.5GM,100,0,0,0,0,0,0,0,0,0,0,0,0,0,0
13813,NIHAR NATURALS SARSO OIL 70ML,20,0,0,0,0,0,0,0,0,0,0,0,0,0,0
13815,MOTHERSRECIPE SABUDANA PAPAD 75GM,26,1,0,0,0,0,0,0,0,0,0,0,0,0,1
13816,PALMOLIVE HANDWASH HYDRATING LIME & MINT 250ML,150,0,0,0,0,0,0,0,0,0,0,0,0,0,0
13817,PALMOLIVE HANDWASH HYDRATING RASPBERRY 250ML,150,0,0,0,0,0,0,0,0,0,0,0,0,0,0
13818,PALMOLIVE HANDWASH LRRESISTIBLE SOFTNESS BLACK ORCHID & MILK 250ML,99,0,0,0,0,0,0,0,0,0,0,0,0,0,0
13819,PALMOLIVE HANDWASH DEEP CLEANSING SEA MINERALS 250ML,99,0,0,0,0,0,0,0,0,0,0,0,0,0,0
13820,CYCLE OM SHANTHI DHOOP AGARBATHI,50,0,0,0,0,0,0,0,0,0,0,0,0,0,0
13821,AMBI PUR ULTRA CONTROL LAVENDER SPA 2X7.5ML,440,0,0,0,0,0,0,0,0,0,0,0,0,0,0
13822,VICCO VAJRADANTI PASTE 150GM,83,5,0,0,0,0,0,0,0,0,0,0,0,0,5
13823,WHEEL ACTIVE POWDER BLUE 1KG,52,0,0,0,0,0,0,0,0,0,0,0,0,0,0
13824,TETLEY GREEN TEA LONG LEAF WITH LEMON100GM,100,0,0,0,0,0,0,0,0,0,0,0,0,0,0
13825,LUBE MAK SUPER COOL 500ML,150,5,0,0,0,0,0,0,0,0,0,0,0,0,5
13826,LUBE MAK SUPER COOL 1LTR,290,11,0,0,0,0,0,0,0,0,0,0,0,0,11
13827,KURKURE KHATTA MEETHA MIX 190GM,35,10,0,0,0,0,0,0,0,0,0,0,0,0,10
13828,CREMICA CHILLI GARLIC DIP 425GM,112,0,0,0,0,0,0,0,0,0,0,0,0,0,0
13829,CREMICA RUSSIAN SALAD DRESSING 350GM,120,1,0,0,0,0,0,0,0,0,0,0,0,0,1
13830,CREMICA VINAIGRETTE SALAD DRESSING 350GM,115,2,0,0,0,0,0,0,0,0,0,0,0,0,2
13831,TOPS VINEGAR BROWN NON FRUIT 610ML,43,1,0,0,0,0,0,0,0,0,0,0,0,0,1
13832,NEUTROGENA FRESH FOAMING CLEANSER 200ML,399,0,0,0,0,0,0,0,0,0,0,0,0,0,0
13833,PARLE TOP SPIN CRACKER WITH A TWIST 200GM,25,0,0,0,0,0,0,0,0,0,0,0,0,0,0
13834,ROSE HAND FACE & BODY LOTION 250ML,150,0,0,0,0,0,0,0,0,0,0,0,0,0,0
13835,TRESEMME SHAMPOO SPLIT REMEDY STYLING KIT,514,0,0,0,0,0,0,0,0,0,0,0,0,0,0
13836,BASKIN ROBBINS ICE CREAM COTTON CANDY 500ML,199,0,0,0,0,0,0,0,0,0,0,0,0,0,0
13837,BASKIN ROBBINS ICE CREAM MISSISSIPPI MUD 500ML,269,0,0,0,0,0,0,0,0,0,0,0,0,0,0
13838,BASKIN ROBBINS ICE CREAM BLACK CURRANT 500ML,269,0,0,0,0,0,0,0,0,0,0,0,0,0,0
13839,BASKIN ROBBINS ICE CREAM HONEY NUT CRUNCH 500ML,269,0,0,0,0,0,0,0,0,0,0,0,0,0,0
13840,BASKIN ROBBINS ICE CREAM ALMOND PRALINE GOLD 500ML,269,0,0,0,0,0,0,0,0,0,0,0,0,0,0
13841,BASKIN ROBBINS ICE CREAM MISSISSIPPI MUD 125ML,69,0,0,0,0,0,0,0,0,0,0,0,0,0,0
13842,BASKIN ROBBINS ICE CREAM HONEY NUT CRUNCH 125ML,69,0,0,0,0,0,0,0,0,0,0,0,0,0,0
13843,BASKIN ROBBINS ICE CREAM GOLD MEDAL RIBBON 125ML,69,0,0,0,0,0,0,0,0,0,0,0,0,0,0
13844,FUN FOODS CHEESY NACHO DIP 275GM,99,0,0,0,0,0,0,0,0,0,0,0,0,0,0
13845,HIMALAYA CONDITIONER DAMAGE REPAIR PROTEIN 100ML,70,1,0,0,0,0,0,0,0,0,0,0,0,0,1
13846,UNCLE CHIPS SENDHA NAMAK 95GM,35,0,0,0,0,0,0,0,0,0,0,0,0,0,0
13847,OLYMPUS FETA CHEESE 200GM,615,0,0,0,0,0,0,0,0,0,0,0,0,0,0
13848,DAIRYLAND MOZZARELLA CHEESE 200GM,480,0,0,0,0,0,0,0,0,0,0,0,0,0,0
13849,KERRYGOLD WHITE CHEDDAR CHEESE 200GM,475,0,0,0,0,0,0,0,0,0,0,0,0,0,0
13850,KERRYGOLD RED CHEDDAR CHEESE 200GM,475,0,0,0,0,0,0,0,0,0,0,0,0,0,0
13851,NORDEX FOOD DANISH WHITE CHEESE 200GM,240,0,0,0,0,0,0,0,0,0,0,0,0,0,0
13852,ROYAL HOLLANDIA GOUDA 260GM,575,0,0,0,0,0,0,0,0,0,0,0,0,0,0
13853,DAIRYLAND DANISH CAMEMBERT CHEESE 125GM,415,0,0,0,0,0,0,0,0,0,0,0,0,0,0
13854,CANZONA DANABLU DANISH BLUE CHEESE 100GM,300,0,0,0,0,0,0,0,0,0,0,0,0,0,0
13855,LODIGRANA BELLALODI CHEESE 200GM,770,0,0,0,0,0,0,0,0,0,0,0,0,0,0
13856,HEINRICHSTHALER EMMENTALER CHEESE 200GM,480,0,0,0,0,0,0,0,0,0,0,0,0,0,0
13857,AMUL REJOICE GIFT PACK,150,0,0,0,0,0,0,0,0,0,0,0,0,0,0
13858,EXO TOUCH & SHINE DISHBAR 300GM,24,0,0,0,0,0,0,0,0,0,0,0,0,0,0
13863,HALDIRAMS SWEET & SPICY 850GM,235,0,0,0,0,0,0,0,0,0,0,0,0,0,0
13866,HALDIRAMS KABHI KHATTA KABHI MEETHA 700GM,205,0,0,0,0,0,0,0,0,0,0,0,0,0,0
13870,GOWARDHAN NATURAL CHEESE MONTERER JACK 200GM,149,0,0,0,0,0,0,0,0,0,0,0,0,0,0
13871,GOWARDHAN NATURAL CHEESE CHEDDAR ORANGE 200GM,149,0,0,0,0,0,0,0,0,0,0,0,0,0,0
13872,PEPSODENT TOOTH BRUSH GUM EXPERT SOFT,55,0,0,0,0,0,0,0,0,0,0,0,0,0,0
13873,VASELINE INTENSIVE CARE DEEP RESTORE 200ML,185,2,0,0,0,0,0,0,0,0,0,0,0,0,2
13874,FAIR & LOVELY MEN MAX FAIRNESS 15GM,20,0,0,0,0,0,0,0,0,0,0,0,0,0,0
13875,LIFEBUOY HANDWASH TOTAL10 BUY2GET1FREE 2X185ML,92,0,0,0,0,0,0,0,0,0,0,0,0,0,0
13876,SUNDROP HEALTHY WORLD SUNFLOWER OIL 1LTR,110,0,0,0,0,0,0,0,0,0,0,0,0,0,0
13877,COMB RS.5,5,25,0,0,0,0,0,0,0,0,0,0,0,0,25
13878,GIFT TAG RS.2PEC,2,0,0,0,0,0,0,0,0,0,0,0,0,0,0
13879,WILD STONE DEO CHARGE PERFUME BODY SPRAY 120ML,199,0,0,0,0,0,0,0,0,0,0,0,0,0,0
13880,WILD STONE DEO THRILL PERFUME BODY SPRAY 120ML,199,0,0,0,0,0,0,0,0,0,0,0,0,0,0
13881,PASEO ELEGANT KITCHEN TOWEL 2ROLL,155,7,0,0,0,0,0,0,0,0,0,0,0,0,7
13882,LUBE DIAMOND PLUS 5LTR,1200,0,0,0,0,0,0,0,0,0,0,0,0,0,0
13883,LUBE MAK MP3 GREASE 1KG,328,0,0,0,0,0,0,0,0,0,0,0,0,0,0
13884,WHISPER CHOICE REGULAR 7PADS,30,14,0,0,0,0,0,0,0,0,0,0,0,0,14
13885,PAMPERS PREMIUM CARE XL EXTRA LARGE 16PANTS,450,0,0,0,0,0,0,0,0,0,0,0,0,0,0
13886,MCCAIN SMILES PUDINA CHATKA 375GM,110,6,0,0,0,0,0,0,0,0,0,0,0,0,6
13887,ORGANIC NATION STRAWBERRY PRESERVE SPREAD 450GM,180,0,0,0,0,0,0,0,0,0,0,0,0,0,0
13888,KNORR SOUP CHICKEN DELITE 11GM,15,0,0,0,0,0,0,0,0,0,0,0,0,0,0
13889,KNORR SOUP SWEET CORN CHICKEN 13GM,15,0,0,0,0,0,0,0,0,0,0,0,0,0,0
13890,KURKURE NAVRATAN MIX TANGY TWIST 190GM,35,9,0,0,0,0,0,0,0,0,0,0,0,0,9
13891,NIVEA SOAP CREME SOFT 125GM,65,0,0,0,0,0,0,0,0,0,0,0,0,0,0
13892,FRUTINS PEACHES HALVES IN SYRUP 460GM,185,0,0,0,0,0,0,0,0,0,0,0,0,0,0
13893,FIAMA DI WILLS SHOWER GE LEMONGRASS & JOJOBA 250ML,199,0,0,0,0,0,0,0,0,0,0,0,0,0,0
13894,KARACHI BAKERY PISTA BISCUITS 400GM,170,0,0,0,0,0,0,0,0,0,0,0,0,0,0
13895,KARACHI BAKERY CHOCOLATE CASHEW BISCUIT 400GM,180,0,0,0,0,0,0,0,0,0,0,0,0,0,0
13896,KARACHI BAKERY CASHEW BISCUITS 400GM,190,0,0,0,0,0,0,0,0,0,0,0,0,0,0
13897,KARACHI BAKERY ZEERA CUMIN BISCUITS 400GM,150,0,0,0,0,0,0,0,0,0,0,0,0,0,0
13898,KARACHI BAKERY FRUIT BISCUITS 400GM,170,0,0,0,0,0,0,0,0,0,0,0,0,0,0
13899,KARACHI BAKERY DOUBLE DELIGHT 400GM,180,0,0,0,0,0,0,0,0,0,0,0,0,0,0
13900,KARACHI BAKERY TRUPLE DELIGHT BISCUIT 600GM,270,0,0,0,0,0,0,0,0,0,0,0,0,0,0
13901,LIPTON GREEN TEA TULSI NATURA TEA BAGS 25BAGS,140,2,0,0,0,0,0,0,0,0,0,0,0,0,2
13902,TIDE PLUS 5KG,388,0,0,0,0,0,0,0,0,0,0,0,0,0,0
13903,PAMPERS PREMIUM PANTS ULTRA SOFT & DRY SMALL 9DIAPERS,150,0,0,0,0,0,0,0,0,0,0,0,0,0,0
13904,PAMPERS PREMIUM PANTS ULTRA SOFT & DRY LARGE 9DIAPERS,170,0,0,0,0,0,0,0,0,0,0,0,0,0,0
13905,BRITANNIA GOOD DAY CHUNKIES 60GM,30,0,0,0,0,0,0,0,0,0,0,0,0,0,0
13906,SANI FRESH GERM GUARD TOILET CLEANER 500ML,69,0,0,0,0,0,0,0,0,0,0,0,0,0,0
13907,NIVEA MEN DARK SPOT REDUCTION CREAM 150ML,260,0,0,0,0,0,0,0,0,0,0,0,0,0,0
13908,KURKURE SHAHI MIX 165GM,35,9,0,0,0,0,0,0,0,0,0,0,0,0,9
13909,TIFY OLIVES JALAPENO STUFFED 350GM,140,0,0,0,0,0,0,0,0,0,0,0,0,0,0
13910,AIR WICK AIR FRESHENER SPRAY SANDALWOOD & JASMINE 245ML,150,0,0,0,0,0,0,0,0,0,0,0,0,0,0
13911,AIR WICK AIR FRESHENER SPRAY FRESH WATER 245ML,150,0,0,0,0,0,0,0,0,0,0,0,0,0,0
13912,AIR WICK AIR FRESHENER SPRAY CITRUS SPLASH 245ML,150,0,0,0,0,0,0,0,0,0,0,0,0,0,0
13913,DETTOL SHAVING FOAM ORIGINAL FRESH 200GM,175,0,0,0,0,0,0,0,0,0,0,0,0,0,0
13914,DETTOL SGAVING FOAM COOL 200GM,175,0,0,0,0,0,0,0,0,0,0,0,0,0,0
13915,CREMICA FRINCH FRIES CLASSIC50GM,40,0,0,0,0,0,0,0,0,0,0,0,0,0,0
13916,TRESEMME SHAMPOO HAIR FALL CONTROL DEFENSE 190ML,105,0,0,0,0,0,0,0,0,0,0,0,0,0,0
13917,LOREAL CASTING CREME GLOSS COLOUR 316 BURGUNDY 24ML,199,0,0,0,0,0,0,0,0,0,0,0,0,0,0
13918,LOREAL CASTING CREAM GLOSS 200 EBONY BLACK 24ML,299,1,0,0,0,1,0,0,0,0,0,0,0,0,0
13919,GARNIER COLOR NATURAL CREAM 1 NATURAL BLACK 24ML,80,1,0,0,0,0,0,0,0,0,0,0,0,0,1
13920,MENTOS STRAWBERRY FLAVOUR RS.1,1,0,0,0,0,0,0,0,0,0,0,0,0,0,0
13921,ALPENLIEBE GOLD RICH MILKY CARAMEL TOFFEE RS.1,1,0,0,0,0,0,0,0,0,0,0,0,0,0,0
13922,MAGAZINE ECONOMIST THE WORLD IN 2018,800,0,0,0,0,0,0,0,0,0,0,0,0,0,0
13923,BASKIN ROBBINS ICE CREAM VERY BERRY STRAWBERRY 125ML,69,0,0,0,0,0,0,0,0,0,0,0,0,0,0
13924,BASKIN ROBBINS ICE CREAM CHOCOLATE 500ML,269,0,0,0,0,0,0,0,0,0,0,0,0,0,0
13925,BASKIN ROBBINS ICE CREAM VERY BERRY STRAWBERRY 500ML,269,0,0,0,0,0,0,0,0,0,0,0,0,0,0
13926,KURKURE BIKANERI BHUJIA 180GM,35,9,0,0,0,0,0,0,0,0,0,0,0,0,9
13927,BASKIN ROBBINS ICE CREAM VANILLA 500ML,199,0,0,0,0,0,0,0,0,0,0,0,0,0,0
13928,BASKIN ROBBINS ICE CREAM GOLD MEDAL RIBBON 500ML,269,0,0,0,0,0,0,0,0,0,0,0,0,0,0
13929,KURKURE MOONG DAL SALTED 150GM,35,8,0,0,0,0,0,0,0,0,0,0,0,0,8
13930,KURKURE CHATPATA MIX 190GM,35,9,0,0,0,0,0,0,0,0,0,0,0,0,9
13931,KURKURE ALOO BHUJIA 175GM,35,0,0,0,0,0,0,0,0,0,0,0,0,0,0
13932,LUBE HYDRAVIC OIL 20LTR,3460,0,0,0,0,0,0,0,0,0,0,0,0,0,0
13933,LUBE SUPER KOOLANT 3LTR,800,7,0,0,0,0,0,0,0,0,0,0,0,0,7
13934,ACT II NACHOZ JALAPENO FLAVOR 60GM,30,2,0,0,0,0,0,0,0,0,0,0,0,0,2
13935,ACT II NACHOZ JALAPENO FLAVOR 150GM,55,0,0,0,0,0,0,0,0,0,0,0,0,0,0
13936,ACT II NACHOZ SALTED 60GM,30,2,0,0,0,0,0,0,0,0,0,0,0,0,2
13937,ORGANIC NATION ORANGE MARMALADE HIGH FRUIT MARMALADE 450GM,170,0,0,0,0,0,0,0,0,0,0,0,0,0,0
13938,ORGANIC NATION PINEAPPLE PRESERVE SPREAD 450GM,160,0,0,0,0,0,0,0,0,0,0,0,0,0,0
13939,CREMICA CHIPOTLE SANDWICH MAYO 375GM,125,0,0,0,0,0,0,0,0,0,0,0,0,0,0
13940,M-SEAL SUPER EPOXY PUTTY 10GM,5,0,0,0,0,0,0,0,0,0,0,0,0,0,0
13941,M-SEAL PHATAPHAT 25GM,10,0,0,0,0,0,0,0,0,0,0,0,0,0,0
13942,LOREAL CASTING CREAM GLOSS 300 DARKEST BROWN 24ML,199,1,0,0,0,0,0,0,0,0,0,0,0,0,1
13943,PONDS WHITE BEAUTY SPF15PA FAIRNESS CREAM 50GM,210,0,0,0,0,0,0,0,0,0,0,0,0,0,0
13944,HIMALAYA LIP CARE LITCHI SHINE 4.5GM,125,0,0,0,0,0,0,0,0,0,0,0,0,0,0
13945,BOOK MARK RS.30,29,0,0,0,0,0,0,0,0,0,0,0,0,0,0
13946,BOOK MARK RS.40,40,0,0,0,0,0,0,0,0,0,0,0,0,0,0
13947,GODREJ NO.1 SOAP NATURE SOFT GLYCERIN & HONEY 3X125GM,110,0,0,0,0,0,0,0,0,0,0,0,0,0,0
13948,GOURMETS DELITE WAFERS STRAWBERRY 150GM,65,0,0,0,0,0,0,0,0,0,0,0,0,0,0
13949,GOURMETS DELITE WAFERS CAPPUCCINO 150GM,65,0,0,0,0,0,0,0,0,0,0,0,0,0,0
13950,GOURMETS DELITE WAFERS VANILLA 150GM,65,0,0,0,0,0,0,0,0,0,0,0,0,0,0
13951,GOURMETS DELITE WAFERS MILK CARAMEL 150GM,65,0,0,0,0,0,0,0,0,0,0,0,0,0,0
13952,GOURMETS DELITE WAFERS ORANGE 150GM,65,0,0,0,0,0,0,0,0,0,0,0,0,0,0
13953,GOURMETS DELITE WAFERS CHOCOLATE 150GM,65,0,0,0,0,0,0,0,0,0,0,0,0,0,0
13954,PAMPERS BABY DRY LARGE 9DIAPERS,139,0,0,0,0,0,0,0,0,0,0,0,0,0,0
13955,PREMIER NAPKIN FUNSERV 50PULLS 2PLY,55,16,0,0,0,4,0,0,0,0,0,0,0,0,12
13956,TROPICANA JUICE MOSAMBI 1LTR,110,0,0,0,0,0,0,0,0,0,0,0,0,0,0
13957,MONGINIS SWISS ROLL CHOCOLATE + STRAWBERRY TWIN PACK 200GM,50,0,0,0,0,0,0,0,0,0,0,0,0,0,0
13958,MONGINIS BAR CAKES FRUITS +CHOCOLATE TWIN PACK 200GM,50,0,0,0,0,0,0,0,0,0,0,0,0,0,0
13959,NAVNEET POSTER COLOURS 6 SHADES,70,5,0,0,0,0,0,0,0,0,0,0,0,0,5
13960,NAVNEET REGISTER 504 PAGES,250,0,0,0,0,0,0,0,0,0,0,0,0,0,0
13961,NAVNEET EXAM BOARD REGULAR,70,0,0,0,0,0,0,0,0,0,0,0,0,0,0
13962,SENOR PEPITO TORTILLA CHIPS HERBY SALSA 65GM,30,-4,0,0,0,0,0,0,0,0,0,0,0,0,-4
13963,NIVEA SOAP CREME SOFT 5X125GM,260,0,0,0,0,0,0,0,0,0,0,0,0,0,0
13964,NIVEA LIP CARE FRUITY STRAWBERRY 10GM,45,0,0,0,0,0,0,0,0,0,0,0,0,0,0
13965,NIVEA LIP CARE ESSENTIAL SHEA BUTTER 10GM,45,0,0,0,0,0,0,0,0,0,0,0,0,0,0
13966,PUREZ WHITE BUTTER 200GM,180,0,0,0,0,0,0,0,0,0,0,0,0,0,0
13967,PUREZ DOUBLE CREAM 200ML,80,0,0,0,0,0,0,0,0,0,0,0,0,0,0
13968,PUREZ FRESH CREAM 200ML,45,0,0,0,0,0,0,0,0,0,0,0,0,0,0
13969,PUREZ WHIPPING CREAM 200ML,100,0,0,0,0,0,0,0,0,0,0,0,0,0,0
13970,PARLE SIMPLY GOOD DIGESTIVE MARIE 250GM,30,0,0,0,0,0,0,0,0,0,0,0,0,0,0
13971,PARLE COCONUT CRUNCHY BISCUITS 300GM,30,0,0,0,0,0,0,0,0,0,0,0,0,0,0
13972,SUNFEAST DELISHUS CHOCOLATE CHIP 100GM,50,0,0,0,0,0,0,0,0,0,0,0,0,0,0
13973,COLGATE TOOTH PASTE STRONG TEETH CAVITY PROTECTION 50GM,18,0,0,0,0,0,0,0,0,0,0,0,0,0,0
13974,COLGATE TOOTH BRUSH ZIG ZAG PLUS MEDIUM 1NOS,25,0,0,0,0,0,0,0,0,0,0,0,0,0,0
13975,COLGATE TOOTH BRUSH SUPER SHINE SOFT 1NOS,20,0,0,0,0,0,0,0,0,0,0,0,0,0,0
13976,TOPS PLAIN NOODLES 400GM,41,0,0,0,0,0,0,0,0,0,0,0,0,0,0
13977,CREMICA HEALTHY OATMEAL COOKIES 75GM,20,0,0,0,0,0,0,0,0,0,0,0,0,0,0
13978,BISLERI WATER 500ML,10,23,0,0,0,0,0,0,0,0,0,0,0,0,23
13979,BISLERI WATER 1LTR,20,1,0,0,0,1,0,0,0,0,0,0,0,0,0
13980,TILSONA TIL OIL 1LTR,260,1,0,0,0,0,0,0,0,0,0,0,0,0,1
13981,GARNIER FRUCTIS SHAMPOO GOODBYE DAMAGE MRP OFF 340ML,200,0,0,0,0,0,0,0,0,0,0,0,0,0,0
13982,ORGANIC NATION OREGANO 30GM,80,1,0,0,0,0,0,0,0,0,0,0,0,0,1
13983,DABUR RATNAPRASH STRENGTH STAMINA & VIGOUR 900ML,580,0,0,0,0,0,0,0,0,0,0,0,0,0,0
13984,DABUR RATNAPRASH STRENGTH STAMINA & VIGOUR 450ML,300,0,0,0,0,0,0,0,0,0,0,0,0,0,0
13985,DABUR GULABARI LOTION ROSE GLOW 100ML,65,0,0,0,0,0,0,0,0,0,0,0,0,0,0
13986,DABUR GULABARI LOTION ROSE GLOW 200ML,130,0,0,0,0,0,0,0,0,0,0,0,0,0,0
13987,DABUR GULABARI LOTION ROSE GLOW 350ML,185,0,0,0,0,0,0,0,0,0,0,0,0,0,0
13988,PARK AVENUE SOAP COOL BLUE 4X125GM,135,1,0,0,0,0,0,0,0,0,0,0,0,0,1
13989,PARK AVENUE SOAP LUXURY BUY 3 GET 1 FREE 3X125GM,120,0,0,0,0,0,0,0,0,0,0,0,0,0,0
13990,PARK AVENUE DEO AFTER 8 EAU DE PARFUM 50ML,199,0,0,0,0,0,0,0,0,0,0,0,0,0,0
13991,PARK AVENUE DEO ORIGINAL EAU DE PARFUM 50ML,199,0,0,0,0,0,0,0,0,0,0,0,0,0,0
13992,BORO PLUS TOTAL RESULTS MOISTURE LOTION GRAPE & OLIVE  OIL 100ML,70,0,0,0,0,0,0,0,0,0,0,0,0,0,0
13993,BORO PLUS COCOA SOFT MOISTURISING LOTION 100ML,100,0,0,0,0,0,0,0,0,0,0,0,0,0,0
13994,CREMICA MAGICREAM CHOCOLATE FLAVOURED SANDWICH BISCUIT 90GM,10,0,0,0,0,0,0,0,0,0,0,0,0,0,0
13995,CREMICA MAGICREAM ELACHI BISCUIT 100GM,10,0,0,0,0,0,0,0,0,0,0,0,0,0,0
13996,AASHIRVAAD READY MEALS PAV BHAJI 285GM,75,0,0,0,0,0,0,0,0,0,0,0,0,0,0
13997,AASHIRVAAD READY MEALS PALAK PANEER 285GM,85,0,0,0,0,0,0,0,0,0,0,0,0,0,0
13998,AASHIRVAAD READY MEALS RAJMA MASALA 285GM,75,0,0,0,0,0,0,0,0,0,0,0,0,0,0
13999,WILD STONE TALCUM FOREST SPICE  DEO 300GM,125,0,0,0,0,0,0,0,0,0,0,0,0,0,0
14000,DENVER SOAP BLACK.CODE 75GM,25,0,0,0,0,0,0,0,0,0,0,0,0,0,0
14001,CANDYMAN CHOCO DOUBLE ECLAIRS RS.1,1,0,0,0,0,0,0,0,0,0,0,0,0,0,0
14002,BINGO TEDHE MEDHE MASALA TADKA 135GM,20,0,0,0,0,0,0,0,0,0,0,0,0,0,0
14003,BINGO MAD ANGLES ACHAARI MASTI 140GM,30,0,0,0,0,0,0,0,0,0,0,0,0,0,0
14004,BINGO YUMITOS INTERNATIONAL CREAM AND ONION 89GM,30,0,0,0,0,0,0,0,0,0,0,0,0,0,0
14006,TROPICANA JUICE MOSAMBI 200ML,20,0,0,0,0,0,0,0,0,0,0,0,0,0,0
14007,ZANDU CHYAVANPRASH 450GM,159,0,0,0,0,0,0,0,0,0,0,0,0,0,0
14008,ZANDU CHYAVANPRASH 900GM,285,0,0,0,0,0,0,0,0,0,0,0,0,0,0
14009,NIVEA SCRUB SKIN REFINING 150ML,190,0,0,0,0,0,0,0,0,0,0,0,0,0,0
14010,NIVEA MEN DARK SPOT REDUCTION CREME 75ML,180,1,0,0,0,0,0,0,0,0,0,0,0,0,1
14011,SWADESHI DALIA 300GM,26,0,0,0,0,0,0,0,0,0,0,0,0,0,0
14012,SWADESHI HANDMADE SEWIAN 300GM,45,0,0,0,0,0,0,0,0,0,0,0,0,0,0
14013,KURKURE KARARE PEANUTS 155GM,35,8,0,0,0,0,0,0,0,0,0,0,0,0,8
14014,PARLE GOLD STAR BUTTER COOKIES 150GM,20,0,0,0,0,0,0,0,0,0,0,0,0,0,0
14015,GARNIER HAIR CREAM BLACK NATURALS BURGUNDY  NATURAL 3.16 45ML,160,0,0,0,0,0,0,0,0,0,0,0,0,0,0
14016,BHUIRA GINGER & APPLE JELLY 470GM,250,0,0,0,0,0,0,0,0,0,0,0,0,0,0
14017,PEDIASURE VANILLA DELIGHT BOX 200GM,285,0,0,0,0,0,0,0,0,0,0,0,0,0,0
14018,PEDIASURE VANILLA DELIGHT BOX 400GM,500,0,0,0,0,0,0,0,0,0,0,0,0,0,0
14019,PEDIASURE VANILLA DELIGHT BOX 750GM,910,1,0,0,0,0,0,0,0,0,0,0,0,0,1
14020,PEDIASURE PREMIUM CHOCOLATE FLAVOUR BOX 750GM,925,0,0,0,0,0,0,0,0,0,0,0,0,0,0
14021,PEDIASURE PREMIUM CHOCOLATE BOX 200GM,290,0,0,0,0,0,0,0,0,0,0,0,0,0,0
14022,FAIR AND HANDSOME COMPLETE WINTER SOLUTION MOISTURE BOOSTERS 60GM,135,3,0,0,0,0,0,0,0,0,0,0,0,0,3
14023,FAIR AND HANDSOME COMPLETE WINTER SOLUTION MOISTURE BOOSTERS 30GM,75,0,0,0,0,0,0,0,0,0,0,0,0,0,0
14024,FAIR AND HANDSOME COMPLETE WINTER SOLUTION MOISTURE BOOSTERS 15GM,30,0,0,0,0,0,0,0,0,0,0,0,0,0,0
14025,EMAMI 7 IN 1 HAIR OIL 200ML,115,3,0,0,0,0,0,0,0,0,0,0,0,0,3
14026,PAPER BOAT ANAR 200ML,25,0,0,0,0,0,0,0,0,0,0,0,0,0,0
14027,GILLETTE MACH3 TURBO RAZORMORE COMFORT,220,2,0,0,0,0,0,0,0,0,0,0,0,0,2
14028,NAVNEET SOFT BOUND 388 PAGES,145,0,0,0,0,0,0,0,0,0,0,0,0,0,0
14029,GUM 150GM,15,0,0,0,0,0,0,0,0,0,0,0,0,0,0
14030,GUM 300GM,32,0,0,0,0,0,0,0,0,0,0,0,0,0,0
14031,ODDY CORRECTION PEN,25,0,0,0,0,0,0,0,0,0,0,0,0,0,0
14032,HANDS ON SANITIZER LIME 50ML,59,8,0,0,0,0,0,0,0,0,0,0,0,0,8
14033,AMUL BUTTER UNSALTED 500GM,225,0,0,0,0,0,0,0,0,0,0,0,0,0,0
14034,GODREJ NO.1 SOAP NATURE SOFT GLYCERIN & HONEY 3X75GM,68,0,0,0,0,0,0,0,0,0,0,0,0,0,0
14035,GODREJ HAND SANITIZER PROTEKT 30ML,50,0,0,0,0,0,0,0,0,0,0,0,0,0,0
14036,FOGG DEO PARFUM I AM QUEEM 90ML,499,0,0,0,0,0,0,0,0,0,0,0,0,0,0
14037,FOGG DEO PARFUM INTENSIO 90ML,499,0,0,0,0,0,0,0,0,0,0,0,0,0,0
14038,FOGG DEO PARFUM XTREMO 90ML,499,0,0,0,0,0,0,0,0,0,0,0,0,0,0
14039,FOGG DEO PARFUM XPRESSIO 90ML,499,0,0,0,0,0,0,0,0,0,0,0,0,0,0
14040,FOGG DEO PARFUM MAKE MY DAY WOMEN 90ML,499,0,0,0,0,0,0,0,0,0,0,0,0,0,0
14041,FOGG DEO PARFUM IMPRESSIO 90ML,499,0,0,0,0,0,0,0,0,0,0,0,0,0,0
14042,FOGG DEO PARFUM BEAUTIFUL SECRET WOMEN 90ML,499,0,0,0,0,0,0,0,0,0,0,0,0,0,0
14043,KAMA SUTRA DEO RUSH 150ML,200,0,0,0,0,0,0,0,0,0,0,0,0,0,0
14044,KAMA SUTRA DEO WOO 150ML,200,0,0,0,0,0,0,0,0,0,0,0,0,0,0
14045,WHEEL ACTIVE POWDER 500GM,26,0,0,0,0,0,0,0,0,0,0,0,0,0,0
14046,TATA TEA FUSION GREEN TEA 250GM,125,0,0,0,0,0,0,0,0,0,0,0,0,0,0
14047,TATA TEA FUSION KENYAN TEA 250GM,125,0,0,0,0,0,0,0,0,0,0,0,0,0,0
14048,PARLE MILANO DELICIOUSLY RICH CHOCOLATE CHIP COOKIES 75GM,30,16,0,0,0,3,0,0,0,0,0,0,0,0,13
14049,LIA CITRIC TANGO AGARBATHIES 130GM,50,0,0,0,0,0,0,0,0,0,0,0,0,0,0
14050,LIA LILIUM AGARBATHIES 130GM,50,0,0,0,0,0,0,0,0,0,0,0,0,0,0
14051,HAJMOLA YOODLEY NIMBOORA SHIKANJI 250ML,30,0,0,0,0,0,0,0,0,0,0,0,0,0,0
14052,HAJMOLA YOODLEY GUAVA NO1 250ML,30,0,0,0,0,0,0,0,0,0,0,0,0,0,0
14053,SCOTCH BRITE COTTON MOP 3M,300,0,0,0,0,0,0,0,0,0,0,0,0,0,0
14054,MOTHERS RECIPE MADRAS APPALAM PAPADI 100GM,45,0,0,0,0,0,0,0,0,0,0,0,0,0,0
14055,CREMICA MAGICREAM STRAWBERRY FLAVOURED SANSWICH BISCUITS 100GM,10,0,0,0,0,0,0,0,0,0,0,0,0,0,0
14056,MENTOS MARBLELS ORANGE FLAVOURS 14.3GM,5,0,0,0,0,0,0,0,0,0,0,0,0,0,0
14057,TIFY RELISH JALAPENO 330GM,125,0,0,0,0,0,0,0,0,0,0,0,0,0,0
14058,TIFY RELISH MUSTRAD 330GM,125,1,0,0,0,0,0,0,0,0,0,0,0,0,1
14059,TIFY RELISH SWEET GHERKIN 330GM,125,0,0,0,0,0,0,0,0,0,0,0,0,0,0
14060,DELICIOUS CHICKEN CHEESE GARLIC FINGER 300GM,150,0,0,0,0,0,0,0,0,0,0,0,0,0,0
14061,DELICIOUS CHICKEN PLAIN SALAMI 500GM,200,0,0,0,0,0,0,0,0,0,0,0,0,0,0
14062,DELICIOUS CHICKEN CHEESE PEPPER SAUSAGES 300GM,150,0,0,0,0,0,0,0,0,0,0,0,0,0,0
14063,DELICIOUS CHICKEN POPCORN 500GM,200,0,0,0,0,0,0,0,0,0,0,0,0,0,0
14064,DELICIOUS CHICKEN RINGS 300GM,150,0,0,0,0,0,0,0,0,0,0,0,0,0,0
14065,DELICIOUS CHICKEN MARINATED TIKKA 300GM,175,0,0,0,0,0,0,0,0,0,0,0,0,0,0
14066,DELICIOUS CHICKEN CORDON BLEU 500GM,250,0,0,0,0,0,0,0,0,0,0,0,0,0,0
14067,DELICIOUS CHICKEN JALAPENO SALAMI 300GM,150,0,0,0,0,0,0,0,0,0,0,0,0,0,0
14068,DELICIOUS CHICKEN KHEEMA 400GM,225,0,0,0,0,0,0,0,0,0,0,0,0,0,0
14069,GODREJ HAND WASH PROTEKT HAPPY FOAM 250ML,119,0,0,0,0,0,0,0,0,0,0,0,0,0,0
14070,GODREJ HAND WASH PROTEKT MASTERCHEFS 300ML,89,0,0,0,0,0,0,0,0,0,0,0,0,0,0
14071,GODREJ HAND WASH PROTEKT MASTERBLASTER 300ML,89,0,0,0,0,0,0,0,0,0,0,0,0,0,0
14073,GODREJ HAND WASH PROTEKT MASTERBLASTER REFILL PACK 225ML,49,0,0,0,0,0,0,0,0,0,0,0,0,0,0
14074,GILLETTE MACH3 SENSITIVE DURACOMFORT BLADES,200,0,0,0,0,0,0,0,0,0,0,0,0,0,0
14075,GILLETTE MACH3DURACOMFORT BLADES,180,0,0,0,0,0,0,0,0,0,0,0,0,0,0
14076,GILLETTE VECTOR3 GET FAST SHAVE BLADE,99,0,0,0,0,0,0,0,0,0,0,0,0,0,0
14077,VICKS VAPORUB 110ML,199,0,0,0,0,0,0,0,0,0,0,0,0,0,0
14078,GLASS RS.3/-,3,1159,0,0,0,3,0,0,0,0,0,0,0,0,1156
14079,GOURMETS DELITE WAFERS MANGO 150GM,65,0,0,0,0,0,0,0,0,0,0,0,0,0,0
14080,GOLDEN CROWN WORCESTERSHIRE RAISING SAUCE 200GM,50,-1,0,0,0,0,0,0,0,0,0,0,0,0,-1
14081,ONGS BLACK PEPPER SAUCE 227GM,190,0,0,0,0,0,0,0,0,0,0,0,0,0,0
14082,EVEREADY LED BULB 300 LUMES 3W,275,0,0,0,0,0,0,0,0,0,0,0,0,0,0
14083,EVEREADY LED BULB 1400 LUMENS 14W,649,0,0,0,0,0,0,0,0,0,0,0,0,0,0
14084,EVEREADY LED BULB 960 LUMENS 8W+8W,599,0,0,0,0,0,0,0,0,0,0,0,0,0,0
14085,EVEREADY LED BULB 900 LUMENS 9W,160,0,0,0,0,0,0,0,0,0,0,0,0,0,0
14086,EVEREADY LED BULB 700 LUMENS 7W,140,0,0,0,0,0,0,0,0,0,0,0,0,0,0
14087,EVEREADY LED BULB 500 LUMENS 5W,125,0,0,0,0,0,0,0,0,0,0,0,0,0,0
14088,PUMPKIN SEED 100GM,66,10,0,0,0,0,0,0,0,0,0,0,0,0,10
14089,BLUE BERRY 100GM,205,1,0,0,0,0,0,0,0,0,0,0,0,0,1
14090,BETTY CROCKER COMPLETE PLANCAKE MIX ORIGINAL 500GM,185,0,0,0,0,0,0,0,0,0,0,0,0,0,0
14091,PILLSBURY MILK CHOCO SPREAD 350GM,250,0,0,0,0,0,0,0,0,0,0,0,0,0,0
14092,WONDERLAND FOODS ALMONDS ROASTED & SALTED 200GM,365,0,0,0,0,0,0,0,0,0,0,0,0,0,0
14093,WONDERLAND FOODS PISTACHIO JUMBO NUT 200GM,365,0,0,0,0,0,0,0,0,0,0,0,0,0,0
14094,WONDERLAND FOODS CASHEW ROASTED & SALTED 200GM,285,0,0,0,0,0,0,0,0,0,0,0,0,0,0
14095,GALA SCRUBS 1PAD,30,0,0,0,0,0,0,0,0,0,0,0,0,0,0
14096,GOWARDHAN SUPREMO NATURALLY RICH AND DELICIOUS COWS MILK 1LTR,65,0,0,0,0,0,0,0,0,0,0,0,0,0,0
14098,LIMCA BOTTLE 300ML,20,0,0,0,0,0,0,0,0,0,0,0,0,0,0
14099,NIVEA MEN DARK SPOT REDUCTION CREAM 30ML,95,0,0,0,0,0,0,0,0,0,0,0,0,0,0
14100,NIVEA MEN OIL CONTROL MOISTURISER UV 10X WHITENING EFFECT 50ML,190,0,0,0,0,0,0,0,0,0,0,0,0,0,0
14101,POP CORN 110GM,15,0,0,0,0,0,0,0,0,0,0,0,0,0,0
14102,ORGANIC NATION PREMIUM SELECT TEA 100GM,160,0,0,0,0,0,0,0,0,0,0,0,0,0,0
14103,ORGANIC NATION GREEN TEA WHOLE LEAF 100GM,240,1,0,0,0,0,0,0,0,0,0,0,0,0,1
14104,KURKURE NUT CRACKER 155GM,35,10,0,0,0,0,0,0,0,0,0,0,0,0,10
14105,MONGINIS CHOCOLATE PLUM CAKE WITH CREAMY LAYER 100GM,50,0,0,0,0,0,0,0,0,0,0,0,0,0,0
14106,MONGINIS SWISS PLUM CAKE 100GM,50,0,0,0,0,0,0,0,0,0,0,0,0,0,0
14107,MONGINIS CHOCO WALNUT BROWNIE CAKE 300GM,120,0,0,0,0,0,0,0,0,0,0,0,0,0,0
14108,COLGATE TOOTH BRUSH EXTRA CLEAN SOFT 1NOS,20,0,0,0,0,0,0,0,0,0,0,0,0,0,0
14109,GOWARDHAN CHEESE SLICE GREEN CHUTNEY 200GM,140,3,0,0,0,0,0,0,0,0,0,0,0,0,3
14110,HAJMOLA YOODLEY JAZBAAFI JALJEERA 250ML,30,0,0,0,0,0,0,0,0,0,0,0,0,0,0
14111,HAJMOLA YOODLEY KABHI KALA KABHI KHATTA 250ML,30,0,0,0,0,0,0,0,0,0,0,0,0,0,0
14112,HAJMOLA YOODLEY GOLMAAL GOLGAPPA 250ML,30,0,0,0,0,0,0,0,0,0,0,0,0,0,0
14113,HAJMOLA YOODLEY AJOOBA AAM PANNA 250ML,30,0,0,0,0,0,0,0,0,0,0,0,0,0,0
14114,ODONIL NATURAL ORCHID DEW 50GM,44,0,0,0,0,0,0,0,0,0,0,0,0,0,0
14115,NUTRUS GREEN COFFE 20SACHETS,265,0,0,0,0,0,0,0,0,0,0,0,0,0,0
14116,NUTRUS TEA PROBIOTIC GREEN TEA 20SACHETS,185,0,0,0,0,0,0,0,0,0,0,0,0,0,0
14117,NUTRUS TEA TULSI GREEN TEA 20SACHETS,185,0,0,0,0,0,0,0,0,0,0,0,0,0,0
14118,NUTRUS TEA SLIM TEA  MINT FLAVOUR 20SACHETS,185,0,0,0,0,0,0,0,0,0,0,0,0,0,0
14119,NUTRUS GREEN COFFEE PUNCH 20SACHETS,270,0,0,0,0,0,0,0,0,0,0,0,0,0,0
14120,LIFEBUOY HAND SANITIZER NATURAL 55ML,60,0,0,0,0,0,0,0,0,0,0,0,0,0,0
14121,TRESEMME CONDITIONER SPA REJUVENATION NOURISH & REVIVE 200ML,220,1,0,0,0,0,0,0,0,0,0,0,0,0,1
14122,VASELINE INTENSIVE CARE COCOA GLOW PUMP 300ML,285,0,0,0,0,0,0,0,0,0,0,0,0,0,0
14123,PEPSODENT TOOTH BRUSH FLEXI ACTION MEDIUM,25,0,0,0,0,0,0,0,0,0,0,0,0,0,0
14124,CANDAYMAN CHOCO DOUBLE ECLAIRS 400GM,100,0,0,0,0,0,0,0,0,0,0,0,0,0,0
14125,KLZ GINGER GARLIC PASTE 200GM,58,0,0,0,0,0,0,0,0,0,0,0,0,0,0
14126,AMUL BASUNDI KESAR ELAICHI MILK 1LTR,160,0,0,0,0,0,0,0,0,0,0,0,0,0,0
14127,LAWRENCE MILLS CHOCO CRUNCH 375GM,140,-2,0,0,0,0,0,0,0,0,0,0,0,0,-2
14128,FOXS CRYSTAL CLEAR FRUITS FLAVOUR 180GM,90,0,0,0,0,0,0,0,0,0,0,0,0,0,0
14129,GILLETTE FUSION 2X PROGLIDE,525,2,0,0,0,0,0,0,0,0,0,0,0,0,2
14130,GILLETTE FUSION PROGLIDE STYLER,1500,2,0,0,0,0,0,0,0,0,0,0,0,0,2
14131,ORAL-B TOOTH BRUSH SMART FLEX PRO HEALTH SOFT 1NOS,125,4,0,0,0,0,0,0,0,0,0,0,0,0,4
14132,GODREJ EXPERT RICH CREME NATURAL BLACK 1.00,120,0,0,0,0,0,0,0,0,0,0,0,0,0,0
14133,KARACHI BAKERY CHAI BISCUIT 400GM,150,0,0,0,0,0,0,0,0,0,0,0,0,0,0
14134,KARACHI BAKERY BADAM PISTA BISCUITS 400G,260,0,0,0,0,0,0,0,0,0,0,0,0,0,0
14135,KARACHI BAKERY OSMANIA BISCUITA 400GM,140,0,0,0,0,0,0,0,0,0,0,0,0,0,0
14136,NIVEA SOAP CREME DRY SKIN 75GM,36,0,0,0,0,0,0,0,0,0,0,0,0,0,0
14137,PUREPET BISCUITS 900GM,199,0,0,0,0,0,0,0,0,0,0,0,0,0,0
14138,PUREPET PUPPY CHICKEN AND VEGETABLE 3KG,349,0,0,0,0,0,0,0,0,0,0,0,0,0,0
14139,PUREPET ADULT CHICKEN AND VEGETABLE 3KG,299,0,0,0,0,0,0,0,0,0,0,0,0,0,0
14140,DROOLS ADULT CHICKEN AND EGG 3.5KG,500,0,0,0,0,0,0,0,0,0,0,0,0,0,0
14141,DROOLD PUPPY CHICKEN AND EGG 3.5KG,550,0,0,0,0,0,0,0,0,0,0,0,0,0,0
14142,DROOLS ADULT CHICKEN AND EGG 15KG,2250,0,0,0,0,0,0,0,0,0,0,0,0,0,0
14143,NUTRELA SOYA CHUNKS 300GM,40,-1,0,0,0,0,0,0,0,0,0,0,0,0,-1
14144,EVA PRETTY NAILS 3X10GM,60,0,0,0,0,0,0,0,0,0,0,0,0,0,0
14145,EVA DEO EXOTIC ROSY RHAPSODY 150ML,180,0,0,0,0,0,0,0,0,0,0,0,0,0,0
14146,NUTTY GINGER PASTE 200GM,45,1,0,0,0,0,0,0,0,0,0,0,0,0,1
14147,NUTTY GINGER GARLIC PASTE 200GM,45,0,0,0,0,0,0,0,0,0,0,0,0,0,0
14148,NUTTY GARLIC PASTE 200GM,45,0,0,0,0,0,0,0,0,0,0,0,0,0,0
14149,NUTTY SOYA SAUCE 200GM,40,0,0,0,0,0,0,0,0,0,0,0,0,0,0
14150,NUTTY GREEN CHILLI SAUCE 200GM,40,0,0,0,0,0,0,0,0,0,0,0,0,0,0
14151,NUTTY RED CHILLY SAUCE 200GM,40,0,0,0,0,0,0,0,0,0,0,0,0,0,0
14152,HIMALAYA SHAMPOO DRYNESS DEFENSE PROTEIN 100ML,70,1,0,0,0,0,0,0,0,0,0,0,0,0,1
14153,ALPENLIEBE JUZT JELLY FRUITY BEARS 25GM,10,0,0,0,0,0,0,0,0,0,0,0,0,0,0
14154,TIC TAC APPLE TREAT 10GM,10,0,0,0,0,0,0,0,0,0,0,0,0,0,0
14155,SPARK MATE SCRUB PAD 1PEC,12,0,0,0,0,0,0,0,0,0,0,0,0,0,0
14156,RITE BITE WORK-OUT 6X50GM,310,0,0,0,0,0,0,0,0,0,0,0,0,0,0
14157,WEIKFIELD TOMATO KETCHUP 8GM,1,0,0,0,0,0,0,0,0,0,0,0,0,0,0
14158,ZIPOUCH FOOD GRADE STORAGE BAGS SMALL,50,0,0,0,0,0,0,0,0,0,0,0,0,0,0
14159,ZIPOUCH FOOD GRADE STORAGE BAGS MEDIUM,77,0,0,0,0,0,0,0,0,0,0,0,0,0,0
14160,ZIPOUCH ZIPFOIL 10UNITS,45,1,0,0,0,0,0,0,0,0,0,0,0,0,1
14161,ZIPOUCH ZIPFOIL 20BAGS,85,0,0,0,0,0,0,0,0,0,0,0,0,0,0
14162,AXE LEHAR SHAVING CREAM DENIM 30GM,38,0,0,0,0,0,0,0,0,0,0,0,0,0,0
14163,DOVE SHAMPOO OXYGEN MOISTURE 650ML,480,0,0,0,0,0,0,0,0,0,0,0,0,0,0
14164,DABUR RATNAPRASH STRENGTH STAMINA & VIGOUR SUGARFREE 450GM,305,0,0,0,0,0,0,0,0,0,0,0,0,0,0
14165,DABUR RATNAPRASH STRENGTH STAMINA & VIGOUR SUGARFREE 900ML,590,0,0,0,0,0,0,0,0,0,0,0,0,0,0
14166,FEM DIAMOND BLEACH CREAME 30GM,75,2,0,0,0,0,0,0,0,0,0,0,0,0,2
14167,NAVNEET RABBIT BOOK 172PAGS,40,0,0,0,0,0,0,0,0,0,0,0,0,0,0
14168,SHADANI KHATTA MEETHA AAM PAK 200GM,99,0,0,0,0,0,0,0,0,0,0,0,0,0,0
14169,SHADANI ROASTED SPECIAL SAUNF 200FM,99,0,0,0,0,0,0,0,0,0,0,0,0,0,0
14170,SHADANI PLAIN MIX SAUNF 215GM,99,0,0,0,0,0,0,0,0,0,0,0,0,0,0
14171,SHADANI MADRASI SAUNF 200GM,99,0,0,0,0,0,0,0,0,0,0,0,0,0,0
14172,SHADANI ORANGE CANDY 230GM,99,0,0,0,0,0,0,0,0,0,0,0,0,0,0
14173,SHADANI CHATPATI CANDY 230GM,99,0,0,0,0,0,0,0,0,0,0,0,0,0,0
14174,SHADANI SHADANI SHAHI MIX SAUNF 170MG,99,0,0,0,0,0,0,0,0,0,0,0,0,0,0
14175,SHADANI ANARDANA GOLI 200GM,99,0,0,0,0,0,0,0,0,0,0,0,0,0,0
14176,SHADANI MIX FRUIT CANDY 230GM,99,0,0,0,0,0,0,0,0,0,0,0,0,0,0
14177,SHADANI RAM LADOO 200GM,99,0,0,0,0,0,0,0,0,0,0,0,0,0,0
14178,CREMICA TARTAR SAUCE VEG 450GM,138,0,0,0,0,0,0,0,0,0,0,0,0,0,0
14179,CREMICA THOUSAND ISLAND DRESSING VEG 450GM,135,0,0,0,0,0,0,0,0,0,0,0,0,0,0
14180,BHUIRA SPICY PLUM CHUTNEY 460GM,295,1,0,0,0,0,0,0,0,0,0,0,0,0,1
14181,FIGARO SLICED BLACK OLIVES 450GM,159,0,0,0,0,0,0,0,0,0,0,0,0,0,0
14182,MILDER TABASCO GREEN PEPPER SAUCE 60ML,199,0,0,0,0,0,0,0,0,0,0,0,0,0,0
14183,PROMPLUS SWEET WHOLE KERNEL CORN 425GM,80,0,0,0,0,0,0,0,0,0,0,0,0,0,0
14184,SOLAR CASTOR SUGAR 500GM,84,0,0,0,0,0,0,0,0,0,0,0,0,0,0
14185,DEL MONTE CRANBERRIES 130GM,175,0,0,0,0,0,0,0,0,0,0,0,0,0,0
14186,AGNESI GLI SPAGHETTI PASTA 500GM,120,0,0,0,0,0,0,0,0,0,0,0,0,0,0
14187,LION DESEEDED DATES 500GM,94,1,0,0,0,0,0,0,0,0,0,0,0,0,1
14188,KREITENS ALMOND TOFFEE,3,0,0,0,0,0,0,0,0,0,0,0,0,0,0
14189,JABSONS ROASTED CASHEW NUTS 20GM,30,0,0,0,0,0,0,0,0,0,0,0,0,0,0
14190,GILLETTE VECTOR3 GET A FAST SHAVE,110,2,0,0,0,0,0,0,0,0,0,0,0,0,2
14191,MENTOS RAINBOW WITH REAL FRUIT CONTENT 31.2GM,10,0,0,0,0,0,0,0,0,0,0,0,0,0,0
14192,NIVEA BODY LOTION NIGHT WHITENING SKIN MOISTURISER 400ML,360,0,0,0,0,0,0,0,0,0,0,0,0,0,0
14193,NIVEA BODY LOTION EXTRA WHITENING CELL REPAIR 400ML,240,0,0,0,0,0,0,0,0,0,0,0,0,0,0
14194,KEYA TABLE SALT 100GM,15,0,0,0,0,0,0,0,0,0,0,0,0,0,0
14195,KEYA PIRI PIRI 40GM,50,0,0,0,0,0,0,0,0,0,0,0,0,0,0
14196,KEYA MADRAS CHUTNEY POWDER 40GM,50,0,0,0,0,0,0,0,0,0,0,0,0,0,0
14197,KEYA INSTANT SOUP CREAMY MIXED VEGETABLE 13GM,10,0,0,0,0,0,0,0,0,0,0,0,0,0,0
14198,KEYA INSTANT SOUP SEAFOOD TOM YUM 44GM,55,0,0,0,0,0,0,0,0,0,0,0,0,0,0
14199,KEYA INSTANT SOUP VEGETABLE TOM YUM 40GM,55,0,0,0,0,0,0,0,0,0,0,0,0,0,0
14200,KEYA INSTANT SOUP CREAMY MIXED VEGETABLE 52GM,40,1,0,0,0,0,0,0,0,0,0,0,0,0,1
14201,VEGA TRAVEL KIT,140,0,0,0,0,0,0,0,0,0,0,0,0,0,0
14202,COLGATE TOOTH BRUSH ZIG ZAG MEDIUM BUT 2 GET 1 FREE,50,0,0,0,0,0,0,0,0,0,0,0,0,0,0
14203,LIA FLORESS AGARBATHIES 75GM,30,0,0,0,0,0,0,0,0,0,0,0,0,0,0
14204,LIA APPLEE AGARBATHIES 75GM,30,0,0,0,0,0,0,0,0,0,0,0,0,0,0
14205,LIA GREME AGARBATHIES 75GM,30,0,0,0,0,0,0,0,0,0,0,0,0,0,0
14206,LIA CITRIC TANGO AGARBATHIES 75GM,30,0,0,0,0,0,0,0,0,0,0,0,0,0,0
14207,LIA LILIUM AGARBATHIES 75GM,30,0,0,0,0,0,0,0,0,0,0,0,0,0,0
14208,LIA LAVENDERZ AGARBATHIES 75GM,30,0,0,0,0,0,0,0,0,0,0,0,0,0,0
14209,KEYA PIRI PIRI 80GM,80,0,0,0,0,0,0,0,0,0,0,0,0,0,0
14211,DABUR CHYAWANPRAKASH MIXED FRUIT FLAVOUR 500GM,163,0,0,0,0,0,0,0,0,0,0,0,0,0,0
14212,DABUR CHYAWANPRAKASH CHOCOLATE FLAVOUR 450GM,178,0,0,0,0,0,0,0,0,0,0,0,0,0,0
14213,DABUR CHYAWANPRAKASH MANGO FLAVOUR 500GM,163,0,0,0,0,0,0,0,0,0,0,0,0,0,0
14214,LUBE MAK PETROL ZENITH 1LTR,315,25,0,0,0,0,0,0,0,0,0,0,0,0,25
14215,LUBE MAK PETROL ZENITH 4LTR,1270,0,0,0,0,0,0,0,0,0,0,0,0,0,0
14216,TWININGS TEA LEMON & GINGER 25SACHETS,320,0,0,0,0,0,0,0,0,0,0,0,0,0,0
14217,CREMICA KASUNDI MUSTARD SAUCE 300GM,80,1,0,0,0,0,0,0,0,0,0,0,0,0,1
14218,CREMICA MINT SANSWICH MAYO 375GM,125,0,0,0,0,0,0,0,0,0,0,0,0,0,0
14219,CREMICA ORIGINAL SANDWICH MAYO 375GM,125,0,0,0,0,0,0,0,0,0,0,0,0,0,0
14220,DHAMPURE BURA SUGAR GRADE DEMERARA 1KG,80,-1,0,0,0,0,0,0,0,0,0,0,0,0,-1
14221,PARLE 2IN1 RAJBHOG FLAVOUR CHOCOLATE,1,0,0,0,0,0,0,0,0,0,0,0,0,0,0
14222,PARLE HIDE&SEEK CHOCO ROLLS 150GM,50,6,0,0,0,0,0,0,0,0,0,0,0,0,6
14223,PARLE SIMPLY GOOD CREAM CRACKER ORIGINAL 100GM,15,0,0,0,0,0,0,0,0,0,0,0,0,0,0
14224,LUBE MAK DIAMOND 1LTR,240,32,0,0,0,-1,0,0,0,0,0,0,0,0,33
14225,LUBE MAK DIAMOND 5LTR,1180,6,0,0,0,0,0,0,0,0,0,0,0,0,6
14226,GOWARDHAN CHEESE ALMETTE ORIGINAL 150GM,120,0,0,0,0,0,0,0,0,0,0,0,0,0,0
14227,GOWARDHAN CHEESE ALMETTE FINE HERBS 150GM,150,0,0,0,0,0,0,0,0,0,0,0,0,0,0
14228,GOWARDHAN CHEESE SLICE GREEN CHUTNEY 100GM,75,0,0,0,0,0,0,0,0,0,0,0,0,0,0
14229,ALPENLIEBE CREAMFILLS BUTTER TOFFEE,1,0,0,0,0,0,0,0,0,0,0,0,0,0,0
14230,MENTOS MINT 31.2GM,10,0,0,0,0,0,0,0,0,0,0,0,0,0,0
14231,BISLERI 20LTR JAR,70,0,0,0,0,0,0,0,0,0,0,0,0,0,0
14232,GODREJ EXPERT RICH CREME DARK BROWN 4.06,99,0,0,0,0,0,0,0,0,0,0,0,0,0,0
14233,GODREJ EXPERT RICH CREME BURGUNDY 4.16,120,0,0,0,0,0,0,0,0,0,0,0,0,0,0
14234,PAMPERS BABY DRY NB SMALL 22 DIAPERS,285,1,0,0,0,0,0,0,0,0,0,0,0,0,1
14235,BROOKE BOND TAAZA MASALA CHASKA 100GM,25,0,0,0,0,0,0,0,0,0,0,0,0,0,0
14236,CADBURY DAIRY MILK FLAVOURS OF JOY 114GM,99,0,0,0,0,0,0,0,0,0,0,0,0,0,0
14237,VEGIT ALOO MASH 120GM,25,0,0,0,0,0,0,0,0,0,0,0,0,0,0
14238,TATA COFFEE GRAND JAR 50GM,140,1,0,0,0,0,0,0,0,0,0,0,0,0,1
14239,TATA COFFEE GRAND 50GM,135,0,0,0,0,0,0,0,0,0,0,0,0,0,0
14240,TATA COFFEE GRAND GRAND 4GM,10,25,0,0,0,0,0,0,0,0,0,0,0,0,25
14241,TATA COFFEE GRAND 1GM,5,0,0,0,0,0,0,0,0,0,0,0,0,0,0
14242,MCVITIES BOURBON BISCUITS 100GM,26,0,0,0,0,0,0,0,0,0,0,0,0,0,0
14243,ZANDU SONA CHANDI CHYAVANPRASH 900GM,280,0,0,0,0,0,0,0,0,0,0,0,0,0,0
14244,ZANDU SONA CHANDI CHYAVANPRASH 450GM,155,0,0,0,0,0,0,0,0,0,0,0,0,0,0
14245,PARLE SIMPLY GOOD CREAM CRACKER AJWAIN 200GM,30,0,0,0,0,0,0,0,0,0,0,0,0,0,0
14246,TRESEMME SHAMPOO SPLIT REMEDY 580ML,415,0,0,0,0,0,0,0,0,0,0,0,0,0,0
14247,KRAVOUR STRAWBERRY FLAVOURED WAFER BISCUITS 20GM,5,0,0,0,0,0,0,0,0,0,0,0,0,0,0
14248,KRAVOUR CHOCO FLAVOURED WAFER BISCUITS 20GM,5,0,0,0,0,0,0,0,0,0,0,0,0,0,0
14249,ALPENLIEBE GOLD CREAM STRAWBERRY FLAVOUR RS.1,1,0,0,0,0,0,0,0,0,0,0,0,0,0,0
14250,PAEO SMART SOFT HYGIENIC & STRONG 100SHEETS,58,-11,0,0,0,0,0,0,0,0,0,0,0,0,-11
14251,PAMPERS BABY PANTS LIGHT & DRY LARGE 18DIAPERS,250,0,0,0,0,0,0,0,0,0,0,0,0,0,0
14252,BIGEN MENS SPEEDY COLOR 102 BROWN BLACK,425,2,0,0,0,0,0,0,0,0,0,0,0,0,2
14253,AMUL TROPICAL ORANGE 150GM,125,0,0,0,0,0,0,0,0,0,0,0,0,0,0
14255,AMUL T SPECIAL DAIRY WHITENER 27GM,10,0,0,0,0,0,0,0,0,0,0,0,0,0,0
14256,CHINGS 65 CHICKEN MIRACLE MASALA 25GM,10,0,0,0,0,0,0,0,0,0,0,0,0,0,0
14257,KEYA TABLE SALT 200GM,25,0,0,0,0,0,0,0,0,0,0,0,0,0,0
14258,ORGANIC INDIA DARJEELING TEA 32.4GM,175,1,0,0,0,0,0,0,0,0,0,0,0,0,1
14259,ORGANIC INDIA DARJEELING TEA 100GM,250,0,0,0,0,0,0,0,0,0,0,0,0,0,0
14260,LIFEBUOY HANDWASH MILD CARE 185ML BUY3GET1FREE,120,0,0,0,0,0,0,0,0,0,0,0,0,0,0
14261,NUTRUS TEA SLIM TEA 20SACHETS,225,0,0,0,0,0,0,0,0,0,0,0,0,0,0
14262,SAFFOLA MASALA OATS CHINESE 39GM,18,0,0,0,0,0,0,0,0,0,0,0,0,0,0
14263,SAFFOLA MASALA OATS ITALIAN 39GM,18,0,0,0,0,0,0,0,0,0,0,0,0,0,0
14264,HARPIC TOILET CLEANER+BATHROOM CLEANER 500ML+500ML,137,0,0,0,0,0,0,0,0,0,0,0,0,0,0
14265,RELISPRAY 40GM,115,1,0,0,0,0,0,0,0,0,0,0,0,0,1
14266,RELISPRAY 95GM,200,0,0,0,0,0,0,0,0,0,0,0,0,0,0
14267,RELISPRAY 55GM,169,3,0,0,0,0,0,0,0,0,0,0,0,0,3
14268,ORAL-B TOOTH BRUSH FLEXIBLE SENSITIVE BUY2GET1 FREE EXTRA SOFT,150,2,0,6,0,0,0,0,0,0,0,0,0,0,8
14269,WHISPER CHOICE ULTRA  10PADS,66,0,0,0,0,0,0,0,0,0,0,0,0,0,0
14270,ORGANIC NATION ORGANIC HONEY WILD FOREST 500GM,350,0,0,0,0,0,0,0,0,0,0,0,0,0,0
14271,ORGANIC NATION ORGANIC HONEY LIGHT FLORA 500GM,450,0,0,0,0,0,0,0,0,0,0,0,0,0,0
14272,DELICIOUS CHICKEN HAM 300GM,250,0,0,0,0,0,0,0,0,0,0,0,0,0,0
14273,LONDON DAIRY ICE CREAM STRAWBERRY CHEESECAKE 500ML,350,1,0,0,0,0,0,0,0,0,0,0,0,0,1
14274,LIA APPLEE AGARBATHIES 130GM,50,0,0,0,0,0,0,0,0,0,0,0,0,0,0
14275,RITE BITE SPORTS BAR 40GM,35,0,0,0,0,0,0,0,0,0,0,0,0,0,0
14276,CREMICA COCONUT CRUNCHIES BISCUITS 100GM,10,0,0,0,0,0,0,0,0,0,0,0,0,0,0
14277,DANONE CUSTARD VANILLA FLAVOURED MILK 900ML,150,0,0,0,0,0,0,0,0,0,0,0,0,0,0
14278,PARLE BAKE SMITH ORIGINAL ENGLISH MARIE 90GM,10,29,0,0,0,5,0,0,0,0,0,0,0,0,24
14279,REAL JUICE JAMUN 1LTR,149,0,0,0,0,0,0,0,0,0,0,0,0,0,0
14281,ALPENLIEBE GOLD CREAM STRAWBERRY FLAVOUR 340GM,100,0,0,0,0,0,0,0,0,0,0,0,0,0,0
14282,ALPENLIEBE GOLD RICH MILKY CARAMEL TOFFEE 340GM,100,0,0,0,0,0,0,0,0,0,0,0,0,0,0
14283,NATURO MANGO DELIGHT 100GM,40,0,0,0,0,0,0,0,0,0,0,0,0,0,0
14284,AL KABER CHEESE POPONS 400GM,190,0,0,0,0,0,0,0,0,0,0,0,0,0,0
14285,SPARK MATE MICROFIBER FLAT MOP,899,0,0,0,0,0,0,0,0,0,0,0,0,0,0
14286,SPARK MATE STRIP NON WOVEN MOP,389,1,0,0,0,0,0,0,0,0,0,0,0,0,1
14287,SPARK MATE TOILET BRUSH WITH HOLDER,179,0,0,0,0,0,0,0,0,0,0,0,0,0,0
14288,SPARK MATE TOILET BRUSH PREMIUM ANTIBAC,199,0,0,0,0,0,0,0,0,0,0,0,0,0,0
14289,SPARK MATE ANTIBAC MULTIPURPOSE BRUSH,119,0,0,0,0,0,0,0,0,0,0,0,0,0,0
14290,SPARK MATE XTRALIFE ANTIBAC TOILET BRUSH,229,2,0,0,0,0,0,0,0,0,0,0,0,0,2
14291,AQUAFINA WATER 500ML,10,0,0,0,0,0,0,0,0,0,0,0,0,0,0
14292,ORGANIC 24 MANTRA JAGGERY POWDER 500GM,75,0,0,0,0,0,0,0,0,0,0,0,0,0,0
14293,ORGANIC 24 MANTRA ORGANIC HONEY 250GM,130,0,0,0,0,0,0,0,0,0,0,0,0,0,0
14294,ORGANIC 24 MANTRA BASMATI RICE 1KG,170,0,0,0,0,0,0,0,0,0,0,0,0,0,0
14295,ORGANIC 24 MANTRA BASMATI BROWN RICE 1KG,170,0,0,0,0,0,0,0,0,0,0,0,0,0,0
14296,ORGANIC 24 MANTRA GREEN MOONG DAL SPLIT 500GM,95,4,0,0,0,0,0,0,0,0,0,0,0,0,4
14297,ORGANIC 24 MANTRA SONAMASURI BROWN RICE 1KG,89,0,0,0,0,0,0,0,0,0,0,0,0,0,0
14298,ORGANIC 24 MANTRA KABULI CHANA 500GM,110,6,0,0,0,0,0,0,0,0,0,0,0,0,6
14299,ORGANIC 24 MANTRA CHITKABRA RAJMA 500GM,135,6,0,0,0,0,0,0,0,0,0,0,0,0,6
14300,ORGANIC 24 MANTRA URAD DAL BLACK SPLIT 500GM,100,6,0,0,0,0,0,0,0,0,0,0,0,0,6
14301,ORGANIC 24 MANTRA FLAX SEEDS 200GM,65,0,0,0,0,0,0,0,0,0,0,0,0,0,0
14302,ORGANIC 24 MANTRA CHANA DAL 500GM,75,6,0,0,0,0,0,0,0,0,0,0,0,0,6
14303,ORGANIC 24 MANTRA PEANUT 500M,120,3,0,0,0,0,0,0,0,0,0,0,0,0,3
14304,ORGANIC 24 MANTRA NATURAL SULPHURLESS SUGAR 500GM,60,0,0,0,0,0,0,0,0,0,0,0,0,0,0
14305,ORGANIC 24 MANTRA GREEN MOONG WHOLE 500GM,95,6,0,0,0,0,0,0,0,0,0,0,0,0,6
14306,ORGANIC 24 MANTRA MASOOR WHOLE DAL 500GM,90,3,0,0,0,0,0,0,0,0,0,0,0,0,3
14307,ORGANIC 24 MANTRA TUR DAL 500GM,80,6,0,0,0,0,0,0,0,0,0,0,0,0,6
14308,ORGANIC 24 MANTRA NATURAL PUFFED RICE 200GM,35,0,0,0,0,0,0,0,0,0,0,0,0,0,0
14309,ORGANIC 24 MANTRA BAJRA FLOUR 500GM,60,0,0,0,0,0,0,0,0,0,0,0,0,0,0
14310,ORGANIC 24 MANTRA JAGGERY 500GM,60,0,0,0,0,0,0,0,0,0,0,0,0,0,0
14311,ORGANIC 24 MANTRA WHOLE WHEAT ATTA 5KG,260,4,0,0,0,0,0,0,0,0,0,0,0,0,4
14312,ORGANIC 24 MANTRA WHEAT BRAN 500GM,45,0,0,0,0,0,0,0,0,0,0,0,0,0,0
14313,ORGANIC 24 MANTRA MOONG DAL 500GM,80,7,0,0,0,0,0,0,0,0,0,0,0,0,7
14314,ORGANIC 24 MANTRA BESAN 500GM,85,0,0,0,0,0,0,0,0,0,0,0,0,0,0
14315,ORGANIC 24 MANTRA WHEAT DHALIYA 500GM,45,0,0,0,0,0,0,0,0,0,0,0,0,0,0
14316,ORGANIC 24 MANTRA POHA 500GM,50,0,0,0,0,0,0,0,0,0,0,0,0,0,0
14317,CORNITOS NACHOS COMBI PACK WITH SALSA DIP,65,0,0,0,0,0,0,0,0,0,0,0,0,0,0
14318,KEYA ITALIAN PIZZA CHILLI 70GM,80,0,0,0,0,0,0,0,0,0,0,0,0,0,0
14319,KEYA ITALIAN PIZZA OREGANO 80GM,80,3,0,0,0,0,0,0,0,0,0,0,0,0,3
14320,SWISSYUM MASALA FUNDA 50GM,15,0,0,0,0,0,0,0,0,0,0,0,0,0,0
14321,SHADANI MANGO CANDY 230GM,95,0,0,0,0,0,0,0,0,0,0,0,0,0,0
14322,SHADANI PAAN CANDY 230GM,99,0,0,0,0,0,0,0,0,0,0,0,0,0,0
14323,SHADANI LEMON CANDY 230GM,95,0,0,0,0,0,0,0,0,0,0,0,0,0,0
14324,SHADANI IMLI BOOTA 200GM,99,0,0,0,0,0,0,0,0,0,0,0,0,0,0
14325,SHADANI HING PEDA 200GM,99,0,0,0,0,0,0,0,0,0,0,0,0,0,0
14326,LIFEBUOY SOAP TOTAL 4X56GM,40,0,0,0,0,1,0,0,0,0,0,0,0,0,-1
14327,GARNIER WHITE COMPLETE MULTI ACTION FAIRNESS CREAM SPF19 18GM,70,0,0,0,0,0,0,0,0,0,0,0,0,0,0
14329,ELLE 18 ENAMEL REMOVER 30ML,50,19,0,0,0,1,0,0,0,0,0,0,0,0,18
14330,LIZOL DISINFECTANT SURFACE CLEANER NEEM 975ML,158,0,0,0,0,0,0,0,0,0,0,0,0,0,0
14331,LIZOL DISINFECTANT SURFACE CLEANER NEEM 2LTR,327,0,0,0,0,0,0,0,0,0,0,0,0,0,0
14332,HIMALAYA FACE WASH MEN NEEM PIMPLE CLEAR 100ML,150,1,0,0,0,0,0,0,0,0,0,0,0,0,1
14333,HIMALAYA FACE WASH MEN NEEM PIMPLE CLEAR 50ML,80,0,0,0,0,0,0,0,0,0,0,0,0,0,0
14335,PARACHUTE ADVANSED BODY LOTION COCONUT MILK DEEP NOURISH 400ML,275,0,0,0,0,0,0,0,0,0,0,0,0,0,0
14336,ORAL-B TOOTH BRUSH PRO-HEALTH PLAQUE REMOVAL SOFT 2NOS,99,1,0,0,0,0,0,0,0,0,0,0,0,0,1
14337,ORAL-B TOOTH BRUSH ALL ROUNDER CAVITY DEFENSE 123 MEDIUM 1NOS,28,0,0,0,0,0,0,0,0,0,0,0,0,0,0
14339,HALDIRAMS ALOO BHUJIA NAMKEEN 1KG,213,0,0,0,0,0,0,0,0,0,0,0,0,0,0
14340,HALDIRAMS MOONG DAL PLAIN 1KG,238,0,0,0,0,0,0,0,0,0,0,0,0,0,0
14341,HALDIRAMS BHUJIA MASALA 1KG,203,0,0,0,0,0,0,0,0,0,0,0,0,0,0
14342,HALDIRAMS KHATTA MEEETHA 1KG,193,0,0,0,0,0,0,0,0,0,0,0,0,0,0
14343,GODREJ ARE POCKET BRIGHT 10GM,50,3,0,0,0,0,0,0,0,0,0,0,0,0,3
14344,GODREJ ARE POCKET VIOLET 10GM,50,6,0,0,0,0,0,0,0,0,0,0,0,0,6
14345,GODREJ EXPERT RICH CREME NATURAL BROWN 4.00,99,0,0,0,0,0,0,0,0,0,0,0,0,0,0
14346,GODREJ EXPERT RICH CREME BLACK BROWN 3.00,99,0,0,0,0,0,0,0,0,0,0,0,0,0,0
14348,SPARK MATE SCRUB SPONGE,25,0,0,0,0,0,0,0,0,0,0,0,0,0,0
14349,SPARK MATE SCRUB PAD,25,0,0,0,0,0,0,0,0,0,0,0,0,0,0
14350,SPARK MATE MULTI PURPOSE MINI WIPER,199,0,0,0,0,0,0,0,0,0,0,0,0,0,0
14351,JABSONS ROASTED CASHEWNUTS 38GM,55,0,0,0,0,0,0,0,0,0,0,0,0,0,0
14352,HIMALAYA LIP CARE PEACH SHINE 4.5GM,125,0,0,0,0,0,0,0,0,0,0,0,0,0,0
14353,HOKEY POKEY DOUBLE CHOCOLATE THERAPY 90ML,50,0,0,0,0,0,0,0,0,0,0,0,0,0,0
14354,HOKEY POKEY SILKY SMOOTH KULFI 90ML,50,0,0,0,0,0,0,0,0,0,0,0,0,0,0
14355,HOKEY POKEY MAD KING ALPHONS 90ML,50,0,0,0,0,0,0,0,0,0,0,0,0,0,0
14356,HOKEY POKEY VERRY VERRY BERRY 90ML,50,0,0,0,0,0,0,0,0,0,0,0,0,0,0
14357,KRAVOUR CHOCO FLAVOURED WAFER BISCUITS 8GM,2,0,0,0,0,0,0,0,0,0,0,0,0,0,0
14358,KRAVOUR STRAWBERRY FLAVOURED WAFER BISCUIT 8GM,2,0,0,0,0,0,0,0,0,0,0,0,0,0,0
14359,KRAVOUR DORAEMAN DIP IT CHOCO FLAVOURED CREAMY STICKD 50GM,50,0,0,0,0,0,0,0,0,0,0,0,0,0,0
14360,KINGS SWEET CORN 1KG,100,0,0,0,0,0,0,0,0,0,0,0,0,0,0
14361,KINGS SWEET CORN 500GM,60,0,0,0,0,0,0,0,0,0,0,0,0,0,0
14362,FROZEN TREAT GREEN PEAS 500GM,85,0,0,0,0,0,0,0,0,0,0,0,0,0,0
14363,FROZEN TREAT GREEN PEAS 1KG,165,0,0,0,0,0,0,0,0,0,0,0,0,0,0
14364,SECRET TEMPTATION DEO CRUSH 150ML,185,0,0,0,0,0,0,0,0,0,0,0,0,0,0
14365,SECRET TEMPTATION DEO WINK 150ML,185,0,0,0,0,0,0,0,0,0,0,0,0,0,0
14366,TRESEMME SHAMPOO KERATIN SMOOTH 85ML,75,1,0,0,0,0,0,0,0,0,0,0,0,0,1
14367,AXE DEO SIGNATURE BODY PERFUME MAVERICK 122ML,190,0,0,0,0,0,0,0,0,0,0,0,0,0,0
14368,GODREJ ARE POCKET MORNING 10GM,55,1,0,0,0,0,0,0,0,0,0,0,0,0,1
14369,KNORR CHIFS CHICKEN MASALA 75GM,70,0,0,0,0,0,0,0,0,0,0,0,0,0,0
14370,KNORR CHIFS ROYAL VEGETABLE MASALA 75GM,65,0,0,0,0,0,0,0,0,0,0,0,0,0,0
14371,KNORR CHIFS CHANA MASALA 75GM,65,0,0,0,0,0,0,0,0,0,0,0,0,0,0
14372,KNORR CHIFS SAMBAR MASALA 75GM,65,0,0,0,0,0,0,0,0,0,0,0,0,0,0
14373,KNORR CHIFS BIRYANI MASALA 75GM,100,0,0,0,0,0,0,0,0,0,0,0,0,0,0
14374,KNORR CHIFS DAL MASALA 75GM,65,0,0,0,0,0,0,0,0,0,0,0,0,0,0
14375,KNORR CHIFS MEAT MASALA 75GM,70,0,0,0,0,0,0,0,0,0,0,0,0,0,0
14376,KNORR CHIFS PAV BHAJI MASALA 75GM,70,0,0,0,0,0,0,0,0,0,0,0,0,0,0
14377,VIM BAR 3X130GM+130GM FREE,30,0,0,0,0,0,0,0,0,0,0,0,0,0,0
14378,MAGGI HOT & SWEET TOMATO CHILLI SAUCE 90GM,20,18,0,0,0,0,0,0,0,0,0,0,0,0,18
14379,COLGATE TOOTH PASTE TOTAL CHARCOAL DEEP CLEAN 70GM,60,0,0,0,0,0,0,0,0,0,0,0,0,0,0
14380,COLGATE TOOTH PASTE ACTIVE SALT NEEM 100GM,54,0,0,0,0,0,0,0,0,0,0,0,0,0,0
14381,MTR UPMA 500GM,85,2,0,0,0,0,0,0,0,0,0,0,0,0,2
14382,MTR VERMICELLI UPMA 170GM,45,0,0,0,0,0,0,0,0,0,0,0,0,0,0
14383,CREMICA CHOCO BICO CHOCO CHIP BISCUITS 70GM,10,0,0,0,0,0,0,0,0,0,0,0,0,0,0
14384,AMUL PRO 200GM,65,0,0,0,0,0,0,0,0,0,0,0,0,0,0
14385,DETTOL SOAP GOLD CLASSIC CLEAN 50GM,20,0,0,0,0,0,0,0,0,0,0,0,0,0,0
14386,DETTOL SOAP GOLD CLASSIC CLEAN 75GM,32,0,0,0,0,0,0,0,0,0,0,0,0,0,0
14387,DETTOL SOAP GOLD DAILY CLEAN 75GM,32,0,0,0,0,0,0,0,0,0,0,0,0,0,0
14388,DETTOL SOAP GOLD DAILY CLEAN 50GM,20,0,0,0,0,0,0,0,0,0,0,0,0,0,0
14389,DETTOL HAND WASH GOLD LIQUID DAILY CLEAN 2X185ML,77,0,0,0,0,0,0,0,0,0,0,0,0,0,0
14390,DETTOL HAND WASH GOLD LIQUID DAILY CLEAN 250ML,86,0,0,0,0,0,0,0,0,0,0,0,0,0,0
14391,DETTOL HAND WASH GOLD LIQUID CLASSIC CLEAN 200ML,99,0,0,0,0,0,0,0,0,0,0,0,0,0,0
14392,DETTOL HAND WASH GOLD LIQUID CLASSIC CLEAN 2X185ML,77,0,0,0,0,0,0,0,0,0,0,0,0,0,0
14393,LIA APPLEE AGARBATHIES 30N,20,0,0,0,0,0,0,0,0,0,0,0,0,0,0
14394,LIA FLORESS AGARBATHIES 30N,20,0,0,0,0,0,0,0,0,0,0,0,0,0,0
14395,LIA CREME AGARBATHIES 30N,20,0,0,0,0,0,0,0,0,0,0,0,0,0,0
14396,LIA LILIUM AGARBATHIES 30N,20,0,0,0,0,0,0,0,0,0,0,0,0,0,0
14397,LIA LAVENDERZ AGARBATHIES 30N,20,0,0,0,0,0,0,0,0,0,0,0,0,0,0
14398,LIA CITRIC TANGO AGARBATHIES 30N,20,0,0,0,0,0,0,0,0,0,0,0,0,0,0
14399,RORITO T-MAX GEL PEN,45,12,0,0,0,0,0,0,0,0,0,0,0,0,12
14400,PASEO SMART BATHROOM ROLL 1ROLL,37,0,0,0,0,0,0,0,0,0,0,0,0,0,0
14401,PSEO SMART BATHROOM 4ROLL,135,-2,0,0,0,0,0,0,0,0,0,0,0,0,-2
14402,PASEO SMART BATHROOM ROLL 12ROLL,470,0,0,0,0,0,0,0,0,0,0,0,0,0,0
14403,PASEO HYGIENIC SOFT AND NATURAL BATHROOM ROLL 6ROLL,269,0,0,0,0,0,0,0,0,0,0,0,0,0,0
14404,ALPENLIEBE JUST JELLY MANGO FLAVOUR,1,0,0,0,0,0,0,0,0,0,0,0,0,0,0
14405,LOTUS SAFE SUN MULTI-FUNCTION SUNBLOCK SPF70PA 60GM,515,0,0,0,0,0,0,0,0,0,0,0,0,0,0
14406,LOTUS SAFE SUN SUN BLACK CREAM BREEZY BERRY SPF20PA 50GM,155,0,0,0,0,0,0,0,0,0,0,0,0,0,0
14407,LOTUS SAFE SUN SUN BLACK CREAM BREEZY BERRY SPF20PA 100GM,255,0,0,0,0,0,0,0,0,0,0,0,0,0,0
14408,LOTUS SAFE SUN 3IN1 MATTE LOOK DAILY SUNBLOCK SPF40PA 100GM,355,0,0,0,0,0,0,0,0,0,0,0,0,0,0
14409,LOTUS SAFE SUN 3IN1 MATTE LOOK DAILY SUNBLOCK SPF40PA50GM,235,0,0,0,0,0,0,0,0,0,0,0,0,0,0
14410,LOTUS SAFE SUN SUNSCREEN GEL SPF20 OIL FREE GEL 100GM,245,0,0,0,0,0,0,0,0,0,0,0,0,0,0
14411,LOTUS SAFE SUN DETAN AFTER SUN FACE PACK 50GM,110,0,0,0,0,0,0,0,0,0,0,0,0,0,0
14412,LOTUS YOUTHRX GINEPLEX ACTIVE ANTI AGEING FOAMING GEL 100GM,225,0,0,0,0,0,0,0,0,0,0,0,0,0,0
14413,LOTUS YOUTHRX GINEPLEX BALANCING MULTI ACTIVE TONER 100ML,325,0,0,0,0,0,0,0,0,0,0,0,0,0,0
14414,LOTUS YOUTHRX GINEPLEX YOUTH ACTIVATING SERUM + CREME 30ML,695,0,0,0,0,0,0,0,0,0,0,0,0,0,0
14415,MOBO MONEY TAG,40,0,0,0,0,0,0,0,0,0,0,0,0,0,0
14416,ORAL-B TOOTH BRUSH CAVITY DEFENSE 123 SOFT 3NOS,56,3,0,0,0,1,0,0,0,0,0,0,0,0,2
14417,ORAL-B TOOTH BRUSH PRO HEALTH SENSITIVE EXTRA SOFT 1NOS,85,0,0,0,0,0,0,0,0,0,0,0,0,0,0
14418,FAIR & LOVELY ADVANCED MULTI VITAMIN BLUE LENS CREAM 9GM,8,0,0,0,0,0,0,0,0,0,0,0,0,0,0
14419,WINTEX FAB 4PLAY TISSUE PAPER 33X33 PACK OF 20,40,0,0,0,0,0,0,0,0,0,0,0,0,0,0
14420,BROOKE BOND TAJ MAHAL TEA FRESH LEMON 25BAGD,150,0,0,0,0,0,0,0,0,0,0,0,0,0,0
14421,LOTUS SAFE SUN SUN BLOCK CREAM INDIAM SUMMER ORMULA SPF30UVP 100GM,295,0,0,0,0,0,0,0,0,0,0,0,0,0,0
14422,LOTUS SAFE SUN SUN BLOCK CREAM SENSITIVE SKIN SPF 25 100GM,285,0,0,0,0,0,0,0,0,0,0,0,0,0,0
14423,LOTUS SAFE SUN SUN BLOCK CREAM SENSITIVE SKIN SPF25 50GM,165,0,0,0,0,0,0,0,0,0,0,0,0,0,0
14424,LOTUS SAFE SUN SUN BLOCK CREAM INDIAM SUMMER ORMULA SPF30 UVB 50GM,195,0,0,0,0,0,0,0,0,0,0,0,0,0,0
14425,DISPOSABLE PLATES,40,0,0,0,0,0,0,0,0,0,0,0,0,0,0
14426,AMUL MILK SHAKTI MILKY MILK 500ML,23,3,-3,24,0,24,0,0,0,0,0,0,0,0,0
14427,AMUL MILK SLIM N TRIM MILK 500ML,18,-1,1,24,0,24,0,0,0,0,0,0,0,0,0
14428,AMUL MILK GOLD MILKY MILK 500ML,26,3,-3,24,0,24,0,0,0,0,0,0,0,0,0
14429,PARLE BAKE SMITH ORIGINAL ENGLISH MARIE 250GM,30,24,0,0,0,0,0,0,0,0,0,0,0,0,24
14430,SAVLON SOAP GENTLE MOISTURISING 3X125GM,141,0,0,0,0,0,0,0,0,0,0,0,0,0,0
14434,RORITO JEFFY GEL PEN,5,40,0,0,0,0,0,0,0,0,0,0,0,0,40
14435,CYCLE SUGANDHA MALLIKA AGARBATHIES 14N,10,0,0,0,0,0,0,0,0,0,0,0,0,0,0
14436,CREMICA COCONUT COOKIES 120GM,20,0,0,0,0,0,0,0,0,0,0,0,0,0,0
14437,DANONE CUSTARD VANILLA FLAVOURED MILK 200ML,40,0,0,0,0,0,0,0,0,0,0,0,0,0,0
14439,JOS ONION RINGS MASALA 80GM,30,1,0,0,0,0,0,0,0,0,0,0,0,0,1
14440,SUHANA CUPPA UPMA 80GM,40,0,0,0,0,0,0,0,0,0,0,0,0,0,0
14441,SUHANA CUPPA POHA 80GM,40,0,0,0,0,0,0,0,0,0,0,0,0,0,0
14442,SUHANA CHICKEN BIRYANI MIX 50GM,35,0,0,0,0,0,0,0,0,0,0,0,0,0,0
14443,CENTER FRESH SPEARMINT FLAVOUR LOQUID FILLED GUM 3.2GM,1,29,0,0,0,0,0,0,0,0,0,0,0,0,29
14444,GODREJ NO.1 SOAP SANDAL TURMERIC 5X100GM,68,1,0,0,0,0,0,0,0,0,0,0,0,0,1
14445,GOOD KNIGHT ADVANCED ACTIV+GOLD PACK,72,0,0,0,0,0,0,0,0,0,0,0,0,0,0
14446,GILLETTE FUSION 5BLADE SAVING SURFACE,299,0,0,0,0,0,0,0,0,0,0,0,0,0,0
14447,GILLETTE FUSION POWER 5PLUS,475,1,0,0,0,0,0,0,0,0,0,0,0,0,1
14448,BRITANNIA TIGER CHOCO GLUCOSE BISCUIT 54GM,5,0,0,0,0,0,0,0,0,0,0,0,0,0,0
14449,VASELINE INTENSIVE CARE ALOE SOOTHE DRY SKIN 300ML,265,0,0,0,0,0,0,0,0,0,0,0,0,0,0
14450,FAIR & LOVELY ADVANCED MULTI VITAMIN BLUE LENS CREAM 15GM,25,0,0,0,0,0,0,0,0,0,0,0,0,0,0
14451,CLINIC PLUS VITA OIL ALMOND GOLD OIL 75ML,45,0,0,0,0,0,0,0,0,0,0,0,0,0,0
14452,LAYS MAXX SIZZLING BARBEQUE FLAVOUR 92GM,50,0,0,0,0,0,0,0,0,0,0,0,0,0,0
14453,TULSI BADAM GIRI 250GM,250,0,0,0,0,0,0,0,0,0,0,0,0,0,0
14454,MAYBELLINE LIP BALM PEACH BLOSSOM SPF16 1.7GM,190,0,0,0,0,0,0,0,0,0,0,0,0,0,0
14455,MAYBELLINE LIP BALM PINK BLOSSOM SPF16 1.7GM,190,0,0,0,0,0,0,0,0,0,0,0,0,0,0
14456,NIVEA TOTAL FACE CLEANUP 100ML,210,2,0,0,0,0,0,0,0,0,0,0,0,0,2
14457,MULTANI PACHMINA CANDY IMLI FLAVOUR,1,0,0,0,0,0,0,0,0,0,0,0,0,0,0
14458,DINDAYAL AUSHADHI SUGARCANE PLUS 500ML,140,3,0,0,0,0,0,0,0,0,0,0,0,0,3
14459,GLUCON-D ORIGINAL 75GM+50GM=125GM,27,6,0,0,0,0,0,0,0,0,0,0,0,0,6
14460,VIM POWER OF 100 LEMONS 500ML,105,0,0,0,0,0,0,0,0,0,0,0,0,0,0
14461,MARKFED SOHNA SUPERIOR BASMATI RICE 1KG,140,0,0,0,0,0,0,0,0,0,0,0,0,0,0
14462,MARKFED SOHNA SUPERIOR BASMATI RICE 5KG,660,1,0,0,0,0,0,0,0,0,0,0,0,0,1
14463,MARKFED SOHNA KACHI GHANI MUSTARD OIL 1LTR,132,0,0,0,0,0,0,0,0,0,0,0,0,0,0
14464,NIRMA WASHING POWDER 1KG,43,10,0,0,0,0,0,0,0,0,0,0,0,0,10
14465,GATSBY HAIR CREAM HARD SETTING 250GM,175,0,0,0,0,0,0,0,0,0,0,0,0,0,0
14466,SCOTCH BRITE SOAP DISPENSING PUMP 3M,289,0,0,0,0,0,0,0,0,0,0,0,0,0,0
14467,MTR POHA KHATTA MEETHA IN A CUP 80GM,45,0,0,0,0,0,0,0,0,0,0,0,0,0,0
14468,MTR UPMA IN A CUP 80GM,45,0,0,0,0,0,0,0,0,0,0,0,0,0,0
14469,MTR POHA IN A CUP 80GM,50,0,0,0,0,0,0,0,0,0,0,0,0,0,0
14470,CORNITOS NACHO CRISPS PERI PERI 150GM,85,2,0,0,0,0,0,0,0,0,0,0,0,0,2
14471,CORNITOS NACHO CRISPS PERI PERI 60GM,35,6,0,0,0,0,0,0,0,0,0,0,0,0,6
14472,HIMALAYA TOOTH PASTE COMPLETE CARE 40GM,20,0,0,0,0,0,0,0,0,0,0,0,0,0,0
14473,SAVLON SOAP DOUBLE STRENGHT 45GM,10,0,0,0,0,0,0,0,0,0,0,0,0,0,0
14474,BHUIRA BLACK GRAPE PRESERVE 470GM,250,0,0,0,0,0,0,0,0,0,0,0,0,0,0
14475,AMLA(GOOSEBERRY),45,0.11,0,0,0,0,0,0,0,0,0,0,0,0,0.11
14476,FORTUNE VIVO DIABETES CARE OIL 1LTR,135,0,0,0,0,0,0,0,0,0,0,0,0,0,0
14477,FORTUNE VIVO DIABETES CARE OIL 5LTR,650,0,0,0,0,0,0,0,0,0,0,0,0,0,0
14478,TRESEMME SHAMPOO SPA REJUVENATION NOURISH & REVIVE 580ML,460,0,0,0,0,0,0,0,0,0,0,0,0,0,0
14479,TRESEMME SHAMPOO SPA REJUVENATION NOURISH & REVIVE 200ML,165,0,0,0,0,0,0,0,0,0,0,0,0,0,0
14480,PAMPERS BABY PANTS LIGHT & DRY MEDIUM 9DIAPERS,115,0,0,0,0,0,0,0,0,0,0,0,0,0,0
14481,BRU GOLD BUY1GET1FREE 4.5GM,10,0,0,0,0,0,0,0,0,0,0,0,0,0,0
14482,KISSAN BERRY BLAST 320GM,115,0,0,1,0,0,0,0,0,0,0,0,0,0,1
14483,KISSAN ORANGE BLAST 320GM,110,2,0,0,0,0,0,0,0,0,0,0,0,0,2
14484,KISSAN STRAWBERRY BLAST 320GM,115,0,0,1,0,0,0,0,0,0,0,0,0,0,1
14485,BRITANNIA NUTRI CHOICE DIGESTIVES HI FIBRE 50GM,10,0,0,0,0,0,0,0,0,0,0,0,0,0,0
14486,SWISS NATUREN GRILLED CHICKEN MASALA PATTY 200GM,130,0,0,0,0,0,0,0,0,0,0,0,0,0,0
14487,SWISS NATUREN CRUNCHY CHICKEN MELTS 200GM,100,0,0,0,0,0,0,0,0,0,0,0,0,0,0
14488,SWISS NATUREN SPICY CHICKEN TENDERS 200GM,115,0,0,0,0,0,0,0,0,0,0,0,0,0,0
14489,SWISS NATUREN CHICKEN NUGGETS 200GM,100,0,0,0,0,0,0,0,0,0,0,0,0,0,0
14490,SWISS NATUREN CHICKEN MASALA TIKKI 200GM,100,0,0,0,0,0,0,0,0,0,0,0,0,0,0
14491,SWISS NATUREN CHICKEN SALAMI MASALA 200GM,125,0,0,0,0,0,0,0,0,0,0,0,0,0,0
14492,SWISS NATUREN SPANISH CHICKEN MEAT BALLS 200GM,135,0,0,0,0,0,0,0,0,0,0,0,0,0,0
14493,SWISS NATUREN CHICKEN SALAMI CHILLI & HERB 200GM,125,0,0,0,0,0,0,0,0,0,0,0,0,0,0
14494,SWISS NATUREN CHICKEN SALAMI CLASSIC PLAIN 200GM,125,0,0,0,0,0,0,0,0,0,0,0,0,0,0
14495,SWISS NATUREN CHICKEN BURGER PATTY 200GM,100,0,0,0,0,0,0,0,0,0,0,0,0,0,0
14496,SWISS NATUREN GRILLED CHICKEN BBQ PATTY 200GM,130,0,0,0,0,0,0,0,0,0,0,0,0,0,0
14497,GODREJ NO.1 SOAP ALOE VERA WHITE LILY 5X100GM,66,0,0,0,0,0,0,0,0,0,0,0,0,0,0
14498,GODREJ NO.1 SOAP KESAR MILK CREAM 5X100GM,68,1,0,0,0,0,0,0,0,0,0,0,0,0,1
14499,FLAX SEEDS ROASTED 100GM,28,8,0,0,0,0,0,0,0,0,0,0,0,0,8
14500,BONN HAPPY HEART LOW CALORIE BREAD 400GM,50,0,0,0,0,0,0,0,0,0,0,0,0,0,0
14501,DOVE SOAP CREAM BEAUTY BATHING BAR 3X100GM,172,5,0,0,0,2,0,0,0,0,0,0,0,0,3
14502,LIFEBUOY SOAP TOTAL 10 BUY4GET1FREE 4X125GM,94,0,0,0,0,0,0,0,0,0,0,0,0,0,0
14503,PEARS SOAP PURE &GENTLE BUY3GET1FREE 3X125GM,168,0,0,0,0,0,0,0,0,0,0,0,0,0,0
14504,SURF EXCEL EASY WASH+COMFORT+VIM+SURF EXCEL BAR COMBO PACK,344,0,0,0,0,0,0,0,0,0,0,0,0,0,0
14505,RIN POWDER REFRESH LEMON AND ROSE 4KG+CONTAINER FREE,352,0,0,0,0,0,0,0,0,0,0,0,0,0,0
14506,HORLICKS JUNIOR CHOCOLATE STAGE1 500GM,265,0,0,0,0,0,0,0,0,0,0,0,0,0,0
14507,RORITO T-MAX REFILL 0.5MM,20,23,0,0,0,0,0,0,0,0,0,0,0,0,23
14508,KELLOGGS OATS TOMATO SALSA 3X39GM BUY3GET1FREE,45,0,0,0,0,0,0,0,0,0,0,0,0,0,0
14509,KELLOGGS OATS GREEN PUDINA 3X39GM BUY3GET1FREE,45,0,0,0,0,0,0,0,0,0,0,0,0,0,0
14510,IFB PRAWN SPRING ROLL 200GM,190,0,0,0,0,0,0,0,0,0,0,0,0,0,0
14511,DETTOL SOAP ORIGINAL 4X125GM,159,0,0,0,0,0,0,0,0,0,0,0,0,0,0
14512,AMUL KOOL KOKO 200ML,30,11,0,0,0,0,0,0,0,0,0,0,0,0,11
14513,FOODATU PANEER TIKKA MASALA LACHA PARANTHA,110,0,0,0,0,0,0,0,0,0,0,0,0,0,0
14514,FOODATU KADI CHAWAL 450GM,70,0,0,0,0,0,0,0,0,0,0,0,0,0,0
14515,FOODATU CHOLE CHAWAL 450GM,70,0,0,0,0,0,0,0,0,0,0,0,0,0,0
14516,FOODATU RAJMA CHAWAL 450GM,70,0,0,0,0,0,0,0,0,0,0,0,0,0,0
14517,FOODATU PANEER TIKKA MASALA WITH RICE 450GM,110,0,0,0,0,0,0,0,0,0,0,0,0,0,0
14518,FOODATU CHILLI GARLIC NOODLES WITH VEG MANCHURIAN 450GM,90,0,0,0,0,0,0,0,0,0,0,0,0,0,0
14519,VEGIT SOYA ROLL 120GM,70,0,0,0,0,0,0,0,0,0,0,0,0,0,0
14520,PASEO ULTRA SOFT FACIAL OFTNESS 3PLY,50,0,0,0,0,0,0,0,0,0,0,0,0,0,0
14521,RITE BITE MAX PROTEIN MINTY CHAAT 45GM,40,0,0,0,0,0,0,0,0,0,0,0,0,0,0
14522,RITE BITE MAX PROTEIN SPANISH TOMATO 45GM,40,0,0,0,0,0,0,0,0,0,0,0,0,0,0
14523,RITE BITE MAX PROTEIN CHEESE & JALAPENO 45GM,40,0,0,0,0,0,0,0,0,0,0,0,0,0,0
14524,FOODATU VEG BIRYANI,90,0,0,0,0,0,0,0,0,0,0,0,0,0,0
14525,STEVIA LIQUID 100ML,365,0,0,0,0,0,0,0,0,0,0,0,0,0,0
14526,ORGANIC SUNRISE NATURAL ALOEVERA WHEAT GRASS JUICE 800ML,480,0,0,0,0,0,0,0,0,0,0,0,0,0,0
14527,LAURELS IMPORTED PREMIUM SOFT FACIAL TISSUE BOX 100PULLS,65,0,0,0,0,0,0,0,0,0,0,0,0,0,0
14528,LAURELS IMPORTED SOFT VIRGIN PULP FACIAL TISSUE BOX 200PULLS,100,0,0,0,0,0,0,0,0,0,0,0,0,0,0
14529,LIPTON ICE TEA LEMON 400GM,130,0,0,0,0,0,0,0,0,0,0,0,0,0,0
14530,BRITANNIA TIGER KRUNCH CASHEW 45GM,5,0,0,0,0,0,0,0,0,0,0,0,0,0,0
14531,BRITANNIA TIGER KRUNCH BUTTER 45GM,5,0,0,0,0,0,0,0,0,0,0,0,0,0,0
14532,SECRET TEMPTATION DEO FLIRT 150ML,185,0,0,0,0,0,0,0,0,0,0,0,0,0,0
14534,WILD STONE PERFUME SPRAY AQUA FRESH 100ML,295,0,0,0,0,0,0,0,0,0,0,0,0,0,0
14535,ORAL-B TOOTH BRUSH ALL ROUNDER CAVITY DEFENCE 123 SOFT 3P,64,0,0,0,0,0,0,0,0,0,0,0,0,0,0
14536,DOMEX TOILET CLEANER LEMON POWER 3X750ML,230,0,0,0,0,0,0,0,0,0,0,0,0,0,0
14537,PEARS SOAP OIL CLEAR & GLOW 3X75GM,90,0,0,0,0,0,0,0,0,0,0,0,0,0,0
14538,SURF EXCEL QUICKWASH 12GM,2,0,0,0,0,0,0,0,0,0,0,0,0,0,0
14539,LAKME PERFECT RADIANCE INTENSE WHITENING LIGHT CREME 50GM,315,0,0,0,0,0,0,0,0,0,0,0,0,0,0
14540,LAKME PERFECT RADIANCE INTENSE WHITENING NIGHT CREME 50GM,315,0,0,0,0,0,0,0,0,0,0,0,0,0,0
14541,LAKME EYECONIC KAJAL BLACK 0.35GM,180,0,0,0,0,0,0,0,0,0,0,0,0,0,0
14542,PEDIGREE PUPPY CHICKEN & MILK 100GM,20,0,0,0,0,0,0,0,0,0,0,0,0,0,0
14543,PATANJALI JUICE LICHI 65ML,5,0,0,0,0,0,0,0,0,0,0,0,0,0,0
14544,PATANJALI JUICE GUAVA 65ML,5,0,0,0,0,0,0,0,0,0,0,0,0,0,0
14545,PATANJALI JUICE AMLA ALOEVERA 65ML,5,0,0,0,0,0,0,0,0,0,0,0,0,0,0
14546,PATANJALI JUICE MANGO 65ML,5,0,0,0,0,0,0,0,0,0,0,0,0,0,0
14547,PATANJALI JUICE AMLA AMRIT 65ML,5,0,0,0,0,0,0,0,0,0,0,0,0,0,0
14548,PATANJALI KALI MIRCH PAPAD 200GM,48,0,0,0,0,0,0,0,0,0,0,0,0,0,0
14549,PATANJALI BRAHMI SHARBAT 750ML,100,0,0,0,0,0,0,0,0,0,0,0,0,0,0
14550,PATANJALI ORANGE SQUASH 750ML,75,0,0,0,0,0,0,0,0,0,0,0,0,0,0
14551,PATANJALI GULAB SHARBAT 750ML,100,0,0,0,0,0,0,0,0,0,0,0,0,0,0
14552,PATANJALI AMLA PICKLE 1KG,95,0,0,0,0,0,0,0,0,0,0,0,0,0,0
14553,PATANJALI LEMON PICKLE 400GM,65,0,0,0,0,0,0,0,0,0,0,0,0,0,0
14554,PATANJALI HONEY 250GM,75,0,0,0,0,0,0,0,0,0,0,0,0,0,0
14555,PATANJALI HONEY 500GM,135,0,0,0,0,0,0,0,0,0,0,0,0,0,0
14556,PATANJALI HONEY 1KG,260,0,0,0,0,0,0,0,0,0,0,0,0,0,0
14557,KEYA ROYAL KITCHEN KING 80GM,80,0,0,0,0,0,0,0,0,0,0,0,0,0,0
14558,KEYA WHITE PEPPER MALABAR 65GM,125,0,0,0,0,0,0,0,0,0,0,0,0,0,0
14559,KEYA AWADHI RAITA MASALA 100GM,80,0,0,0,0,0,0,0,0,0,0,0,0,0,0
14560,KEYA HIMALAYAN KALA NAMAK 200GM,35,0,0,0,0,0,0,0,0,0,0,0,0,0,0
14561,NIRMA BLUE 1KG,80,0,0,0,0,0,0,0,0,0,0,0,0,0,0
14562,NIRMA BLUE 500GM,40,0,0,0,0,0,0,0,0,0,0,0,0,0,0
14563,VITA PURE GHEE 1LTR,410,0,0,0,0,0,0,0,0,0,0,0,0,0,0
14564,MAGGI CHICKEN NOODLES 71GM,14,6,0,0,0,0,0,0,0,0,0,0,0,0,6
14565,PATANJALI DALIA 500GM,20,0,0,0,0,0,0,0,0,0,0,0,0,0,0
14567,JABSONS KHAKHRA BAJRA METHI 180GM,50,3,0,0,0,0,0,0,0,0,0,0,0,0,3
14568,JABSONS KADHI PATTA BOONDI 90GM,30,0,0,0,0,0,0,0,0,0,0,0,0,0,0
14569,DANONE YOGHURT STRAWBERRY 80GM,25,0,0,0,0,0,0,0,0,0,0,0,0,0,0
14570,DANONE YOGHURT MANGO 80GM,25,0,0,0,0,0,0,0,0,0,0,0,0,0,0
14571,MAPRO PINEAPPLE CRUSH 750ML,144,0,0,0,0,0,0,0,0,0,0,0,0,0,0
14578,MAPRO BUTTER SCOTCH FLAVOURED APPLE CRUSH 750ML,144,0,0,0,0,0,0,0,0,0,0,0,0,0,0
14579,CREMICA KRACK BITE BISCUITS 100GM,10,0,0,0,0,0,0,0,0,0,0,0,0,0,0
14580,PARK AVENUE SOAP STORM 3X125GM,105,0,0,0,0,0,0,0,0,0,0,0,0,0,0
14581,PARK AVENUE SOAP LUXURY 3X125GM,105,0,0,0,0,0,0,0,0,0,0,0,0,0,0
14582,EMAMI TALCUM MOON DROP FRENCH PERFUME BUY 1 GET 1 FREE OFFER,220,0,0,0,0,0,0,0,0,0,0,0,0,0,0
14583,GARNIER FACEWASH WHITE COMPLATE SPEED WHITE FAIRNESS100GM,145,0,0,0,0,0,0,0,0,0,0,0,0,0,0
14584,KURKURE SALTED PEANUTS 155GM,35,10,0,0,0,0,0,0,0,0,0,0,0,0,10
14585,SPARK MATE PREMIUM ANTIBAC TOILET BRUSH WITH HOLDER,289,0,0,0,0,0,0,0,0,0,0,0,0,0,0
14586,VEEBA CHIPOTLE SOUTHWEST DRESSING 300GM,149,2,0,0,0,0,0,0,0,0,0,0,0,0,2
14587,VEEBA SWEET ONION SAUCE 300GM,129,1,0,0,0,1,0,0,0,0,0,0,0,0,0
14588,VEEBA MINT MAYONNAISA 300GM,149,2,0,0,0,0,0,0,0,0,0,0,0,0,2
14589,VEEBA THOUSAND ISLAND DRESSING 300GM,129,0,0,0,0,0,0,0,0,0,0,0,0,0,0
14590,VEEBA OLIVE OIL MAYONNAISE 300GM,149,2,0,0,0,0,0,0,0,0,0,0,0,0,2
14591,COLGATE TOOTH PASTE TOTAL CHARCOAL DEEP CLEAN 2X120GM,153,0,0,0,0,0,0,0,0,0,0,0,0,0,0
14592,COLGATE TOOTH PASTE BARBIE STRAWBERRY FLAVOR 80GM,82,0,0,0,0,0,0,0,0,0,0,0,0,0,0
14593,COLGATE TOOTH PASTE SPIDER MAN BUBBLE FRUIT FLAVOR 80GM,79,0,0,0,0,0,0,0,0,0,0,0,0,0,0
14594,COLGATE TOOTH BRUSH SENSITIVE SLIM SOFT ULTRA SOFT 1P,70,0,0,0,0,0,0,0,0,0,0,0,0,0,0
14595,COLGATE TOOTH BRUSH ZIGZ AG BLACK MEDIUM 1P,35,0,0,0,0,0,0,0,0,0,0,0,0,0,0
14596,LIFEBUOY HAND SANITIZER 210ML,199,0,0,0,0,0,0,0,0,0,0,0,0,0,0
14597,SUNSILK SHAMPOO LONG & HEALTHY GROWTH BIOTIN 80ML,50,1,0,0,0,0,0,0,0,0,0,0,0,0,1
14598,SUNSILK SHAMPOO LONG & HEALTHY GROWTH BIOTIN GREEN 340ML,165,1,0,0,0,0,0,0,0,0,0,0,0,0,1
14599,SUNSILK SHAMPOO LONG & HEALTHY GROWTH BIOTIN 650ML,365,0,0,0,0,0,0,0,0,0,0,0,0,0,0
14600,AMBI PUR SPRAY SWEET BERRIES 275GM,265,1,0,0,0,0,0,0,0,0,0,0,0,0,1
14601,AMBI PUR SPRAY LAVENER BOUQUET 275GM,265,0,0,0,0,0,0,0,0,0,0,0,0,0,0
14602,AMBI PUR SPRAY VANILLA & SPICY 275GM,265,0,0,0,0,0,0,0,0,0,0,0,0,0,0
14603,AMBI PUR SPRAY FRESH & FRUITY 275GM,285,0,0,0,0,0,0,0,0,0,0,0,0,0,0
14604,AMBI PUR SPRAY EXOTIC JASMINE 275GM,265,0,0,0,0,0,0,0,0,0,0,0,0,0,0
14605,DENVER TALC BLACK CODE COLOGNE 300GM,125,0,0,0,0,0,0,0,0,0,0,0,0,0,0
14606,BRITANNIA TIGER KREEMZ ORANGE BISCUITS 86GM,10,1,0,0,0,0,0,0,0,0,0,0,0,0,1
14607,OREO BISCUIT CHOCO CREME 51.5GM,10,26,0,0,0,0,0,0,0,0,0,0,0,0,26
14608,PARLE HIDE&SEEK AMERICANA BUTTER COOKIES 200GM,20,13,0,0,0,0,0,0,0,0,0,0,0,0,13
14609,PARLE KISMIS RAJBHOG FLAVOUR CHOCOLATE 245.5GM,50,0,0,0,0,0,0,0,0,0,0,0,0,0,0
14610,PARLE HIDE&SEEK AMERICANA CASHEW BUTTER COOKIES 120GM,25,0,0,0,0,0,0,0,0,0,0,0,0,0,0
14611,PARLE HIDE&SEEK AMERICANA BUTTER COOKIES 92GM,10,19,0,0,0,2,0,0,0,0,0,0,0,0,17
14612,PARLE HIDE&SEEK AMERICANA CASHEW BUTTER COOKIES 67GM,10,20,0,0,0,0,0,0,0,0,0,0,0,0,20
14613,PARLE HIDE&SEEK CHOCOLATE CHIP COOKIES 200GM,50,2,0,0,0,0,0,0,0,0,0,0,0,0,2
14614,PARLE BAKE SMITH ORIGINAL ENGLISH MARIE 200GM,20,0,0,0,0,0,0,0,0,0,0,0,0,0,0
14615,PARLE MILANO CENTRE FILLED MIXED BERRIES 75GM,35,3,0,0,0,0,0,0,0,0,0,0,0,0,3
14616,PARLE MONACO COMBO BUY3GET1FREE 400GM,90,0,0,0,0,0,0,0,0,0,0,0,0,0,0
14617,SUNFLOWER SEED PLAIN 100GM,50,9,0,0,0,0,0,0,0,0,0,0,0,0,9
14618,DRIED KIWI SEED 250GM,170,0,0,0,0,0,0,0,0,0,0,0,0,0,0
14619,CRANBERRY SEED 100GM,72,0,0,0,0,0,0,0,0,0,0,0,0,0,0
14620,COKE DIET CAN 180ML,20,105,0,0,0,1,0,0,0,0,0,0,0,0,104
14621,COCA COLA CAN 180ML,20,0,0,0,0,0,0,0,0,0,0,0,0,0,0
14622,OREGANOZ GINGER PICKLE 400GM,199,0,0,0,0,0,0,0,0,0,0,0,0,0,0
14623,OREGANOZ NIMBU PICKLE 400GM,159,0,0,0,0,0,0,0,0,0,0,0,0,0,0
14624,OREGANOZ GREEN CHILLI PICKLE 400GM,140,0,0,0,0,0,0,0,0,0,0,0,0,0,0
14625,OREGANOZ MIXED PICKLE 400GM,153,0,0,0,0,0,0,0,0,0,0,0,0,0,0
14626,OREGANOZ HIMALAYAN ORGANIC HONEY MULT FLORA 400GM,315,0,0,0,0,0,0,0,0,0,0,0,0,0,0
14627,OREGANOZ HIMALAYAN ORGANIC HONEY WILD FOREST 400GM,315,0,0,0,0,0,0,0,0,0,0,0,0,0,0
14628,OREGANOZ MANGO PICKLE 400GM,153,0,0,0,0,0,0,0,0,0,0,0,0,0,0
14629,OREGANOZ NIMBU MIRCH PICKLE 400GM,140,0,0,0,0,0,0,0,0,0,0,0,0,0,0
14630,OREGANOZ GARLIC PICKLE 400GM,189,0,0,0,0,0,0,0,0,0,0,0,0,0,0
14631,COMPLAN CLASSIC CHOCOLATE FLAVOUR 500GM,255,0,0,0,0,0,0,0,0,0,0,0,0,0,0
14632,NESTLE KITKAT DUO 12.8GM,10,0,0,0,0,0,0,0,0,0,0,0,0,0,0
14633,ORGANIC NATION MIX FRUIT PRESERVE SPREAD 450GM,150,0,0,0,0,0,0,0,0,0,0,0,0,0,0
14634,BAMBINO MACARONI TOMATOS 400GM,50,0,0,0,0,0,0,0,0,0,0,0,0,0,0
14635,BAMBINO MACARONI SPINACH 400GM,50,0,0,0,0,0,0,0,0,0,0,0,0,0,0
14636,KELLOGGS CORN FLAKES BROWNIE DELITE 300GM,130,0,0,0,0,0,0,0,0,0,0,0,0,0,0
14637,PARK AVENUE DEO IMPACT RACER 120ML,225,0,0,0,0,0,0,0,0,0,0,0,0,0,0
14638,PARK AVENUE DEO IMPACT LIVEWIRE 120ML,225,0,0,0,0,0,0,0,0,0,0,0,0,0,0
14639,PARK AVENUE DEO IMPACT SWAG 120ML,225,0,0,0,0,0,0,0,0,0,0,0,0,0,0
14640,PARK AVENUE SOAP COOL BLUE 3X125GM,105,0,0,0,0,0,0,0,0,0,0,0,0,0,0
14641,GLADE TOUCH & FRESH EXOTIC GARDEN 7.8GM,75,0,0,0,0,0,0,0,0,0,0,0,0,0,0
14642,GLADE TOUCH & FRESH EXOTIC SPICE 7.8GM,75,0,0,0,0,0,0,0,0,0,0,0,0,0,0
14643,WIPRO LED BLUB 9W,175,0,0,0,0,0,0,0,0,0,0,0,0,0,0
14644,WIPRO LED BLUB 7W,225,2,0,0,0,0,0,0,0,0,0,0,0,0,2
14645,WIPRO LED BLUB 14W,320,2,0,0,0,0,0,0,0,0,0,0,0,0,2
14646,WIPRO LED BLUB 5W,150,1,0,0,0,0,0,0,0,0,0,0,0,0,1
14647,WIPRO LED BLUB 12W,295,4,0,0,0,0,0,0,0,0,0,0,0,0,4
14648,CREMICA AJWAIN CRACKER BISCUIT 90GM,10,5,0,0,0,0,0,0,0,0,0,0,0,0,5
14649,PARACHUTE ADVANSED BODY LOTION COCONUT MILK REFRESH 250ML,190,0,0,0,0,0,0,0,0,0,0,0,0,0,0
14650,AVOCADO,410,0,0,0,0,0,0,0,0,0,0,0,0,0,0
14651,RED CABAGE,80,0,0,0,0,0,0,0,0,0,0,0,0,0,0
14652,LETTUCE / SALAD PATTA,90,0,0,0,0,0,0,0,0,0,0,0,0,0,0
14653,CELERY 200GM,35,0,0,0,0,0,0,0,0,0,0,0,0,0,0
14654,PARSLEY 100GM,25,0,0,0,0,0,0,0,0,0,0,0,0,0,0
14655,ZUCHINI GREEN,40,0,0,0,0,0,0,0,0,0,0,0,0,0,0
14657,RED YELLOW CAPSICUM,270,-0.088,0,0,0,0,0,0,0,0,0,0,0,0,-0.088
14658,BEANS SPROUTS 200GM,30,0,0,0,0,0,0,0,0,0,0,0,0,0,0
14659,SCOTCH BRITE TRENDY SPONGE WIPE 3M,116,0,0,0,0,0,0,0,0,0,0,0,0,0,0
14660,SETWET DEO COOL AVATAR 150ML,149,0,0,0,0,0,0,0,0,0,0,0,0,0,0
14661,SETWET DEO CHARM AVATAR 150ML,149,0,0,0,0,0,0,0,0,0,0,0,0,0,0
14662,SETWET DEO SWAG AVATAR 150ML,149,0,0,0,0,0,0,0,0,0,0,0,0,0,0
14663,DABUR SARSON HAIR OIL 500ML,125,2,0,0,0,0,0,0,0,0,0,0,0,0,2
14664,HARNIK CHINA GRASS INSTANT DESSERT MIX VANILLA FLAVOUR 100GM,37,0,0,0,0,0,0,0,0,0,0,0,0,0,0
14665,VLCC SLIMMERS MULTI GRAIN MUESLI FRUIT & FIBER 250GM,225,0,0,0,0,0,0,0,0,0,0,0,0,0,0
14666,VLCC SLIMMERS MULTI GRAIN MUESLI CRUNCHY NUT 250GM,200,0,0,0,0,0,0,0,0,0,0,0,0,0,0
14667,VLCC SLIMMERS GREEN TEA ANTIOXIDANT 25BAGS,175,0,0,0,0,0,0,0,0,0,0,0,0,0,0
14668,VLCC SLIMMERS GREEN TEA HERBAL INFUSION SLIMMING 25BAGS,175,0,0,0,0,0,0,0,0,0,0,0,0,0,0
14669,VLCC SLIMMERS GREEN TEA HERBAL INFUSION STRESS RELIEF 25BAGS,175,0,0,0,0,0,0,0,0,0,0,0,0,0,0
14670,VLCC SLIMMERS HONEY DIETARY SUPPLEMENT 225GM,110,1,0,0,0,0,0,0,0,0,0,0,0,0,1
14671,VLCC SLIMMERS ISABGOL PINEAPPLE FLAVOURED 100GM,200,0,0,0,0,0,0,0,0,0,0,0,0,0,0
14672,PAPER BOAT CHILLI GUAVA 200ML,25,0,0,0,0,0,0,0,0,0,0,0,0,0,0
14673,TOP RAMEN NOODLES FIERY CHILLI 70GM,10,0,0,0,0,0,0,0,0,0,0,0,0,0,0
14674,HOKEY POKEY KNIGHT IN ARMOR 90ML,50,0,0,0,0,0,0,0,0,0,0,0,0,0,0
14675,HOKEY POKEY NH7 WEEKENDER MIX 90ML,50,0,0,0,0,0,0,0,0,0,0,0,0,0,0
14676,HOKEY POKEY FUSSY FRENCH VANILLA 90ML,50,0,0,0,0,0,0,0,0,0,0,0,0,0,0
14677,GOWARDHAN BADAM MILK 180ML,40,0,0,0,0,0,0,0,0,0,0,0,0,0,0
14678,NAVNEET JUMBO RULER 30CM,14,0,0,0,0,0,0,0,0,0,0,0,0,0,0
14679,NAVNEET FUN POSTER COLOURS 12SHADES,150,2,0,0,0,0,0,0,0,0,0,0,0,0,2
14680,SUNSILK SHAMPOO LONG & HEALTHY GROWTH BIOTIN 180ML,85,1,0,0,0,0,0,0,0,0,0,0,0,0,1
14681,DRIED PINEAPPLE SLICE 250GM,175,0,0,0,0,0,0,0,0,0,0,0,0,0,0
14682,KHAJUR SEED LESS 400GM,94,1,0,0,0,0,0,0,0,0,0,0,0,0,1
14683,OREO BISCUIT STRAWBERRY CREME 50GM,10,0,0,0,0,0,0,0,0,0,0,0,0,0,0
14684,QUAKER OATS TOMATO VEGGIE 40GM,15,0,0,0,0,0,0,0,0,0,0,0,0,0,0
14685,WILD STONE TALC FOREST SPICE 100GM,55,0,0,0,0,0,0,0,0,0,0,0,0,0,0
14686,LIPTON ICE TEA LEMON & MINT GREEN TEA 400GM,130,0,0,0,0,0,0,0,0,0,0,0,0,0,0
14687,ORGANIC CHANA BASAN 400GM,78,0,0,0,0,0,0,0,0,0,0,0,0,0,0
14688,ORGANIC DAL RAJMA CHITRA 500GM,87,0,0,0,0,0,0,0,0,0,0,0,0,0,0
14689,ORGANIC  BROWN SUGAR 500GM,102,0,0,0,0,0,0,0,0,0,0,0,0,0,0
14690,ORGANIC DAL URAD MOGAR 500GM,115,0,0,0,0,0,0,0,0,0,0,0,0,0,0
14691,ORGANIC DAL KABULI CHANA 500GM,90,0,0,0,0,0,0,0,0,0,0,0,0,0,0
14692,ORGANIC DAL MOONG MOGAR 500GM,110,0,0,0,0,0,0,0,0,0,0,0,0,0,0
14693,ORGANIC DAL SABUT URAD 500GM,105,0,0,0,0,0,0,0,0,0,0,0,0,0,0
14694,ORGANIC DAL SABUT MASOOR 500GM,90,0,0,0,0,0,0,0,0,0,0,0,0,0,0
14695,ORGANIC DAL MOONG WHOLE 500GM,95,0,0,0,0,0,0,0,0,0,0,0,0,0,0
14696,ORGANIC DAL LAL RAJMA 500GM,88,0,0,0,0,0,0,0,0,0,0,0,0,0,0
14697,ORGANIC DAL CHANA 500GM,80,0,0,0,0,0,0,0,0,0,0,0,0,0,0
14698,ORGANIC DAL KALA CHANA 500GM,78,0,0,0,0,0,0,0,0,0,0,0,0,0,0
14699,ORGANIC DAL URAD 500GM,116,0,0,0,0,0,0,0,0,0,0,0,0,0,0
14700,NAMKEEN TRANGAL,25,2,0,0,0,0,0,0,0,0,0,0,0,0,2
14701,NAMKEEN STAR 70GM,21,0,0,0,0,0,0,0,0,0,0,0,0,0,0
14702,NAMKEEN YELLOW PIPE 70GM,20,0,0,0,0,0,0,0,0,0,0,0,0,0,0
14703,TATA SALT PLUS 1KG,25,0,0,0,0,0,0,0,0,0,0,0,0,0,0
14704,KESH KING SHAMPOO ANTI-HAIR FALL 60ML,50,0,0,0,0,0,0,0,0,0,0,0,0,0,0
14705,NIVEA SOAP CREAM SOFT 125GM+125GM+75GM=325GM,124,0,0,0,0,0,0,0,0,0,0,0,0,0,0
14706,NIVEA DEO PROECT & CARE 150ML,199,0,0,0,0,0,0,0,0,0,0,0,0,0,0
14707,VEEBA CHILLI OREGANO SAUCE 350GM,109,1,0,0,0,0,0,0,0,0,0,0,0,0,1
14708,VEEBA TANGY TAMARIND SAUCE 550GM,124,0,0,0,0,0,0,0,0,0,0,0,0,0,0
14709,VEEBA PREMIUM KETCHUP 550GM,109,0,0,0,0,0,0,0,0,0,0,0,0,0,0
14710,VEEBA GARLIC CHILLI SAUCE 550GM,124,0,0,0,0,0,0,0,0,0,0,0,0,0,0
14711,VEEBA MARINARA PIZZA & PASTA SAUCE 310GM,129,1,0,0,0,0,0,0,0,0,0,0,0,0,1
14712,VEEBA CAESAR DRESSING 300GM,129,1,0,0,0,0,0,0,0,0,0,0,0,0,1
14713,VEEBA HONEY MUSTARD DRESSING 300GM,149,0,0,0,0,0,0,0,0,0,0,0,0,0,0
14714,VEEBA RANCH DRESSING 300GM,149,1,0,0,0,0,0,0,0,0,0,0,0,0,1
14715,VEEBA VINAIGRETTE DRESSING 320GM,109,0,0,0,0,0,0,0,0,0,0,0,0,0,0
14716,VEEBA TERIYAKI SAUCE 350GM,129,0,0,0,0,0,0,0,0,0,0,0,0,0,0
14717,VEEBA SWEET CHILLI SAUCE 350GM,109,2,0,0,0,0,0,0,0,0,0,0,0,0,2
14718,VEEBA BARBEQUE SAUCE 330GM,129,1,0,0,0,0,0,0,0,0,0,0,0,0,1
14719,FORTUNE SOYA HEALTH SOYABEAN OIL 2LTR,195,0,0,0,0,0,0,0,0,0,0,0,0,0,0
14720,PEDIASURE VANILLA DELIGHT 1KG,1050,0,0,0,0,0,0,0,0,0,0,0,0,0,0
14721,ALPENLIEBE CREAM STRAWBERRY FLAVOUR 30.6GM,10,0,0,0,0,0,0,0,0,0,0,0,0,0,0
14722,NESTLE EVERYDAY DAIRY WHITENER 100GM,48,0,0,0,0,0,0,0,0,0,0,0,0,0,0
14723,CAKE TREE PASTA,50,2,0,0,0,0,0,0,0,0,0,0,0,0,2
14724,7UP LEMON FLAVOUR 500ML,25,0,0,0,0,0,0,0,0,0,0,0,0,0,0
14725,OCEAN FRUIT WATER MANGO AND PASSION 500ML,45,4,0,0,0,0,0,0,0,0,0,0,0,0,4
14726,OCEAN FRUIT WATER PEACH AND PASSION 500ML,45,2,0,0,0,0,0,0,0,0,0,0,0,0,2
14727,OCEAN FRUIT WATER CRISPY APPLE 500ML,45,3,0,0,0,1,0,0,0,0,0,0,0,0,2
14728,OCEAN FRUIT WATER PINK GUAVA 500ML,45,5,0,0,0,0,0,0,0,0,0,0,0,0,5
14729,QUA NATURAL MINERAL WATER 1LTR,65,0,0,0,0,0,0,0,0,0,0,0,0,0,0
14730,SPRITE CAN 180ML,25,0,0,0,0,0,0,0,0,0,0,0,0,0,0
14731,FUZE TEA BLACK TEA LEMON FLAVOUR 250ML,30,0,0,0,0,0,0,0,0,0,0,0,0,0,0
14732,FUZE TEA BLACK TEA PEACH FLAVOUR 250ML,30,0,0,0,0,0,0,0,0,0,0,0,0,0,0
14733,COCA COLA ZERO CAN 180ML,20,157,0,0,0,3,0,0,0,0,0,0,0,0,154
14734,AMBI PUR AIR EFFECTS ROSE & BLOSSOM 275GM,299,0,0,0,0,0,0,0,0,0,0,0,0,0,0
14735,AMBI PUR AIR EFFECTS MOUNTAIN FOREST 275GM,285,0,0,0,0,0,0,0,0,0,0,0,0,0,0
14736,PAMPERS BABY PANTS LIGHT & DRY LARGE 34DIAPERS,499,0,0,0,0,0,0,0,0,0,0,0,0,0,0
14737,PASEO SMART FACIAL TISSUES BOX 100PULLS,65,0,0,0,0,0,0,0,0,0,0,0,0,0,0
14738,MOTHER DAIRY ICE CREAM ALMOND CARAMELLO TUB 1LTR,250,0,0,0,0,0,0,0,0,0,0,0,0,0,0
14739,MOTHER DAIRY ICE CREAM CONE CARAMELLADO 100ML,40,0,0,0,0,0,0,0,0,0,0,0,0,0,0
14740,PILLSBURY FRIDG CHEESE CAKE MIX CHOCOLATE FLAVOURED 165GM,130,0,0,0,0,0,0,0,0,0,0,0,0,0,0
14741,PILLSBURY FRIDG CHEESE CAKE MIX STRAWBERRY FLAVOURED 165GM,130,0,0,0,0,0,0,0,0,0,0,0,0,0,0
14742,HELTH COLD PRESSED COCONUT OIL 200ML,220,0,0,0,0,0,0,0,0,0,0,0,0,0,0
14743,FAB ESSENCE BUTTER SCOTCH 30ML,70,0,0,0,0,0,0,0,0,0,0,0,0,0,0
14744,WOODEN SPOON 14CM,145,0,0,0,0,0,0,0,0,0,0,0,0,0,0
14745,WOODEN SQUARE PLATE 6PEC,35,0,0,0,0,0,0,0,0,0,0,0,0,0,0
14746,WOODEN ROUND PLATE 6PEC,35,0,0,0,0,0,0,0,0,0,0,0,0,0,0
14747,WOODEN SQUARE BOWL 20PEC,52,1,0,0,0,0,0,0,0,0,0,0,0,0,1
14748,DRIED MANGO 250GM,205,0,0,0,0,0,0,0,0,0,0,0,0,0,0
14749,DRIED ORANGE 200GM,140,0,0,0,0,0,0,0,0,0,0,0,0,0,0
14750,DRIED STRAWBERRY 250GM,230,0,0,0,0,0,0,0,0,0,0,0,0,0,0
14751,VERKA MANGO LASSI 200ML,20,0,0,0,0,0,0,0,0,0,0,0,0,0,0
14752,VERKA STRAWBERRY LASSI 200ML,25,0,0,0,0,0,0,0,0,0,0,0,0,0,0
14753,PARLE KISMI ROSEMILK FLAVOUR TOFFEE,50,0,0,0,0,0,0,0,0,0,0,0,0,0,0
14754,LUBE MAK HONDA 1LTR,280,0,0,0,0,0,0,0,0,0,0,0,0,0,0
14755,LUBE MAK GOLD 5LTR,1140,4,0,0,0,0,0,0,0,0,0,0,0,0,4
14756,LUBE MAK GOLD 1LTR,235,20,0,0,0,0,0,0,0,0,0,0,0,0,20
14757,LUBE MAK DAIMOND 4LTR,991,0,0,0,0,0,0,0,0,0,0,0,0,0,0
14758,LUBE MAK SPIROL 5LTR,1113,0,0,0,0,0,0,0,0,0,0,0,0,0,0
14759,LIMCA CAN 180ML,20,0,0,0,0,0,0,0,0,0,0,0,0,0,0
14760,THUMS UP CAN 180ML,25,0,0,0,0,0,0,0,0,0,0,0,0,0,0
14761,CARRY BAG RS.4/P,4,10253,0,0,0,23,0,0,0,0,0,0,0,0,10230
14762,PARLE HAPPY HAPPY JAM IN 150GM,20,0,0,0,0,0,0,0,0,0,0,0,0,0,0
14763,PARLE MAGIX KREAMS STRAWBERRY 50GM,5,2,0,0,0,0,0,0,0,0,0,0,0,0,2
14764,GODREJ NO.1 SOAP JASMINE MILK CREAM 5X100GM,68,1,0,0,0,0,0,0,0,0,0,0,0,0,1
14765,GODREJ NO.1 SOAP LIME ALOE VERA 5X100GM,68,0,0,0,0,0,0,0,0,0,0,0,0,0,0
14766,GOOD KNIGHT ADVANCED FAST CARD PACK OF 30 CARDS,27,0,0,0,0,0,0,0,0,0,0,0,0,0,0
14767,CRAX CORN RINGS THAI SWEET CHILLI 35GM,10,0,0,0,0,0,0,0,0,0,0,0,0,0,0
14768,MORTEIN ACTIV CARD,10,0,0,0,0,0,0,0,0,0,0,0,0,0,0
14769,KEYA HIMALAYAN KALA NAMAK 100GM,25,0,0,0,0,0,0,0,0,0,0,0,0,0,0
14770,KEYA MATHURA CHAAT MASALA 80GM,80,0,0,0,0,0,0,0,0,0,0,0,0,0,0
14771,EMAMI TALC GOLDEN BEAUTY 2X100GM,65,0,0,0,0,0,0,0,0,0,0,0,0,0,0
14772,FIAMA DI WILLS MEN SHOWER GEL QUICK WASH OIL CONTROL TEA TREE 250ML,199,0,0,0,0,0,0,0,0,0,0,0,0,0,0
14773,SAVLON MOISTURE SHIELD 220ML,80,0,0,0,0,0,0,0,0,0,0,0,0,0,0
14774,RASNA INSTA 4X125GM,125,0,0,0,0,0,0,0,0,0,0,0,0,0,0
14775,RASNA JALJIRA RS.1,1,0,0,0,0,0,0,0,0,0,0,0,0,0,0
14776,RASNA ORANGE 5GM,2,0,0,0,0,0,0,0,0,0,0,0,0,0,0
14777,RASNA NIMBUPANI LEMON 5GM,2,0,0,0,0,0,0,0,0,0,0,0,0,0,0
14778,RASNA MANGO 5GM,2,0,0,0,0,0,0,0,0,0,0,0,0,0,0
14779,FAIR & LOVELY FACEWASH PIMPLE OFF 50GM,60,0,0,0,0,0,0,0,0,0,0,0,0,0,0
14780,FAIR & LOVELY FACEWASH PIMPLE OFF 100GM,99,0,0,0,0,0,0,0,0,0,0,0,0,0,0
14781,CENTRE FRUIT ENDLESS STRAWBERRY MIX FLAVOUR,1,0,0,0,0,0,0,0,0,0,0,0,0,0,0
14782,CENTER FRESH SWEET MINT FLAVOUR,1,0,0,0,0,0,0,0,0,0,0,0,0,0,0
14783,ALPENLIEBE RICH MILKY CARAMEL TOFFEE 30.6GM,10,0,0,0,0,0,0,0,0,0,0,0,0,0,0
14784,BROOKE BOND TAAZA JAR 500GM,165,0,0,0,0,0,0,0,0,0,0,0,0,0,0
14785,BOTTLE OPENER RS.50PEC,50,0,0,0,0,0,0,0,0,0,0,0,0,0,0
14786,CADBURY DAIRY MILK HEROES 18GM,20,0,0,0,0,0,0,0,0,0,0,0,0,0,0
14787,BOURN VITA BADAM BOOSTER JAR 400GM,250,0,0,0,0,0,0,0,0,0,0,0,0,0,0
14788,BOURN VITA BADAM BOOSTER JAR 200GM,130,0,0,0,0,0,0,0,0,0,0,0,0,0,0
14790,MOTHER DAIRY ICE CREAM SHAHI NAZRANA 750ML,100,0,0,0,0,0,0,0,0,0,0,0,0,0,0
14791,PAMPERS BABY DRY MEDIUM 66 DIAPERS JUMBO PACK,849,0,0,0,0,0,0,0,0,0,0,0,0,0,0
14792,ALFA PLUS NAPHTHALENE BALL 100GM,45,24,0,0,0,2,0,0,0,0,0,0,0,0,22
14793,MOTHER DAIRY ICE CREAM COMBO AMERICAM NUTTY DELIGHT 2X700ML,230,0,0,0,0,0,0,0,0,0,0,0,0,0,0
14794,MCVITIES DIGESTIVE 400GM,68,4,0,0,0,0,0,0,0,0,0,0,0,0,4
14795,ENO AJWAIN FLAVOUR 5GM,7,8,0,0,0,0,0,0,0,0,0,0,0,0,8
14796,HALDIRAMS NUT CRACKER NIMBU MASALA 200GM,44,0,0,0,0,0,0,0,0,0,0,0,0,0,0
14797,DABUR AMLA HAIR OIL 45ML,20,0,0,0,0,0,0,0,0,0,0,0,0,0,0
14798,HARPIC GERM&STAIN BLASTER CITRUS 750ML,120,0,0,0,0,0,0,0,0,0,0,0,0,0,0
14799,SUNDROP SUPERLITE ADVANCED POUCH 1LTR,195,0,0,0,0,0,0,0,0,0,0,0,0,0,0
14800,HIMALAYA OIL FREE RADIANCE GEL CREAM 50GM,250,0,0,0,0,0,0,0,0,0,0,0,0,0,0
14801,PARK AVENUE DEO SPLASH 100GM,190,0,0,0,0,0,0,0,0,0,0,0,0,0,0
14802,PARK AVENUE DEO CHILL 100GM,190,0,0,0,0,0,0,0,0,0,0,0,0,0,0
14803,PARK AVENUE DEO SLUSH 100GM,190,0,0,0,0,0,0,0,0,0,0,0,0,0,0
14804,SETWET DEO MISCHIEF AVATAR 150ML,149,0,0,0,0,0,0,0,0,0,0,0,0,0,0
14805,VLCC SLIMMERS HONEY 400GM,190,0,0,0,0,0,0,0,0,0,0,0,0,0,0
14806,VLCC SLIMMERS HONEY 125GM,65,0,0,0,0,0,0,0,0,0,0,0,0,0,0
14807,CHINGS INSTANT NOODLES CHOWMEIN 60GM,10,0,0,0,0,0,0,0,0,0,0,0,0,0,0
14808,YARDLEY TALC LACE SATIN 250GM,160,1,0,0,0,0,0,0,0,0,0,0,0,0,1
14809,YARDLEY TALC LACE SATIN 100GM,85,0,0,0,0,0,0,0,0,0,0,0,0,0,0
14812,GILLETTE PRESTO 1P,19,45,0,0,0,9,0,0,0,0,0,0,0,0,36
14813,KOHINOOR SUPER VALUE BASMATI RICE 1KG,150,0,0,0,0,0,0,0,0,0,0,0,0,0,0
14814,KOHINOOR SUPER VALUE BASMATI RICE 5KG,700,0,0,0,0,0,0,0,0,0,0,0,0,0,0
14815,TIDE PLUS TALCUM FRESHNESS 6KG,568,0,0,0,0,0,0,0,0,0,0,0,0,0,0
14816,PASEO ELEGANT BATHROOM TISSUE SOFT&NATURAL 4IN1 ROLLS,314,0,0,0,0,0,0,0,0,0,0,0,0,0,0
14817,PASEO ELEGANT BATHROOM TISSUE 2IN1,150,1,0,0,0,0,0,0,0,0,0,0,0,0,1
14818,SWISSYUM MASALA MURI 150GM,35,0,0,0,0,0,0,0,0,0,0,0,0,0,0
14819,AKARSHIT ALOO CHIPS FRESH N CRIPSY 150GM,60,0,0,0,0,0,0,0,0,0,0,0,0,0,0
14820,BRITANNIA TREAT PINEAPPLE 64GM,10,0,0,0,0,0,0,0,0,0,0,0,0,0,0
14821,BRITANNIA TIGER KREEMZ CHOCO 100GM,10,0,0,0,0,0,0,0,0,0,0,0,0,0,0
14822,BRITANNIA TIGER KREEMZ CHOCO 50GM,5,0,0,0,0,0,0,0,0,0,0,0,0,0,0
14823,AMUL ICE CREAM CREME RICH CARAMEL 125ML,35,0,0,0,0,0,0,0,0,0,0,0,0,0,0
14824,KNORR ROLL & WRAPS MIX CHICKEN MASALA 50GM,50,0,0,0,0,0,0,0,0,0,0,0,0,0,0
14825,KNORR ROLL & WRAPS MIX CHICKEN CHILLI GARLIC 50GM,50,0,0,0,0,0,0,0,0,0,0,0,0,0,0
14826,KNORR ROLL & WRAPS MIX TAWA CHATPATA 50GM,50,0,0,0,0,0,0,0,0,0,0,0,0,0,0
14827,KNORR ROLL & WRAPS MIX CHINESE CHOW 50GM,50,0,0,0,0,0,0,0,0,0,0,0,0,0,0
14828,MINUTE MAID GRITTY GUAVA 250ML,20,22,0,0,0,2,0,0,0,0,0,0,0,0,20
14829,MINUTE MAID PULPY ORANGE 250ML,20,0,0,0,0,0,0,0,0,0,0,0,0,0,0
14830,EPIGAMIA GREEK YOGURT HONEY BANANA 90GM,38,0,0,0,0,0,0,0,0,0,0,0,0,0,0
14831,EPIGAMIA GREEK YOGURT STRAWBERRY 90GM,38,0,0,0,0,0,0,0,0,0,0,0,0,0,0
14832,EPIGAMIA GREEK YOGURT BLUEBERRY 90GM,38,0,0,0,0,0,0,0,0,0,0,0,0,0,0
14833,EPIGAMIA GREEK YOGURT NATURAL 90GM,38,0,0,0,0,0,0,0,0,0,0,0,0,0,0
14834,EPIGAMIA GREEK YOGURT ALPHONSO MANGO 90GM,38,0,0,0,0,0,0,0,0,0,0,0,0,0,0
14835,EPIGAMIA GREEK YOGURT PINEAPPLE 90GM,38,0,0,0,0,0,0,0,0,0,0,0,0,0,0
14836,DRIED PRUNS 200GM,135,0,0,0,0,0,0,0,0,0,0,0,0,0,0
14837,SUNFLOWER SEED ROASTED 100GM,52,3,0,0,0,1,0,0,0,0,0,0,0,0,2
14838,DRIED MIX FRUIT 100GM,80,0,0,0,0,0,0,0,0,0,0,0,0,0,0
14839,ARIEL BRILLIANT CLEANING IN 1 WASH 1KG+500GM FREE=1.5KG,205,0,0,0,0,0,0,0,0,0,0,0,0,0,0
14840,SURF EXCEL EASYWASH POWDER 1KG,108,8,0,0,0,1,0,0,0,0,0,0,0,0,7
14841,MOTHER DAIRY ICE CREAM KESARIYA MASTANI TUB 1LTR,280,0,0,0,0,0,0,0,0,0,0,0,0,0,0
14842,BONN AMERICANA BURGER 160GM,20,6,0,0,0,1,0,0,0,0,0,0,0,0,5
14843,NIVEA SOAP CREME CARE 2X75GM,80,0,0,0,0,0,0,0,0,0,0,0,0,0,0
14844,NIVEA DEO PROECT & CARE ROLL ON 25ML,99,0,0,0,0,0,0,0,0,0,0,0,0,0,0
14845,NIVEA SOAP CREME CARE 4X75GM,132,0,0,0,0,0,0,0,0,0,0,0,0,0,0
14846,NIVEA FACE WASH REFRESHING 150ML,165,0,0,0,0,0,0,0,0,0,0,0,0,0,0
14847,NIVEA FACE WASH PURIFYING 150ML,165,1,0,0,0,0,0,0,0,0,0,0,0,0,1
14848,NIVEA SOAP CREME CARE 125GM,65,0,0,0,0,0,0,0,0,0,0,0,0,0,0
14849,NIVEA DEO MEN FRESH OCEAN 150ML,190,1,0,0,0,0,0,0,0,0,0,0,0,0,1
14850,RORITO JETTRA CLASSIC BALL PEN,20,12,0,0,0,0,0,0,0,0,0,0,0,0,12
14851,AMUL ICE CREAM CONE SUGAR FREE BUTTER SCOTCH 100ML,25,0,0,0,0,0,0,0,0,0,0,0,0,0,0
14852,KELLOGGS SPECIAL K MULTIGRAIN & HONEY 435GM,199,5,0,0,0,0,0,0,0,0,0,0,0,0,5
14853,HIMALAYA CONDITIONER DRYNESS DEFENSE 200ML,170,1,0,0,0,0,0,0,0,0,0,0,0,0,1
14854,TWININGS TEA REVIVE & REVITALISE PURE PEPPERMINT 25BAGS,320,1,0,0,0,0,0,0,0,0,0,0,0,0,1
14855,DABUR RED PASTE 200GM+200GM,163,0,0,0,0,0,0,0,0,0,0,0,0,0,0
14856,DABUR RED PASTE 200GM+200GM+100GM FREE,176,0,0,0,0,0,0,0,0,0,0,0,0,0,0
14857,MEATZZA CHICKEN SEEKH KEBAB 500GM,250,0,0,0,0,0,0,0,0,0,0,0,0,0,0
14858,MEATZZA MUTTON SEEKH KEBAB 1KG,700,0,0,0,0,0,0,0,0,0,0,0,0,0,0
14859,FIAMA DI WILLS SOAP GEL BAR DOUBLE MOISTURISER GLYCERIN & ARGAN OIL 3X125GM,174,0,0,0,0,0,0,0,0,0,0,0,0,0,0
14860,DRUK TOMATO PUREE 250GM,30,0,0,0,0,0,0,0,0,0,0,0,0,0,0
14861,MOTHER DAIRY ICE CREAM ALMOND CARAMELLO 115ML,35,0,0,0,0,0,0,0,0,0,0,0,0,0,0
14862,COCA COLA BOTTLE 300ML,20,0,0,0,0,0,0,0,0,0,0,0,0,0,0
14863,PAMPERS BABY PANTS LIGHT & DRY MEDIUM 40DIAPERS,499,0,0,0,0,0,0,0,0,0,0,0,0,0,0
14864,GODREJ NO.1 SOAP ROSEWATER ALMOND 5X100GM,68,0,0,0,0,0,0,0,0,0,0,0,0,0,0
14865,GODREJ NO.1 SOAP COCONUT NEAM 5X100GM,68,2,0,0,0,0,0,0,0,0,0,0,0,0,2
14866,BROOKE BOND TAJ MAHAL RICH MASALA TE 25BAGS,150,0,0,0,0,0,0,0,0,0,0,0,0,0,0
14867,MONGINIS VEG ENGLISH MUFFINS CAKE 150GM,40,0,0,0,0,0,0,0,0,0,0,0,0,0,0
14868,BRITANNIA GOOD DAY NUTS COOKIES PISTA CASHEW ALMOND 58GM,10,0,0,0,0,0,0,0,0,0,0,0,0,0,0
14869,BRITANNIA GOOD DAY NUTS COOKIES PISTA CASHEW ALMOND 200GM,40,0,0,0,0,0,0,0,0,0,0,0,0,0,0
14870,DENVER TALC ICE COLD 300GM,125,0,0,0,0,0,0,0,0,0,0,0,0,0,0
14871,PAMPERS BABY PANTS LIGHT & DRY XL 7DIAPERS,130,0,0,0,0,0,0,0,0,0,0,0,0,0,0
14872,TIDE PLUS JASMINE AND ROSE 5KG+1KG=6KG,649,0,0,0,0,0,0,0,0,0,0,0,0,0,0
14873,NESTLE MUNCH 20X10GM,90,2,0,0,0,0,0,0,0,0,0,0,0,0,2
14874,WATERMELON,35,4.385,0,0,0,0,0,0,0,0,0,0,0,0,4.385
14875,LIFEBUOY SOAP TOTAL 5X125GM,94,0,0,0,0,0,0,0,0,0,0,0,0,0,0
14876,PAPER PLEATS BIG,70,0,0,0,0,0,0,0,0,0,0,0,0,0,0
14877,PAPER PLEATS MEDIUM,50,0,0,0,0,0,0,0,0,0,0,0,0,0,0
14878,PAPER PLEATS SMALL,40,0,0,0,0,0,0,0,0,0,0,0,0,0,0
14879,DETTOL SOAP SKIN CARE 4X125GM,147,0,0,0,0,0,0,0,0,0,0,0,0,0,0
14880,COLIN GLASS CLEANER WITH SHINE BOOSTERS LEMON 250ML,45,0,0,0,0,0,0,0,0,0,0,0,0,0,0
14881,CLEAN PLUS SCRUBBER,20,0,0,0,0,0,0,0,0,0,0,0,0,0,0
14882,SHAGUN SUGAR 1KG,60,0,0,0,0,0,0,0,0,0,0,0,0,0,0
14883,GLUCOVITA JUICY ORANGE 400GM,135,0,0,0,0,0,0,0,0,0,0,0,0,0,0
14884,GLUCOVITA BOLTS ORANGE  FLAVOUR 18GM,10,0,0,0,0,0,0,0,0,0,0,0,0,0,0
14885,BORO PLUS TALCUM ICE ICY COOL 90GM,60,0,0,0,0,0,0,0,0,0,0,0,0,0,0
14886,NAVRATNA TALC I-COOL 100GM,70,1,0,0,0,0,0,0,0,0,0,0,0,0,1
14887,PAMPERS BABY PANTS LIGHT & DRY SMALL 42DIAPERS,499,0,0,0,0,0,0,0,0,0,0,0,0,0,0
14888,VEEBA AMERICAM MUSTARD SAUCE 310GM,109,2,0,0,0,0,0,0,0,0,0,0,0,0,2
14889,VASELINE INTENSIVE CARE ALOE SOOTHE DRY SKIN 40ML,46,0,0,0,0,0,0,0,0,0,0,0,0,0,0
14890,DANONE YOYHURT BLUEBERRY 80GM,25,0,0,0,0,0,0,0,0,0,0,0,0,0,0
14891,RASNA PINEAPPLE 500GM,120,0,0,0,0,0,0,0,0,0,0,0,0,0,0
14892,RASNA INSTANT ORANGE 500GM,120,0,0,0,0,0,0,0,0,0,0,0,0,0,0
14893,RASNA GUAVA 500GM,120,0,0,0,0,0,0,0,0,0,0,0,0,0,0
14894,EPIGAMIA GREEK YOGURT MINTY CHAAT 90GM,35,0,0,0,0,0,0,0,0,0,0,0,0,0,0
14895,NIVEA MEN CREME FACE.BODY.HENDS 30ML,69,1,0,0,0,0,0,0,0,0,0,0,0,0,1
14896,NIVEA MEN CREME FACE.BODY.HENDS 75ML,149,2,0,0,0,0,0,0,0,0,0,0,0,0,2
14897,NIVEA MEN SHAVING GEL ORIGINALS 70GM,79,0,0,0,0,0,0,0,0,0,0,0,0,0,0
14898,NIVEA MEN SHAVING GEL SENSITIVE 70GM,84,0,0,0,0,0,0,0,0,0,0,0,0,0,0
14899,MOTHER DAIRY ICE CREAM PASSION FRUIT BLOSSOM TUB 1LTR,250,0,0,0,0,0,0,0,0,0,0,0,0,0,0
14900,DUKES WAFFY VANILLA WAFERS 75GM,45,0,0,0,0,0,0,0,0,0,0,0,0,0,0
14901,RIN POWDER 500GM,37,3,0,0,0,0,0,0,0,0,0,0,0,0,3
14902,SWISS NATUREN CHICKEN FRIES 200GM,115,0,0,0,0,0,0,0,0,0,0,0,0,0,0
14903,VEGA MEN SHAVER VHST-01,2299,0,0,0,0,0,0,0,0,0,0,0,0,0,0
14904,VEGA MEN SHAVER VHST-03,2499,0,0,0,0,0,0,0,0,0,0,0,0,0,0
14905,VEGA HMC COMB RS.199,199,2,0,0,0,0,0,0,0,0,0,0,0,0,2
14906,VEGA HMC COMB RS.225,225,2,0,0,0,0,0,0,0,0,0,0,0,0,2
14907,MIRINDA BOTTLE ORANGE 400ML,25,0,0,0,0,0,0,0,0,0,0,0,0,0,0
14908,MOUNTAIN DEW BOTTLE 400ML,20,0,0,0,0,0,0,0,0,0,0,0,0,0,0
14909,PEPSI BOTTLE 400ML,20,0,0,0,0,0,0,0,0,0,0,0,0,0,0
14910,FLAX SEEDS PLAIN 100GM,15,-2,0,0,0,0,0,0,0,0,0,0,0,0,-2
14911,GARNIER FACEWASH WHITE COMPLATE SPEED WHITE FAIRNESS 50GM,85,0,0,0,0,0,0,0,0,0,0,0,0,0,0
14912,LAYS HOT N SWEET CHILLI 52GM,20,0,0,0,0,0,0,0,0,0,0,0,0,0,0
14913,SAVLON DOUBLE STRENGHT 220ML,80,0,0,0,0,0,0,0,0,0,0,0,0,0,0
14914,MEDIMIX SOAP NATURAL GLYCERINE 3X125GM,120,0,0,0,0,0,0,0,0,0,0,0,0,0,0
14916,CREMICA TWIN CREME KHAO 100GM,10,0,0,0,0,0,0,0,0,0,0,0,0,0,0
14917,MOTHER DAIRY ICE CREAM CAKE PINEAPPLE 525GM,400,0,0,0,0,0,0,0,0,0,0,0,0,0,0
14918,MOTHER DAIRY ICE CREAM KAJU KISHMISH CUP 60ML,20,0,0,0,0,0,0,0,0,0,0,0,0,0,0
14919,SPRITE BOTTLE 300ML,20,0,0,0,0,0,0,0,0,0,0,0,0,0,0
14920,FANTA BOTTLE ORANGE 300ML,20,0,0,0,0,0,0,0,0,0,0,0,0,0,0
14921,COCA COLA ZERO 300ML,20,3,0,0,0,0,0,0,0,0,0,0,0,0,3
14922,THUMS UP BOTTLE 300ML,20,0,0,0,0,0,0,0,0,0,0,0,0,0,0
14923,ARIEL BRILLIANT CLEANING IN 1 WASH 1KG,205,0,0,0,0,0,0,0,0,0,0,0,0,0,0
14924,GODREJ HAND WASH PROTEKT MASTERBLASTER REFILL PACK 4X250ML,147,0,0,0,0,0,0,0,0,0,0,0,0,0,0
14925,MOTHER DAIRY ICE CREAM EKDUM AAM 75ML,25,15,0,0,0,0,0,0,0,0,0,0,0,0,15
14926,BRITANNIA CHEESE SPREADZ ROASTED GARLIC 180GM,85,0,0,0,0,0,0,0,0,0,0,0,0,0,0
14927,BRITANNIA CHEESE SPREADZ PEPPY PIZZA 180GM,85,0,0,0,0,0,0,0,0,0,0,0,0,0,0
14928,DEL MONTE SPAGHETTI 500GM,185,3,0,0,0,0,0,0,0,0,0,0,0,0,3
14929,CADBURY BOURNVILLE RICH COCOA DARK 80GM,90,7,0,0,0,1,0,0,0,0,0,0,0,0,6
14930,OLAY TOTAL EFFECTS 7 IN 1 ANTI AGEING DAY/NORMAL CREAM 20GM,399,0,0,0,0,0,0,0,0,0,0,0,0,0,0
14931,MCVITIES BOURBON 3X100GM,52,0,0,0,0,0,0,0,0,0,0,0,0,0,0
14932,PARLE KISMI KULFI FLAVOUR 245.5GM,50,0,0,0,0,0,0,0,0,0,0,0,0,0,0
14933,PARLE MINTS PEPERMINT 18GM,5,0,0,0,0,0,0,0,0,0,0,0,0,0,0
14934,WINTEX ULTRA TOILET TISSUES IMPORTED PAPER 1ROLL,84,17,0,0,0,0,0,0,0,0,0,0,0,0,17
14935,NIVEA SHOWER GEL POWER REFRESH 500ML,349,0,0,0,0,0,0,0,0,0,0,0,0,0,0
14936,NIVEA MEN SHOWER GEL PURE IMPACT 500ML,349,0,0,0,0,0,0,0,0,0,0,0,0,0,0
14937,NIVEA MEN AFTER SHAVE LOTION FRESH ACTIVE 100ML,199,0,0,0,0,0,0,0,0,0,0,0,0,0,0
14938,NEUTROGENA SHOWER AND BATH GEL RAIN BATH 250ML,399,0,0,0,0,0,0,0,0,0,0,0,0,0,0
14939,KINDER SCHOKO BONS CRISPY 23.2GM,37,8,0,0,0,0,0,0,0,0,0,0,0,0,8
14940,AMUL KOOL MANGO SHAKERS 200ML,30,0,0,0,0,0,0,0,0,0,0,0,0,0,0
14941,HIMALAYA ANTI-DANDRUFF HAIR CREAM 100ML,80,0,0,0,0,0,0,0,0,0,0,0,0,0,0
14942,MTR KULFI KESAR BADAM SWEET MIX 85GM,80,0,0,0,0,0,0,0,0,0,0,0,0,0,0
14943,MTR KULFI KESAR PISTA SWEET MIX 85GM,80,0,0,0,0,0,0,0,0,0,0,0,0,0,0
14944,HOKEY POKEY SALTED CARAMEL 52GM,50,0,0,0,0,0,0,0,0,0,0,0,0,0,0
14945,KEYA DELHI DAHI BHALLA MASALA 80GM,80,0,0,0,0,0,0,0,0,0,0,0,0,0,0
14946,PASEO SMART FACIAL TISSUES SOFT PACK 2PLY*220PULLS,100,0,0,0,0,0,0,0,0,0,0,0,0,0,0
14947,PARACHUTE ADVANCED BODY LOTION COCONUT MILK REFRESH 400ML,265,0,0,0,0,0,0,0,0,0,0,0,0,0,0
14948,AMUL BUTTER UNSALTED 100GM,47,0,0,0,0,0,0,0,0,0,0,0,0,0,0
14949,MONGINIS ENGILISH MUFFINS VEG CAKE 25GM,5,0,0,0,0,0,0,0,0,0,0,0,0,0,0
14950,AMBI PUR SPRAY OCEAN BREEZE 275GM,285,0,0,0,0,0,0,0,0,0,0,0,0,0,0
14951,AMBI PUR SPRAY EXOTIC FRUITS 275GM,285,0,0,0,0,0,0,0,0,0,0,0,0,0,0
14952,AMBI PUR SPRAY FRESH BOUQUET 275GM,285,0,0,0,0,0,0,0,0,0,0,0,0,0,0
14953,POLY PAKES BAGS SMALL 10PEC,30,1,0,0,0,0,0,0,0,0,0,0,0,0,1
14954,POLY PAKES BAGS BIG 10PEC,75,1,0,0,0,0,0,0,0,0,0,0,0,0,1
14955,J.P GARBAGE BAG 100PESC,140,0,0,0,0,0,0,0,0,0,0,0,0,0,0
14956,AXE DEO RECHARGE 24X7 150ML,190,0,0,0,0,0,0,0,0,0,0,0,0,0,0
14957,AXE DEO RECHARGE MIDNIGHT 150ML,190,0,0,0,0,0,0,0,0,0,0,0,0,0,0
14958,AXE DEO RECHARGE GAMEFACE 150ML,190,1,0,0,0,0,0,0,0,0,0,0,0,0,1
14959,CLINIC PLUS SHAMPOO STRONG&THICK 340ML,145,1,0,0,0,0,0,0,0,0,0,0,0,0,1
14960,CLINIC PLUS SHAMPOO STRONG&THICK 650ML,360,0,0,0,0,0,0,0,0,0,0,0,0,0,0
14961,CLINIC PLUS SHAMPOO STRONG&THICK 80ML,45,0,0,0,0,0,0,0,0,0,0,0,0,0,0
14962,LAKME COMPLEXION CARE CREAM 9GM,99,0,0,0,0,0,0,0,0,0,0,0,0,0,0
14963,LIFEBUOY HANDWASH KITCHEN FRESH 185ML,46,0,0,0,0,0,0,0,0,0,0,0,0,0,0
14964,LIFEBUOY HANDWASH KITCHEN FRESH 215ML,82,0,0,0,0,0,0,0,0,0,0,0,0,0,0
14965,PONDS PURE WHITE FACIAL FOAM 20GM,37,0,0,0,0,0,0,0,0,0,0,0,0,0,0
14966,FOGG DEO MONARCH 120ML,185,0,0,0,0,0,0,0,0,0,0,0,0,0,0
14967,FOGG DEO VICTOR 120ML,185,0,0,0,0,0,0,0,0,0,0,0,0,0,0
14968,EPIGAMIA GREEK YOGURT MULBERRY 100GM,38,0,0,0,0,0,0,0,0,0,0,0,0,0,0
14969,BOURN VITA CRUNCHIE CHOCOLATE COOKIES BISCUITS 120GM,25,12,0,0,0,0,0,0,0,0,0,0,0,0,12
14970,BOURN VITA CRUNCHIE CHOCOLATE COOKIES 46GM,10,14,0,0,0,0,0,0,0,0,0,0,0,0,14
14971,NIVEA BODY DEODORIZER SPRINT 120ML,230,1,0,0,0,0,0,0,0,0,0,0,0,0,1
14972,NIVEA BODY DEODORIZER INTENSE 120ML,250,0,0,0,0,0,0,0,0,0,0,0,0,0,0
14973,PARLE 20-20 BUTTER JEERA COOKIES 200GM,20,0,0,0,0,0,0,0,0,0,0,0,0,0,0
14974,PARLE 20-20 BUTTER JEERA COOKIES 45GM,5,0,0,0,0,0,0,0,0,0,0,0,0,0,0
14975,PARLE KRACKJACK SWEET & SALTY CRACKERS 300GM,45,0,0,0,0,0,0,0,0,0,0,0,0,0,0
14976,PARLE MONACO CRISPY SALTY 300GM,45,0,0,0,0,0,0,0,0,0,0,0,0,0,0
14977,NUTRAJ SIGNATURE PRUNES 100GM,199,0,0,0,0,0,0,0,0,0,0,0,0,0,0
14978,VEGA CUTICLE TRIMMER WITH PUSHER,60,0,0,0,0,0,0,0,0,0,0,0,0,0,0
14979,VEGA BLACKHEAD REMOVER POINTED,70,8,0,0,0,0,0,0,0,0,0,0,0,0,8
14980,LAKME KAJAL EYECONIC TURQUOISE 0.35GM,275,2,0,0,0,0,0,0,0,0,0,0,0,0,2
14981,LAKME KAJAL EYECONIC ROYAL BLUE  0.35GM,275,4,0,0,0,0,0,0,0,0,0,0,0,0,4
14982,LAKME KAJAL EYECONIC REGAL GREEN  0.35GM,275,0,0,0,0,0,0,0,0,0,0,0,0,0,0
14983,LAKME 9 TO 5 HYDRATING SUPER SUNSCREEN SPF 50PA 30ML,525,0,0,0,0,0,0,0,0,0,0,0,0,0,0
14984,LAKME 9 TO 5 MATTIFYING SUPER SUNSCREEN SPF 50PA 30ML,525,0,0,0,0,0,0,0,0,0,0,0,0,0,0
14985,PAMPERS BABY PANTS LIGHT & DRY XL 16DIAPERS,299,0,0,0,0,0,0,0,0,0,0,0,0,0,0
14986,LIRIL SOAP LIME RUSH 75GM,30,0,0,0,0,0,0,0,0,0,0,0,0,0,0
14987,LIRIL SOAP LIME RUSH 125GM,51,2,0,0,0,0,0,0,0,0,0,0,0,0,2
14988,DOMEX TOILET EXPERT ORIGINAL ACTIVE GREEN FORMULA 1LTR,152,0,0,0,0,0,0,0,0,0,0,0,0,0,0
14989,NAVNEET 6 SUBJECT BOOK JUMBO SIZE 300PAGES,100,0,0,0,0,0,0,0,0,0,0,0,0,0,0
14990,NAVNEET MY PRACTICAL BOOK 84PAGES,45,0,0,0,0,0,0,0,0,0,0,0,0,0,0
14991,NAVNEET FUN OIL PASTELS 15SHADE,40,0,0,0,0,0,0,0,0,0,0,0,0,0,0
14992,KURKURE SHAHI MIX 1KG,240,0,0,0,0,0,0,0,0,0,0,0,0,0,0
14993,KURKURE ALOO BHUJIA 1KG,223,0,0,0,0,0,0,0,0,0,0,0,0,0,0
14994,KURKURE BIKANERI BHUJIA 1KG,213,0,0,0,0,0,0,0,0,0,0,0,0,0,0
14995,DORITOS NACHO NACHO CHEESE FLAVOUR 150GM,100,4,0,0,0,2,0,0,0,0,0,0,0,0,2
14996,KURKURE MURMURA MIX LITES 150GM,30,0,0,0,0,0,0,0,0,0,0,0,0,0,0
14997,HALDIRAMS FRUIT PUNCH 750ML,140,0,0,0,0,0,0,0,0,0,0,0,0,0,0
14998,AMUL ICE CREAM FRESH LITCHI TUB 1LTR,200,0,0,0,0,0,0,0,0,0,0,0,0,0,0
14999,CREMICA ORANGE CRUSH 1LTR,180,0,0,0,0,0,0,0,0,0,0,0,0,0,0
15000,EVA TALC FRESH 100GM,55,0,0,0,0,0,0,0,0,0,0,0,0,0,0
15001,EVA TALC FLORAL FUN 100GM,55,0,0,0,0,0,0,0,0,0,0,0,0,0,0
15002,EVA TALC MYSTIC MUSK 100GM,52,0,0,0,0,0,0,0,0,0,0,0,0,0,0
15003,GOWARDHAN CHEESE HERBS & SPICES 140GM,125,0,0,0,0,0,0,0,0,0,0,0,0,0,0
15004,GOWARDHAN BUTTERMILK MASALA CHAAS 200ML,12,0,0,0,0,0,0,0,0,0,0,0,0,0,0
15005,GOWARDHAN LASSI DELICIOUSLY THICK 200ML,20,0,0,0,0,0,0,0,0,0,0,0,0,0,0
15006,NESTLE GREEK YOGHURT ORANGE 100GM,35,0,0,0,0,0,0,0,0,0,0,0,0,0,0
15007,NESTLE GREEK YOGHURT PINEAPPLE 100GM,35,0,0,0,0,0,0,0,0,0,0,0,0,0,0
15008,VLCC SLIMMERS STEVIA 60N,150,0,0,0,0,0,0,0,0,0,0,0,0,0,0
15009,EASY LIFE WATERMELON SEEDS 80GM,75,0,0,0,0,0,0,0,0,0,0,0,0,0,0
15010,EASY LIFE SEEDS OF LIFE 75GM,55,0,0,0,0,0,0,0,0,0,0,0,0,0,0
15011,EASY LIFE MELON SEEDS 75GM,85,0,0,0,0,0,0,0,0,0,0,0,0,0,0
15012,EASY LIFE SUNFLOWER SEEDS 55GM,75,0,0,0,0,0,0,0,0,0,0,0,0,0,0
15013,EASY LIFE PUMPKIN SEEDS 75GM,85,0,0,0,0,0,0,0,0,0,0,0,0,0,0
15014,HARPIC DISINFECTANT BATHROOM CLEANER FLORAL 200ML,39,5,0,0,0,0,0,0,0,0,0,0,0,0,5
15015,TROPICANA FRUTZ MANGO SWISH 350ML,20,0,0,0,0,0,0,0,0,0,0,0,0,0,0
15016,TROPICANA FRUTZ LYCHEE BLUSH 350ML,20,0,0,0,0,0,0,0,0,0,0,0,0,0,0
15017,ARIEL MATIC FRONT AND TOP LOAD 1KG+BOXFREE,235,0,0,0,0,0,0,0,0,0,0,0,0,0,0
15018,WEIKFIELD FREEZE ICECREAM MIX POWDER KESAR PISTA 100GM,45,0,0,0,0,0,0,0,0,0,0,0,0,0,0
15019,WEIKFIELD FREEZE ICECREAM MIX POWDER VANILLA 100GM,50,0,0,0,0,0,0,0,0,0,0,0,0,0,0
15020,WEIKFIELD FREEZE ICECREAM MIX POWDER STRAWBERRY 100GM,50,0,0,0,0,0,0,0,0,0,0,0,0,0,0
15021,WEIKFIELD FREEZE ICECREAM MIX POWDER BUTTERSCOTCH 100GM,50,0,0,0,0,0,0,0,0,0,0,0,0,0,0
15022,CAKE TREE CHICKEN HOT DOG,60,0,0,0,0,0,0,0,0,0,0,0,0,0,0
15023,CORNITOS TACO SHELLS 12SHELLS 80GM,110,-2,0,0,0,0,0,0,0,0,0,0,0,0,-2
15024,CORNITOS WHOLE PICKLE GHERKINS 180GM,125,0,0,0,0,0,0,0,0,0,0,0,0,0,0
15025,CORNITOS SLICE JALAPENO PEPPERS 180GM,125,0,0,0,0,0,0,0,0,0,0,0,0,0,0
15026,FANTA CAN 180ML,20,0,0,0,0,0,0,0,0,0,0,0,0,0,0
15027,DUKES WAFFY CHOCOLATE WAFERS 75GM,45,0,0,0,0,0,0,0,0,0,0,0,0,0,0
15028,CATCH JEERA 250ML,15,0,0,0,0,0,0,0,0,0,0,0,0,0,0
15029,CATCH SPRINT UP 200ML,10,0,0,0,0,0,0,0,0,0,0,0,0,0,0
15030,NESTLE MUNCH NUTS 32GM,20,48,0,0,0,2,0,0,0,0,0,0,0,0,46
15031,NESTLE MILKYBAR ECLAIRS 3.4GM,1,0,0,0,0,0,0,0,0,0,0,0,0,0,0
15032,NESTLE BAR ONE 44GM,20,18,0,0,0,1,0,0,0,0,0,0,0,0,17
15033,MOTHER DAIRY ICE CREAM COMBO FRUITY BONANZA 2X700ML,230,0,0,0,0,0,0,0,0,0,0,0,0,0,0
15034,SWISS NATUREN CHICKEN SAUSAGE LITTLE CHICKY COCKTAIL 200GM,140,0,0,0,0,0,0,0,0,0,0,0,0,0,0
15035,SWISS NATUREN CHICKEN HOT DOG SMOKED 200GM,140,0,0,0,0,0,0,0,0,0,0,0,0,0,0
15036,SWISS NATUREN CHICKEN SAUSAGE CHEESE & ONION 200GM,140,0,0,0,0,0,0,0,0,0,0,0,0,0,0
15037,SWISS NATUREN CHICKEN SCHNITZEL 200GM,115,0,0,0,0,0,0,0,0,0,0,0,0,0,0
15038,SWISS NATUREN PEPPER CHICKEN POPPERS 200GM,115,0,0,0,0,0,0,0,0,0,0,0,0,0,0
15039,REAL JUICE CRANBERRY 200ML,25,8,0,0,0,0,0,0,0,0,0,0,0,0,8
15040,SOLANO STRAWBERRY CREAM FLAVOURED 3GM,1,0,0,0,0,0,0,0,0,0,0,0,0,0,0
15041,KEYA MALABAR BLACK PEPPER 80GM,190,0,0,0,0,0,0,0,0,0,0,0,0,0,0
15042,KELLOGGS OATS MASST MASALA 39GM,15,0,0,0,0,0,0,0,0,0,0,0,0,0,0
15043,KELLOGGS OATS HOT CHINESE 39GM,15,1,0,0,0,0,0,0,0,0,0,0,0,0,1
15044,PREMIUM ROOM FRESHNER SANDAL 125GM,125,2,0,0,0,0,0,0,0,0,0,0,0,0,2
15045,NUTRUS TEA MASALA 25BAGS,160,0,0,0,0,0,0,0,0,0,0,0,0,0,0
15046,NUTRUS SPROUTED WHEAT PORRIDGE 450GM,180,0,0,0,0,0,0,0,0,0,0,0,0,0,0
15047,FAIR & LOVELY FACEWASH FAIRNESS CLEAN-UP 50GM,55,2,0,0,0,0,0,0,0,0,0,0,0,0,2
15048,MENTOS STRAWBERRY FLAVOUR 31GM,10,0,0,0,0,0,0,0,0,0,0,0,0,0,0
15049,MAAZA MANGO 250ML,20,0,0,0,0,0,0,0,0,0,0,0,0,0,0
15050,YUMMIEZ CHEESE CORN NUGGETS 200GM,99,0,0,0,0,0,0,0,0,0,0,0,0,0,0
15051,LAYS MAGIC MASALA 138GM,50,0,0,0,0,0,0,0,0,0,0,0,0,0,0
15052,LAYS AMERICAN STYLE CREAM & ONION 138GM,50,0,0,0,0,0,0,0,0,0,0,0,0,0,0
15053,TROPICANA FRUTZ APPLETINI 350ML,20,0,0,0,0,0,0,0,0,0,0,0,0,0,0
15054,TROPICANA ALPHONSO SLICE 400ML,40,0,0,0,0,0,0,0,0,0,0,0,0,0,0
15055,PARLE HAPPY HAPPY JAM IN 77GM,10,0,0,0,0,0,0,0,0,0,0,0,0,0,0
15056,MANNS FIELD FRESH VEG CHAAP 500GM,80,0,0,0,0,0,0,0,0,0,0,0,0,0,0
15057,MANNS FIELD FRESH ALOO TIKKI 400GM,90,0,0,0,0,0,0,0,0,0,0,0,0,0,0
15058,MANNS FIELD FRESH POTATO BITES 420GM,95,0,0,0,0,0,0,0,0,0,0,0,0,0,0
15059,NESTLE MILKYBAR GOODNESS OF MILK 6.5GM,5,9,0,0,0,0,0,0,0,0,0,0,0,0,9
15060,HALDIRAMS LITCHI CRUSH 1LTR,160,0,0,0,0,0,0,0,0,0,0,0,0,0,0
15061,MINUTE MAID MIXED FRUIT 1LTR,75,0,0,0,0,0,0,0,0,0,0,0,0,0,0
15063,MINUTE MAID APPLE 1LTR,75,0,0,0,0,0,0,0,0,0,0,0,0,0,0
15064,LUBE HERO SUPER PREMIUM 4T PLUS 800ML,230,0,0,0,0,0,0,0,0,0,0,0,0,0,0
15065,RITE BITE MAX PROTEIN CHEESE & JALAPENO 120GM,120,0,0,0,0,0,0,0,0,0,0,0,0,0,0
15066,RITE BITE MAX PROTEIN MINTY CHAAT 120GM,120,0,0,0,0,0,0,0,0,0,0,0,0,0,0
15067,RITE BITE MAX PROTEIN SPANISH TOMATO 120GM,120,0,0,0,0,0,0,0,0,0,0,0,0,0,0
15068,CYCLE HONEY ROSE AGARBATHI 16N,10,18,0,0,0,0,0,0,0,0,0,0,0,0,18
15069,MOTHERS RECIPE ONION PICKLE 300GM,68,0,0,0,0,0,0,0,0,0,0,0,0,0,0
15070,MOTHERS RECIPE LIME CHILLI PICKLE 300GM,74,0,0,0,0,0,0,0,0,0,0,0,0,0,0
15071,BIFA TALENT STRAWBERRY FLAVOUR CHOCOLATE 14GM,5,0,0,0,0,0,0,0,0,0,0,0,0,0,0
15072,BIFA TALENT COFFEE FLAVOUR CHOCOLATE 14GM,5,43,0,0,0,0,0,0,0,0,0,0,0,0,43
15073,BIFA TALENT MILKY CHOCO FLAVOUR CHOCOLATE,5,3,0,0,0,0,0,0,0,0,0,0,0,0,3
15074,BIFA BLUSE STRAWBERRY FLAVOUR CHOCOLATE 14GM,5,0,0,0,0,0,0,0,0,0,0,0,0,0,0
15075,BIFA BLUES DUO CHOCO CREAM FLAVOUR CHOCOLATE 14GM,5,0,0,0,0,0,0,0,0,0,0,0,0,0,0
15076,BIFA BLUES CHOCO WITH HAZELNUTN CREAM FLAVOUR CHOCOLATE 14GM,5,0,0,0,0,0,0,0,0,0,0,0,0,0,0
15077,BIFA TALENT VANILLA FLAVOUR CHOCOLATE 14GM,5,14,0,0,0,0,0,0,0,0,0,0,0,0,14
15078,BIFA TALENT CHOCO WITH HAZELNUT CREAM FLAVOUR CHOCOLATE 14GM,5,0,0,0,0,0,0,0,0,0,0,0,0,0,0
15079,MTR BADAM DRINK ROSE 180ML,45,0,0,0,0,0,0,0,0,0,0,0,0,0,0
15080,MTR BADAM DRINK CARDAMOM 180ML,45,0,0,0,0,0,0,0,0,0,0,0,0,0,0
15081,MTR MANGO KULFI 85GM,70,0,0,0,0,0,0,0,0,0,0,0,0,0,0
15082,RASNA MANGO SUPER SQUASH 750ML,130,0,0,0,0,0,0,0,0,0,0,0,0,0,0
15083,RASNA PINEAPPLE SUPER SQUASH 750ML,130,0,0,0,0,0,0,0,0,0,0,0,0,0,0
15084,RASNA APPLE 500GM,120,-1,0,0,0,0,0,0,0,0,0,0,0,0,-1
15085,SPARK MATE SCRUB PAD 3PACK 10CM,64,2,0,0,0,0,0,0,0,0,0,0,0,0,2
15086,LONDON DAIRY ICE CREAM MINI HAZELNUT 60ML,75,0,0,0,0,0,0,0,0,0,0,0,0,0,0
15087,NAVRATNA OIL ALMOND COOL 100ML,66,1,0,0,0,0,0,0,0,0,0,0,0,0,1
15088,NAVRATNA OIL ALMOND COOL 50ML,35,3,0,0,0,0,0,0,0,0,0,0,0,0,3
15089,TIC TAC MELON WATERMELON,15,0,0,0,0,0,0,0,0,0,0,0,0,0,0
15090,GOURMIA CRANBERRY CRYSTALLINE FRUIT 200GM,170,0,0,0,0,0,0,0,0,0,0,0,0,0,0
15091,GOURMIA PINEAPPLE CRYSTALLINE FRUIT 200GM,170,0,0,0,0,0,0,0,0,0,0,0,0,0,0
15092,GOURMIA MANGO CRYSTALLINE FRUIT 200GM,170,0,0,0,0,0,0,0,0,0,0,0,0,0,0
15093,GOURMIA KIWI CRYSTALLLINE FRUIT 200GM,170,0,0,0,0,0,0,0,0,0,0,0,0,0,0
15094,MAGIC NUTS ANJEER PREMIUM 300GM,260,0,0,0,0,0,0,0,0,0,0,0,0,0,0
15095,MAGIC NUTS WALNUTS 200GM,215,0,0,0,0,0,0,0,0,0,0,0,0,0,0
15096,AMUL ICE CREAM NEAPOLITAN STRAWBERRY+VANILLA+CHOCOLATE 2LTR,240,0,0,0,0,0,0,0,0,0,0,0,0,0,0
15098,MOTHER DAIRY LASSI MANGO 200ML,20,0,0,0,0,0,0,0,0,0,0,0,0,0,0
15099,NIROL SOAP RAJ SUPER WHITE 4PEC 1KG,85,0,0,0,0,0,0,0,0,0,0,0,0,0,0
15100,TROPICANA JUICE MIXED FRUIT 500ML,49,0,0,0,0,0,0,0,0,0,0,0,0,0,0
15101,TROPICANA JUICE POMEGRANATE 500ML,49,0,0,0,0,0,0,0,0,0,0,0,0,0,0
15102,TROPICANA JUICE MOSAMBI 500ML,49,0,0,0,0,0,0,0,0,0,0,0,0,0,0
15103,TROPICANA JUICE 100% APPLE 500ML,60,0,0,0,0,0,0,0,0,0,0,0,0,0,0
15104,LIPTON ICE TEA LEMON 500ML,33,0,0,0,0,0,0,0,0,0,0,0,0,0,0
15105,DEL MONTE PRUNES 210GM,270,4,0,0,0,0,0,0,0,0,0,0,0,0,4
15106,DEL MONTE FOUR SEASONS MIXED FRUIT DRINKK 240ML,35,0,0,0,0,0,0,0,0,0,0,0,0,0,0
15107,DEL MONTE PIZZA & PASTA SAUCE 400GM,120,0,0,0,0,0,0,0,0,0,0,0,0,0,0
15108,PARLE BAKE SMITH ORIGINAL ENGLISH MARIE 45GM,5,0,0,0,0,0,0,0,0,0,0,0,0,0,0
15109,GOLDEN NUT CHEEZ TOMATO MAKHANA FOX NUTS 60GM,100,-1,0,0,0,0,0,0,0,0,0,0,0,0,-1
15110,GOLDEN NUT CHOCO CARAMEL MAKHANA FOX NUTS 80GM,125,0,0,0,0,0,0,0,0,0,0,0,0,0,0
15111,GOLDEN NUT SPICY TREAT MAKHANA FOX NUTS 60GM,100,-1,0,0,0,0,0,0,0,0,0,0,0,0,-1
15112,GOLDEN NUT ALMONDS LIGHTLY SALTED 100GM,140,0,0,0,0,0,0,0,0,0,0,0,0,0,0
15113,GOLDEN NUT WALNUT KERNALS 200GM,370,0,0,0,0,0,0,0,0,0,0,0,0,0,0
15114,GOLDEN NUT CASHEWNUT ROASTED N SALTED 100GM,150,0,0,0,0,0,0,0,0,0,0,0,0,0,0
15115,GOLDEN NUT PISTACHIOS ROASTED N SALTED 200GM,350,0,0,0,0,0,0,0,0,0,0,0,0,0,0
15116,GOLDEN NUT CALIFORNIA ALMONDS ROASTED N SALTED 200GM,270,0,0,0,0,0,0,0,0,0,0,0,0,0,0
15117,GOLDEN NUT CASHEWNUT ROASTED N SALTED 200GM,290,0,0,0,0,0,0,0,0,0,0,0,0,0,0
15118,GOLDEN NUT CASHEWNUT ROASTED MASALA 200GM,290,0,0,0,0,0,0,0,0,0,0,0,0,0,0
15119,GOLDEN NUT CALIFORNIA ALMONDS 200GM,220,0,0,0,0,0,0,0,0,0,0,0,0,0,0
15120,GOLDEN NUT PISTACHIOS ROASTED N SALTED 100GM,175,0,0,0,0,0,0,0,0,0,0,0,0,0,0
15121,GOLDEN NUT MIX NUTS ROASTED 200GM,270,0,0,0,0,0,0,0,0,0,0,0,0,0,0
15122,GOLDEN NUT CASHEW 200GM,290,0,0,0,0,0,0,0,0,0,0,0,0,0,0
15123,GOLDEN NUT MIX NUTS 200GM,270,0,0,0,0,0,0,0,0,0,0,0,0,0,0
15124,GOLDEN NUT DRY FIGS ANJEER 250GM,285,0,0,0,0,0,0,0,0,0,0,0,0,0,0
15125,GOLDEN NUT GOLDEN RAISIN(ABJOSH) 200GM,250,0,0,0,0,0,0,0,0,0,0,0,0,0,0
15126,BRITANNIA CHEESE SPREADZ FOUR PEPPER TANGO 180GM,85,0,0,0,0,0,0,0,0,0,0,0,0,0,0
15127,NIVEA SHOWER GEL POWER FRUIT FRESH 500ML,339,0,0,0,0,0,0,0,0,0,0,0,0,0,0
15128,NIVEA SHOWER CREAM  CREME CARE 500ML,299,0,0,0,0,0,0,0,0,0,0,0,0,0,0
15129,PASSPASS MOUTH FRESHENER 20GM,10,51,0,0,0,0,0,0,0,0,0,0,0,0,51
15130,PEDIGREE PUPPY CHICKEN & MILK COMBO 4KG,600,0,0,0,0,0,0,0,0,0,0,0,0,0,0
15131,HERSHEYS SYRUP CARAMEL 623GM,200,2,0,0,0,0,0,0,0,0,0,0,0,0,2
15132,QUAKER OATS TOMATO VEGGIES 400GM,135,0,0,0,0,0,0,0,0,0,0,0,0,0,0
15133,SWISS NATUREN CHICKEN KEEMA 200GM,130,0,0,0,0,0,0,0,0,0,0,0,0,0,0
15134,AMUL ICE CREAM AFGHAN DRY FRUIT BUY 1 GET 1 FREE 750ML,210,0,0,0,0,0,0,0,0,0,0,0,0,0,0
15135,AMUL ICE CREAM CONE BELGIAN CHOCOLATE 125ML,40,0,0,0,0,0,0,0,0,0,0,0,0,0,0
15136,AMUL ICE CREAM EPIC ALPHONSO GOLD 80ML,40,0,0,0,0,0,0,0,0,0,0,0,0,0,0
15137,DERMI COOL PRICKLY HEAT POWDER CITRUS 150GM,90,1,0,0,0,0,0,0,0,0,0,0,0,0,1
15138,TOPS INSTANT MIX KESAR PISTA KULFI 100GM,70,0,0,0,0,0,0,0,0,0,0,0,0,0,0
15139,SUNFEAST DIGESTIVE ALL GOOD FIBRE NO ADDED SUGAR,25,6,0,0,0,1,0,0,0,0,0,0,0,0,5
15140,SUNFEAST NICE SUGAR BISCUIT 75GM,10,3,0,0,0,0,0,0,0,0,0,0,0,0,3
15141,HE DEO LAGOON 122ML,210,0,0,0,0,0,0,0,0,0,0,0,0,0,0
15142,HE DEO ARCTIC 122ML,225,0,0,0,0,0,0,0,0,0,0,0,0,0,0
15143,PARACHUTE ADVANSED HAIR OIL AYURVEDIC GOLD 100ML,99,0,0,0,0,0,0,0,0,0,0,0,0,0,0
15144,HOKEY POKEY SALTED CARAMEL,275,0,0,0,0,0,0,0,0,0,0,0,0,0,0
15145,CRYSTALALL PURPOSE LASER EDGE KNIFE,50,0,0,0,0,0,0,0,0,0,0,0,0,0,0
15146,CRYSTAL ALL PURPOSE LASER PLAIN KNIFE,50,-1,0,0,0,0,0,0,0,0,0,0,0,0,-1
15147,SUNSILK CONDITIONER LONG AND HEALTHY GROWTH 80ML,71,0,0,0,0,0,0,0,0,0,0,0,0,0,0
15148,IFB PRAWN STICKS 200GM,175,0,0,0,0,0,0,0,0,0,0,0,0,0,0
15149,IFB BASA FISH PORTIONS 500GM,280,0,0,0,0,0,0,0,0,0,0,0,0,0,0
15150,IFB PRAWN TORPEDOS 150GM,220,0,0,0,0,0,0,0,0,0,0,0,0,0,0
15151,IFB BUTTERFLY SHRIMPS 150GM,195,0,0,0,0,0,0,0,0,0,0,0,0,0,0
15152,GODREJ HANDWASH PROTEKT MASTER CHEF 4X 180ML,138,0,0,0,0,0,0,0,0,0,0,0,0,0,0
15153,GODREJ NO.1 SOAP LIME REFRESHING 60GM,40,0,0,0,0,0,0,0,0,0,0,0,0,0,0
15157,MAPRO PINK GUAVA CRUSH 750ML,144,0,0,0,0,0,0,0,0,0,0,0,0,0,0
15160,MAPRO LIME JUICE CORDIAL 750ML,117,0,0,0,0,0,0,0,0,0,0,0,0,0,0
15163,VICCO TURMERIC WSO CREAM 30GM,62,2,0,0,0,0,0,0,0,0,0,0,0,0,2
15164,VICCO TURMERIC WSO CREAM 60GM,117,1,0,0,0,0,0,0,0,0,0,0,0,0,1
15165,WILD STONE DEO CODE TITANIUM BODY PERFUME 120ML,230,0,0,0,0,0,0,0,0,0,0,0,0,0,0
15166,WILD STONE BODY PERFUME GOLD 120ML,250,0,0,0,0,0,0,0,0,0,0,0,0,0,0
15167,WILD STONE DEO PLATINUM BODY PERFUME 120ML,230,0,0,0,0,0,0,0,0,0,0,0,0,0,0
15168,WILD STONE TALC COOL MENTHOL SEA MINERALS,65,0,0,0,0,0,0,0,0,0,0,0,0,0,0
15169,PARLE MEXITOS NACHO CHIPS BUY2GET1FREE210GM,100,0,0,0,0,0,0,0,0,0,0,0,0,0,0
15170,PARLE CREAMAX ECLAIRS 223GM,50,0,0,0,0,0,0,0,0,0,0,0,0,0,0
15171,PARLE MANGO BITE 396GM,100,3,0,0,0,0,0,0,0,0,0,0,0,0,3
15172,NESTLE MILKY BAR ECLAIRS STRAWBERRY 340GM,100,0,0,0,0,0,0,0,0,0,0,0,0,0,0
15173,TWININGS DARJEELING TEA 100 TEA BAGS,830,0,0,0,0,0,0,0,0,0,0,0,0,0,0
15174,CENTRE FRESH COLA CHEWING GUM,1,-3,0,0,0,0,0,0,0,0,0,0,0,0,-3
15175,MOTHER DAIRY ICE CREAM VANILLA 2LTRS,220,0,0,0,0,0,0,0,0,0,0,0,0,0,0
15176,DANONE GREEK STYLE DAHI 400GM,65,0,0,0,0,0,0,0,0,0,0,0,0,0,0
15177,GOLDEN NUT CLASSIC SALTED MAKHANA NUTS 60GM,100,1,0,0,0,0,0,0,0,0,0,0,0,0,1
15178,PEARS SOAP PURE AND GENTLE GLYCERIN NATURAL OILS 3X75GM,105,-1,0,0,0,0,0,0,0,0,0,0,0,0,-1
15179,GOWARDHAN TOP UP MILK ROSE FLAVOUR 200ML,25,0,0,0,0,0,0,0,0,0,0,0,0,0,0
15180,COLGATE TOOTH BRUSH ZIG ZAG MEDIUM 1N,25,0,0,0,0,0,0,0,0,0,0,0,0,0,0
15181,DHAMPURE SULPHURLESS SUGAR WHITE 1KG,53,0,0,0,0,0,0,0,0,0,0,0,0,0,0
15182,DAURALA BROWN SUGAR 1KG,135,-1,0,0,0,0,0,0,0,0,0,0,0,0,-1
15183,GLADE GEL FRESHNER FRESH LEMON 70GM,75,0,0,0,0,0,0,0,0,0,0,0,0,0,0
15184,GLADE GEL FRESHNER CLEAN LINEN,75,2,0,0,0,0,0,0,0,0,0,0,0,0,2
15185,GLADE GEL FRESHNER FLORAL PERFECTION 70GM,75,1,0,0,0,0,0,0,0,0,0,0,0,0,1
15186,SOLANO COFFEE TOFFEE 1GM,1,0,0,0,0,0,0,0,0,0,0,0,0,0,0
15187,GARNIER SKIN NATURAL WHITE COMPLETE PACK,85,0,0,0,0,0,0,0,0,0,0,0,0,0,0
15188,DETTOL HAND WASH GOLD LIQUID DAILY CLEAN 185ML,46,0,0,0,0,0,0,0,0,0,0,0,0,0,0
15189,DETTOL HAND WASH GOLD LIQUID CLASSIC CLEAN 175ML,57,3,0,0,0,0,0,0,0,0,0,0,0,0,3
15190,AMUL ICE CREAM RAJ BHOG KULFI 60ML,20,18,0,0,0,0,0,0,0,0,0,0,0,0,18
15191,LAYS MAXX HOT N SOUR PUNCH 58GM,35,1,0,0,0,0,0,0,0,0,0,0,0,0,1
15192,CORNITOS NACHO CRISPS TIKKA MASALA 150GM,85,0,0,0,0,0,0,0,0,0,0,0,0,0,0
15193,FRUBALL JELLY 260GM,50,0,0,0,0,0,0,0,0,0,0,0,0,0,0
15194,AMUL ALMOND BAR 35GM,20,0,0,0,0,0,0,0,0,0,0,0,0,0,0
15195,PASEO ELEGANT HYGENICSTRONGAND NATURAL,80,0,0,0,0,0,0,0,0,0,0,0,0,0,0
15196,MOTHERS RECIPE ANDHRA AVAKAYA PICKLE 300GM,67,0,0,0,0,0,0,0,0,0,0,0,0,0,0
15197,CLOSEUP TOOTH PASTE FRESH ACTION RED HOT 25GM,10,0,0,0,0,0,0,0,0,0,0,0,0,0,0
15198,CLOSEUP TOOTH PASTE FRESH ACTION PEPPERMINT 80GM,50,0,0,0,0,0,0,0,0,0,0,0,0,0,0
15199,CLOSEUP TOOTH PASTE FRESH ACTION PEPPERMINT 150GM,94,0,0,0,0,0,0,0,0,0,0,0,0,0,0
15200,STIC STAMP AND COLOR ART SET 10PCS,300,0,0,0,0,0,0,0,0,0,0,0,0,0,0
15201,STIC COLOR STIX 24 JUMBO PENS,225,0,0,0,0,0,0,0,0,0,0,0,0,0,0
15202,STIC COLOR STIX 15 JUMBO PENS,140,0,0,0,0,0,0,0,0,0,0,0,0,0,0
15203,STIC COLOR STIX 50 OIL PASTELS,190,0,0,0,0,0,0,0,0,0,0,0,0,0,0
15204,STIC COLOR STIX 12 JUMBO PENS,120,0,0,0,0,0,0,0,0,0,0,0,0,0,0
15205,STIC COLOR STIX 8 JUMBO PENS,80,0,0,0,0,0,0,0,0,0,0,0,0,0,0
15206,STIC STAMP AND COLOR ART SET 5 PENS,150,0,0,0,0,0,0,0,0,0,0,0,0,0,0
15207,STIC COLOR STIX 20 PENS,45,0,0,0,0,0,0,0,0,0,0,0,0,0,0
15208,STIC STAMPOZZ STAMPER COLOR SET 8 PENS,100,0,0,0,0,0,0,0,0,0,0,0,0,0,0
15209,STIC COLOR STIX MINI 12 PENS,15,0,0,0,0,0,0,0,0,0,0,0,0,0,0
15210,STIC COLOR STIX WAX CRAYONS 12 SAHDES,10,0,0,0,0,0,0,0,0,0,0,0,0,0,0
15211,YARDLEY TALC GENTLEMAN CITRUS & WOOD 100GM,85,0,0,0,0,0,0,0,0,0,0,0,0,0,0
15212,YARDLEY TALC GENTLEMAN CITRUS & WOOD 250GM,170,0,0,0,0,0,0,0,0,0,0,0,0,0,0
15213,YARDLEY TALC MORNING DEW 100GM,85,0,0,0,0,0,0,0,0,0,0,0,0,0,0
15214,YARDLEY TALC MORNING DEW 250GM,160,0,0,0,0,0,0,0,0,0,0,0,0,0,0
15215,YARDLEY PERFUME MORNING DEW 120ML,275,0,0,0,0,0,0,0,0,0,0,0,0,0,0
15216,YARDLEY PERFUME LONDON MIST 120ML,275,0,0,0,0,0,0,0,0,0,0,0,0,0,0
15217,YARDLEY PERFUME ENGLISH LAVENDER 120ML,275,0,0,0,0,0,0,0,0,0,0,0,0,0,0
15218,YARDLEY PERFUME ENGLISH ROSE 120ML,275,0,0,0,0,0,0,0,0,0,0,0,0,0,0
15219,YARDLEY PERFUME POISE 150ML,249,0,0,0,0,0,0,0,0,0,0,0,0,0,0
15220,YARDLEY PERFUME FEATHER 150ML,249,0,0,0,0,0,0,0,0,0,0,0,0,0,0
15221,GODREJ GERM PROTECTION 3X125GM,68,0,0,0,0,0,0,0,0,0,0,0,0,0,0
15222,GODREJ CINTHOL DEO STICK WOMEN SWIRL 40GM,60,0,0,0,0,0,0,0,0,0,0,0,0,0,0
15223,SPICY KACCHA MANGO BITE RS1,1,0,0,0,0,0,0,0,0,0,0,0,0,0,0
15224,NIVEA MEN SHOWER GEL ORIGINAL CARE 250ML,195,0,0,0,0,0,0,0,0,0,0,0,0,0,0
15225,HALDIRAMS STRAWBERRY CRUSH 750ML,160,0,0,0,0,0,0,0,0,0,0,0,0,0,0
15226,HALDIRAMS SHIKANJEE CRUSH 750ML,140,0,0,0,0,0,0,0,0,0,0,0,0,0,0
15227,COMPLAN CLASSIC CHOCLATE FLAVOUR 200GM,110,0,0,0,0,0,0,0,0,0,0,0,0,0,0
15228,THE POWER COLOURED PERFUMED PHYNYLE 1LTR,60,0,0,0,0,0,0,0,0,0,0,0,0,0,0
15229,GUBB COTTON BALLS 50PEC,65,0,0,0,0,0,0,0,0,0,0,0,0,0,0
15230,RAMDEV KASURI METHI 50GM,45,0,0,0,0,0,0,0,0,0,0,0,0,0,0
15231,JOHNSONS BAND AID FLEXI ANTISEPTIC 30S,75,0,0,0,0,0,0,0,0,0,0,0,0,0,0
15232,SMITH & JONES PASTA MASALA 20GM,10,18,0,0,0,0,0,0,0,0,0,0,0,0,18
15233,RORITO MAXINK GEL PEN,25,0,0,0,0,0,0,0,0,0,0,0,0,0,0
15234,SENSODYNE TOOTHPASTE WHITENING 70GM,115,3,0,0,0,0,0,0,0,0,0,0,0,0,3
15235,SUNDROP HEALTHY WORLD SOYABAN OIL 1LTR,100,0,0,0,0,0,0,0,0,0,0,0,0,0,0
15236,VEGA FOOT FILE PD 21 ,140,0,0,0,0,0,0,0,0,0,0,0,0,0,0
15237,VEGA FOOT FILE PD 22,160,0,0,0,0,0,0,0,0,0,0,0,0,0,0
15238,VEGA NAIL FILE NFT 6,99,1,0,0,0,0,0,0,0,0,0,0,0,0,1
15239,VEGA HMC 42,199,0,0,0,0,0,0,0,0,0,0,0,0,0,0
15240,HARRISON LOCK J 6 45 MM,58,2,0,0,0,0,0,0,0,0,0,0,0,0,2
15241,FEVIKWIK GEL 1GM,10,0,0,0,0,0,0,0,0,0,0,0,0,0,0
15242,FAIR & LOVELY FACEWASH FAIRNESS CLEAN-UP 100GM,100,2,0,0,0,0,0,0,0,0,0,0,0,0,2
15243,WEIKFIELD FALOODA MIX STRAWBERRY FLAVOUR 200GM,75,0,0,0,0,0,0,0,0,0,0,0,0,0,0
15244,WEIKFIELD FALOODA MIX MANGO FLAVOUR 200GM,75,0,0,0,0,0,0,0,0,0,0,0,0,0,0
15245,WEIKFIELD FALOODA MIX EALICHI FLAVOUR 200GM,70,0,0,0,0,0,0,0,0,0,0,0,0,0,0
15246,WEIKFIELD FALOODA MIX ROSE FLAVOUR 200GM,75,0,0,0,0,0,0,0,0,0,0,0,0,0,0
15247,WEIKFIELD PASTA TOMATO SALSA 64GM,25,0,0,0,0,0,0,0,0,0,0,0,0,0,0
15248,GODREJ NO.1 SOAP LAVENDER MILK CREAM 5X100GM,68,1,0,0,0,0,0,0,0,0,0,0,0,0,1
15249,LONDON DAIRY ICE CREAM MINI BELGIAN STICK 60ML,75,0,0,0,0,0,0,0,0,0,0,0,0,0,0
15250,ITALI PASTA PANNE RIGATE 500GM,199,0,0,0,0,0,0,0,0,0,0,0,0,0,0
15251,ITALI PASTA FUSILLI TRI COLOR 2X500GM,199,0,0,0,0,0,0,0,0,0,0,0,0,0,0
15252,ITALI PASTA FUSILLI 500GM,199,0,0,0,0,0,0,0,0,0,0,0,0,0,0
15253,TROPICANA ALPHONSO SLICE 200ML,20,0,0,0,0,0,0,0,0,0,0,0,0,0,0
15254,NIVEA BODY LOTION EXTRA WHITENNING UV PROTECT SPF 15 75ML,105,2,0,0,0,0,0,0,0,0,0,0,0,0,2
15255,YUMMIEZ AMERICAN SWEET CORN 400GM,75,0,0,0,0,0,0,0,0,0,0,0,0,0,0
15256,BAMBINO PASTA REAL VEGETABLES ELBOWS 180GM,20,0,0,0,0,0,0,0,0,0,0,0,0,0,0
15257,MAYBELLINE COLOSSAL KAJAL SUPER BLACK 0.35GM,300,1,0,0,0,0,0,0,0,0,0,0,0,0,1
15258,TOPS VERMICELLI SEVIYAN 120GM,10,0,0,0,0,0,0,0,0,0,0,0,0,0,0
15259,TOPS DAHI BHALLA 200GM,65,0,0,0,0,0,0,0,0,0,0,0,0,0,0
15260,BOOMER FRESH MINT 18.6GM,10,16,0,0,0,1,0,0,0,0,0,0,0,0,15
15261,ORBIT LEMON & LIME FLAVOURED 22GM,50,3,0,0,0,0,0,0,0,0,0,0,0,0,3
15262,NEW SUPER KING BREAD TOAST 400GM,60,0,0,0,0,0,0,0,0,0,0,0,0,0,0
15263,AMRITSARI SPECIAL MAA WARRIAN 200GM,45,15,0,0,0,0,0,0,0,0,0,0,0,0,15
15264,AMRITSARI SPECIAL MOONG WARRIAN 200GM,55,0,0,0,0,0,0,0,0,0,0,0,0,0,0
15265,MOTHER DAIRY MILK BUTTERSCOTCH FLAVOUR 200ML,25,0,0,0,0,0,0,0,0,0,0,0,0,0,0
15266,PARLE SIMPLY GOOD CREAM CRACKER ORIGINAL 200GM,30,0,0,0,0,0,0,0,0,0,0,0,0,0,0
15267,NIVES SOAP CREME CARE 75GM,44,0,0,0,0,0,0,0,0,0,0,0,0,0,0
15268,NIVEA SOAP CREME CARE 2X125GM,118,0,0,0,0,0,0,0,0,0,0,0,0,0,0
15269,MAGGI CUPPA CHILLY CHOW 70GM,40,6,0,0,0,0,0,0,0,0,0,0,0,0,6
15270,MAGGI CUPPA MASALA 70GM,40,5,0,0,0,0,0,0,0,0,0,0,0,0,5
15271,DOVE PINK ROSE BATHING BAR 3X100GM,172,1,0,0,0,0,0,0,0,0,0,0,0,0,1
15272,DOVE PINK ROSE BEATHING BAR 75GM,49,8,0,0,0,0,0,0,0,0,0,0,0,0,8
15273,FORTUNE REFINED SUNFLOWER OIL 5LTR,610,1,0,0,0,0,0,0,0,0,0,0,0,0,1
15274,HERSHEYS MILK BOOSTER WITH CALCIUM & VITAMIN D CHOCOLATE FLAVOR 475GM,200,2,0,0,0,1,0,0,0,0,0,0,0,0,1
15275,GOWARDHAN PIZZA CHEESE 400GM,240,4,0,0,0,0,0,0,0,0,0,0,0,0,4
15276,ODONIL ROOM FRESHENING EGL MYSTIC LAVENDER 75GM,75,2,0,0,0,0,0,0,0,0,0,0,0,0,2
15277,KELLOGGS OATS MASST MASALA 500GM,175,3,0,0,0,0,0,0,0,0,0,0,0,0,3
15278,COLGATE TOOTH PASTE SENSITIVE CLOVE ESSENCE 80GM,99,0,0,0,0,0,0,0,0,0,0,0,0,0,0
15279,PALMOLIVE SHAVE CREAM REFRESHING 70GM,65,0,0,0,0,0,0,0,0,0,0,0,0,0,0
15280,PALMOLIVE SHAVE CREAM MOISTURISING DELUXE 70GM,65,0,0,0,0,0,0,0,0,0,0,0,0,0,0
15281,STAYFREE SECURE REGULAR DRY XL 8+2 PADS,35,0,0,0,0,0,0,0,0,0,0,0,0,0,0
15282,HIMALAYA PURIFYING NEEM  FACE WASH 2X200ML,289,0,0,0,0,0,0,0,0,0,0,0,0,0,0
15283,DETTOL SOAP COOL 4X75GM,99,3,0,0,0,0,0,0,0,0,0,0,0,0,3
15284,DETTOL SOAP ORIGINAL 4X75GM,103,5,0,0,0,1,0,0,0,0,0,0,0,0,4
15285,SAVLON SOAP DOUBLE STENGHT 4X125GM,141,0,0,0,0,0,0,0,0,0,0,0,0,0,0
15286,FANTA BOTTLE ORANGE 750ML,35,0,0,0,0,0,0,0,0,0,0,0,0,0,0
15287,GODREJ CINTHOL DEO STICK INTENSE 40GM,69,0,0,0,0,0,0,0,0,0,0,0,0,0,0
15288,GODREJ HAND SANITIZER PROTEKT BUZZOFF 30ML,50,0,0,0,0,0,0,0,0,0,0,0,0,0,0
15289,HALDIRAMS SUJI RUSK 200GM,30,0,0,0,0,0,0,0,0,0,0,0,0,0,0
15290,TRESEMME SHAMPOO HAIR FALL DEFENSE 185ML,105,0,0,0,0,0,0,0,0,0,0,0,0,0,0
15291,PONDS WHITE BEAUTY FAIRNESS CREAM 20GM,60,0,0,0,0,0,0,0,0,0,0,0,0,0,0
15292,LIFEBUOY HAND SANITIZER BOOSTING 30ML,34,0,0,0,0,0,0,0,0,0,0,0,0,0,0
15293,FAIR & LOVELY POWDER CREAM 40GM,115,1,0,0,0,0,0,0,0,0,0,0,0,0,1
15294,FAIR & LOVELY POWDER CREAM 18GM,60,0,0,0,0,0,0,0,0,0,0,0,0,0,0
15295,FAIR & LOVELY ADVANCED  MULTI VITAMIN CREAM 4.5GM,5,0,0,0,0,0,0,0,0,0,0,0,0,0,0
15297,HOKEY POKEY CLASSIC TIRMISU 500ML,275,0,0,0,0,0,0,0,0,0,0,0,0,0,0
15298,HOKEY POKEY DARK CHOCOLATE SEA SALT 500M,275,0,0,0,0,0,0,0,0,0,0,0,0,0,0
15299,HALDIRAMS JAVITRI PAPAD 200GM,55,0,0,0,0,0,0,0,0,0,0,0,0,0,0
15300,CADBURY DAIRY MILK CRACKLE CHOCOLATE 38GM,40,77,0,0,0,0,0,0,0,0,0,0,0,0,77
15301,NESTLE CERELAC MULTIGRAIN & FRUITS STAGE 4 IRON FORTIFIED 300GM,239,0,0,0,0,0,0,0,0,0,0,0,0,0,0
15302,COCA COLA BOTTLE 750ML,38,0,0,0,0,0,0,0,0,0,0,0,0,0,0
15303,COLGATE TOOTH BRUSH ZIG ZAG DEEP CLEANING MEDIUM 1NOS,25,0,0,0,0,0,0,0,0,0,0,0,0,0,0
15304,DHAMPURE SULPHURLESS SUGAR WHITE 5KG,275,0,0,0,0,0,0,0,0,0,0,0,0,0,0
15305,HALDIRAMS DIET ROASTED POHA MIXTURE 150GM,30,0,0,0,0,0,0,0,0,0,0,0,0,0,0
15306,MOTHERS RECIPE DELHI CHAAT CHUTNEY 370GM,79,5,0,0,0,0,0,0,0,0,0,0,0,0,5
15307,MOTHERS RECIPE BHELPURI CHUTNEY 370GM,79,0,0,0,0,0,0,0,0,0,0,0,0,0,0
15308,MOTHERS RECIPE TAMARIND DATE CHUTNEY 380GM,79,2,0,0,0,0,0,0,0,0,0,0,0,0,2
15309,MOTHERS RECIPE RED CHILLI GARLIC CHUTNEY 330GM,59,0,0,0,0,0,0,0,0,0,0,0,0,0,0
15310,CHINGS HOT GARLIC INSTANT NOODLES 240GM,40,0,0,0,0,0,0,0,0,0,0,0,0,0,0
15311,CHINGS MANCHURIAN INSTANT NOODLES 240GM,60,1,0,0,0,0,0,0,0,0,0,0,0,0,1
15312,GARNIER B.B CREAM 18GM,109,0,0,0,0,0,0,0,0,0,0,0,0,0,0
15313,AMUL LASSI ROSE CALCIUM & PROTEIN 250ML,20,0,0,0,0,0,0,0,0,0,0,0,0,0,0
15314,CHOUDBERY MOZZERELLA PIZZA CHEESE 200GM,88,0,0,0,0,0,0,0,0,0,0,0,0,0,0
15315,PAMPERS BABY PANTS LIGHT & DRY XL 48DIAPERS,799,0,0,0,0,0,0,0,0,0,0,0,0,0,0
15316,FRUIT TELLA STRAWBERRY FLAVOURED 36GM,20,2,0,0,0,0,0,0,0,0,0,0,0,0,2
15317,MOTHER DAIRY ICE CREAM NOLEN GUR CUP 100ML,15,0,0,0,0,0,0,0,0,0,0,0,0,0,0
15318,MOTHER DAIRY ICE CREAM MATKA KULFI 750ML,250,0,0,0,0,0,0,0,0,0,0,0,0,0,0
15319,GODREJ CINTHOL DEO STICK WOMEN SPARK 40GM,60,0,0,0,0,0,0,0,0,0,0,0,0,0,0
15320,LASAN PAKAUDA 250GM,44,0,0,0,0,0,0,0,0,0,0,0,0,0,0
15321,NOURISH ORGANICS OATS GRANOLA 300GM,350,0,0,0,0,0,0,0,0,0,0,0,0,0,0
15322,NOURISH ORGANICS ONION POHA 150GM,80,0,0,0,0,0,0,0,0,0,0,0,0,0,0
15323,NOURISH ORGANICS BROWN RICE SNACK 200GM,160,0,0,0,0,0,0,0,0,0,0,0,0,0,0
15324,SPICY TREAT AMLA CHUTNEY 500GM,99,0,0,0,0,0,0,0,0,0,0,0,0,0,0
15325,NESTLE EVERYDAY MASALA FUSION 18GM,15,0,0,0,0,0,0,0,0,0,0,0,0,0,0
15326,NESTLE EVERYDAY MASALA FUSION 100GM,70,0,0,0,0,0,0,0,0,0,0,0,0,0,0
15327,WEIKFIELD FALOODA MIX KESAR PISTA FLAVOUR 200GM,75,0,0,0,0,0,0,0,0,0,0,0,0,0,0
15328,KURKURE SHAHI LACHHA MIX 140GM,50,0,0,0,0,0,0,0,0,0,0,0,0,0,0
15329,YUMMIEZ MACARONI CHEESE NUGGETS 200GM,74,0,0,0,0,0,0,0,0,0,0,0,0,0,0
15330,DEL MONTE PINEAPPLE FRUIT DRINK 240ML,35,0,0,0,0,0,0,0,0,0,0,0,0,0,0
15331,BIFA BLUES CHOCO WITH CHOCO 14GM,5,0,0,0,0,0,0,0,0,0,0,0,0,0,0
15332,RORITO T-MAX GOLD PEN,99,0,0,0,0,0,0,0,0,0,0,0,0,0,0
15333,PASEO SMART FACIAL TISSUES SOFT PACK 200PULLS,115,0,0,0,0,0,0,0,0,0,0,0,0,0,0
15334,CREMICA MARIE CLASSIC TEA TIME DELIGHT 300GM,30,0,0,0,0,0,0,0,0,0,0,0,0,0,0
15335,PARK AVENEU DEO HERO 130ML,199,0,0,0,0,0,0,0,0,0,0,0,0,0,0
15336,HE DEO RESPECT 150ML,180,0,0,0,0,0,0,0,0,0,0,0,0,0,0
15337,GARNIER SHAMPOO ULTRA BLENDS 5 PRECIOUS HERBS 640ML,430,0,0,0,0,0,0,0,0,0,0,0,0,0,0
15338,GARNIER ULTRA BLENDS  OIL IN CREAM 200GM,120,0,0,0,0,0,0,0,0,0,0,0,0,0,0
15339,GARNIER SHAMPOO ULTRA BLENDS 5 PRECIOUS HERBS 340ML,255,0,0,0,0,0,0,0,0,0,0,0,0,0,0
15340,GARNIER SHAMPOO ULTRA BLENDS 5 PRECIOUS HERBS 175ML,135,1,0,0,0,0,0,0,0,0,0,0,0,0,1
15341,GARNIER SHAMPOO ULTRA BLENDS 5 PRECIOUS HERBS 75ML,55,0,0,0,0,0,0,0,0,0,0,0,0,0,0
15342,GARNIER CONDITIONER ULTRA BLENDS 5 PRECIOUS HERBS 75ML,75,0,0,0,0,0,0,0,0,0,0,0,0,0,0
15343,GARNIER SHAMPOO ULTRA BLENDS SOY MILK & ALMONDS 340ML,255,0,0,0,0,0,0,0,0,0,0,0,0,0,0
15344,GARNIER CONDITIONER ULTRA BLENDS SOY MILK & ALMONDS 175ML,185,0,0,0,0,0,0,0,0,0,0,0,0,0,0
15345,GARNIER SHAMPOO ULTRA BLENDS SOY MILK & ALMONDS 175ML,135,1,0,0,0,0,0,0,0,0,0,0,0,0,1
15346,GARNIER SHAMPOO ULTRA BLENDS SOY MILK & ALMONDS 75ML,55,0,0,0,0,0,0,0,0,0,0,0,0,0,0
15347,GARNIER CONDITIONER ULTRA BLENDS SOY MILK & ALMONDS 75ML,75,0,0,0,0,0,0,0,0,0,0,0,0,0,0
15348,GARNIER SHAMPOO ULTRA BLENDS ROYAL JELLY &  LAVENDER 175ML,135,0,0,0,0,0,0,0,0,0,0,0,0,0,0
15349,GARNIER SHAMPOO ULTRA BLENDS ROYAL JELLY &  LAVENDER 340ML,240,0,0,0,0,0,0,0,0,0,0,0,0,0,0
15350,GARNIER CONDITIONER ULTRA BLENDS ROYAL JELLY &  LAVENDER 175ML,185,1,0,0,0,0,0,0,0,0,0,0,0,0,1
15351,GARNIER SHAMPOO ULTRA BLENDS ROYAL JELLY &  LAVENDER 75ML,55,0,0,0,0,0,0,0,0,0,0,0,0,0,0
15352,GARNIER SHAMPOO ULTRA BLENDS HENNA & BLACKBERRY 180ML,135,1,0,0,0,0,0,0,0,0,0,0,0,0,1
15353,GARNIER SHAMPOO ULTRA BLENDS HENNA & BLACKBERRY 90ML,55,0,0,0,0,0,0,0,0,0,0,0,0,0,0
15354,GARNIER CONDITIONER ULTRA BLENDS HENNA & BLACKBERRY 75ML,75,0,0,0,0,0,0,0,0,0,0,0,0,0,0
15355,GARNIER CONDITIONER ULTRA BLENDS HENNA & BLACKBERRY 175ML,180,0,0,0,0,0,0,0,0,0,0,0,0,0,0
15356,TIC TAC STRAWBERRY FIELDS 12GM,15,0,0,0,0,0,0,0,0,0,0,0,0,0,0
15358,MAPRO MIX FRUIT CRUSH 750ML,144,0,0,0,0,0,0,0,0,0,0,0,0,0,0
15359,MAPRO GUAVA CRUSH 750ML,144,0,0,0,0,0,0,0,0,0,0,0,0,0,0
15360,GOODWYN GREEN TEA 250GM,250,0,0,0,0,0,0,0,0,0,0,0,0,0,0
15361,TASTILO NACHO CHIPS CHEESY CRISPY 60GM,35,0,0,0,0,0,0,0,0,0,0,0,0,0,0
15362,TASTILO NACHO CHIPS MEXICAN SALSA 60GM,35,0,0,0,0,0,0,0,0,0,0,0,0,0,0
15363,TASTILO NACHO CHIPS SPANISH TOMATO 60GM,35,0,0,0,0,0,0,0,0,0,0,0,0,0,0
15364,TASTILO NACHO CHIPS PERI PERI 60GM,35,0,0,0,0,0,0,0,0,0,0,0,0,0,0
15365,TASTILO NACHO CHIPS SMOKY BARBEQUE 60GM,35,0,0,0,0,0,0,0,0,0,0,0,0,0,0
15366,TASTILO NACHO CHIPS SPICY JALAPENO 60GM,35,0,0,0,0,0,0,0,0,0,0,0,0,0,0
15367,TASTILO NACHO CHIPS PAPDI CHAAT 60GM,35,0,0,0,0,0,0,0,0,0,0,0,0,0,0
15368,VLCC SLIMMERS MULTI GRAIN MUESLI CRUNCHY NUT 500GM,395,0,0,0,0,0,0,0,0,0,0,0,0,0,0
15369,CIF CREAM SURFACE CLEANER 500ML,98,0,0,0,0,0,0,0,0,0,0,0,0,0,0
15370,LIFEBUOY SOAP NATURE 59GM,10,0,0,0,0,0,0,0,0,0,0,0,0,0,0
15371,COMFORT FABRIC CONDITIONER AFTER WASH 18ML,3,0,0,0,0,0,0,0,0,0,0,0,0,0,0
15372,CORNITOS POP N CRUNCH GREEN PEAS WASABI 26GM,20,6,0,0,0,1,0,0,0,0,0,0,0,0,5
15373,CORNITOS WHOLE JALAPENO PEPPERS 180GM,125,0,0,0,0,0,0,0,0,0,0,0,0,0,0
15374,CORNITOS CHUNKY SALSA TOMATO ONION JALAPENO HOT 300GM,165,0,0,0,0,0,0,0,0,0,0,0,0,0,0
15375,LIFEBUOY HAND SANITIZER IMMUNITY BOOSTING TOTAL 190ML,228,2,0,0,0,0,0,0,0,0,0,0,0,0,2
15376,LIFEBUOY HAND SANITIZER IMMUNITY BOOSTING LEMON FRESH 50ML,69,1,0,0,0,0,0,0,0,0,0,0,0,0,1
15377,LIFEBUOY HAND SANITIZER IMMUNITY BOOSTING TOTAL 50ML,69,2,0,0,0,0,0,0,0,0,0,0,0,0,2
15378,STIC COLORSTIX 15PEC,35,0,0,0,0,0,0,0,0,0,0,0,0,0,0
15379,CINTHOL SOAP LIME 100GM,99,1,0,0,0,0,0,0,0,0,0,0,0,0,1
15380,BRITANNIA NUTRI CHOICE HEAVENS OATS ALMOND & MILK 75GM,25,0,0,0,0,0,0,0,0,0,0,0,0,0,0
15381,SWISS NATUREN CHICKEN SAUSAGE SPICY HELLFIRE 200GM,140,0,0,0,0,0,0,0,0,0,0,0,0,0,0
15382,PROMISE CELLO TAP 12MM,15,36,0,0,0,0,0,0,0,0,0,0,0,0,36
15383,ORGANIC 24 MANTRA BROWN CHANNA 500GM,75,6,0,0,0,0,0,0,0,0,0,0,0,0,6
15384,RASNA NIMBUPANI LEMON 500GM,115,0,0,0,0,0,0,0,0,0,0,0,0,0,0
15385,SIMCO HAIR GEL EXTRA CARE 50GM,30,0,0,0,0,0,0,0,0,0,0,0,0,0,0
15386,NESCAFE CLASSIC JAR 100GM FREE MUG,265,0,0,0,0,0,0,0,0,0,0,0,0,0,0
15387,YUMMIEZ JALAPENO CHEESE BITES 200GM,74,0,0,0,0,0,0,0,0,0,0,0,0,0,0
15388,GARNIER CONDITIONER ULTRA BLENDS 5 PRECIOUS HERBS 175ML,170,2,0,0,0,0,0,0,0,0,0,0,0,0,2
15389,GARNIER SHAMPOO ULTRA BLENDS HENNA & BLACKBERRY 360ML,265,0,0,0,0,0,0,0,0,0,0,0,0,0,0
15390,DETTOL HEALTHY KITCHEN KIT DETTOL LIQUID HANDWASH+KITCHEN DISH WASH GEL 215ML+200ML,113,0,0,0,0,0,0,0,0,0,0,0,0,0,0
15391,DETTOL SOAP GOLD DAILY CLEAN 125GM,52,0,0,0,0,0,0,0,0,0,0,0,0,0,0
15392,HARPIC POWER PLUS 10X ORANGE 1LTR,152,0,0,0,0,0,0,0,0,0,0,0,0,0,0
15393,HARPIC GERM&STAIN BLASTER FLORAL 750ML,120,0,0,0,0,0,0,0,0,0,0,0,0,0,0
15394,ALPENLIEBE GOLD CREAM STRAWBERRY FLAVOUR 30.6GM,10,0,0,0,0,0,0,0,0,0,0,0,0,0,0
15395,ALPENLIEBE TANGY FRUITY 27GM,10,0,0,0,0,0,0,0,0,0,0,0,0,0,0
15396,MTR BEETROOT IDLI 200GM,60,0,0,0,0,0,0,0,0,0,0,0,0,0,0
15397,MTR SPINACH IDLI 200GM,60,0,0,0,0,0,0,0,0,0,0,0,0,0,0
15398,MTR CARROT IDLI 200GM,60,0,0,0,0,0,0,0,0,0,0,0,0,0,0
15399,REAL JUICE MOSAMBI 200ML,20,0,0,0,0,0,0,0,0,0,0,0,0,0,0
15400,HOKEY POKEY CLASSIC TIRMISU 90ML,50,0,0,0,0,0,0,0,0,0,0,0,0,0,0
15401,AMUL ICE CREAM AFGHAN DRY FRUIT CUP 100ML,20,0,0,0,0,0,0,0,0,0,0,0,0,0,0
15402,CREMICA KRACK BITE BISCUITS 200GM,20,0,0,0,0,0,0,0,0,0,0,0,0,0,0
15403,CLEAN & CARE FACEWASH MORNING ENERGY LEMON 20ML,25,0,0,0,0,0,0,0,0,0,0,0,0,0,0
15404,CLEAN & CARE FACEWASH NATURAL BRIGHT 100ML,117,0,0,0,0,0,0,0,0,0,0,0,0,0,0
15405,CLEAN & CARE FACEWASH NATURAL BRIGHT 50ML,60,0,0,0,0,0,0,0,0,0,0,0,0,0,0
15406,FRUIT TELLA ORANGE NATURAL FLAVOURS 36GM,20,2,0,0,0,0,0,0,0,0,0,0,0,0,2
15407,PONDS TALCUM DREAMFLOWER FRAGRANT 400GM,225,3,0,0,0,0,0,0,0,0,0,0,0,0,3
15408,TRESEMME SHAMPOO CLIMATE PROTECTION 190ML,130,0,0,0,0,0,0,0,0,0,0,0,0,0,0
15409,GODREJ CINTHOL DEO STICK WOMEN AURA 40GM,69,0,0,0,0,0,0,0,0,0,0,0,0,0,0
15410,GOWARDHAN GHEE 1LTR FREE JAR,555,0,0,0,0,0,0,0,0,0,0,0,0,0,0
15411,OLAY NATURAL WHITE DAY SPF24 GLOWING FAIRNESS CREAM 50GM,399,0,0,0,0,0,0,0,0,0,0,0,0,0,0
15412,COMPLAN COMPLETE KULFI FLAVOUR 400GM,235,0,0,0,0,0,0,0,0,0,0,0,0,0,0
15413,LUBE MAK MP3 GREASE 5KG,1598,0,0,0,0,0,0,0,0,0,0,0,0,0,0
15415,CADBURY GEMS ANGRY BIRDS 17.8GM,20,0,0,0,0,0,0,0,0,0,0,0,0,0,0
15416,OREO BISCUIT GOLDEN VANILLA FLAVORED 150GM,35,0,0,0,0,0,0,0,0,0,0,0,0,0,0
15417,CADBURY DAIRY MILK HONEY COMB CRUNCH 38GM,45,0,0,0,0,0,0,0,0,0,0,0,0,0,0
15418,PASS PASS PULSE,1,0,0,0,0,0,0,0,0,0,0,0,0,0,0
15419,TIDE PLUS JASMINE & ROSE 6KG,514,0,0,0,0,0,0,0,0,0,0,0,0,0,0
15420,PANTENE SHAMPOO SILKY SMOOTH CARE 180ML+CONDITIONER 75ML FREE,110,0,0,0,0,0,0,0,0,0,0,0,0,0,0
15421,FAIR AND HANDSOME FACEWASH INSTANT FAIRNESS 20GM,35,0,0,0,0,0,0,0,0,0,0,0,0,0,0
15422,PARK AVENUE SOAP ACTI COOL 125GM,40,0,0,0,0,0,0,0,0,0,0,0,0,0,0
15423,CREMICA COCONUT COOKIES 200GM,30,0,0,0,0,0,0,0,0,0,0,0,0,0,0
15424,CREMICA MARIE CLASSIC TEA TIME DELIGHT 100GM,10,0,0,0,0,0,0,0,0,0,0,0,0,0,0
15425,DEL MONTE MANGO FRUIT DRINK 240ML,35,0,0,0,0,0,0,0,0,0,0,0,0,0,0
15426,DEL MONTE PEACH COOLADA FRUIT DRINK 240ML,35,0,0,0,0,0,0,0,0,0,0,0,0,0,0
15427,SAVLON ANDWASH WASH HERBAL SENSITIVE 200ML,80,0,0,0,0,0,0,0,0,0,0,0,0,0,0
15428,PLUM,150,0,0,0,0,0,0,0,0,0,0,0,0,0,0
15429,SAVLON SOAP DOUBLE STENGHT 4X75GM,80,0,0,0,0,0,0,0,0,0,0,0,0,0,0
15430,CATCH MEAT MASALA 16GM,10,1,0,0,0,0,0,0,0,0,0,0,0,0,1
15431,TASTILO NACHO CHIPS CHEESY CRISPY 150GM,85,0,0,0,0,0,0,0,0,0,0,0,0,0,0
15432,TASTILO NACHO CHIPS SPANISH TOMATO 150GM,85,0,0,0,0,0,0,0,0,0,0,0,0,0,0
15433,TASTILO NACHO CHIPS MEXICAN SALSA 150GM,85,0,0,0,0,0,0,0,0,0,0,0,0,0,0
15434,TASTILO NACHO CHIPS SPICY JALAPENO 150GM,85,0,0,0,0,0,0,0,0,0,0,0,0,0,0
15435,TASTILO NACHO CHIPS PAPDI CHAAT 150GM,85,0,0,0,0,0,0,0,0,0,0,0,0,0,0
15436,INDULEKHA BRINGHA OIL AN AYURVEDIC PROPRIETARY MEDICINE 100ML,432,1,0,0,0,0,0,0,0,0,0,0,0,0,1
15437,NAVNEET MINI NOTE BOOK 160PAGES,10,1,0,0,0,0,0,0,0,0,0,0,0,0,1
15438,BRYLCREEM DRI DAMAGE PROTECT HAIR GEL 75GM,80,0,0,0,0,0,0,0,0,0,0,0,0,0,0
15439,ONLINE SURCHARGE 2%,1,-121.23,0,0,0,0,0,0,0,0,0,0,0,0,-121.23
15440,LIFEBUOY SOAP LEMON FRESH 4X59GM,40,0,0,0,0,0,0,0,0,0,0,0,0,0,0
15441,SUNFEAST YIPPEE ATTA NOODLES POWER UP MASALA 70GM,15,0,0,0,0,0,0,0,0,0,0,0,0,0,0
15442,OLIVIA FRUIT CREAM HERBAL FACIAL MASSAGE 50GM,40,0,0,0,0,0,0,0,0,0,0,0,0,0,0
15443,OLIVIA HAIR REMOVER HERBAL ALOE VERA & LEMON 30GM,60,0,0,0,0,0,0,0,0,0,0,0,0,0,0
15444,OLIVIA HAIR REMOVER SANDAL WITH SANDAL OIL 30GM,60,0,0,0,0,0,0,0,0,0,0,0,0,0,0
15445,OLIVIA HAIR REMOVER STRAWBERRY JOJOBA OIL & VITAMIN E 30GM,60,0,0,0,0,0,0,0,0,0,0,0,0,0,0
15446,KISSAN MIXED FRUIT JAM 12GM,2,0,0,0,0,0,0,0,0,0,0,0,0,0,0
15447,KISSAN FRESH TOMATO KETCHUP 13GM,2,4,0,0,0,0,0,0,0,0,0,0,0,0,4
15448,KNORR INTERNATIONAL HONG KONG MANCHOW NOODLE SOUP 46GM,65,4,0,0,0,0,0,0,0,0,0,0,0,0,4
15449,BRITANNIA CAKE VEG CHOCO CHILL 75GM,20,1,0,0,0,0,0,0,0,0,0,0,0,0,1
15450,NESTLE CERELAC MULTI GRAIN DAL VEG 300GM STAGE 4,212,0,0,0,0,0,0,0,0,0,0,0,0,0,0
15451,NESCAFE CLASSIC 200GM PORCELAIN POT FREE,499,0,0,0,0,0,0,0,0,0,0,0,0,0,0
15452,EXO DISHBAR 75GM,5,0,0,0,0,0,0,0,0,0,0,0,0,0,0
15453,CHIA SEED 100GM,65,11,0,0,0,0,0,0,0,0,0,0,0,0,11
15454,BOOMER DUET BANANA FLAVOURED RS.1,1,-1,0,0,0,0,0,0,0,0,0,0,0,0,-1
15455,ORBIT WATERMELON FLAVOURED 8.8GM,10,0,0,0,0,0,0,0,0,0,0,0,0,0,0
15456,HIMALAYA PROTEIN HAIR CREAM EXTRA NOURISHMENT 100ML,80,0,0,0,0,0,0,0,0,0,0,0,0,0,0
15457,HIMALAYA ANTI HAIR FALL CREAM 100ML,80,0,0,0,0,0,0,0,0,0,0,0,0,0,0
15458,COLGATE TOOTH PASTE CIBACA VEDSHAKTI 175GM,55,1,0,0,0,0,0,0,0,0,0,0,0,0,1
15459,HALDIRAMS SOYSTIX CHATPATA MASALA 150GM,35,1,0,0,0,0,0,0,0,0,0,0,0,0,1
15460,HALDIRAMS CRAZY MIXTURE 200GM,57,0,0,0,0,0,0,0,0,0,0,0,0,0,0
15461,KEYA MALABAR BLACK PEPPER POWDER 60GM,150,0,0,0,0,0,0,0,0,0,0,0,0,0,0
15462,HERSHEYS MILK SHAKE COOKIES N CREAM FLAVOUR 200ML,35,14,0,0,0,1,0,0,0,0,0,0,0,0,13
15463,HERSHEYS MILK SHAKE STRAWBERRY FLAVOUR 200ML,35,9,0,0,0,0,0,0,0,0,0,0,0,0,9
15464,HERSHEYS MILK SHAKE CHOCOLATE FLAVOUR 200ML,35,0,0,0,0,0,0,0,0,0,0,0,0,0,0
15465,VLCC SLIMMERS MULTI GRAIN MUESLI FRUIT & FIBER 500GM,395,0,0,0,0,0,0,0,0,0,0,0,0,0,0
15466,REAL JUICE MOSAMBI 1LTR,99,3,0,0,0,0,0,0,0,0,0,0,0,0,3
15467,ALPENLIEBE GOLD RICH MILKY CARAMEL TOFFEE 30.6GM,10,0,0,0,0,0,0,0,0,0,0,0,0,0,0
15468,HEAD & SHOULDER SHAMPOO ANTI HAIR FALL 170ML+80ML FREE,160,0,0,0,0,0,0,0,0,0,0,0,0,0,0
15469,HEAD & SHOULDER SHAMPOO COOL MENTHOL 180ML+80ML FREE,150,0,0,0,0,0,0,0,0,0,0,0,0,0,0
15470,HEAD & SHOULDER SHAMPOO SMOOTH & SILKY 180ML+80ML,150,0,0,0,0,0,0,0,0,0,0,0,0,0,0
15471,KNORR CUP A SOUP MIXED VEGETABLE 11GM,10,0,0,0,0,0,0,0,0,0,0,0,0,0,0
15474,KHARBUJA SEEDS 100GM,48,1,0,0,0,0,0,0,0,0,0,0,0,0,1
15475,RAGI ATTA 1KG,80,0,0,0,0,0,0,0,0,0,0,0,0,0,0
15476,JAWAR ATTA 1KG,50,0,0,0,0,0,0,0,0,0,0,0,0,0,0
15477,BAJRA ATTA 1KG,37,1,0,0,0,0,0,0,0,0,0,0,0,0,1
15478,NOBLE FOODS BAKED SOYA KATORI 110GM,50,0,0,0,0,0,0,0,0,0,0,0,0,0,0
15479,NOBLE FOODS CHIA SEEDS 150GM,250,0,0,0,0,0,0,0,0,0,0,0,0,0,0
15480,NOBLE FOODS PUMPKIN SEEDS 150GM,310,0,0,0,0,0,0,0,0,0,0,0,0,0,0
15481,J.P GARBAGE BAG BIG 50PPCS24X30,180,0,0,0,0,0,0,0,0,0,0,0,0,0,0
15482,NIVEA SOFT LIGHT MOISTURISER 8ML,15,0,0,0,0,0,0,0,0,0,0,0,0,0,0
15483,VICCO TURMERIC WSO CREAM 15GM,35,2,0,0,0,0,0,0,0,0,0,0,0,0,2
15484,COMPLAN KESAR BADAM FLAVOUR 500GM,290,1,0,0,0,0,0,0,0,0,0,0,0,0,1
15485,CLING FILM 30MTR,95,12,0,0,0,0,0,0,0,0,0,0,0,0,12
15486,PARLE G GOLD BISCUITS 200GM,20,0,0,0,0,0,0,0,0,0,0,0,0,0,0
15487,PARLE MILANO DELICIOUSLY RICH CHOCOLATE CHIP COOKIES 12.5GM,5,0,0,0,0,0,0,0,0,0,0,0,0,0,0
15488,PARLE SIMPLY GOOD DIGESTIVE APPLE&CINNAMON 100GM,20,0,0,0,0,0,0,0,0,0,0,0,0,0,0
15489,DANONE YOGHURT VANILLA FLAVOURED 80GM,25,0,0,0,0,0,0,0,0,0,0,0,0,0,0
15490,DANONE LASSI STRAWBERRY FLAVOURED 150ML,25,0,0,0,0,0,0,0,0,0,0,0,0,0,0
15491,PRIL DISH WASH BAR 4X360GM,90,0,0,0,0,0,0,0,0,0,0,0,0,0,0
15492,VERKA PIO MILK BADAM FLAVOURED 200ML,25,1,0,0,0,0,0,0,0,0,0,0,0,0,1
15493,ORBIT WHITE WATERMELON FLAVOURED 66GM,150,0,0,0,0,0,0,0,0,0,0,0,0,0,0
15494,ORBIT WHITE FRESHMINT RS.10,10,0,0,0,0,0,0,0,0,0,0,0,0,0,0
15495,PRINGLES ZINGY TOMTO FLAVOUR 110GM,99,3,0,0,0,0,0,0,0,0,0,0,0,0,3
15496,PEDIASURE PREMIUM CHOCOLATE FLAVOUR JAR 1KG,1180,0,0,0,0,0,0,0,0,0,0,0,0,0,0
15497,PEDIASURE VANILLA DELIGHT FLAVOUR 1KG,1150,0,0,0,0,0,0,0,0,0,0,0,0,0,0
15498,VIVEL SOAP ALOE VERA 62GM,38,0,0,0,0,0,0,0,0,0,0,0,0,0,0
15499,GARNIER CONDITIONER ULTRA BLENDS ROYAL JELLY &  LAVENDER 75ML,75,0,0,0,0,0,0,0,0,0,0,0,0,0,0
15500,AIR WICK LIFE SCENTS TURQUOISE OASIS SPRAY 210ML,249,0,0,0,0,0,0,0,0,0,0,0,0,0,0
15501,HARPIC DISINFECTANT BATHROOM CLEANER LEMON 200ML,39,7,0,0,0,0,0,0,0,0,0,0,0,0,7
15502,ITALI PASTA MAST TOMATO 70GM,29,0,0,0,0,0,0,0,0,0,0,0,0,0,0
15503,ITALI PASTA CHEEZE CREAM 70GM,29,0,0,0,0,0,0,0,0,0,0,0,0,0,0
15504,MOTHERS RECIPE SAMOSA CHUTNEY 370GM,79,0,0,0,0,0,0,0,0,0,0,0,0,0,0
15505,GITS RASMALAI MIX 150GM,90,0,0,0,0,0,0,0,0,0,0,0,0,0,0
15506,CREMICA AJWAIN CRACKER BISCUIT 150GM+50GM=200GM,20,0,0,0,0,0,0,0,0,0,0,0,0,0,0
15507,NESCAFE HAZELNUT COFFEE & MILK BEVERAGE 180ML,30,11,0,0,0,1,0,0,0,0,0,0,0,0,10
15508,NESCAFE CHILLED LATTE COFFEE & MILK BEVERAGE 180ML,30,10,0,0,0,0,0,0,0,0,0,0,0,0,10
15509,NESCAFE INTENSE CAFE COFFEE & MILK BEVERAGE 180ML,30,10,0,0,0,0,0,0,0,0,0,0,0,0,10
15510,NESTLE LACTOGEN 1 UPTO 6 MONTHS 400GM,302,1,0,0,0,0,0,0,0,0,0,0,0,0,1
15511,DEL MONTE GREEN APPLE FRUIT DRINK 240ML,35,0,0,0,0,0,0,0,0,0,0,0,0,0,0
15512,DEL MONTE PINK GUAVA FRUIT DRINK 180ML,30,0,0,0,0,0,0,0,0,0,0,0,0,0,0
15513,STIC COLORSTIX MAFIC COLOR SET 6+2,100,0,0,0,0,0,0,0,0,0,0,0,0,0,0
15514,STIC COLORSTIX WAX CRAYONS 12+1,15,0,0,0,0,0,0,0,0,0,0,0,0,0,0
15515,STIC COLORSTIX HEXA OIL PASTELS 15 SHADES,45,0,0,0,0,0,0,0,0,0,0,0,0,0,0
15516,STIC HEXA OIL PASTELS 25SHADES,100,0,0,0,0,0,0,0,0,0,0,0,0,0,0
15517,SURF EXCEL MATIC LIQUID FRONT LOAD 1LTR,225,0,0,0,0,0,0,0,0,0,0,0,0,0,0
15518,SURF EXCEL MATIC LIQUID TOP LOAD 1LTR,199,0,0,0,0,0,0,0,0,0,0,0,0,0,0
15519,SURF EXCEL MATIC LIQUID FRONT LOAD 500ML,115,4,0,0,0,0,0,0,0,0,0,0,0,0,4
15520,SURF EXCEL MATIC LIQUID TOP LOAD 500ML,99,5,0,0,0,0,0,0,0,0,0,0,0,0,5
15521,CORNITOS POP N CRUNCH COATED GREEN PEAS HOT AND SPICY 26GM,20,14,0,0,0,0,0,0,0,0,0,0,0,0,14
15522,PASEO ELEGANT HYGIENIC SOFT AND NATURAL FACIAL SOFTNESS 250SHEETS,210,0,0,0,0,0,0,0,0,0,0,0,0,0,0
15523,GOOD KNIGHT ADVANCED NEEM ACTIV FAST CARD 10CARD PACK,10,0,0,0,0,0,0,0,0,0,0,0,0,0,0
15524,GOOD KNIGHT ADVANCED NEEM ACTIV CARTRIDGE 45ML,69,0,0,0,0,0,0,0,0,0,0,0,0,0,0
15525,FAIR & LOVELY MEN ANTI MARKS FAIRNESS CREAM 25GM,70,0,0,0,0,0,0,0,0,0,0,0,0,0,0
15526,FAIR & LOVELY MEN ANTI MARKS FAIRNESS CREAM 50GM,128,0,0,0,0,0,0,0,0,0,0,0,0,0,0
15527,PEARS SHOWER GEL OURE AND GENTLE 250ML,180,0,0,0,0,0,0,0,0,0,0,0,0,0,0
15528,NESCAFE CLASSIC JAR 100GM+50GM FREE,250,0,0,0,0,0,0,0,0,0,0,0,0,0,0
15529,NESTLE MUNCH 18+2FREE 202GM,90,0,0,0,0,0,0,0,0,0,0,0,0,0,0
15530,PETALS MULTIPURPOSE COTTON BALL SOFT&GENTLE 30BALLS,40,0,0,0,0,0,0,0,0,0,0,0,0,0,0
15531,PETALS MULTIPURPOSE ABSORBENT COTTON  SOFT&GENTLE 100GM,75,0,0,0,0,0,0,0,0,0,0,0,0,0,0
15532,PETALS MULTIPURPOSE ABSORBENT COTTON  SOFT&GENTLE 50GM,40,0,0,0,0,0,0,0,0,0,0,0,0,0,0
15533,AMUL ICE CREAM RASMALAI 500GM,175,1,0,0,0,0,0,0,0,0,0,0,0,0,1
15534,MULTANI PACHMEENA AAM DROPS DIGESTIVE CARE,1,-28,0,0,0,0,0,0,0,0,0,0,0,0,-28
15535,MULTANI PACHMEENA IMLI DROPS DIGESTIVE CARE,1,338,0,0,0,20,0,0,0,0,0,0,0,0,318
15536,NUTRAJ SIGNATURE DRIED TURKISH APRICOTS 200GM,245,0,0,0,0,0,0,0,0,0,0,0,0,0,0
15537,SNICKERS MINIATURES 2X150GM,198,0,0,0,0,0,0,0,0,0,0,0,0,0,0
15538,SNICKERS VALUE PACK 3X50GM,110,0,0,0,0,0,0,0,0,0,0,0,0,0,0
15539,SHUBH AVSAR COLLECTION GIFT PACK 150GM,200,0,0,0,0,0,0,0,0,0,0,0,0,0,0
15540,EXO DISHBAR 3X125GM+125GM FREE,30,0,0,0,0,0,0,0,0,0,0,0,0,0,0
15541,LAKME 9 TO 5 COMPLEXION CARE CREAM BRONZE SPF30PA 30GM,299,1,0,0,0,0,0,0,0,0,0,0,0,0,1
15542,LAKME 9 TO 5 COMPLEXION CARE CREAM BEIGE SPF30PA 30GM,315,1,0,0,0,0,0,0,0,0,0,0,0,0,1
15543,MONGINIS SWISS ROLL MANGO CAKE 40GM,10,0,0,0,0,0,0,0,0,0,0,0,0,0,0
15544,CATCH HING 10GM,25,0,0,0,0,0,0,0,0,0,0,0,0,0,0
15545,TASTILO NACHO CHIPS SMOKY BARBEQUE 150GM,85,0,0,0,0,0,0,0,0,0,0,0,0,0,0
15546,HANDS ON SANITIZER LIME 100ML,79,0,0,0,0,0,0,0,0,0,0,0,0,0,0
15547,MEDIMIX SOAP TURMERIC & ARGAN OIL 125GM,55,0,0,0,0,0,0,0,0,0,0,0,0,0,0
15548,BAGRRYS CORN FLAKES ALMOND & HONEY 360GM,160,0,0,0,0,0,0,0,0,0,0,0,0,0,0
15549,HANDI CHEESE FINGERS 450GM,190,0,0,0,0,0,0,0,0,0,0,0,0,0,0
15551,HANDI SABUDANA TIKKI 450GM,150,0,0,0,0,0,0,0,0,0,0,0,0,0,0
15552,HANDI FALAFEL 400GM,150,0,0,0,0,0,0,0,0,0,0,0,0,0,0
15553,HANDI HARA BARA KEBAB 400GM,150,0,0,0,0,0,0,0,0,0,0,0,0,0,0
15554,HANDI VEG SEEKH KEBAB 450GM,150,0,0,0,0,0,0,0,0,0,0,0,0,0,0
15555,HANDI VEGETABLE MANCHURIAN DRY 250GM,95,0,0,0,0,0,0,0,0,0,0,0,0,0,0
15557,HANDI KHASTA KEBAB 400GM,150,0,0,0,0,0,0,0,0,0,0,0,0,0,0
15558,HANDI VEG SHAMI KEBAB 400GM,150,0,0,0,0,0,0,0,0,0,0,0,0,0,0
15559,KITTI FRUIT CAKE EGGLESS 250GM,75,0,0,0,0,0,0,0,0,0,0,0,0,0,0
15560,GARNIER SHAMPOO ULTRA BLENDS SOY MILK & ALMONDS 640ML,430,0,0,0,0,0,0,0,0,0,0,0,0,0,0
15561,NESTLE A+ PRO GROW MILK VANILLA FLAVOUR 180ML,30,0,0,0,0,0,0,0,0,0,0,0,0,0,0
15562,NESTLE A+ PRO GROW MILK CHOCOLATE FLAVOUR 180ML,30,0,0,0,0,0,0,0,0,0,0,0,0,0,0
15563,MAGGI HOTHEADS CUPPA PERI PERI NOODLES 70GM,40,6,0,0,0,0,0,0,0,0,0,0,0,0,6
15564,MAGGI HOTHEADS CUPPA PEPPER NOODLES 70GM,40,2,0,0,0,0,0,0,0,0,0,0,0,0,2
15565,MAGGI HOTHEADS PERI PERI NOODLES 71GM,19,0,0,0,0,0,0,0,0,0,0,0,0,0,0
15566,MAGGI HOTHEADS CHILLI XGICKEN NOODLES 71GM,20,0,0,0,0,0,0,0,0,0,0,0,0,0,0
15567,MAGGI HOTHEADS PEPPER NOODLES 71GM,19,0,0,0,0,0,0,0,0,0,0,0,0,0,0
15568,TOILET BRUSH RS.75,75,0,0,0,0,0,0,0,0,0,0,0,0,0,0
15569,UNICLEAN DOUBLE ACTION TOILET BRUSH,130,-1,0,0,0,0,0,0,0,0,0,0,0,0,-1
15570,UNICLEAN DOUBLE ACTION TOILET BRUSH RS.134,134,1,0,0,0,0,0,0,0,0,0,0,0,0,1
15571,GOODWYN ASSAM TEA 250GM,140,0,0,0,0,0,0,0,0,0,0,0,0,0,0
15572,OLAY NATURAL WHITE INSTANT UV PROTECTION INSTANTGLOWING FAIRNESS 20GM,109,0,0,0,0,0,0,0,0,0,0,0,0,0,0
15573,CHINGS SINGAPORE CURRY INSTANT NOODLES 240GM,60,2,0,0,0,0,0,0,0,0,0,0,0,0,2
15574,CINTHOL SOAP LIME 4X100GM,100,0,0,0,0,0,0,0,0,0,0,0,0,0,0
15575,SOLAR SALAD OIL 500ML,148,0,0,0,0,0,0,0,0,0,0,0,0,0,0
15576,KNORR SOUP INTERNATIONAL ITALIAN MUSHROOM 48GM,65,1,0,0,0,0,0,0,0,0,0,0,0,0,1
15577,HOME MADE GINGERALE 750ML,180,0,0,0,0,0,0,0,0,0,0,0,0,0,0
15578,HOME MADE CHICKEN PICKLE 500GM,400,0,0,0,0,0,0,0,0,0,0,0,0,0,0
15579,PONDS FACEWASH PIMPLE CLEAR TARGETS PIMPLES 100GM,140,2,0,0,0,0,0,0,0,0,0,0,0,0,2
15580,WHISPER ULTRA NIGHT XL 45PADS,466,0,0,0,0,0,0,0,0,0,0,0,0,0,0
15581,GILLETTE VENUS 3 BLADES 4 CARTRIDGES,499,2,0,0,0,0,0,0,0,0,0,0,0,0,2
15582,BPCL SKIM NUPUR HAIR COLOUR 20GM+20ML,1,0,0,0,0,0,0,0,0,0,0,0,0,0,0
15583,BAMBINO PASTA PENNE 250GM BUY2GET1FREE,120,0,0,0,0,0,0,0,0,0,0,0,0,0,0
15584,SAVLON HANDWASH DOUBLE STRENGTH 185ML,49,0,0,0,0,0,0,0,0,0,0,0,0,0,0
15585,NUTRUS SPROUTED RAGI MILLET PORRIDGE 450GM,180,0,0,0,0,0,0,0,0,0,0,0,0,0,0
15586,VEEBA SRIRACHA SAUCE 320GM,129,1,0,0,0,0,0,0,0,0,0,0,0,0,1
15587,VEEBA PERI PERI SAUCE 300GM,149,1,0,0,0,0,0,0,0,0,0,0,0,0,1
15588,VEEBA HARISSA DRESSING 280GM,149,0,0,0,0,0,0,0,0,0,0,0,0,0,0
15589,VEET HAIR REMOVAL CREAM SILK & FRESH NORMAL SKIN 50GM,110,2,0,0,0,0,0,0,0,0,0,0,0,0,2
15590,DEL MONTE 100% MIXED FRUIT JUICE 240ML,35,0,0,0,0,0,0,0,0,0,0,0,0,0,0
15591,DEL MONTE 100% APPLE JUICE 240NL,35,0,0,0,0,0,0,0,0,0,0,0,0,0,0
15592,NIRMA WASHING POWDER 500GM,22,0,0,0,0,0,0,0,0,0,0,0,0,0,0
15593,RUPA WASHING SOAP 1KG,70,0,0,0,0,0,0,0,0,0,0,0,0,0,0
15594,PARK AVENUE DEO EXPLORE PERFUME SPRAY 130ML,240,0,0,0,0,0,0,0,0,0,0,0,0,0,0
15595,LAURUS TOILET TISSUE IMPORTED VIRGIN PULP TISSUE 6IN1,100,0,0,0,0,0,0,0,0,0,0,0,0,0,0
15596,RIN POWDER REFRESH LEMON AND ROSE 4KG+1KGFREE,345,0,0,0,0,0,0,0,0,0,0,0,0,0,0
15597,GODREJ CINTHOL DEO STICK RUSH 40GM,60,0,0,0,0,0,0,0,0,0,0,0,0,0,0
15598,CADBURY DAIRY MILK MARVELLOUS CRETIONS JELLY POPPING CANDY 75GM,70,11,0,0,0,1,0,0,0,0,0,0,0,0,10
15599,CADBURY DAIRY MILK MARVELLOUS CRETIONS JELLY POPPING CANDY 35GM,39,25,0,0,0,0,0,0,0,0,0,0,0,0,25
15600,AMUL ICE CREAM CONE BELGIAN CHOCOLATE 4X120ML,160,0,0,0,0,0,0,0,0,0,0,0,0,0,0
15601,BRITANNIA TIGER CREEMZ ELAICHI 43GM,5,14,0,0,0,0,0,0,0,0,0,0,0,0,14
15602,BRITANNIA 50-50 TIME PASS SIMPLY SALTED 39GM,5,0,0,0,0,0,0,0,0,0,0,0,0,0,0
15603,BRITANNIA 50-50 TIME PASS SIMPLY SALTED 75GM,10,1,0,0,0,0,0,0,0,0,0,0,0,0,1
15604,KAPUR RS.4PEC,3,0,0,0,0,0,0,0,0,0,0,0,0,0,0
15605,NESTLE CERELAC WHEAT RICE MIXED VEG 300GM STAGE 3,205,0,0,0,0,0,0,0,0,0,0,0,0,0,0
15606,NESCAFE SUNRISE INSTA FILTER 100GM,225,0,0,0,0,0,0,0,0,0,0,0,0,0,0
15607,NESTLE BARONE ECLAIRS 50PIECES 250GM,100,0,0,0,0,0,0,0,0,0,0,0,0,0,0
15608,MAGGI HOTHEADS GREEN CHILLI NOODLES 71GM,19,3,0,0,0,1,0,0,0,0,0,0,0,0,2
15609,PARLE TOP SPIN KRACKJACK 420GM,45,0,0,0,0,0,0,0,0,0,0,0,0,0,0
15610,WILD STONE DEO HUNT 150ML,195,0,0,0,0,0,0,0,0,0,0,0,0,0,0
15611,COMPLAN CLASSIC CHOCOLATE FLAVOUR 50GM,25,0,0,0,0,0,0,0,0,0,0,0,0,0,0
15612,IMLI 200GM,38,27,0,0,0,0,0,0,0,0,0,0,0,0,27
15613,NIVEA LIP BALM BLACKBERRY SHINE 4.8GM,175,1,0,0,0,0,0,0,0,0,0,0,0,0,1
15614,VIVEL SOAP WITH GREEN TEA 100GM,25,0,0,0,0,0,0,0,0,0,0,0,0,0,0
15615,AMUL CHOCO CRACKER CHOCOLATE 150GM,150,0,0,0,0,0,0,0,0,0,0,0,0,0,0
15616,HALDIRAMS CHIPS CLASSIC SALTED FAMILY PACK 200GM,60,0,0,0,0,0,0,0,0,0,0,0,0,0,0
15617,BEEHIVE HONEY & CINNAMON 375GM,199,0,0,0,0,0,0,0,0,0,0,0,0,0,0
15618,BEEHIVE HONEY & TULSI 375GM,199,0,0,0,0,0,0,0,0,0,0,0,0,0,0
15619,BEEHIVE HONEY & LEMON 375GM,199,0,0,0,0,0,0,0,0,0,0,0,0,0,0
15620,BEEHIVE HONEY & BLACK PEPPER 375GM,199,0,0,0,0,0,0,0,0,0,0,0,0,0,0
15621,BEEHIVE HONEY & LEMON 80GM,69,0,0,0,0,0,0,0,0,0,0,0,0,0,0
15622,BEEHIVE HONEY & ACACIA HONEY 80GM,89,0,0,0,0,0,0,0,0,0,0,0,0,0,0
15623,BEEHIVE HONEY & GINGER 80GM,69,0,0,0,0,0,0,0,0,0,0,0,0,0,0
15624,BEEHIVE HONEY & NUTS IN HONEY 80GM,149,0,0,0,0,0,0,0,0,0,0,0,0,0,0
15625,BEEHIVE HONEY & ACACIA HONEY 28GM,59,0,0,0,0,0,0,0,0,0,0,0,0,0,0
15626,BEEHIVE HONEY & WILD FLOWER HOHEY 28GM,49,0,0,0,0,0,0,0,0,0,0,0,0,0,0
15627,TOPS GINGER PUNJABI PICKLE 400GM,95,0,0,0,0,0,0,0,0,0,0,0,0,0,0
15628,TOPS DELA PICKLE 400GM,95,0,0,0,0,0,0,0,0,0,0,0,0,0,0
15629,GARNIER FRUCTIS SHAMPOO GOODBYE DAMAGE 175ML+OIL IN CREAM 100GM FREE,115,0,0,0,0,0,0,0,0,0,0,0,0,0,0
15630,GARNIER FRUCTIS SHAMPOO GOODBYE DAMAGE 340ML+OIL IN CREAM 200GM FREE,200,0,0,0,0,0,0,0,0,0,0,0,0,0,0
15631,GARNIER SHAMPOO ULTRA BLENDS MYTHIC OLIVE 180ML,135,0,0,0,0,0,0,0,0,0,0,0,0,0,0
15632,GARNIER CONDITIONER ULTRA BLENDS MYTHIC OLIVE 175ML,185,1,0,0,0,0,0,0,0,0,0,0,0,0,1
15633,HARPIC POWER PLUS 10X ORIGINAL 1LTR,163,3,0,0,0,0,0,0,0,0,0,0,0,0,3
15634,BHUIRA PEACH CHILI CHUTNEY 470GM,250,0,0,0,0,0,0,0,0,0,0,0,0,0,0
15635,ROROTO JETTRA METALIX FX,40,0,0,0,0,0,0,0,0,0,0,0,0,0,0
15636,LUBE MAK CLASSIC 3.5LTR,865,21,0,0,0,0,0,0,0,0,0,0,0,0,21
15637,LUBE MAK A.T.F 5LTR,1163,0,0,0,0,0,0,0,0,0,0,0,0,0,0
15638,VERKA PIO MILK THANDAI 200ML,25,5,0,0,0,0,0,0,0,0,0,0,0,0,5
15639,VERKA PIO MILK GINGER & HONEY 200ML,25,1,0,0,0,0,0,0,0,0,0,0,0,0,1
15640,PONDS FACEWASH PIMPLE CLEAR 50GM,75,6,0,0,0,0,0,0,0,0,0,0,0,0,6
15641,PARLE MEXITOS NACHO CHIPS CLASSIC SALTED 30GM,20,0,0,0,0,0,0,0,0,0,0,0,0,0,0
15642,PARLE MEXITOS NACHO CHIPS SALSA TOMATINO 30GM,20,0,0,0,0,0,0,0,0,0,0,0,0,0,0
15643,NESCAFE SUNRISE COFFEE INSTA FILTER 24GM,60,0,0,0,0,0,0,0,0,0,0,0,0,0,0
15644,HERSHEYS SPREADS COCOA 150GM,140,3,0,0,0,0,0,0,0,0,0,0,0,0,3
15645,HERSHEYS SPREADS COCOA 350GM,235,2,0,0,0,0,0,0,0,0,0,0,0,0,2
15646,PONDS MOISTURISING COLD CREAM SOFT GLOWING SKIN 55ML,89,0,0,0,0,0,0,0,0,0,0,0,0,0,0
15647,GILLETTE FUSION 4CARTRIDGS 5BLADE,900,2,0,0,0,0,0,0,0,0,0,0,0,0,2
15648,HOME MADE JALJEERA 750ML,180,0,0,0,0,0,0,0,0,0,0,0,0,0,0
15649,HOME MADE LEMON 750ML,170,0,0,0,0,0,0,0,0,0,0,0,0,0,0
15650,BAGRRYS CORNFLAKES ORGINAL & HEALTHIER 300GM,95,0,0,0,0,0,0,0,0,0,0,0,0,0,0
15651,BAGRRYS CORNFLAKES WITH REAL HONEY 360GM,130,1,0,0,0,0,0,0,0,0,0,0,0,0,1
15652,GOWARDHAN CHEESE SLICE SPICE UP MONDAY TO FRIDAY COMBO PACK 200GM,160,0,0,0,0,0,0,0,0,0,0,0,0,0,0
15653,FIAMA DI WILLS SOAP PURE RIO SPALASH 75GM,36,0,0,0,0,0,0,0,0,0,0,0,0,0,0
15654,SUNFEAST DARK FANTASY COFFEE FILLS 75GM,30,0,0,0,0,0,0,0,0,0,0,0,0,0,0
15655,HIMALAYA TOOTH PASTE COMPLETE CARE GUM EXPERT 150GM,80,0,0,0,0,0,0,0,0,0,0,0,0,0,0
15656,HIMALAYA CONDITIONER DRYNESS DEFENSE 100ML,90,0,0,0,0,0,0,0,0,0,0,0,0,0,0
15657,BIFA BLUES ORANGE WITH CREAM 14GM,5,0,0,0,0,0,0,0,0,0,0,0,0,0,0
15658,BALU SHAHI 250GM,30,0,0,0,0,0,0,0,0,0,0,0,0,0,0
15659,JOHNSONS BABY SKINCARE WIPES 2X80N,380,-1,0,0,0,0,0,0,0,0,0,0,0,0,-1
15660,UNIBIC OATMEAL DIGESTIVE COOKIES 75GM,10,0,0,0,0,0,0,0,0,0,0,0,0,0,0
15661,GARNIER FRUCTIS SHAMPOO TRIPLE NUTRITION 340ML+OIL IN CREAM 200GM,200,0,0,0,0,0,0,0,0,0,0,0,0,0,0
15662,REAL JUICE JAMUN 200ML,30,0,0,0,0,0,0,0,0,0,0,0,0,0,0
15663,ORBIT WHITE FRESHMINT 66GM,150,0,0,0,0,0,0,0,0,0,0,0,0,0,0
15664,LIFEBUOY SOAP CARE 125GM,27,7,0,0,0,0,0,0,0,0,0,0,0,0,7
15665,GOODWYN ASSAM TEA 500GM,250,0,0,0,0,0,0,0,0,0,0,0,0,0,0
15666,SKICORP PACK IT SLIDER BAG 20BAGS,150,1,0,0,0,0,0,0,0,0,0,0,0,0,1
15667,SKICORP PACK IT STORAGE SLIDER BAG 15BAGS,150,0,0,0,0,0,0,0,0,0,0,0,0,0,0
15668,SKICORP PACK IT STORAGE SLIDER BAG 10BAGS,155,1,0,0,0,0,0,0,0,0,0,0,0,0,1
15669,SKICORP PACK IT STORAGE SLIDER BAGS 5BAGS,150,2,0,0,0,0,0,0,0,0,0,0,0,0,2
15670,PONDS MOISTURISING COLD CREAM SOFT GLOWING SKIN 178GM,270,0,0,0,0,0,0,0,0,0,0,0,0,0,0
15671,GOOD KNIGHT FABRIC ROLL ON NATURAL 8ML,75,0,0,0,0,0,0,0,0,0,0,0,0,0,0
15672,GOOD KNIGHT COOL GEL NATURAL ALOE VERA CHILD SAFE 14GM,20,0,0,0,0,0,0,0,0,0,0,0,0,0,0
15673,CINTHOL DEO SOAP INSTA 3X100GM,88,0,0,0,0,0,0,0,0,0,0,0,0,0,0
15674,AKARSHIT DIET MIXTURE PLAIN 170GM,40,-2,0,0,0,0,0,0,0,0,0,0,0,0,-2
15675,KEYA INSTANT RICH & CREMY TOMATO SOUP 60GM,40,0,0,0,0,0,0,0,0,0,0,0,0,0,0
15676,VEGA BABY NAIL CLIPPER,90,1,0,0,0,0,0,0,0,0,0,0,0,0,1
15677,FRUIT CAKE RS 50,50,0,0,0,0,0,0,0,0,0,0,0,0,0,0
15678,SPOONES RS.15,15,0,0,0,0,0,0,0,0,0,0,0,0,0,0
15679,SIMCO HAIR STYLING GEL 16ML,10,0,0,0,0,0,0,0,0,0,0,0,0,0,0
15680,COLGATE TOOTH PASTE MAXFRESH COOLING CRYSTALS 150GM,95,0,0,0,0,0,0,0,0,0,0,0,0,0,0
15681,HORLICKS CLASSIC MALT JAR 1KG,422,1,0,0,0,0,0,0,0,0,0,0,0,0,1
15682,HORLICKS CHOCOLATE DELIGHT 1KG,384,1,0,0,0,0,0,0,0,0,0,0,0,0,1
15683,UNIBIC ORANGE MILK COOKIES 62GM,10,0,0,0,0,0,0,0,0,0,0,0,0,0,0
15684,PEDIASURE PREMIUM CHOCOLATE BOX 400GM,510,0,0,0,0,0,0,0,0,0,0,0,0,0,0
15685,KELLOGGS RAGI CHOCOS 125GM,64,0,0,0,0,0,0,0,0,0,0,0,0,0,0
15686,STAYFREE SECURE COTTON SOFT REGULAR 20+2PADS,75,0,0,0,0,0,0,0,0,0,0,0,0,0,0
15687,CHINGS SCHEZWAN INSANT NOODLES 240GM,60,1,0,0,0,0,0,0,0,0,0,0,0,0,1
15688,CHUPA CHUPS BUBBLE GUM FILLED LOLLIPOP100GM,5,-12,0,0,0,0,0,0,0,0,0,0,0,0,-12
15689,ITALI PASTA CHIFFERI RIGATE 2X500GM,199,0,0,0,0,0,0,0,0,0,0,0,0,0,0
15690,MAGGI MASALA SAUCE 400GM,85,0,0,0,0,0,0,0,0,0,0,0,0,0,0
15691,MAGGI MASALA SAUCE PICHKOO 85GM,20,0,0,0,0,0,0,0,0,0,0,0,0,0,0
15692,OLAY NATURAL WHITE NIGHT NOURISHING REPAIR CREAM 50GM,365,0,0,0,0,0,0,0,0,0,0,0,0,0,0
15693,TRESEMME SHAMPOO CLIMATE CONTROL 580ML+CLIMATE CONTROL CONDITIONER 85ML+STYLING KIT FREE,443,0,0,0,0,0,0,0,0,0,0,0,0,0,0
15694,TRESEMME SHAMPOO ICONIC STRENGTH 580ML+ ICONIC STRENGTH CONDITIONER 85ML+STYLING KIT FREE,514,0,0,0,0,0,0,0,0,0,0,0,0,0,0
15695,TRESEMME SHAMPOO SMOOTH & SHINE 580ML+ SMOOTH & SHINE CONDITIONER 85ML+STYLING KIT FREE,572,0,0,0,0,0,0,0,0,0,0,0,0,0,0
15696,TRESEMME SHAMPOO SPLIT REMEDY 580ML+ SPLIT REMEDY CONDITIONER 80MLSTYLING KIT FREE,519,0,0,0,0,0,0,0,0,0,0,0,0,0,0
15697,TRESEMME SHAMPOO HAIR FALL CONTROL 580ML+ HAIR FALL CONTROL CONDITIONER 85ML+STYLING KIT FREE,443,0,0,0,0,0,0,0,0,0,0,0,0,0,0
15698,TRESEMME SHAMPOO KERATIN SMOOTH 580ML+ KERATIN SMOOTH  CONDITIONER 85ML+STYLING KIT FREE,514,0,0,0,0,0,0,0,0,0,0,0,0,0,0
15699,PONDS MEN FACEWASH ENERGY CHARGE BRIGHT+ENERGIZED 100GM,185,0,0,0,0,0,0,0,0,0,0,0,0,0,0
15700,PONDS MEN FACEWASH ENERGY CHARGE BRIGHT+ENERGIZED 50GM,100,0,0,0,0,0,0,0,0,0,0,0,0,0,0
15701,OREO BISCUIT GOLDEN VANILLA FLAVORED 50GM,10,6,0,0,0,1,0,0,0,0,0,0,0,0,5
15702,KOHINOOR CHARMINAR ROZANA 1KG,80,0,0,0,0,0,0,0,0,0,0,0,0,0,0
15703,KOHINOOR CHARMINAR ROZANA 5KG,380,0,0,0,0,0,0,0,0,0,0,0,0,0,0
15704,DANONE DAHI 400GM,50,0,0,0,0,0,0,0,0,0,0,0,0,0,0
15705,DANONE SLIM DAHI 400GM,65,0,0,0,0,0,0,0,0,0,0,0,0,0,0
15706,JABSONS FALAHARI MIXTURE 140GM,40,3,0,0,0,0,0,0,0,0,0,0,0,0,3
15707,JABSONS BABABA CHIPS SIMPLY SALTED 150GM,50,0,0,0,0,0,0,0,0,0,0,0,0,0,0
15708,JABSONS SABUDANA MIX 180GM,50,0,0,0,0,0,0,0,0,0,0,0,0,0,0
15709,JABSONS ALU LACHHA ORIGINAL 180GM,50,0,0,0,0,0,0,0,0,0,0,0,0,0,0
15710,CREMICA JEERA LITE BISCUITS 200GM,20,-3,0,0,0,0,0,0,0,0,0,0,0,0,-3
15711,DEL MONTE SPIRALI TRICOLOUR PASTA 500GM,200,4,0,0,0,0,0,0,0,0,0,0,0,0,4
15712,DEL MONTE SPIRALI PASTA 500GM,185,2,0,0,0,0,0,0,0,0,0,0,0,0,2
15713,DEL MONTE FARFALLE PASTA 500GM,185,3,0,0,0,0,0,0,0,0,0,0,0,0,3
15714,DEL MONTE PENNE RIGATE PASTA 500GM,185,0,0,0,0,0,0,0,0,0,0,0,0,0,0
15715,DEL MONTE CHIFFERI RIGATI PASTA 500GM,185,0,0,0,0,0,0,0,0,0,0,0,0,0,0
15716,TOPS KARELA PICKLE 400GM,85,0,0,0,0,0,0,0,0,0,0,0,0,0,0
15717,SAVLON ANTISEPTIC 200ML,63.8,3,0,0,0,0,0,0,0,0,0,0,0,0,3
15718,SAVLON ANTISEPTIC 500ML,129.8,2,0,0,0,0,0,0,0,0,0,0,0,0,2
15719,STEVIOCAL 100 WHITE PELLETS 15GM,140,1,0,0,0,0,0,0,0,0,0,0,0,0,1
15720,BRITANNIA GHEE COWS MILK 500ML,305,0,0,0,0,0,0,0,0,0,0,0,0,0,0
15721,NOBLE FOODS BAKED SOYA STICKS 180GM,80,0,0,0,0,0,0,0,0,0,0,0,0,0,0
15722,NOBLE ROASTED OAT FLAKES MIX 180GM,80,2,0,0,0,0,0,0,0,0,0,0,0,0,2
15723,COMFORT FABRIC CONDITIONER AFTER WASH GREEN 800ML,205,0,0,0,0,0,0,0,0,0,0,0,0,0,0
15724,VIM DISHWASH LIQUID POWER OF 100 LEMONS 500ML,99,0,0,0,0,0,0,0,0,0,0,0,0,0,0
15725,WHEEL ACTIVE POWDER 180GM,10,0,0,0,0,0,0,0,0,0,0,0,0,0,0
15726,NESTLE A+ PRO-GRROW VANILLA FLAVOUR 1LTR,99,0,0,0,0,0,0,0,0,0,0,0,0,0,0
15727,OLAY TOTAL EFFECTS 7 IN 1 ANTI-AGEING NIGHT FIRMING CREAM 50GM,849,0,0,0,0,0,0,0,0,0,0,0,0,0,0
15728,OLAY TOTAL EFFECTS 7 IN 1 LIGHTWEIGHT ANTI AGEING CREAM DAY SPF15 50GM,799,0,0,0,0,0,0,0,0,0,0,0,0,0,0
15729,OLAY TOTAL EFFECTS 7 IN 1 ANTI-AGEING CREAM GENTLE DAY SPF15 50GM,799,0,0,0,0,0,0,0,0,0,0,0,0,0,0
15730,CLINIC PLUS SHAMPOO STRONG&THICK 175ML,80,0,0,0,0,0,0,0,0,0,0,0,0,0,0
15731,DOVE BODY LOTION PURELY PAMPERING SHEA BUTTER AND WARM VANILLA DEEP CARE 100ML,145,0,0,0,0,0,0,0,0,0,0,0,0,0,0
15732,DOVE BODY LOTION PURELY PAMPERING SHEA BUTTER AND WARM VANILLA DEEP CARE 250ML,295,0,0,0,0,0,0,0,0,0,0,0,0,0,0
15733,DOVE BODY LOTION PURELY PAMPERING SHEA BUTTER AND WARM VANILLA DEEP CARE 400ML,375,0,0,0,0,0,0,0,0,0,0,0,0,0,0
15734,LAKME PEACH MILK MAXIMUM MOISTURISER 200ML,310,0,0,0,0,0,0,0,0,0,0,0,0,0,0
15735,LAKME 9 TO 5 COMPLEXION CARE CREAM BEIGE SPF30PA 9GM,99,0,0,0,0,0,0,0,0,0,0,0,0,0,0
15736,PEPSODENT TOOTH BRUSH TRIPLE CLEAN MEDIUM 1NOS,17,1,0,0,0,0,0,0,0,0,0,0,0,0,1
15737,HIT LIME FRAGRANCE FOR MOSQUITOES AND FILES KILLS DENGUE & MALARIA 625ML,255,0,0,0,0,0,0,0,0,0,0,0,0,0,0
15738,CINTHOL SOAP CONFIDENCE 4X100GM,99,3,0,0,0,0,0,0,0,0,0,0,0,0,3
15739,MARKFED SOHNA BASMATI RICE JAR 5KG,564,0,0,0,0,0,0,0,0,0,0,0,0,0,0
15740,OLAY WHITE RADIANCE NIGHT MOISTURISER 50GM,999,0,0,0,0,0,0,0,0,0,0,0,0,0,0
15741,PEDIASURE KESAR BADAM FLAVOUR 200GM,310,0,0,0,0,0,0,0,0,0,0,0,0,0,0
15742,KOHINOOR CLASSIC VALUE BASMATI RICE 500GM,95,0,0,0,0,0,0,0,0,0,0,0,0,0,0
15743,KOHINOOR CLASSIC VALUE BASMATI RICE 2KG,355,0,0,0,0,0,0,0,0,0,0,0,0,0,0
15744,HERSHEYS SPREADS COCOA WITH ALMOND 150GM,140,3,0,0,0,0,0,0,0,0,0,0,0,0,3
15745,HERSHEYS SPREADS COCOA WITH ALMOND 300GM,235,0,0,0,0,0,0,0,0,0,0,0,0,0,0
15746,CREMICA GOLDEN BYTES MIXED NUT COOKIES 66GM,10,0,0,0,0,0,0,0,0,0,0,0,0,0,0
15747,COLGATE MOUTHWASH PLAX SPICY FRESH 250ML,105,2,0,0,0,0,0,0,0,0,0,0,0,0,2
15748,MOTHERS RECIPE GINGER & GARLIC PASTE JAR 200GM,47,0,0,0,0,0,0,0,0,0,0,0,0,0,0
15749,BAGRRYS CORN FLAKES ORGINAL & HEALTHIER 475GM,159,3,0,0,0,0,0,0,0,0,0,0,0,0,3
15750,PANTENE SHAMPOO TOTAL DAMAGE CARE 340ML+ CONDITIONER 175ML,220,0,0,0,0,0,0,0,0,0,0,0,0,0,0
15751,FAIR & LOVELY WINTER FAIRNESS CREAM 15GM,25,0,0,0,0,0,0,0,0,0,0,0,0,0,0
15752,TRESEMME SHAMPOO BEAUTYFULL VOLUME STEP2 185ML,125,1,0,0,0,0,0,0,0,0,0,0,0,0,1
15753,TRESEMME SHAMPOO BEAUTYFULL VOLUME STEP2 80ML,73,0,0,0,0,0,0,0,0,0,0,0,0,0,0
15754,TRESEMME SHAMPOO BEAUTYFULL VOLUME STEP1 190ML,216,2,0,0,0,0,0,0,0,0,0,0,0,0,2
15755,TRESEMME SHAMPOO BEAUTYFULL VOLUME STEP1 85ML,99,0,0,0,0,0,0,0,0,0,0,0,0,0,0
15756,YUMMIEZ CHICKEN AWADHI SHAMI KABAB 375GM,180,0,0,0,0,0,0,0,0,0,0,0,0,0,0
15757,YUMMIEZ CHICKEN KHEEMA PARHTHA 200GM,70,0,0,0,0,0,0,0,0,0,0,0,0,0,0
15758,KWALITY WALLS ICE CREAM CORNETTO DOUBLE CHOCOLATE 115ML,40,11,0,0,0,1,0,0,0,0,0,0,0,0,10
15759,KWALITY WALLS ICE CREAM MAGNUM BROWHIE 70GM,90,29,0,0,0,0,0,0,0,0,0,0,0,0,29
15760,KWALITY WALLS ICE CREAM MAGNUM CLASSIC 70GM,75,-1,0,0,0,0,0,0,0,0,0,0,0,0,-1
15761,KWALITY WALLS ICE CREAM CORNETTO DISE BLACK FOREST 120ML,55,8,0,0,0,1,0,0,0,0,0,0,0,0,7
15763,KWALITY WALLS ICE CREAM FEAST CHOCOLATE 70ML,35,27,0,0,0,0,0,0,0,0,0,0,0,0,27
15764,KWALITY WALLS ICE CREAM FEAST FRUIT N NUT 70ML,40,5,0,0,0,0,0,0,0,0,0,0,0,0,5
15765,KWALITY WALLS ICE CREAM MAGNUM CHOCOLATE TRUFFLE 70GM,75,23,0,0,0,2,0,0,0,0,0,0,0,0,21
15766,KWALITY WALLS ICE CREAM MAGNUM ALMOND 70GM,90,25,0,0,0,0,0,0,0,0,0,0,0,0,25
15767,SOYA KAJU 190GM,35,0,0,0,0,0,0,0,0,0,0,0,0,0,0
15768,SABUDANA JALABI 200GM,35,0,0,0,0,0,0,0,0,0,0,0,0,0,0
15769,SABUDANA PAPAD 80GM,20,0,0,0,0,0,0,0,0,0,0,0,0,0,0
15770,POTATO CHIPS VARTWALA 150GM,30,0,0,0,0,0,0,0,0,0,0,0,0,0,0
15771,POTATO CHIPS 250GM,60,6,0,0,0,0,0,0,0,0,0,0,0,0,6
15772,SUGAR FREE MITHAI 500GM,60,0,0,0,0,0,0,0,0,0,0,0,0,0,0
15773,CUT COCONUT 100GM,36,0,0,0,0,0,0,0,0,0,0,0,0,0,0
15774,CADBURY FUSE A DELICIOUS CHOCOLATY FEAST 45GM,30,8,0,0,0,0,0,0,0,0,0,0,0,0,8
15775,CADBURY FUSE A DELICIOUS CHOCOLATY FEAST 25GM,20,22,0,0,0,0,0,0,0,0,0,0,0,0,22
15776,CADBURY DAIRY MILK SILK 16 LUXURIOUS PRALINES 160GM,475,0,0,0,0,0,0,0,0,0,0,0,0,0,0
15777,CADBURY DAIRY MILK MARVELLOUS CREATIONS COOKIE NUT CRUNCH 75GM,80,16,0,0,0,1,0,0,0,0,0,0,0,0,15
15778,VERKA MILK COW MILK 500ML,21,6,-6,24,0,24,0,0,0,0,0,0,0,0,0
15779,HOME MADE CHICKEN PICKLE 1KG,800,0,0,0,0,0,0,0,0,0,0,0,0,0,0
15780,LONDON DAIRY ICE CREAM YOGHURT BERRY DELIGHT 500ML,350,1,0,0,0,0,0,0,0,0,0,0,0,0,1
15781,LONDON DAIRY ICE CREAM CHOCOLATE LITE 500ML,350,2,0,0,0,0,0,0,0,0,0,0,0,0,2
15782,LONDON DAIRY ICE CREAM CARAMEL BISCUIT 500ML,350,2,0,0,0,0,0,0,0,0,0,0,0,0,2
15783,LONDON DAIRY ICE CREAM YOGHURT MANGO 500ML,350,1,0,0,0,0,0,0,0,0,0,0,0,0,1
15784,CREMICA CHEESE SANDWICH MAYO 300GM,87,0,0,0,0,0,0,0,0,0,0,0,0,0,0
15785,MCVITIES DIGESTIVE 5X200GM,149,0,0,0,0,0,0,0,0,0,0,0,0,0,0
15786,CHINGS MOMO CHUTNEY 40GM,10,0,0,0,0,0,0,0,0,0,0,0,0,0,0
15787,CHINGS CHICKEN CHILLI MASALA 20GM,10,0,0,0,0,0,0,0,0,0,0,0,0,0,0
15788,SPARK MATE ANTI BACTERIAL SCRUB SPONGE 3PEC,69,0,0,0,0,0,0,0,0,0,0,0,0,0,0
15789,TOPS CARROT PICKLE 400GM,80,0,0,0,0,0,0,0,0,0,0,0,0,0,0
15790,TOPS CHILLI-ONION PICKLE 400GM,90,0,0,0,0,0,0,0,0,0,0,0,0,0,0
15791,HALDIRAMS BOONDI MIXTURE 200GM,55,0,0,0,0,0,0,0,0,0,0,0,0,0,0
15792,GARNIER SHAMPOO ULTRA BLENDS MYTHIC OLIVE 360ML,265,0,0,0,0,0,0,0,0,0,0,0,0,0,0
15793,DABUR ODOMOS MOSQUITO REPELLENT CREAM VITAMIN E 100GM,84,0,0,0,0,0,0,0,0,0,0,0,0,0,0
15794,MAPRO FALERO PULPY FRUIT CHEWS ASSORTED 160GM,50,0,0,0,0,0,0,0,0,0,0,0,0,0,0
15795,MAPRO MAZAANA WHOLE ALMONDS COATED WITH FINE DARK CHOCOLATE 100GM,180,0,0,0,0,0,0,0,0,0,0,0,0,0,0
15796,MAPRO MAZAANA WHOLE CASHEWS COATED WITH FINE DARK CHOCOLATE 100GM,180,0,0,0,0,0,0,0,0,0,0,0,0,0,0
15797,MAPRO TROPICAL FRUIT PEBBLES 100GM,45,0,0,0,0,0,0,0,0,0,0,0,0,0,0
15798,MAPRO EXOTIC FRUIT PEBBLES 100GM,45,0,0,0,0,0,0,0,0,0,0,0,0,0,0
15799,GM FOODS MOONG BHAJIA PAKODI 400GM,123,0,0,0,0,0,0,0,0,0,0,0,0,0,0
15800,GM FOODS TAWA NAAN 500GM,68,0,0,0,0,0,0,0,0,0,0,0,0,0,0
15801,GM FOODS TAWA CHILLA 400GM,113,0,0,0,0,0,0,0,0,0,0,0,0,0,0
15802,GM FOODS MASALA MISSI ROTI ATTA 500GM,97,0,0,0,0,0,0,0,0,0,0,0,0,0,0
15803,GM FOODS MASALA MIX BEDMI PURI ATTA 500GM,75,0,0,0,0,0,0,0,0,0,0,0,0,0,0
15804,GM FOODS BHATURA MIX 500GM,68,0,0,0,0,0,0,0,0,0,0,0,0,0,0
15805,CHUPA CHUPS STRAWBERRY FLAVOUR 10.5GM,5,-3,0,0,0,0,0,0,0,0,0,0,0,0,-3
15806,LAKME MAXIMUM MOISTURISER WINTER INTENSE 120ML,220,0,0,0,0,0,0,0,0,0,0,0,0,0,0
15807,VASELINE LIP THERAPY COCOA BUTTER SPF15 4GM,150,0,0,0,0,0,0,0,0,0,0,0,0,0,0
15808,VASELINE LIP THERAPY ROSY LIPS SPF15 4GM,150,0,0,0,0,0,0,0,0,0,0,0,0,0,0
15809,LIFEBUOY SOAP NATURE 125GM,26,0,0,0,0,0,0,0,0,0,0,0,0,0,0
15810,PAMPERS BABY PANTS LIGHT & DRY SMALL 8DIAPERS,95,0,0,0,0,0,0,0,0,0,0,0,0,0,0
15811,SOLAR DRY ACTIVE YEAST 25GM,38,0,0,0,0,0,0,0,0,0,0,0,0,0,0
15812,MARMITE YEAST EXTRACT 125GM,380,0,0,0,0,0,0,0,0,0,0,0,0,0,0
15813,KNORR SOUP SHANGHAI HOT & SOUR CHICKEN 38GM,65,5,0,0,0,0,0,0,0,0,0,0,0,0,5
15814,LEONARDO PASTA SPIRALI GRANDI 500GM,125,0,0,0,0,0,0,0,0,0,0,0,0,0,0
15815,LEONARDO PASTA PENNE RIGATE 500GM,125,0,0,0,0,0,0,0,0,0,0,0,0,0,0
15816,VERKA PIO MILK CHOCOLATE FLAVOURED 200ML,25,0,0,0,0,0,0,0,0,0,0,0,0,0,0
15817,LEONARDO BLACK PITTED HOJIBLANCA OLIVE 212GM,199,0,0,0,0,0,0,0,0,0,0,0,0,0,0
15818,AMUL COW GHEE 1LTR,497,2,0,0,0,0,0,0,0,0,0,0,0,0,2
15819,YUMMIEZGREEN PEAS 200GM,50,0,0,0,0,0,0,0,0,0,0,0,0,0,0
15820,CADBURY DAIRY MILK SILK 20 PREMIUM MINIATURES 200GM,450,0,0,0,0,0,0,0,0,0,0,0,0,0,0
15821,AMUL ICE CREAM RABDI KULFI 50ML,10,0,0,0,0,0,0,0,0,0,0,0,0,0,0
15822,MCVITIES FESTIVITIES ASSORTED BUTTER COOKIES 500GM,250,0,0,0,0,0,0,0,0,0,0,0,0,0,0
15823,BAMBINO PASTA SPIRALI 250GM BUY2GET1FREE,120,0,0,0,0,0,0,0,0,0,0,0,0,0,0
15824,MTR VERMICELLI UPMA 50GM,15,0,0,0,0,0,0,0,0,0,0,0,0,0,0
15825,ENSURE VANILLA FLAVOUR 400GM,495,0,0,0,0,0,0,0,0,0,0,0,0,0,0
15826,HALDIRAMS SOAN PAPDI 2X500GM=1KG,250,0,0,0,0,0,0,0,0,0,0,0,0,0,0
15827,GARNIER FAIRNESS CREAM WHITE COMPLETE SPF19PA 18GM,65,0,0,0,0,0,0,0,0,0,0,0,0,0,0
15828,SETWET DEO COOL AVATAR 75ML,99,1,0,0,0,0,0,0,0,0,0,0,0,0,1
15829,SETWET DEO SWAG AVATAR 75ML,99,1,0,0,0,0,0,0,0,0,0,0,0,0,1
15830,SAFFOLA MASALA OATS CHINESE 250GM,95,0,0,0,0,0,0,0,0,0,0,0,0,0,0
15831,SAFFOLA MASALA OATS ITALIAN 250GM,95,0,0,0,0,0,0,0,0,0,0,0,0,0,0
15832,COLGATE MOUTHWASH PLAX FRESHMENT SPLASH 250ML,99,0,0,0,0,0,0,0,0,0,0,0,0,0,0
15833,OLAY NATURAL WHITE FOAMING FACE WASH 50GM,99,0,0,0,0,0,0,0,0,0,0,0,0,0,0
15834,STAYFREE SECURE XL ULTRA THIN 6PADS,40,3,0,0,0,0,0,0,0,0,0,0,0,0,3
15835,AMUL ICE CREAM SANDWICH VANILLA 100ML,25,0,0,0,0,0,0,0,0,0,0,0,0,0,0
15836,PASEO ELEGANT HYGIENIC SOFT AND NATURAL 220SHEETS,122,0,0,0,0,0,0,0,0,0,0,0,0,0,0
15837,VASELINE INTENSIVE CARE DEEP RESTORE 20ML,15,0,0,0,0,0,0,0,0,0,0,0,0,0,0
15838,TRESEMME CONDITIONER SPA REJUVENATION NOURISH & REVIVE 85ML,99,0,0,0,0,0,0,0,0,0,0,0,0,0,0
15839,PULSE MANGO WITH TANGY TWIST 250ML,15,2,0,0,0,0,0,0,0,0,0,0,0,0,2
15840,SWITZ SPRING ROLL SHEETS 6X6 20SHEETS,40,0,0,0,0,0,0,0,0,0,0,0,0,0,0
15841,SWITZ SPRING ROLL SHEETS 8X8 20SHEETS,70,0,0,0,0,0,0,0,0,0,0,0,0,0,0
15842,SWITZ SAMOSA PATTI 25SHEETS,45,0,0,0,0,0,0,0,0,0,0,0,0,0,0
15843,SWITZ SAMOSA PATTI 50SHEETS,75,0,0,0,0,0,0,0,0,0,0,0,0,0,0
15844,KWALITY WALLS ICE CREAM TUTTI FRUTTI COMBO 2X700ML,250,0,0,0,0,0,0,0,0,0,0,0,0,0,0
15845,KWALITY WALLS ICE CREAM STRAWBERRY COMBO 2X700ML,199,0,0,0,0,0,0,0,0,0,0,0,0,0,0
15846,KWALITY WALLS ICE CREAM KESAR PISTA COMBO 2X700ML,280,0,0,0,0,0,0,0,0,0,0,0,0,0,0
15847,KWALITY WALLS ICE CREAM VANILLA COMBO 2X700ML,189,0,0,0,0,0,0,0,0,0,0,0,0,0,0
15848,KWALITY WALLS ICE CREAM BUTTER SCOTCH COMBO 2X700ML,250,0,0,0,0,0,0,0,0,0,0,0,0,0,0
15849,KWALITY WALLS ICE CREAM CORNETTO BUTTER SCOTCH 115ML,45,2,0,0,0,0,0,0,0,0,0,0,0,0,2
15850,KWALITY WALLS ICE CREAM CORNETTO PISTACHIO 120ML,55,0,0,0,0,0,0,0,0,0,0,0,0,0,0
15851,KWALITY WALLS ICE CREAM CORNETTO CHOCO VANILLA 115ML,30,26,0,0,0,0,0,0,0,0,0,0,0,0,26
15852,KWALITY WALLS ICE CREAM CORNETTO CHOCO COFFEE 65GM,40,0,0,0,0,0,0,0,0,0,0,0,0,0,0
15853,KWALITY WALLS ICE CREAM PADDLE POP CHOCO CRUNCH 34GM,20,0,0,0,0,0,0,0,0,0,0,0,0,0,0
15854,KWALITY WALLS ICE CREAM FEAST CHOCO BAR 70ML,20,14,0,0,0,0,0,0,0,0,0,0,0,0,14
15855,HYP ALMOND FUDGE WHEY PROTEIN BAR 60GM,90,0,0,0,0,0,0,0,0,0,0,0,0,0,0
15856,HYP PEANUT BUTTER WHEY PROTEIN BAR 60GM,90,0,0,0,0,0,0,0,0,0,0,0,0,0,0
15857,HYP LEAN ESPRESSO PROTEIN BAR 40GM,50,0,0,0,0,0,0,0,0,0,0,0,0,0,0
15858,HYP LEAN PROTEIN BAR OATS BROWNIE 40GM,50,1,0,0,0,0,0,0,0,0,0,0,0,0,1
15859,GALA PERFUMED GARBAGE BAG 50CMX55CM,49,0,0,0,0,0,0,0,0,0,0,0,0,0,0
15860,MOTHER DAIRY ROSO GOLLA 1KG,195,0,0,0,0,0,0,0,0,0,0,0,0,0,0
15861,KURKURE KHATTA MEETHA MIX 1KG,203,0,0,0,0,0,0,0,0,0,0,0,0,0,0
15862,SPARK MATE EXTRA DUTY SCRUB PAD 2PES PAD,49,1,0,0,0,0,0,0,0,0,0,0,0,0,1
15863,RITE BITE WORK OUT CHOCO BERRY SUGAR FREE 50GM,65,21,0,0,0,2,0,0,0,0,0,0,0,0,19
15864,JOHN WEST SARDINES TOMATO SAUCE 120GM,225,0,0,0,0,0,0,0,0,0,0,0,0,0,0
15865,JOHN WEST IN SPRING WATER TUNA CHUNKS 160GM,305,0,0,0,0,0,0,0,0,0,0,0,0,0,0
15866,JOHN WEST YELLOWFIN TUNA STEAK IN OLIVE OIL 160GM,350,0,0,0,0,0,0,0,0,0,0,0,0,0,0
15867,CORNITOS ROASTED ALMONDS LIGHTLY SALTED 200GM,340,0,0,0,0,0,0,0,0,0,0,0,0,0,0
15868,CORNITOS ROASTED CASHEWS LIGHTLY SALTED 200GM,375,4,0,0,0,0,0,0,0,0,0,0,0,0,4
15869,CORNITOS ROASTED ALMONDS SMOKY BARBEQUE 200GM,340,0,0,0,0,0,0,0,0,0,0,0,0,0,0
15870,OCEAN FRUIT WATER WATERMELON FLAVOURE 500ML,45,0,0,0,0,0,0,0,0,0,0,0,0,0,0
15871,DEL MONTE FOOD CRAFT BABY CORN 210GM,90,1,0,0,0,0,0,0,0,0,0,0,0,0,1
15872,CREMICA TANDOORI SANDWICH MAYO 275GM,87,1,0,0,0,0,0,0,0,0,0,0,0,0,1
15873,CHOCOLATE BROWNIE 42GM,30,0,0,0,0,0,0,0,0,0,0,0,0,0,0
15874,LIFEBUOY SOAP CLINI-CARE 3X125GM,120,0,0,0,0,0,0,0,0,0,0,0,0,0,0
15875,PAMPERS ULTRA SOFT & DRY EXTRA LARGE 16 PANTS DIAPERS,450,0,0,0,0,0,0,0,0,0,0,0,0,0,0
15876,AMUL ICE CREAM CONE KESAR PISTA 120ML,30,0,0,0,0,0,0,0,0,0,0,0,0,0,0
15877,NAN KHATAI 400GM,110,0,0,0,0,0,0,0,0,0,0,0,0,0,0
15878,BADAM KHOYA LADOO 500GM,168,0,0,0,0,0,0,0,0,0,0,0,0,0,0
15879,PAMPERS ACTIVE BABY MEDIUM 20DIAPERS,339,0,0,0,0,0,0,0,0,0,0,0,0,0,0
15880,OLAY TOTAL EFFECTS 7 IN 1 ANTI-AGEING CREAM DAY/NORMAL 50GM,799,0,0,0,0,0,0,0,0,0,0,0,0,0,0
15881,VEGA SILKY LADY SHAVER VHLS01,1499,1,0,0,0,0,0,0,0,0,0,0,0,0,1
15882,VEGA SILKY 2IN1 EPILATOR VHES-01,1999,0,0,0,0,0,0,0,0,0,0,0,0,0,0
15883,RORITO PRIO FOUNTAIN PEN,30,0,0,0,0,0,0,0,0,0,0,0,0,0,0
15884,GUBB TOILETRIES TRAVEL BAG USA,399,0,0,0,0,0,0,0,0,0,0,0,0,0,0
15885,GUBB TONGUE CLEANER (PLASTIC),49,0,0,0,0,0,0,0,0,0,0,0,0,0,0
15886,GUBB HAIR COLORING KIT,229,0,0,0,0,0,0,0,0,0,0,0,0,0,0
15887,GUBB SCOTTISH PADDLE BRUSH BIG,549,0,0,0,0,0,0,0,0,0,0,0,0,0,0
15888,GUBB OVAL CUSHIONED BRUSH LARGE,349,0,0,0,0,0,0,0,0,0,0,0,0,0,0
15889,GUBB SCOTTISH OVAL CUSHION BRUSH (LARGE),339,0,0,0,0,0,0,0,0,0,0,0,0,0,0
15890,GUBB NAIL CLIPPERS TOE,65,0,0,0,0,0,0,0,0,0,0,0,0,0,0
15891,GUBB NAIL CLIPPERS FINGER,45,0,0,0,0,0,0,0,0,0,0,0,0,0,0
15892,GUBB SCOTTISH OVAL CUSHION BRUSH (MINI),169,0,0,0,0,0,0,0,0,0,0,0,0,0,0
15893,GUBB OVAL CUSHIONED BRUSH (SMALL),269,0,0,0,0,0,0,0,0,0,0,0,0,0,0
15894,GUBB 4IN1 MANICURE KIT,299,0,0,0,0,0,0,0,0,0,0,0,0,0,0
15895,GUBB NAIL CARE KIT,269,0,0,0,0,0,0,0,0,0,0,0,0,0,0
15896,GUBB TONGUE CLEANER (METAL),149,0,0,0,0,0,0,0,0,0,0,0,0,0,0
15897,GUBB NAIL CARE MANICURE KIT,209,0,0,0,0,0,0,0,0,0,0,0,0,0,0
15898,GUBB TONGUE CLEANER (PLASTIC) PACK OF 2,95,-1,0,0,0,0,0,0,0,0,0,0,0,0,-1
15899,GUBB COSMETIC TRAVER POUCH,299,0,0,0,0,0,0,0,0,0,0,0,0,0,0
15900,GUBB HAIR CARE ROUND BRUSH,279,0,0,0,0,0,0,0,0,0,0,0,0,0,0
15901,GUBB STYLING BRUSH,279,0,0,0,0,0,0,0,0,0,0,0,0,0,0
15902,GUBB COTTON PADS WITH MIRROR 60PCS,199,0,0,0,0,0,0,0,0,0,0,0,0,0,0
15903,GUBB SCOTTISH OVAL CUSHION BRUSH (SMALL),199,0,0,0,0,0,0,0,0,0,0,0,0,0,0
15904,GUBB BABY NAIL KIT,139,0,0,0,0,0,0,0,0,0,0,0,0,0,0
15905,KWALITY WALLS ICE CREAM CHOCOLATE COMB 2X700ML,240,0,0,0,0,0,0,0,0,0,0,0,0,0,0
15906,KWALITY WALLS ICE CREAM STRAWBERRY CUP 90ML,15,1,0,0,0,0,0,0,0,0,0,0,0,0,1
15907,KWALITY WALLS ICE CREAM VANILLA CUP 90ML,15,0,0,0,0,0,0,0,0,0,0,0,0,0,0
15908,KWALITY WALLS ICE CREAM CASSATTA 125ML,55,0,0,0,0,0,0,0,0,0,0,0,0,0,0
15909,KWALITY WALLS ICE CREAM FUN ORANGE MAHA BAR 65ML,10,1,0,0,0,0,0,0,0,0,0,0,0,0,1
15910,KWALITY WALLS ICE CREAM COLA BLAST 52GM,10,0,0,0,0,0,0,0,0,0,0,0,0,0,0
15911,KWALITY WALLS ICE CREAM STRAWBERRY JELLY 50ML,20,3,0,0,0,0,0,0,0,0,0,0,0,0,3
15912,KWALITY WALLS ICE CREAM BUBBLE GUM JELLY 50ML,20,1,0,0,0,0,0,0,0,0,0,0,0,0,1
15913,KWALITY WALLS ICE CREAM MANGO ZAP 65ML,25,74,0,0,0,0,0,0,0,0,0,0,0,0,74
15914,FAIR & LOVELY ANTI MARKS TREATMENT 18GM,55,0,0,0,0,0,0,0,0,0,0,0,0,0,0
15915,AASHIRVAAD SUGAR RELEASE CONTROL AATA 5KG,270,0,0,0,0,0,0,0,0,0,0,0,0,0,0
15916,PAMPERS BABY PANTS LIGHT & DRY MEDIUM 8DIAPERS,110,0,0,0,0,0,0,0,0,0,0,0,0,0,0
15917,STIC POSTER COLORS 12SHADES,180,0,0,0,0,0,0,0,0,0,0,0,0,0,0
15918,STIC YUMMIES 5 SUPER JUMBO COLOR PENS,125,0,0,0,0,0,0,0,0,0,0,0,0,0,0
15919,STIC POSTER COLORS 6SHADES,90,0,0,0,0,0,0,0,0,0,0,0,0,0,0
15920,STIC YUMMIES 10 SUPER JUMBO COLOR PENS,250,0,0,0,0,0,0,0,0,0,0,0,0,0,0
15921,STIC COLORSTIX PLASTIC CRAYONS 15 SHADES,75,0,0,0,0,0,0,0,0,0,0,0,0,0,0
15922,NAVNEET SOFT BOUND A4 SIZE 140PAGES,50,0,0,0,0,0,0,0,0,0,0,0,0,0,0
15923,STIC COLORSTIX CRAYONS 12 SHADES,75,0,0,0,0,0,0,0,0,0,0,0,0,0,0
15924,STIC GLITTER & GLUE IN ONE 6PES,60,0,0,0,0,0,0,0,0,0,0,0,0,0,0
15925,NAVNEET DRAWING BOOK 36PAGES,35,0,0,0,0,0,0,0,0,0,0,0,0,0,0
15926,TROPICANA ALPHONSO SLICE 1LTR,110,0,0,0,0,0,0,0,0,0,0,0,0,0,0
15927,CADBURY DAIRY MILK CHOCOLATE 23GM,20,60,0,0,0,15,0,0,0,0,0,0,0,0,45
15928,AMRITSARI SPECIAL PAPAD MASALA WARRIAN 200GM,70,0,0,0,0,0,0,0,0,0,0,0,0,0,0
15929,AMRITSARI SPECIAL PAPAD 200GM,60,0,0,0,0,0,0,0,0,0,0,0,0,0,0
15930,DETTOL HAND SANITIZER ORIGINAL 2X50ML,99,0,0,0,0,0,0,0,0,0,0,0,0,0,0
15931,AIR WICK LIFE SCENTS COSY BY THE FIRE FRESHMATIC REFILL 250ML,275,0,0,0,0,0,0,0,0,0,0,0,0,0,0
15932,WRIGLEYS DOUBLEMINT MINTS PEPPERMINT 4.8GM,10,4,0,0,0,0,0,0,0,0,0,0,0,0,4
15933,WRIGLEYS DOUBLEMINT MINTS SPEARMINT 4.8GM,10,-4,0,0,0,0,0,0,0,0,0,0,0,0,-4
15934,KWALITY WALLS ICE CREAM KULFEEZ BADAM 55ML,25,0,0,0,0,0,0,0,0,0,0,0,0,0,0
15935,KWALITY WALLS ICE CREAM KULFEEZ PISTA 55ML,30,50,0,0,0,0,0,0,0,0,0,0,0,0,50
15936,KWALITY WALLS ICE CREAM DIVINE CHOCOLATE 100ML,40,-1,0,0,0,0,0,0,0,0,0,0,0,0,-1
15937,KWALITY WALLS ICE CREAM FRUIT & NUT 100ML,40,4,0,0,0,0,0,0,0,0,0,0,0,0,4
15938,KWALITY WALLS ICE CREAM PINEAPPLE 750ML,250,0,0,0,0,0,0,0,0,0,0,0,0,0,0
15939,KWALITY WALLS ICE CREAM CREME BRULEE 750ML,210,0,0,0,0,0,0,0,0,0,0,0,0,0,0
15940,AMUL ICE CREAM CONE CHOCO VANILLA 50ML,10,0,0,0,0,0,0,0,0,0,0,0,0,0,0
15941,ARIEL 24HR FRESH 1.5KG,210,0,0,0,0,0,0,0,0,0,0,0,0,0,0
15942,TATA TEA TEAVEDA 100GM,36,0,0,0,0,0,0,0,0,0,0,0,0,0,0
15943,PAMPERS BABY DRY PANTS EXTRA SMALL 10DIAPERS,89,0,0,0,0,0,0,0,0,0,0,0,0,0,0
15944,RITE BITE WORK OUT CHOCO ALMOND  SUGAR FREE 50GM,65,10,0,0,0,2,0,0,0,0,0,0,0,0,8
15945,BORO PLUS PERFECT TOUCH SOFT ANTISEPTIC CREAM  20ML,35,0,0,0,0,0,0,0,0,0,0,0,0,0,0
15946,KELLOGGS OATS CHOCOS LOOPS 350GM,165,0,0,0,0,0,0,0,0,0,0,0,0,0,0
15950,PALMOLIVE SHOWER GEL AROMA ABSOLUTE RELAX 750ML,360,0,0,0,0,0,0,0,0,0,0,0,0,0,0
15951,PALMOLIVE SHOWER GEL AROMA MORNING TONIC 750ML,360,0,0,0,0,0,0,0,0,0,0,0,0,0,0
15952,GARNIER FACE WASH WHITE COMPLETE SPEED WHITE FAIRNESS PURE LEMON 100GM,125,0,0,0,0,0,0,0,0,0,0,0,0,0,0
15953,MAYBELLINE LIP BALM VIVID PEACH 1.9GM,190,0,0,0,0,0,0,0,0,0,0,0,0,0,0
15954,MAYBELLINE LIP BALM BEAMING VIOLET 1.9GM,190,0,0,0,0,0,0,0,0,0,0,0,0,0,0
15955,MAYBELLINE LIP BALM PINK ALERT 1.9GM,190,0,0,0,0,0,0,0,0,0,0,0,0,0,0
15956,MAYBELLINE LIP BALM ORANGE FLAVOR 3.5GM,190,1,0,0,0,0,0,0,0,0,0,0,0,0,1
15957,SETWET DEO THRILL AVATAR 150ML,149,0,0,0,0,0,0,0,0,0,0,0,0,0,0
15958,SETWET DEO CHILL AVATRA 150ML,149,0,0,0,0,0,0,0,0,0,0,0,0,0,0
15959,NESTLE ALPINO VERY MILKY CHOCOLATE 90GM,140,0,0,0,0,0,0,0,0,0,0,0,0,0,0
15960,NESTLE ALPINO BITTER SWEET CHOCOLATE 90GM,140,0,0,0,0,0,0,0,0,0,0,0,0,0,0
15961,KEYA INSTANT SOUP SWEET CORN VEGETABLE 56GM BUY2GET1FREE,40,0,0,0,0,0,0,0,0,0,0,0,0,0,0
15962,KEYA INSTANT SOUP CREAMY SPINACH 52GM BUY2GET1FREE,40,4,0,0,0,0,0,0,0,0,0,0,0,0,4
15963,KEYA INSTANT SOUP HOT & SOUR VEGETABLE 48GM BUY2GET1FREE,40,0,0,0,0,0,0,0,0,0,0,0,0,0,0
15964,RING GUARD 5GM,12,0,0,0,0,0,0,0,0,0,0,0,0,0,0
15965,WHISPER CHOICE ULTRA XL 6PADS,40,9,0,0,0,0,0,0,0,0,0,0,0,0,9
15966,DEL MONTE PINEAPPLE ORANGE FRUIT DRINK 240ML,35,0,0,0,0,0,0,0,0,0,0,0,0,0,0
15967,LONDON DAIRY ICE CREAM VANILLA LITE 500ML,350,3,0,0,0,0,0,0,0,0,0,0,0,0,3
15968,MASTER CHEF MARBLE CAKE 340GM,130,0,0,0,0,0,0,0,0,0,0,0,0,0,0
15969,MASTER CHEF RED VELVET CAKE 350GM,130,0,0,0,0,0,0,0,0,0,0,0,0,0,0
15970,FAIR & LOVELY AYURVEDIC CARE CLEAR FAIRNESS FOR SENSITIVE SKIN 50GM,120,0,0,0,0,0,0,0,0,0,0,0,0,0,0
15971,PARLE NIMKIN SALTED CRACKERS 100GM,10,0,0,0,0,0,0,0,0,0,0,0,0,0,0
15972,MOTHER DAIRY MILK COW MILK 500ML,22,0,0,0,0,0,0,0,0,0,0,0,0,0,0
15973,CREMICA VEG MAYONNAISE 900GM,175,0,0,0,0,0,0,0,0,0,0,0,0,0,0
15974,MDH KASURI METHI 50GM,46,0,0,0,0,0,0,0,0,0,0,0,0,0,0
15975,LAKME ABSOLUTE PERFECTRADIANCE SKIN LIGHTENING LIGHT CREME SPF 20 PA 50GM,375,0,0,0,0,0,0,0,0,0,0,0,0,0,0
15976,PAMPERS BABY PANTS LIGHT & DRY MEDIUM 56DIAPERS,699,0,0,0,0,0,0,0,0,0,0,0,0,0,0
15977,PAMPERS PREMIUM CARE PANTS 5STAR SKIN PROTECTION 24PANTS,299,0,0,0,0,0,0,0,0,0,0,0,0,0,0
15978,ARIEL MATIC FRONT & TOP LOAD BOX 500GM,122,0,0,0,0,0,0,0,0,0,0,0,0,0,0
15979,MCVITIES BOURBON 4X100GM,78,3,0,0,0,2,0,0,0,0,0,0,0,0,1
15980,HIMALAYA FACEWASH MOISTURISING ALOE VERA 200ML,180,0,0,0,0,0,0,0,0,0,0,0,0,0,0
15981,CHUPA CHUPS MIXED FRUIT FLAVOUR 100GM,30,0,0,0,0,0,0,0,0,0,0,0,0,0,0
15982,TOPS AMLA PICKLE 400GM,85,0,0,0,0,0,0,0,0,0,0,0,0,0,0
15983,MAZAANA CHOCOLATE PAAN 80GM,99,0,0,0,0,0,0,0,0,0,0,0,0,0,0
15984,MAZAANA CHOCOLATE ALMOND DATES 100GM,99,0,0,0,0,0,0,0,0,0,0,0,0,0,0
15985,MAZAANA CASHEW DRAGEE DARK CHOCOLATE 60GM,99,0,0,0,0,0,0,0,0,0,0,0,0,0,0
15986,MAZAANA ALMOND DRAGEE MILK CHOCOLATE 60GM,99,0,0,0,0,0,0,0,0,0,0,0,0,0,0
15987,CREMICA TWIN CREAM ELAICHI VANILLA FLAVOURED BISCUITS 100GM,10,0,0,0,0,0,0,0,0,0,0,0,0,0,0
15988,DEL MONTE PEACH HALVES 480GM,250,0,0,0,0,0,0,0,0,0,0,0,0,0,0
15989,DEL MONTE FOOD CRAFT RED CHERRIES 420GM,450,0,0,0,0,0,0,0,0,0,0,0,0,0,0
15990,DURACELL AAA TURBOMAX BUY3GET1FREE,114,0,0,0,0,0,0,0,0,0,0,0,0,0,0
15991,CLASSIC FLOOR WIPER WITH POCHA,230,0,0,0,0,0,0,0,0,0,0,0,0,0,0
15992,HOME CARE GLASS DUSTER WXTRA SOFT 68X68CM,90,0,0,0,0,0,0,0,0,0,0,0,0,0,0
15993,MAGGI PAZZTA CHEESY TOMATO TWIST 64GM,24,5,0,0,0,0,0,0,0,0,0,0,0,0,5
15994,DRUK WHITE VINEGAR 700ML,40,0,0,0,0,0,0,0,0,0,0,0,0,0,0
15995,SUNSILK SHAMPOO BIOTIN LONG & HEALTHY GROWTH 180ML,92,0,0,0,0,0,0,0,0,0,0,0,0,0,0
15996,PAMPERS BABY DRY PANTS EXTRA SMALL 20DIAPERS,179,0,0,0,0,0,0,0,0,0,0,0,0,0,0
15997,OLAY TOTAL EFFECTS 7 IN 1 ANTI-AGEING CREAM NORMAL DAY SPF15 8GM,160,0,0,0,0,0,0,0,0,0,0,0,0,0,0
15998,OLD SPICE LATHER SHAVING CREAM FRESH LIME 30GM,35,0,0,0,0,0,0,0,0,0,0,0,0,0,0
15999,OLD SPICE LATHER SHAVING CREAM MUSK 30GM,35,0,0,0,0,0,0,0,0,0,0,0,0,0,0
16000,GILLETTE SHAVING CREAM REGULAR 30GM,35,0,0,0,0,0,0,0,0,0,0,0,0,0,0
16001,GILLETTE SHAVING CREAM 30GM,35,0,0,0,0,0,0,0,0,0,0,0,0,0,0
16002,PURE ALOE VERA GEL 100GM,130,0,0,0,0,0,0,0,0,0,0,0,0,0,0
16003,STOP-O INSTANT FRESHNER ENGLISH LAVENDER 120ML,100,0,0,0,0,0,0,0,0,0,0,0,0,0,0
16004,STOP-O INSTANT FRESHNER LEMON GRASS 12ML,100,0,0,0,0,0,0,0,0,0,0,0,0,0,0
16005,STOP-O BRICK STOPS ODOUR AIR FRESHENER COMBO 4X50GM,120,0,0,0,0,0,0,0,0,0,0,0,0,0,0
16006,WILD STONE ULTRA SENSUAL GROOMING KIT,499,0,0,0,0,0,0,0,0,0,0,0,0,0,0
16007,LION ARABIAN DATES 500GM,176,0,0,0,0,0,0,0,0,0,0,0,0,0,0
16008,TURKEL DRIED APRICOTS 200GM,125,7,0,0,0,0,0,0,0,0,0,0,0,0,7
16009,PARLE MONACO CRISPY LIGHT SALTY SNACK CLASSIC 200GM,25,16,0,0,0,0,0,0,0,0,0,0,0,0,16
16010,PARLE MILANO DELICIOUSLY RICH CHOCOLATE CHIP COOKIES 2X75GM,50,0,0,0,0,0,0,0,0,0,0,0,0,0,0
16011,NOBLE FOODS FLAX SEEDS 150GM,85,0,0,0,0,0,0,0,0,0,0,0,0,0,0
16012,GILLETTE MACH3 IRRITATION 5DEFENSE SOOTHING GEL 75GM,109,0,0,0,0,0,0,0,0,0,0,0,0,0,0
16013,CADBURY CHOCLAIRS GOLD BIRTHDAY PACK 632GM,200,3,0,0,0,0,0,0,0,0,0,0,0,0,3
16014,AMUL PURE GHEE TIN 1KG,425,0,0,0,0,0,0,0,0,0,0,0,0,0,0
16015,ZANDU SONA CHANDI CHYAVANPRASH 225GM,84,0,0,0,0,0,0,0,0,0,0,0,0,0,0
16016,DEL MONTE PENNE RIGATE WHOLEWHEAT PASTA 500GM,210,0,0,0,0,0,0,0,0,0,0,0,0,0,0
16017,DEL MONTE WHOLEWHEAT SPAGHETTI 500GM,210,2,0,0,0,0,0,0,0,0,0,0,0,0,2
16018,UALLBHA COAT BRUSH,64,0,0,0,0,0,0,0,0,0,0,0,0,0,0
16019,PAPER BOAT AAMRAS 250ML,25,0,0,0,0,0,0,0,0,0,0,0,0,0,0
16020,PAPER BOAT APPLE 180ML,20,0,0,0,0,0,0,0,0,0,0,0,0,0,0
16021,MELLIZO COCONUT COOKIES 40GM,10,0,0,0,0,0,0,0,0,0,0,0,0,0,0
16022,MELLIZO BUTTER COOKIES 40GM,10,0,0,0,0,0,0,0,0,0,0,0,0,0,0
16023,MELLIZO CHEQUERED COOKIES CHOCO VANILLA 40GM,10,0,0,0,0,0,0,0,0,0,0,0,0,0,0
16024,MELLIZO CHEQUEREO COOKIES CHOCO ORANGE 40GM,10,0,0,0,0,0,0,0,0,0,0,0,0,0,0
16025,PARACHUTE ADVANSED BODY LOTION COCONUT BUTTER SMOOTH 400ML,255,0,0,0,0,0,0,0,0,0,0,0,0,0,0
16026,PALMOLIVE BODY WASH BODY BUTTER STRAWBERRY FRESH 250ML,190,1,0,0,0,0,0,0,0,0,0,0,0,0,1
16027,PALMOLIVE BODY WASH BODY BUTTER HEAVENLY VANILLA 250ML,190,0,0,0,0,0,0,0,0,0,0,0,0,0,0
16028,COLGATE TOOTH BRUSH ZIG ZAG SOFT 1NOS,30,0,0,0,0,0,0,0,0,0,0,0,0,0,0
16029,COLGATE MOUTHWASH PLAX PEPPER MINT 60ML,25,0,0,0,0,0,0,0,0,0,0,0,0,0,0
16030,NESTLE ALPINO DARK PREMIUM CHOCOLATE 90GM,160,0,0,0,0,0,0,0,0,0,0,0,0,0,0
16031,CORNITOS POP N CRUNCH COATED GREEN PEAS WASABI 150GM,110,0,0,0,0,0,0,0,0,0,0,0,0,0,0
16032,CORNITOS POP N CRUNCH COATED GREEN PEAS HOT AND SPICY 150GM,110,0,0,0,0,0,0,0,0,0,0,0,0,0,0
16033,GUBB COTTON BALLS WHITE 100PEC,119,0,0,0,0,0,0,0,0,0,0,0,0,0,0
16034,GUBB COTTON BUDS 24STEMS,39,0,0,0,0,0,0,0,0,0,0,0,0,0,0
16035,TRESEMME SHAMPOO SPA REJUVENATION NOURISH & REVIVE+SPA CONDITIONER+HAIR STYLING KIT FREE,660,0,0,0,0,0,0,0,0,0,0,0,0,0,0
16036,OSSUM PERFUMED BODY MIST WITH AQUA PLEASURE 190ML,349,0,0,0,0,0,0,0,0,0,0,0,0,0,0
16037,OSSUM PERFUMED BODY MIST WITH AQUA DELIGHT 190ML,349,0,0,0,0,0,0,0,0,0,0,0,0,0,0
16038,OSSUM PERFUMED BODY MIST WITH AQUA ROMANCE 190ML,349,0,0,0,0,0,0,0,0,0,0,0,0,0,0
16039,KWALITY WALLS ICE CREAM DIVINE CHOCOLATE 750ML,210,0,0,0,0,0,0,0,0,0,0,0,0,0,0
16040,KWALITY WALLS ICE CREAM STRAWBERRY CHEESECAKE 750ML,210,2,0,0,0,0,0,0,0,0,0,0,0,0,2
16041,KWALITY WALLS ICE CREAM FRUIT & NUT 750ML,210,2,0,0,0,0,0,0,0,0,0,0,0,0,2
16042,MEATZZA CHICKEN HAM SLICES 250GM,160,0,0,0,0,0,0,0,0,0,0,0,0,0,0
16043,MEATZZA LAMB PEPPERONI SLICED 500GM,360,1,0,0,0,0,0,0,0,0,0,0,0,0,1
16044,NESCAFE CAPPUCCINO 5X20GM,125,7,0,0,0,0,0,0,0,0,0,0,0,0,7
16045,NESTLE ALPINO CHOCOLATE COATED WAFER BONBON 5X57GM,100,0,0,0,0,0,0,0,0,0,0,0,0,0,0
16046,PARLE KISMI RS.1,1,0,0,0,0,0,0,0,0,0,0,0,0,0,0
16047,MILTON MUG RS.30,30,0,0,0,0,0,0,0,0,0,0,0,0,0,0
16048,MILTON MUG RS.45,45,0,0,0,0,0,0,0,0,0,0,0,0,0,0
16049,MILTON ORBIT BUCKET 22,230,0,0,0,0,0,0,0,0,0,0,0,0,0,0
16050,MILTON ORBIT BUCKET 25,250,0,0,0,0,0,0,0,0,0,0,0,0,0,0
16051,TATA TEA PREMIUM SPECIAL EDITION PACK TIN 250GM,100,0,0,0,0,0,0,0,0,0,0,0,0,0,0
16052,TATA TEA TEAVEDA PRO ENERGY 30BAGS,160,0,0,0,0,0,0,0,0,0,0,0,0,0,0
16053,TATA TEA TEAVEDA PRO ENERGY 10BAGS,60,0,0,0,0,0,0,0,0,0,0,0,0,0,0
16054,TATA TEA TEAVEDA PRO WOMAN 10BAGS,60,0,0,0,0,0,0,0,0,0,0,0,0,0,0
16055,TATA TEA TEAVEDA PRO WOMAN 30BAGS,160,0,0,0,0,0,0,0,0,0,0,0,0,0,0
16056,ARIEL MATIC TOP & FRONT LOAD BOX 1KG,242,0,0,0,0,0,0,0,0,0,0,0,0,0,0
16057,AASHIRVAAD GULAB JAMUN 200GM,45,0,0,0,0,0,0,0,0,0,0,0,0,0,0
16058,CHINGS MANCHOW INSTANT NOODLES 60GM,10,0,0,0,0,0,0,0,0,0,0,0,0,0,0
16059,HALDIRAMS SOAN PAPDI CLASSIC INDIAN SWEET 500GM,140,0,0,0,0,0,0,0,0,0,0,0,0,0,0
16060,HALDIARMS SOAN PAPDI NO ADDED SUGAR 500GM,250,0,0,0,0,0,0,0,0,0,0,0,0,0,0
16061,REAL THAI ORGANIC COCONUT MILK 400ML,220,3,0,0,0,0,0,0,0,0,0,0,0,0,3
16062,HIMALAYA FAIRNESS KESAR FACE PACK 100GM,135,0,0,0,0,0,0,0,0,0,0,0,0,0,0
16063,HIMALAYA TAN REMOVAL ORANGE PELL-OFF MASK 100GM,130,0,0,0,0,0,0,0,0,0,0,0,0,0,0
16064,HIMALAYA TAN REMOVAL ORANGE PELL-OFF MASK 50GM,70,0,0,0,0,0,0,0,0,0,0,0,0,0,0
16065,HIMALAYA LIP CARE NATURAL SOFT VANILLA 4.5GM,125,0,0,0,0,0,0,0,0,0,0,0,0,0,0
16066,HIMALAYA PURIFYING NEEM PELL-OFF MASK 100GM,130,0,0,0,0,0,0,0,0,0,0,0,0,0,0
16067,HIMALAYA PURIFYING NEEM PELL-OFF MASK 50GM,70,0,0,0,0,0,0,0,0,0,0,0,0,0,0
16068,HIMALAYA LIP CARE RICH COCOA BUTTER 4.5GM,125,0,0,0,0,0,0,0,0,0,0,0,0,0,0
16069,HIMALAYA MOISTURIZING CUCUMBER PEEL-OFF MASK 100GM,130,0,0,0,0,0,0,0,0,0,0,0,0,0,0
16070,HIMALAYA MOISTURIZING CUCUMBER PEEL-OFF MASK 50GM,70,0,0,0,0,0,0,0,0,0,0,0,0,0,0
16071,SUNSILK SHAMPOO PERFECT STRAIGHT NEW 180ML,85,2,0,0,0,0,0,0,0,0,0,0,0,0,2
16072,PONDS WHITE BEAUTY SUN DULLNESS REMOVAL 50GM,115,0,0,0,0,0,0,0,0,0,0,0,0,0,0
16073,PONDS FACEWASH PURE WHITE ANTI+POLLUTION+PURITY 50GM,90,1,0,0,0,0,0,0,0,0,0,0,0,0,1
16074,DOVE SHAMPOO REGENERATIVE REPAIR 240ML,250,0,0,0,0,0,0,0,0,0,0,0,0,0,0
16075,DOVE SHAMPOO REGENERATIVE COLUME 240ML,260,1,0,0,0,0,0,0,0,0,0,0,0,0,1
16076,DOVE CONDITIONER REGENERATIVE REPAIR 240ML,260,1,0,0,0,0,0,0,0,0,0,0,0,0,1
16077,REXONA ROLL ON SHOWER FRESH UNDERARM ODOUR PROTECTION SAFE ON SKIN 50ML,99,0,0,0,0,0,0,0,0,0,0,0,0,0,0
16078,PUNJABI FOOD FROZEN CHANNA MASALA 500GM,99,1,0,0,0,0,0,0,0,0,0,0,0,0,1
16079,PUNJABI FOOD FROZEN RAJMA MASALA 500GM,99,2,0,0,0,0,0,0,0,0,0,0,0,0,2
16080,PUNJABI FOOD FROZEN MATTAR PANEER 500GM,140,1,0,0,0,0,0,0,0,0,0,0,0,0,1
16081,PUNJABI FOOD FROZEN KADDI PAKODA 500GM,99,1,0,0,0,0,0,0,0,0,0,0,0,0,1
16082,PUNJABI FOOD FROZEN DAL MAKHANI 500GM,99,1,0,0,0,0,0,0,0,0,0,0,0,0,1
16083,MIXED SALAD 100GM,100,0,0,0,0,0,0,0,0,0,0,0,0,0,0
16084,ROMAINE LETTUCE 100GM,100,1,0,0,0,0,0,0,0,0,0,0,0,0,1
16085,FORTUNE GOLDNUT REFINED GROUNDNUTOIL 1LTR,160,0,0,0,0,0,0,0,0,0,0,0,0,0,0
16086,FAIR AND HANDSOME FACEWASH INSTANT FAIRNESS OIL CLEAR 100GM,140,1,0,0,0,0,0,0,0,0,0,0,0,0,1
16087,QUAKER OATS CURRY MAGIC 40GM,15,0,0,0,0,0,0,0,0,0,0,0,0,0,0
16088,QUAKER OATS CHAAT STYLE 40GM,15,0,0,0,0,0,0,0,0,0,0,0,0,0,0
16089,ORGANIC NATION CARROT PICKLE 400GM,140,0,0,0,0,0,0,0,0,0,0,0,0,0,0
16090,LONDON DAIRY ICE CREAM FIG WALNUT 500ML,350,2,0,0,0,0,0,0,0,0,0,0,0,0,2
16091,PAMPERS ACTIVE BABY 5STAR LARGE 18DIAPERS,339,0,0,0,0,0,0,0,0,0,0,0,0,0,0
16092,PRIL POWER OF ACTIVE BOOSTER LIME+VINEGAR 500GM,48,0,0,0,0,0,0,0,0,0,0,0,0,0,0
16093,PALMOLIVE MOISTURISING COLD CREAM CHARMIS 58ML,60,0,0,0,0,0,0,0,0,0,0,0,0,0,0
16094,FAIR AND HANDSOME FACEWASH INSTANT FAIRNESS OIL CLEAR 50GM,80,0,0,0,0,0,0,0,0,0,0,0,0,0,0
16095,VEET HAIR REMOVAL CREAM SILK & FRESH SENSITIVE SKIN 50GM,110,2,0,0,0,0,0,0,0,0,0,0,0,0,2
16096,SHADANI CHATPATA AMLA 200GM,120,0,0,0,0,0,0,0,0,0,0,0,0,0,0
16097,SHADANI AJWAIN PACHAK 225GM,120,0,0,0,0,0,0,0,0,0,0,0,0,0,0
16098,BAGRRYS CORN FLAKES PLUS NO ADDED SUGAR 250GM,99,0,0,0,0,0,0,0,0,0,0,0,0,0,0
16099,BAGRRYS ORGANICE QUINOA 500GM,375,2,0,0,0,0,0,0,0,0,0,0,0,0,2
16100,DOVE BODY LOTION PURELY PAMPERING ALMOND CREAM AND HIBISCUS DEEP CARE 400ML,395,0,0,0,0,0,0,0,0,0,0,0,0,0,0
16101,DOVE BODY LOTION PURELY PAMPERING ALMOND CREAM AND HIBISCUS DEEP CARE 100ML,135,0,0,0,0,0,0,0,0,0,0,0,0,0,0
16102,DOVE BODY LOTION PURELY PAMPERING ALMOND CREAM AND HIBISCUS DEEP CARE 250ML,295,0,0,0,0,0,0,0,0,0,0,0,0,0,0
16103,PONDS MOISTURISING COLD CREAM SOFT GLOWING SKIN 200ML,250,0,0,0,0,0,0,0,0,0,0,0,0,0,0
16104,TRESEMME SHAMPOO BEAUTYFULL VOLUME STEP2 580ML,460,0,0,0,0,0,0,0,0,0,0,0,0,0,0
16105,DEL MONTE CORN WHOLE KERNEL 260GM,70,2,0,0,0,0,0,0,0,0,0,0,0,0,2
16106,CHUPA CHUPS MIXED FRUITS 26.4GM,10,21,0,0,0,0,0,0,0,0,0,0,0,0,21
16107,HIMALAYA TOOTH PASTE SENSITIVE 80GM,90,2,0,0,0,0,0,0,0,0,0,0,0,0,2
16108,HIMALAYA PURIFYING NEEM SCRUB 150GM,170,0,0,0,0,0,0,0,0,0,0,0,0,0,0
16109,HIMALAYA PURIFYING NEEM PACK NORMAL TO OILY SKIN 150GM,170,0,0,0,0,0,0,0,0,0,0,0,0,0,0
16110,LACTO CALAMINE SKIN BALANCE OIL CONTROL LOTION 120ML,170,0,0,0,0,0,0,0,0,0,0,0,0,0,0
16111,LION DATES 2X250GM,74,0,0,0,0,0,0,0,0,0,0,0,0,0,0
16112,LION ARABIAN DATED 2X250GM,98,0,0,0,0,0,0,0,0,0,0,0,0,0,0
16113,BRITANNIA NUTRI CHOICE OATS ORANGE 75GM,25,11,0,0,0,0,0,0,0,0,0,0,0,0,11
16114,BRITANNIA NUTRI CHOICE OATS ORANGE 150GM,40,0,0,0,0,0,0,0,0,0,0,0,0,0,0
16115,AMUL ICE CREAM EPIC ATOM ALMOND FUDGE 50ML,30,0,0,0,0,0,0,0,0,0,0,0,0,0,0
16116,GINGER CANDY 100GM,35,0,0,0,0,0,0,0,0,0,0,0,0,0,0
16117,PARLE HIDE&SEEK BLACK BOURBON 3X100GM,50,0,0,0,0,0,0,0,0,0,0,0,0,0,0
16118,NESCAFE LATTE 5X25GM,120,2,0,0,0,0,0,0,0,0,0,0,0,0,2
16119,NESCAFE LATTE XPRESS 25GM,25,-3,0,0,0,0,0,0,0,0,0,0,0,0,-3
16120,DORITOS SWEET CHILLI FLAVOUR 150GM,100,0,0,0,0,0,0,0,0,0,0,0,0,0,0
16121,LAYS TWISTZ SAUCY TOMATO FLAVOUR 57GM,20,6,0,0,0,0,0,0,0,0,0,0,0,0,6
16122,LAYS CRISPZ HERB & ONION FLAVOUR 57GM,20,1,0,0,0,0,0,0,0,0,0,0,0,0,1
16123,PAPER BOAT ANAR TETRA 180ML,25,0,0,0,0,0,0,0,0,0,0,0,0,0,0
16124,TONG GARDEN SALTED PEANUT 160GM,125,0,0,0,0,0,0,0,0,0,0,0,0,0,0
16125,VEDAM TURMERIC POWDER 100GM,23,-1,0,0,0,0,0,0,0,0,0,0,0,0,-1
16126,BAGRRYS ORGANICS CHIA 150GM,325,2,0,0,0,0,0,0,0,0,0,0,0,0,2
16127,BAGRRYS OATS DALIYA 200GM,50,0,0,0,0,0,0,0,0,0,0,0,0,0,0
16128,BORO PLUS TOTAL MOISTURISING LOTION BADAM & MILK CREAM 40ML,30,0,0,0,0,0,0,0,0,0,0,0,0,0,0
16129,CREMICA PIRI PIRI SANDIWICH MAYO 300GM,87,0,0,0,0,0,0,0,0,0,0,0,0,0,0
16130,CREMICA DIET MAYO 300GM,87,0,0,0,0,0,0,0,0,0,0,0,0,0,0
16131,TOPS MANGO TEEKHA PICKLE 400GM,80,0,0,0,0,0,0,0,0,0,0,0,0,0,0
16132,MONGINIS RICH PLUM CAKE 350GM,110,0,0,0,0,0,0,0,0,0,0,0,0,0,0
16133,MONGINIS VEG PLUM CAKE 350GM,110,0,0,0,0,0,0,0,0,0,0,0,0,0,0
16134,MONGINIS PLUM CAKE 500GM,150,0,0,0,0,0,0,0,0,0,0,0,0,0,0
16135,FIAMA SHOWER GEL SKIN KENIBGRASS & JOJOBA 100ML,90,0,0,0,0,0,0,0,0,0,0,0,0,0,0
16136,FIAMA SHOWER GEL SKIN PEACH & AVOCADO 100ML,90,0,0,0,0,0,0,0,0,0,0,0,0,0,0
16137,FIAMA SHOWER GEL SKIN BLACKCRRANT & BEARBERRY,90,0,0,0,0,0,0,0,0,0,0,0,0,0,0
16138,HIMALAYA TOOTH PASTE SPARKLING WHITE 175GM,80,0,0,0,0,0,0,0,0,0,0,0,0,0,0
16139,VIM BAR DISHWASH 3X200GM,40,4,0,0,0,0,0,0,0,0,0,0,0,0,4
16140,SUNSILK SHAMPOO STUNNING BLACK SHINE AMLA PEARL COMPLESX 340ML,165,1,0,0,0,0,0,0,0,0,0,0,0,0,1
16141,PANTENE SHAMPOO SILKY SMOOTH CARE 340ML+CONDITIONER 175ML FREE,230,0,0,0,0,0,0,0,0,0,0,0,0,0,0
16142,HEAD & SHOULDER SHAMPOO SMOOTH & SILKY 375ML+SHAMPOO 180ML FREE,300,0,0,0,0,0,0,0,0,0,0,0,0,0,0
16143,GILLETTE MACH3 9+3 CARTRIDGES,1049,1,0,0,0,0,0,0,0,0,0,0,0,0,1
16144,GILLETTE MACH3 TRAVEL PACK,499,0,0,0,0,0,0,0,0,0,0,0,0,0,0
16145,ORAL-B TOOTH BRUSH CAVITY DEFENCE123 SOFT 2P,51,0,0,0,0,0,0,0,0,0,0,0,0,0,0
16146,JOHNSONS BABY BATH MILK+RICE 200ML,220,0,0,0,0,0,0,0,0,0,0,0,0,0,0
16147,MDH ROASTED VERMICELLI 200GM,25,3,0,0,0,0,0,0,0,0,0,0,0,0,3
16148,MONGONOS BLUEBERRY CAKE 225GM,70,0,0,0,0,0,0,0,0,0,0,0,0,0,0
16149,DELICIOUS CHICKEN NUGGETS CLASSIC 500GM,230,0,0,0,0,0,0,0,0,0,0,0,0,0,0
16150,DELICIOUS CHICKEN BURGER PATTY 480GM,230,0,0,0,0,0,0,0,0,0,0,0,0,0,0
16151,AMUL DARK CHOCOLATE WAFER BARS 15GM,10,0,0,0,0,0,0,0,0,0,0,0,0,0,0
16152,CREMICA SANDWICH CHIPOTLE 300GM,87,0,0,0,0,0,0,0,0,0,0,0,0,0,0
16153,CREMICA SANDWICH MINT 275GM,87,0,0,0,0,0,0,0,0,0,0,0,0,0,0
16154,GUBB SHOWER CAP REUSABLE,129,0,0,0,0,0,0,0,0,0,0,0,0,0,0
16155,GUBB SHOWER CAPS PACK OF4,99,0,0,0,0,0,0,0,0,0,0,0,0,0,0
16156,HALDIRAMS COMBO LEMON BHEL+MURMURA+FATATAT BHEL 3X150GM,80,0,0,0,0,0,0,0,0,0,0,0,0,0,0
16157,JOHNSONS TOP-TO-TOE BABY BAR 75GM,125,4,0,0,0,0,0,0,0,0,0,0,0,0,4
16158,CORNITOS SLICE BURGER DILL GHERKINS 180GM,125,0,0,0,0,0,0,0,0,0,0,0,0,0,0
16159,HIMALAYA WINTER DEFENSE MOISTURIZING CREAM 100ML,125,0,0,0,0,0,0,0,0,0,0,0,0,0,0
16160,HIMALAYA PURE HERBS SHUDDHA GUGGULU CRADIAC WELLNESS 60TABLETS 250GM,150,0,0,0,0,0,0,0,0,0,0,0,0,0,0
16161,HIMALAYA PURE HERBS AMALAKI IMMUNITY WELLNESS 60TABLETS 250GM,150,0,0,0,0,0,0,0,0,0,0,0,0,0,0
16162,HIMALAYA PURE HERBS TAGARA SLEEP WELLNESS 60TABLETS 250GM,150,1,0,0,0,0,0,0,0,0,0,0,0,0,1
16163,HIMALAYA PAIN RELIEF OIL GINGER 100ML,100,2,0,0,0,0,0,0,0,0,0,0,0,0,2
16164,HIMALAYA STRESS RELIEF MASSAGE OIL 200ML,130,2,0,0,0,0,0,0,0,0,0,0,0,0,2
16165,HIMALAYA PURE HERBS VRIKSHAMLA WEIGHT WELLNESS 60TABLETS 350GM,150,0,0,0,0,0,0,0,0,0,0,0,0,0,0
16166,HIMALAYA PURE HERBS SHIGRU BONE & JOINT WELLNESS 60TABLETS 250GM,150,0,0,0,0,0,0,0,0,0,0,0,0,0,0
16167,HIMALAYA PURE HERBS HADJOB BONE & JOINT WELLNESS 60TABLETS 250GM,150,0,0,0,0,0,0,0,0,0,0,0,0,0,0
16168,HIMALAYA PURE HERBS GOKSHURA MENS WELLNESS 60TABLETS 250GM,147,0,0,0,0,0,0,0,0,0,0,0,0,0,0
16169,HIMALAYA PURE HERBS SHATAVARI WOMENS WELLNESS 60TABLETS 250GM,135,0,0,0,0,0,0,0,0,0,0,0,0,0,0
16170,HIMALAYA PURE HERBS SHALLAKI BONE & JOINT WELLNESS 60TABLETS 250GM,135,0,0,0,0,0,0,0,0,0,0,0,0,0,0
16171,HIMALAYA PURE HERBS YASHTIMADHU GASTRIC WELLNESS 60TABLETS 250GM,150,0,0,0,0,0,0,0,0,0,0,0,0,0,0
16172,HIMALAYA PURE HERBS LASUNA CARDIAC WELLNESS 60TABLETS 250GM,150,1,0,0,0,0,0,0,0,0,0,0,0,0,1
16173,HIMALAYA MUSCLE & JOINT RUB 20GM,45,0,0,0,0,0,0,0,0,0,0,0,0,0,0
16174,HIMALAYA FOOT CARE CREAM TURMERIC 50GM,110,0,0,0,0,0,0,0,0,0,0,0,0,0,0
16175,HIMALAYA PURE HERBS ASHVAGANDHA GENERAL WELLNESS 60TABLETS 250GM,132,1,0,0,0,0,0,0,0,0,0,0,0,0,1
16176,HIMALAYA FOOT CARE CREAM TURMERIC 20GM,50,0,0,0,0,0,0,0,0,0,0,0,0,0,0
16177,HIMALAYA ANTISEPTIC CREAM NIRGUNDI 20GM,40,1,0,0,0,0,0,0,0,0,0,0,0,0,1
16178,HIMALAYA ACNE N PIMPLE CREAN SHALMALI 20GM,45,0,0,0,0,0,0,0,0,0,0,0,0,0,0
16179,HIMALAYA COLD BALM EUCALYPTUS 10GM,40,0,0,0,0,0,0,0,0,0,0,0,0,0,0
16180,HIMALAYA ANTI HAIR LOSS CREAM PALASHA 50ML,190,2,0,0,0,0,0,0,0,0,0,0,0,0,2
16181,HIMALAYA PURE HERBS GUDUCHINIMMUNITY WELLNESS 60TABLETS 250GM,135,0,0,0,0,0,0,0,0,0,0,0,0,0,0
16182,HIMALAYA PURE HERBS TULASI RESPIRATORY WELLNESS 60TABLETS 250GM,135,0,0,0,0,0,0,0,0,0,0,0,0,0,0
16183,HIMALAYA PURE HERBS NEEM SKIN WELLNESS 60TABLETS 250GM,135,0,0,0,0,0,0,0,0,0,0,0,0,0,0
16184,HIMALAYA PURE HERBS TRIKATU DIGESTIVE WELLNESS 60TABLETS 250GM,147,0,0,0,0,0,0,0,0,0,0,0,0,0,0
16185,HIMALAYA PURE HERBS BRAHMI MIND WELLNESS 60TABLETS 250GM,135,0,0,0,0,0,0,0,0,0,0,0,0,0,0
16186,HIMALAYA PURE HERBS BAEL BOWEL WELLNESS 60TABLETS 250GM,135,0,0,0,0,0,0,0,0,0,0,0,0,0,0
16187,HIMALAYA PURE HERBS TRIPHALA BOWEL WELLNESS 60TABLETS 250GM,135,1,0,0,0,0,0,0,0,0,0,0,0,0,1
16188,HIMALAYA PURE HERBS KARELA METABOLIC WELLNESS 60TABLETS 250GM,135,0,0,0,0,0,0,0,0,0,0,0,0,0,0
16189,SUNFEAST MOMS MAGIC CHOCOLATE CHIP 60GM,30,0,0,0,0,0,0,0,0,0,0,0,0,0,0
16190,SAVLON HENDWASH MOISTURE SHIELD 180ML,42,0,0,0,0,0,0,0,0,0,0,0,0,0,0
16191,HOME MADE CHOCOLATE RS.40/P,40,0,0,0,0,0,0,0,0,0,0,0,0,0,0
16192,KEYA INSTANT SWEET CORN CHICKEN SOUP 52GM BUY2GET1FREE,40,0,0,0,0,0,0,0,0,0,0,0,0,0,0
16193,LIQUEUR CHOCOLATE 50GM,45,0,0,0,0,0,0,0,0,0,0,0,0,0,0
16194,DRY GINGER 50GM,40,0,0,0,0,0,0,0,0,0,0,0,0,0,0
16195,CHRISTMAS CAKE 225GM,180,0,0,0,0,0,0,0,0,0,0,0,0,0,0
16196,DAL LAL LOBIA 500GM,38,0,0,0,0,0,0,0,0,0,0,0,0,0,0
16197,DAL LAL LOBIA 1KG,84,0,0,0,0,0,0,0,0,0,0,0,0,0,0
16198,OLAY NATURAL WHITE DAY SPF24 GLOWING FAIRNESS CREAM 50GM+FACEWASH 50GM FREE,350,0,0,0,0,0,0,0,0,0,0,0,0,0,0
16199,OLAY TOTAL EFFECTS 7 IN 1 ANTI-AGEING NIGHT FIRMING CREAM 20GM,375,0,0,0,0,0,0,0,0,0,0,0,0,0,0
16200,AG TASTE ALL GOOD BARS BERRYLICIOUS 30GM,50,0,0,0,0,0,0,0,0,0,0,0,0,0,0
16201,AG TASTE ALL GOOD BARS LE CHOCOLAT 30GM,50,0,0,0,0,0,0,0,0,0,0,0,0,0,0
16202,AG TASTE ALL GOOD BARS NUTCASE 30GM,50,0,0,0,0,0,0,0,0,0,0,0,0,0,0
16203,MAWANA CASTER SUGAR 1KG,80,0,0,0,0,0,0,0,0,0,0,0,0,0,0
16204,CYCLE SUGANDHA MALLIKA AGARBATHIES 102GM,50,0,0,0,0,0,0,0,0,0,0,0,0,0,0
16205,HALDIRAMS DIET MIXTURE 250GM,45,0,0,0,0,0,0,0,0,0,0,0,0,0,0
16206,REAL JUICE ACTIV MIXED VEGGIE 300ML,45,0,0,0,0,0,0,0,0,0,0,0,0,0,0
16207,RED BULL YELLOW ENERGY DRINK 250ML,110,0,0,0,0,0,0,0,0,0,0,0,0,0,0
16208,STAYFREE SECURE XL ULTRA THIN 10PADS,66,4,0,0,0,0,0,0,0,0,0,0,0,0,4
16209,JABSONS CHIKKI TIL-PISTA-ELAICHI 120GM,45,0,0,0,0,0,0,0,0,0,0,0,0,0,0
16210,JABSONS CHIKKI COCONUT CRUSH 120GM,45,0,0,0,0,0,0,0,0,0,0,0,0,0,0
16211,KWALITY WALLS ICE CREAM PADDLE POP BUBBLE GUM 50ML,20,0,0,0,0,0,0,0,0,0,0,0,0,0,0
16212,VIM LIQUID DISHWASH POWER OF 100 LEMON 1.8LTR,348,1,0,0,0,0,0,0,0,0,0,0,0,0,1
16213,TILI JHAROO RS.50,50,38,0,0,0,0,0,0,0,0,0,0,0,0,38
16214,CHINGS SOUP HOT & SOUR REAL VEGETABLES 55GM,45,0,0,0,0,0,0,0,0,0,0,0,0,0,0
16215,CHINGS SOUP TOMATO REAL VEGETABLES 55GM,45,0,0,0,0,0,0,0,0,0,0,0,0,0,0
16216,CHINGS SOUP MIX VEG REAL VEGETABLES 55GM,45,0,0,0,0,0,0,0,0,0,0,0,0,0,0
16217,CHINGS SOUP MANCHOW REAL VEGETABLES 55GM,45,0,0,0,0,0,0,0,0,0,0,0,0,0,0
16218,SUNSILK CONDITIONER NOURISHING SOFT & SMOOTH 5 NATURAL OILS 180ML,140,1,0,0,0,0,0,0,0,0,0,0,0,0,1
16219,SUNSILK CONDITIONER LONG & HEALTHY GROETH BIOTIN 180ML,140,1,0,0,0,0,0,0,0,0,0,0,0,0,1
16220,VEGA LONG CURL HAIR CURLING IRON VHCH-04,1999,1,0,0,0,0,0,0,0,0,0,0,0,0,1
16221,BOTTLE BRUSH & JAR FLASK,50,0,0,0,0,0,0,0,0,0,0,0,0,0,0
16222,BIOTIQUE BIO SOYA PROTEIN FRESH NOURISHING SHAMPOO 190ML,159,1,0,0,0,0,0,0,0,0,0,0,0,0,1
16223,BIOTIQUE BIO WALNUT BARK BODY BUILDING SHAMPOO 190ML,159,1,0,0,0,0,0,0,0,0,0,0,0,0,1
16224,BIOTIQUE BIO HENNA LEAF FRESH TEXTURE SHAMPOO & CONDITIONER 190ML,159,1,0,0,0,0,0,0,0,0,0,0,0,0,1
16225,BIOTIQUE BIO BHRINGRAJ THERAPEUTIC OIL FOR FALLING HAIR 200ML,265,1,0,0,0,0,0,0,0,0,0,0,0,0,1
16226,BIOTIQUE BIO APRICOT REFRESHING BODY WASH 190ML,180,0,0,0,0,0,0,0,0,0,0,0,0,0,0
16227,BIOTIQUE BIO THYME VOLUME CONDITIONER 200ML,185,1,0,0,0,0,0,0,0,0,0,0,0,0,1
16228,BIOTIQUE BIO BHRINAGRAJ THERAPEUTIC OIL FOR FALLING HAIR 120ML,159,1,0,0,0,0,0,0,0,0,0,0,0,0,1
16229,BIOTIQUE BIO SEA KELP FRESH GROWTH REVITALIZING CONDITIONER 120ML,135,0,0,0,0,0,0,0,0,0,0,0,0,0,0
16230,BIOTIQUE BIO MARGOSA ANTI-DANDRUFF SHAMPOO & CONDITIONER 200ML,170,1,0,0,0,0,0,0,0,0,0,0,0,0,1
16231,BIOTIQUE BIO MORNING NECTAR FLAWLESS FACE WASH PREUENTS DARL SPOTS 100ML,110,0,0,0,0,0,0,0,0,0,0,0,0,0,0
16232,BIOTIQUE BIO HONEY GEL REFRESHING FOAMING FACE WASH 100ML,119,0,0,0,0,0,0,0,0,0,0,0,0,0,0
16233,BIOTIQUE BIO PAPAYA EXFOLIATING FACE WASH 100ML,110,0,0,0,0,0,0,0,0,0,0,0,0,0,0
16234,BIOTIQUE BIO PINEAPPLE OIL CONTROL FOAMING FACE WASH 100ML,119,1,0,0,0,0,0,0,0,0,0,0,0,0,1
16235,BIOTIQUE BIO WHITE ADAVANCED FAIRNESS FACE WASH 100ML,100,1,0,0,0,0,0,0,0,0,0,0,0,0,1
16236,BIOTIQUE BIO NEEM PURIFYING FACE WASH 100ML,100,1,0,0,0,0,0,0,0,0,0,0,0,0,1
16237,BIOTIQUE BIO TOOTHPASTE COMPLETE CARE CLOVE & TULSI 140GM,96,0,0,0,0,0,0,0,0,0,0,0,0,0,0
16238,BIOTIQUE BIO ORANGE PEEL REVITALIZING BODY SOAP 150GM,90,3,0,0,0,0,0,0,0,0,0,0,0,0,3
16239,BIOTIQUE BIO ALMOND OIL NOURISHING BODY SOAP 150GM,90,3,0,0,0,0,0,0,0,0,0,0,0,0,3
16240,BIOTIQUE BIO HIMALAYAN PLUM REFRESHING BODY SOAP 150GM,90,3,0,0,0,0,0,0,0,0,0,0,0,0,3
16241,BIOTIQUE BIO MORNING NECTAR FLAWLESS SKIN SOAP 150GM,90,0,0,0,0,0,0,0,0,0,0,0,0,0,0
16242,BIOTIQUE BIO BASIL & PARSLEY REVITALIZING BODY SOAP 150GM,90,4,0,0,0,0,0,0,0,0,0,0,0,0,4
16243,GODREJ CINTHOL DEO STICK ENERGY 40GM,60,0,0,0,0,0,0,0,0,0,0,0,0,0,0
16244,BIOTIQUE BIO MORNING NECTAR 30+SPF UVA/UVB SUNSCREEN ULTRA SMOOTHING FACE LOTION 120ML,199,1,0,0,0,0,0,0,0,0,0,0,0,0,1
16245,BIOTIQUE BIO MORNING NECTAR FLAWLESS SKIN LOTION 190ML,280,1,0,0,0,0,0,0,0,0,0,0,0,0,1
16246,BIOTIQUE BIO MORNING NECTAR FLAWLESS SKIN LOTION 120ML,199,1,0,0,0,0,0,0,0,0,0,0,0,0,1
16247,GELOTIN CROWN 20GM,26,0,0,0,0,0,0,0,0,0,0,0,0,0,0
16248,PARLE HINE&SEEK BUY3GET1FREE 4X120GM,90,0,0,0,0,0,0,0,0,0,0,0,0,0,0
16249,EPIGAMIA GREEK YOGURT VANILLA BEAN 90GM,38,0,0,0,0,0,0,0,0,0,0,0,0,0,0
16250,EPIGAMIA GREEK YOGURT GREEN APPLE 90GM,38,0,0,0,0,0,0,0,0,0,0,0,0,0,0
16251,MAPRO FRUITY SWEETS 100GM,36,0,0,0,0,0,0,0,0,0,0,0,0,0,0
16252,WHEANIL MAKKI KA ATTA GLUTEN FREE 1KG,60,0,0,0,0,0,0,0,0,0,0,0,0,0,0
16253,WHEANIL RICE FLOUR GLUTEN FREE 500GM,50,0,0,0,0,0,0,0,0,0,0,0,0,0,0
16254,WHEANIL BROWN RICE FLOUR GLUTEN FREE 500GM,95,0,0,0,0,0,0,0,0,0,0,0,0,0,0
16255,WHEANIL SORGHUM FLOUR GLUTEN FREE 500GM,55,0,0,0,0,0,0,0,0,0,0,0,0,0,0
16256,WHEANIL RAGI FLOUR GLUTEN FREE 500GM,50,1,0,0,0,0,0,0,0,0,0,0,0,0,1
16257,WHEANIL CHANNA FLOUR GLUTEN FREE 500GM,95,0,0,0,0,0,0,0,0,0,0,0,0,0,0
16258,WHEANIL DALIA GLUTEN FREE 500GM,60,0,0,0,0,0,0,0,0,0,0,0,0,0,0
16259,WHEANIL BESAN GLUTEN FREE 500GM,100,0,0,0,0,0,0,0,0,0,0,0,0,0,0
16260,WHEANIL ALL PURPOSE FLOUR GLUTEN FREE 1KG,120,0,0,0,0,0,0,0,0,0,0,0,0,0,0
16261,WHEANIL SOYABEAN FLOUR GLUTEN FREE 500GM,100,0,0,0,0,0,0,0,0,0,0,0,0,0,0
16262,WHEANIL SORGHUM SOOJI GLUTEN FREE 500GM,55,0,0,0,0,0,0,0,0,0,0,0,0,0,0
16263,WHEANIL ALL PURPOSE FLOUR GLUTEN FREE 5KG,500,0,0,0,0,0,0,0,0,0,0,0,0,0,0
16264,WHEANIL METHI MULTIGRAIN AATA GLUTEN FREE 1KG,160,0,0,0,0,0,0,0,0,0,0,0,0,0,0
16265,TIDE PLUS JASMINE & ROSE 4KG+1KG=5KG,399,0,0,0,0,0,0,0,0,0,0,0,0,0,0
16266,PAPER BOAT CHIKKI 31GM,10,0,0,0,0,0,0,0,0,0,0,0,0,0,0
16267,TORTILLA PLAIN FLOUR WRAP PACK 6PEC 350GM,160,0,0,0,0,0,0,0,0,0,0,0,0,0,0
16268,STIC COLORSTIX COMBO ART SET 42PIECES,275,0,0,0,0,0,0,0,0,0,0,0,0,0,0
16269,STIC COLORSTIX COMBO ART SET 26PIECES,175,0,0,0,0,0,0,0,0,0,0,0,0,0,0
16270,STIC COLORSTIX COMBO ART SET 36PIECES,225,0,0,0,0,0,0,0,0,0,0,0,0,0,0
16271,CREMICA BOURBON 120GM,20,3,0,0,0,0,0,0,0,0,0,0,0,0,3
16272,ORGANIC INDIA TULSI GINGER TURMERIC 18BAGS,148,0,0,0,0,0,0,0,0,0,0,0,0,0,0
16273,ACT II NACHOZ CHEESE CRISPY N CRUNCHY 150GM,55,0,0,0,0,0,0,0,0,0,0,0,0,0,0
16274,ACT II NACHOZ TOMATO CRISPY N CRUNCHY 150GM,55,0,0,0,0,0,0,0,0,0,0,0,0,0,0
16275,SUNDROP SUPERLITE ADVANCED OIL 2X1LTR,350,0,0,0,0,0,0,0,0,0,0,0,0,0,0
16276,LONDON DAIRY ICE CREAM CHOCOLATE ALMOND LITE NO ADDED SUGAR 110ML,125,12,0,0,0,0,0,0,0,0,0,0,0,0,12
16277,NEUTROGENA RAPID WRINKLE REPAIR MOISTURIZER WITH SUNSCREEN SPF30 29ML,1199,0,0,0,0,0,0,0,0,0,0,0,0,0,0
16278,NEUTROGENA LIP MOISTURIZER CONDITIONS AND PROTECTS DRY SPF15 4GM,175,0,0,0,0,0,0,0,0,0,0,0,0,0,0
16279,SUNSILK SHAMPOO NOURISHING SOFT & SMOOTH 5NATURAL OILS 650ML,355,1,0,0,0,0,0,0,0,0,0,0,0,0,1
16280,SUNFEAST DARK FANTASY CHOCO MELTZ 50GM,25,0,0,0,0,0,0,0,0,0,0,0,0,0,0
16281,HALDIRAMS ALOO SEV CRAZY MASALA 200GM,44,0,0,0,0,0,0,0,0,0,0,0,0,0,0
16282,CHINGS SOUP SWEET CORN REAL VEGETABLES 55GM,45,0,0,0,0,0,0,0,0,0,0,0,0,0,0
16283,ARIEL MATIC TOP LOAD BOX 1KG,249,-1,0,0,0,0,0,0,0,0,0,0,0,0,-1
16284,ARIEL BRILLIANT CLEANING IN 1 WASH MATIC FRONT LOAD BOX 1KG,212,0,0,0,0,0,0,0,0,0,0,0,0,0,0
16285,MASTER CHEF RED VELVET SLICE 45GM,25,3,0,0,0,0,0,0,0,0,0,0,0,0,3
16286,DORITOS SWEET CHILLI FLAVOUR 40GM,25,0,0,0,0,0,0,0,0,0,0,0,0,0,0
16287,MAKKI DANA 500GM,58,0,0,0,0,0,0,0,0,0,0,0,0,0,0
16288,MOTHER DAIRY CREAM 1LTR,182,6,0,0,0,0,0,0,0,0,0,0,0,0,6
16289,OSSUM PERFUMED BODY MIST WITH AQUA BLOSSOM 190ML,349,0,0,0,0,0,0,0,0,0,0,0,0,0,0
16290,NESTEA ICED TEA WATELMELON COCONUT FLAVOUR 100GM,60,0,0,0,0,0,0,0,0,0,0,0,0,0,0
16291,GARNIER SHAMPOO ULTRA BLENDS SHAMPOO SOY MILK & ALMONDS 175ML+CHNDITIONER 75ML FREE,120,0,0,0,0,0,0,0,0,0,0,0,0,0,0
16292,LOTTE CHOCO PIE 18PACKS,180,0,0,0,0,0,0,0,0,0,0,0,0,0,0
16293,ORAL-B TOOTH BRUSH ALL ROUNDER CLEAN MEDIUM 1P,25,0,0,0,0,0,0,0,0,0,0,0,0,0,0
16294,ORAL-B TOOTH BRUSH CAVITY DEFENCE 123 BLACK SOFT 1P,30,0,0,0,0,0,0,0,0,0,0,0,0,0,0
16295,ORAL-B TOOTH BRUSH CAVITY DEFENCE 123 BLACK MEDIUM 1P,30,0,0,0,0,0,0,0,0,0,0,0,0,0,0
16296,BRITANNIA 50-50 MATHRI MASTI 50GM,10,0,0,0,0,0,0,0,0,0,0,0,0,0,0
16297,PEPSI BOTTLE 600ML,35,0,0,0,0,1,0,0,0,0,0,0,0,0,-1
16298,SANTOOR HAND WASH NATURAL GERM PROTECTION BUY3GET1FREE 4X180ML,147,0,0,0,0,0,0,0,0,0,0,0,0,0,0
16299,SANTOOR HAND WASH EXTRA GENTLE MOISTURISING GERM PROTECTION BUY3GET1FFEE 4X180ML,141,0,0,0,0,0,0,0,0,0,0,0,0,0,0
16300,SANTOOR HAND WASH SOFT & SENSITIVE GERM PROTECTION BUY1GET1FREE 4X180ML,147,-1,0,0,0,0,0,0,0,0,0,0,0,0,-1
16301,TONG GARDEN PARTY SNACK 180GM,125,0,0,0,0,0,0,0,0,0,0,0,0,0,0
16302,TIC TAC SAUNF FLAVOUR 9.7GM,10,0,0,0,0,0,0,0,0,0,0,0,0,0,0
16303,TIC TAC CHERRY COLA FLAVOUR 16GM,20,0,0,0,0,0,0,0,0,0,0,0,0,0,0
16304,PALMOLIVE BODY WASH HEAVENLY VANILLA 250ML,160,0,0,0,0,0,0,0,0,0,0,0,0,0,0
16305,PALMOLIVE BODY WASH STRAWBERRY FRESH 250ML,160,0,0,0,0,0,0,0,0,0,0,0,0,0,0
16306,LUVLAP BABY WIPES 80N,99,0,0,0,0,0,0,0,0,0,0,0,0,0,0
16307,PRINGLES ORGINAL42GM,49,0,0,0,0,0,0,0,0,0,0,0,0,0,0
16308,PRINGLES SOUR CREAM & ONION FLAVOUR 42GM,49,0,0,0,0,0,0,0,0,0,0,0,0,0,0
16309,ALPENLIEBE JUZT JELLY COLA BOTTLES 25GM,10,0,0,0,0,0,0,0,0,0,0,0,0,0,0
16310,ALPENLIEBE JUZT JELLY MANGO BOTTLES 25GM,10,2,0,0,0,0,0,0,0,0,0,0,0,0,2
16311,SUNSILK SHAMPOO LUSCIOUSLY THICK & LONG KERATIN YOGHURT 80ML,50,0,0,0,0,0,0,0,0,0,0,0,0,0,0
16312,SUNSILK SHAMPOO LUSCIOUSLY THICK & LONG KERATIN YOGHURT 340ML,165,0,0,0,0,0,0,0,0,0,0,0,0,0,0
16313,PONDS FACEWASH PURE WHITE ANTI+POLLUTION+PURITY 100GM,180,1,0,0,0,0,0,0,0,0,0,0,0,0,1
16314,LAKME FACEWASH BLUSH & GLOW GEL WITH STRAWBERRY EXTRACTS 100GM,195,2,0,0,0,0,0,0,0,0,0,0,0,0,2
16315,GAJAK KHASTA 400GM,72,0,0,0,0,0,0,0,0,0,0,0,0,0,0
16316,MOONGFALI 250GM,35,0,0,0,0,0,0,0,0,0,0,0,0,0,0
16317,WHISPER ULTRA CLEAN JUMBO PACK 30PADS+15PADS,436,0,0,0,0,0,0,0,0,0,0,0,0,0,0
16318,ARIEL MATIC TOP LOAD 2KG,449,3,0,0,0,0,0,0,0,0,0,0,0,0,3
16319,CADBURY DAIRY MILK SILK OREO 130GM,160,25,0,0,0,0,0,0,0,0,0,0,0,0,25
16320,CADBURY DAIRY MILK SILK OREO 60GM,75,40,0,0,0,0,0,0,0,0,0,0,0,0,40
16321,LAKME 9TO5 BLACK IMPACT LINER 3.5ML,225,0,0,0,0,0,0,0,0,0,0,0,0,0,0
16322,LAKME INSTA-LINER WATER RESISTANT EYELINER 9ML,110,0,0,0,0,0,0,0,0,0,0,0,0,0,0
16323,LAKME CURLING MASCARA ROYAL BLUE 9ML,350,2,0,0,0,0,0,0,0,0,0,0,0,0,2
16324,LAKME CURLING MASCARA BLACK 9ML,400,0,0,0,0,0,0,0,0,0,0,0,0,0,0
16325,MAGGI SOUP TOMATO MARGHERITA 15GM,15,3,0,0,0,0,0,0,0,0,0,0,0,0,3
16326,MAGGI SOUP DAL SHORBA WITH ROASTED GARLIC 15GM,15,0,0,0,0,0,0,0,0,0,0,0,0,0,0
16327,MAGGI SOUP CREAM OF CORN WITH PEPPER 15GM,15,0,0,0,0,0,0,0,0,0,0,0,0,0,0
16328,KRAFT CHEESE SLICE 100GM,85,0,0,0,0,0,0,0,0,0,0,0,0,0,0
16329,KRAFT CHEESE SLICE 200GM,160,0,0,0,0,0,0,0,0,0,0,0,0,0,0
16330,KRAFT CHEESE SLICE 480GM,380,0,0,0,0,0,0,0,0,0,0,0,0,0,0
16331,KRAFT CHEESE CUBES 200GM,140,0,0,0,0,0,0,0,0,0,0,0,0,0,0
16332,KRAFT CHEESE BLOCK 200GM,145,0,0,0,0,0,0,0,0,0,0,0,0,0,0
16333,MASTER CHEF CHOCOLATE SLICE 45GM,25,3,0,0,0,0,0,0,0,0,0,0,0,0,3
16334,UNIBIC CHOCO CHIP COOKIES FAMILY 150GM,40,0,0,0,0,0,0,0,0,0,0,0,0,0,0
16335,UNIBIC BUTTER COOKIES FAMILY 150GM,35,0,0,0,0,0,0,0,0,0,0,0,0,0,0
16336,UNIBIC DOOSRA JEERA COOKIES 150GM,30,0,0,0,0,0,0,0,0,0,0,0,0,0,0
16337,UNIBIC CASHEW COOKIES FAMILY150GM,40,0,0,0,0,0,0,0,0,0,0,0,0,0,0
16338,RITE BITE MAX PROTEIN CHOCO ALMOND 100GM,170,6,0,0,0,0,0,0,0,0,0,0,0,0,6
16339,RITE BITE MAX PROTEIN CHOCO BERRY 100GM,170,0,0,0,0,0,0,0,0,0,0,0,0,0,0
16340,JABSONS ROASTED PEANUTS LEMON & CHILLI 140GM,50,0,0,0,0,0,0,0,0,0,0,0,0,0,0
16341,EVEREADY 9V 1216+AA1015,40,1,0,0,0,0,0,0,0,0,0,0,0,0,1
16342,GARNIER SHAMPOO ULTRA BLENDS SOY MILK & ALMONDS 360ML+CONDITIONER 175ML FREE,230,0,0,0,0,0,0,0,0,0,0,0,0,0,0
16343,GARNIER FACEWASH NEEM PURE ACTIVE  PURIFYING 50GM,45,0,0,0,0,0,0,0,0,0,0,0,0,0,0
16344,BORO PLUS COCOA SOFT MOISTURISING LOTION 20ML,20,0,0,0,0,0,0,0,0,0,0,0,0,0,0
16345,CORNITOS TACO SHELLS 6SHELLS 80GM,110,0,0,0,0,0,0,0,0,0,0,0,0,0,0
16346,HIMALAYA TOOTH PASTE SPARKLING WHITE FRESH GEL 80GM,57,3,0,0,0,0,0,0,0,0,0,0,0,0,3
16347,HALDIRAMS SOAN PAPDI CHOCOLATE FLAVOUR 500GM,140,0,0,0,0,0,0,0,0,0,0,0,0,0,0
16348,SAVLON HANDWASH HERBAL SENSITIVE 185ML,42,0,0,0,0,0,0,0,0,0,0,0,0,0,0
16349,MAGGI HOTHEADS BARBEQUE PEPPER NOODLES 284GM,75,0,0,0,0,0,0,0,0,0,0,0,0,0,0
16350,MAGGI HOTHEADS PERIPERI NOODLES 284GM,75,0,0,0,0,0,0,0,0,0,0,0,0,0,0
16351,MAGGI SOUP WINTER VEGETABLES WITH GINGER 15GM,15,0,0,0,0,0,0,0,0,0,0,0,0,0,0
16352,MAGGI SOUP VEGETABLE WITH CHILLI PEPPER 15GM,15,0,0,0,0,0,0,0,0,0,0,0,0,0,0
16353,COLGATE TOOTH PASTE SENSITIVE CLOVE ESSENCE 2X80GM,99,0,0,0,0,0,0,0,0,0,0,0,0,0,0
16354,SUNSILK CONDITIONER LUSCIOUSLY THICK & LONG KERATIN YOGHURT 180ML,140,1,0,0,0,0,0,0,0,0,0,0,0,0,1
16355,HEAD & SHOULDER CONDITIONER ANTI HAIRFALL 80ML,75,0,0,0,0,0,0,0,0,0,0,0,0,0,0
16356,AMUL ICE CREAM PUNJABI KULFI MAWA ELAICHI 60ML,20,0,0,0,0,0,0,0,0,0,0,0,0,0,0
16357,WHISPER ULTRA SOFT 2X SOFTER XL 30PADS,285,0,0,0,0,0,0,0,0,0,0,0,0,0,0
16358,WHISPER ULTRA SOFT 2X SOFTER L 30PADS,245,4,0,0,0,0,0,0,0,0,0,0,0,0,4
16359,WHISPER ULTRA SOFT 2X SOFTER L 15PADS,135,5,0,0,0,0,0,0,0,0,0,0,0,0,5
16360,WHISPER ULTRA SOFT 2X SOFTER L 7PADS,64,4,0,0,0,0,0,0,0,0,0,0,0,0,4
16361,WHISPER ULTRA SOFT 2X SOFTER XL 15PADS,165,5,0,0,0,1,0,0,0,0,0,0,0,0,4
16362,UNIBIC CHOCO KISS COOKIES 75GM,35,0,0,0,0,0,0,0,0,0,0,0,0,0,0
16363,HAMDARD PACHNOL NATURAL DIGESTIVE TABLET 100N,33,-1,0,0,0,0,0,0,0,0,0,0,0,0,-1
16364,HAMDARD SAFI NATURAL BLOOD PURIFIER 500ML,200,1,0,0,0,0,0,0,0,0,0,0,0,0,1
16365,NIRMA SOAP DETERGENT CAKE 130GM,5,0,0,0,0,0,0,0,0,0,0,0,0,0,0
16366,NIRMA SOAP DETERGENT CAKE 200GM,10,0,0,0,0,0,0,0,0,0,0,0,0,0,0
16367,ORBIT LEMON & LIME FLAVOURED SUGAR FREE CHEWING GUM 4.4GM,5,21,0,0,0,0,0,0,0,0,0,0,0,0,21
16368,GOWARDHAN CHEESE SLICE PIRI PIRI 200GM,140,2,0,0,0,0,0,0,0,0,0,0,0,0,2
16369,TOPS SOYA SAUCE 240GM,47,0,0,0,0,0,0,0,0,0,0,0,0,0,0
16370,TOPS RED CHILLI SAUCE 200GM,47,1,0,0,0,0,0,0,0,0,0,0,0,0,1
16371,TOPS GREEN CHILLI SAUCE 200GM,47,0,0,0,0,0,0,0,0,0,0,0,0,0,0
16372,TOPS CAKE MIX PINEAPPLE EGG LESS 250GM,95,0,0,0,0,0,0,0,0,0,0,0,0,0,0
16373,TOPS CAKE MIX VANILLA EGG LESS 250GM,95,0,0,0,0,0,0,0,0,0,0,0,0,0,0
16374,TOPS CAKE MIX CHOCOLATE EGG LESS 250GM,95,0,0,0,0,0,0,0,0,0,0,0,0,0,0
16375,GARNIER SHAMPOO ULTRA BLENDS 5 PRECIOUS HERBS 175ML+CONDITIONER 75ML FREE,120,0,0,0,0,0,0,0,0,0,0,0,0,0,0
16376,GARNIER SHAMPOO ULTRA BLENDS HENNA BLACKBERRY 175ML+CONDITIONER75ML FREE,120,0,0,0,0,0,0,0,0,0,0,0,0,0,0
16377,GARNIER COLOR NATURALS CREAM 3 DARKEST BROWN 3OILS,65,0,0,0,0,0,0,0,0,0,0,0,0,0,0
16378,SWISS NATUREN CHICKEN SAUSAGE 500GM,225,0,0,0,0,0,0,0,0,0,0,0,0,0,0
16379,EVERYUTH FACEWASH TULSI TURMERIC 100GM,84,0,0,0,0,0,0,0,0,0,0,0,0,0,0
16380,NOBLE FOODS HIGH PROTEIN MIX 180GM,80,0,0,0,0,0,0,0,0,0,0,0,0,0,0
16381,AMUL BUTTER LITE 100GM,30,0,0,0,0,0,0,0,0,0,0,0,0,0,0
16382,NIVEA LIP BLUM CARE & COLOUR RUBY RED 4.8GM,200,1,0,0,0,0,0,0,0,0,0,0,0,0,1
16383,FOXS FRUITS LEMON&ORANGE FLAVOURED 125GM,65,0,0,0,0,0,0,0,0,0,0,0,0,0,0
16384,FOXS FRUITS APPLE&PEACH 125GM,65,0,0,0,0,0,0,0,0,0,0,0,0,0,0
16385,GOODWYN LEMON TEA 20BAGS,150,0,0,0,0,0,0,0,0,0,0,0,0,0,0
16386,GOODWYA GREEN TEA 20BAGS,150,0,0,0,0,0,0,0,0,0,0,0,0,0,0
16387,GOODWYN JASMINE GREEN TEA 20BAGS,150,0,0,0,0,0,0,0,0,0,0,0,0,0,0
16388,NESTLE MILKYBAR PARTY PACK 78GM,60,0,0,0,0,0,0,0,0,0,0,0,0,0,0
16389,DORITOS NACHO CHEESE FLAVOUR 30GM,25,0,0,0,0,0,0,0,0,0,0,0,0,0,0
16390,TURKEL DRIED APRICOTS 400GM,340,0,0,0,0,0,0,0,0,0,0,0,0,0,0
16391,FINE ART STRAW 100PCS,75,0,0,0,0,0,0,0,0,0,0,0,0,0,0
16392,MARGO SOAP ORIGINAL NEEM 2X100GM,45,0,0,0,0,0,0,0,0,0,0,0,0,0,0
16393,SNICKERS CHOCOLSTE 5X50GM,150,0,0,0,0,0,0,0,0,0,0,0,0,0,0
16394,DIMSUM HOT GARLIC MIX VEG 250GM,99,0,0,0,0,0,0,0,0,0,0,0,0,0,0
16395,ARAMUSK SOAP MUSK MEN BATH 3X125GM,144,0,0,0,0,0,0,0,0,0,0,0,0,0,0
16396,CREMICA CARROT & CUCUMBER SANDWICH MAYO 300GM,87,0,0,0,0,0,0,0,0,0,0,0,0,0,0
16397,CREMICA BURGER MAYO 300GM,87,0,0,0,0,0,0,0,0,0,0,0,0,0,0
16398,CREMICA PIZZA PASTA SAUCE 300GM,87,0,0,0,0,0,0,0,0,0,0,0,0,0,0
16399,CREMICA COMBO TOMATO KETCHUP 380GM+HONEY MUSTARS SAUCE 380GM,135,0,0,0,0,0,0,0,0,0,0,0,0,0,0
16400,NEUTROGENA HAND CREAM CONCENTRADED 56GM,300,0,0,0,0,0,0,0,0,0,0,0,0,0,0
16401,LIFEBUOY HAND SANITIZER IMMUNITY BOOSTING CARE 50ML,70,0,0,0,0,0,0,0,0,0,0,0,0,0,0
16402,SUNSILK SHAMPOO STUNNING BLACK SHINE AMLA PEARL COMPLEX 180ML,85,1,0,0,0,0,0,0,0,0,0,0,0,0,1
16403,LUX SOAP ICONIC IRIS 75GM,32,0,0,0,0,0,0,0,0,0,0,0,0,0,0
16404,SAVLON HANDWASH DOUBLE STRENGTH 900ML,160,0,0,0,0,0,0,0,0,0,0,0,0,0,0
16405,FIAMA GEL BAR SEAWEED & LEMONGRASS 100GM,38,0,0,0,0,0,0,0,0,0,0,0,0,0,0
16406,VEGA HAIR CURLING IRON VHCH-01,1399,0,0,0,0,0,0,0,0,0,0,0,0,0,0
16407,MDH DHANIA POWDER POUCH 100GM,32,0,0,0,0,0,0,0,0,0,0,0,0,0,0
16408,MDH LAL MIRCH POWDER POUCH 100GM,30,13,0,0,0,0,0,0,0,0,0,0,0,0,13
16409,ELLE 18 EYE DRAMA BOLD BLACK 0.35G,135,1,0,0,0,0,0,0,0,0,0,0,0,0,1
16410,DETTOL SOAP COOL 42GM,10,0,0,0,0,0,0,0,0,0,0,0,0,0,0
16411,PAMPERS BABY PANTS LIGHT & DRY SMALL 60DIAPERS,699,0,0,0,0,0,0,0,0,0,0,0,0,0,0
16412,PAMPERS PREMIUM CARE PANTS XL 24PANTS,264,0,0,0,0,0,0,0,0,0,0,0,0,0,0
16413,ARIEL MATIC FRONT LOAD 500GM,122,0,0,0,0,0,0,0,0,0,0,0,0,0,0
16414,WRIGLEYS DOUBLEMINT GUM STRONGMINT 4GUM TABS,5,-2,0,0,0,0,0,0,0,0,0,0,0,0,-2
16415,WRIGLEYS DOUBLEMINT GUM PEPPERMINT 4GUM TABS,5,0,0,0,0,0,0,0,0,0,0,0,0,0,0
16416,MCVITIES FRUIT BAKES 75GM,25,7,0,0,0,0,0,0,0,0,0,0,0,0,7
16417,SANTOOR SOAP SANDAL & ALMOND MILK 4X100GM,94,-1,0,0,0,0,0,0,0,0,0,0,0,0,-1
16418,SANTOOR HAND WASH NATURAL GERM PROTECTION 215ML,81,0,0,0,0,0,0,0,0,0,0,0,0,0,0
16419,SANTOOR HAND WASH EXTRA GENTLE MOISTURISING GERM PROTECTION 215ML,81,0,0,0,0,0,0,0,0,0,0,0,0,0,0
16420,SANTOOR HAND WASH SOFT & SENSITIVE GERM PROTECTION 215ML,81,0,0,0,0,0,0,0,0,0,0,0,0,0,0
16421,DURACELL AA TURBOMAX BUY3GET1FREE,114,0,0,0,0,0,0,0,0,0,0,0,0,0,0
16422,VEEBA PIZZA-ON-A-SLICE SANDWICH SPREAD 310GM,89,1,0,0,0,0,0,0,0,0,0,0,0,0,1
16423,VEEBA CHILLI MAYONNAISE EGGLESS 275GM,84,1,0,0,0,0,0,0,0,0,0,0,0,0,1
16424,VEEBA WHITE PASTA DRESSING 285GM,99,0,0,0,0,0,0,0,0,0,0,0,0,0,0
16425,VEEBA CHEESE & MUSHROOM SANDWICH SPREAD 280GM,94,1,0,0,0,0,0,0,0,0,0,0,0,0,1
16426,VEEBA GARLIC CHILLI SPREAD & DIP 335GM,99,1,0,0,0,0,0,0,0,0,0,0,0,0,1
16427,CORNITOS POP N CRUNCH ROASTED CASHEW CRACK PEPPER 200GM,375,0,0,0,0,0,0,0,0,0,0,0,0,0,0
16428,DHAMPUR GREEN DEMERARA SUGAR 4GM,1,267,0,0,0,0,0,0,0,0,0,0,0,0,267
16429,KWALITY WALLS ICE CREAM CORNETTO DISC RED VELVET 120ML,55,3,0,0,0,0,0,0,0,0,0,0,0,0,3
16430,FAIR & LOVELY FACEWASH FAIRNESS CLEAN-UP 20GM,20,0,0,0,0,0,0,0,0,0,0,0,0,0,0
16431,AMUL ICE CREAM ASLI AAM 80ML,30,0,0,0,0,0,0,0,0,0,0,0,0,0,0
16432,GODREJ SHAVING CREAM LEMON FRESH 50GM,30,0,0,0,0,0,0,0,0,0,0,0,0,0,0
16433,MCCAIN SAMOSA CHEESE JALAPENO 240GM,125,0,0,0,0,0,0,0,0,0,0,0,0,0,0
16434,MCCAIN SAMOSA CHEESE PIZZA 240GM,120,0,0,0,0,0,0,0,0,0,0,0,0,0,0
16435,MCCAIN SAMOSA CHEESE CORN 240GM,120,0,0,0,0,0,0,0,0,0,0,0,0,0,0
16436,NESTLE KITKAT DUO COFFEE FLAVOUR 12.8GM,10,0,0,0,0,0,0,0,0,0,0,0,0,0,0
16437,NIVEA MEN DEO ROLL ON SILVER PROTECT 50ML,165,0,0,0,0,0,0,0,0,0,0,0,0,0,0
16438,NIVEA MEN DEO PROTECT & CARE 50ML,165,0,0,0,0,0,0,0,0,0,0,0,0,0,0
16439,PARLE 20-20 CASHEW BUTTER COOKIES 200GM,25,0,0,0,0,0,0,0,0,0,0,0,0,0,0
16440,LEA & PERRINS WORCESTERSHIRE SAUCE 290ML,160,0,0,0,0,0,0,0,0,0,0,0,0,0,0
16441,ITCH GUARD 20GM,78,1,0,0,0,0,0,0,0,0,0,0,0,0,1
16442,TETLEY SUPER GREEN TEA IMMUNE CITRUS & HONEY 10BAGS,65,0,0,0,0,0,0,0,0,0,0,0,0,0,0
16443,TETLEY SUPER GREEN TEA BOOST LIME & MINT 10BAGS,65,0,0,0,0,0,0,0,0,0,0,0,0,0,0
16444,ORGANIC NATION KASHMIR HONEY 225GM,200,0,0,0,0,0,0,0,0,0,0,0,0,0,0
16445,ORGANIC NATION ORGANIC HONEY WILD FOREST 225GM,160,0,0,0,0,0,0,0,0,0,0,0,0,0,0
16446,KELLOGGS OATS TOMATO SALSA 500GM,175,0,0,0,0,0,0,0,0,0,0,0,0,0,0
16447,VEGETABLE SPRING ROLL 250M,144,0,0,0,0,0,0,0,0,0,0,0,0,0,0
16448,VEG PARTY SAMOSA 500GM,170,0,0,0,0,0,0,0,0,0,0,0,0,0,0
16449,MAYBELLINE COLOSSAL KAJAL DEEP BLACK 0.35GM,180,0,0,0,0,0,0,0,0,0,0,0,0,0,0
16450,SUNDROP PEANUT BUTTER CREAMY 924GM,285,0,0,0,0,0,0,0,0,0,0,0,0,0,0
16451,GUBB TWEEZER SLANT TIP,39,0,0,0,0,0,0,0,0,0,0,0,0,0,0
16452,GUBB NAIL FILE,25,0,0,0,0,0,0,0,0,0,0,0,0,0,0
16453,SETWET DEO COOL 2X75ML,180,0,0,0,0,0,0,0,0,0,0,0,0,0,0
16454,PONDS WHITE BEAUTY SUN DULLNESS REMOVAL DAILY FACIAL SCRUB 100GM,205,0,0,0,0,0,0,0,0,0,0,0,0,0,0
16455,GOWARDHAN NATTURAL CHEESE COLBY 200GM,149,0,0,0,0,0,0,0,0,0,0,0,0,0,0
16456,KRAVOUR WAFER STRAWBERRY FLAVOURED BISCUITS 150GM,50,0,0,0,0,0,0,0,0,0,0,0,0,0,0
16457,KRAVOUR WAFER STRAWBERRY FLAVOURED BISCUITS 75GM,25,0,0,0,0,0,0,0,0,0,0,0,0,0,0
16458,KRAVOUR WAFER CHOCO FLAVOURED BISCUITS 75GM,25,2,0,0,0,0,0,0,0,0,0,0,0,0,2
16459,KRAVOUR WAFER VANILLA FLAVOURED BISCUITS 75GM,25,0,0,0,0,0,0,0,0,0,0,0,0,0,0
16460,KRAVOUR DIP-IT STICKS VANILLA  FLAVOURED 50GM,50,0,0,0,0,0,0,0,0,0,0,0,0,0,0
16461,KRAVOUR DIP-IT STICKS STRAWBERRY FLAVOURED 50GM,50,0,0,0,0,0,0,0,0,0,0,0,0,0,0
16462,CAVENDISH & HARVEY STRAWBERRY DROPS FILLED 175GM,225,0,0,0,0,0,0,0,0,0,0,0,0,0,0
16463,CAVENDISH & HARVEY WILD BERRY DROPS 175GM,200,0,0,0,0,0,0,0,0,0,0,0,0,0,0
16464,CAVENDISH & HARVEY TROPICAL FRUIT DROPS 175GM,200,0,0,0,0,0,0,0,0,0,0,0,0,0,0
16465,CAVENDISH & HARVEY SOUR LEMON DROPS 200GM,200,0,0,0,0,0,0,0,0,0,0,0,0,0,0
16466,CAVENDISH & HARVEY BARLEY SUGAR DROPS 200GM,200,0,0,0,0,0,0,0,0,0,0,0,0,0,0
16467,CAVENDISH & HARVEY SOUR CHERRY DROPS 200GM,200,0,0,0,0,0,0,0,0,0,0,0,0,0,0
16468,NIVEA SHOWER GEL FRESH  PURE 500ML,299,0,0,0,0,0,0,0,0,0,0,0,0,0,0
16469,ONLY SAGE FARMED IN TURKEY 20GM,99,0,0,0,0,0,0,0,0,0,0,0,0,0,0
16470,ONLY BASIL FARMED IN TURKEY 30GM,109,0,0,0,0,0,0,0,0,0,0,0,0,0,0
16471,ONLY ALL PURPOSE SEASONING GRINDER 40GM,129,0,0,0,0,0,0,0,0,0,0,0,0,0,0
16472,ONLY BLACK SALT GRINDER 100GM,79,0,0,0,0,0,0,0,0,0,0,0,0,0,0
16473,ONLY MIXED HERBS FARMED IN TURKEY 25GM,109,0,0,0,0,0,0,0,0,0,0,0,0,0,0
16474,ONLY MEAT SUPREME GRINDER 45GM,139,0,0,0,0,0,0,0,0,0,0,0,0,0,0
16475,ONLY CHILLI FLAKES 50GM,99,0,0,0,0,0,0,0,0,0,0,0,0,0,0
16476,ONLY THYME FARMED IN MOROCCO 35GM,119,0,0,0,0,0,0,0,0,0,0,0,0,0,0
16477,ONLY BLACK PEPPER & PINK SALT GRINDER 80GM,129,0,0,0,0,0,0,0,0,0,0,0,0,0,0
16478,ONLY ROASTED GARLIC & PINK SALT GRINDER 65GM,109,0,0,0,0,0,0,0,0,0,0,0,0,0,0
16479,ONLY ROSEMARY FARMED IN MOROCCO 55GM,119,0,0,0,0,0,0,0,0,0,0,0,0,0,0
16480,ONLY PARSLEY FARMED IN UK 15GM,109,0,0,0,0,0,0,0,0,0,0,0,0,0,0
16481,HALDIRAMS KETTLE KRIPPS SALTED POTATO CHIPS 100GM,35,0,0,0,0,0,0,0,0,0,0,0,0,0,0
16482,HOME MADE DATE & WALNUT CAKE IN & OUT SPECIAL,25,0,0,0,0,0,0,0,0,0,0,0,0,0,0
16483,NUUTROGENA ULTRA SHEER BODY MIST SUNSCREEN SPF30 141GM,699,0,0,0,0,0,0,0,0,0,0,0,0,0,0
16484,GARNIER SHAMPOO ULTRA BLENDS ROYAL JELLY &  LAVENDER 175ML+75ML,130,0,0,0,0,0,0,0,0,0,0,0,0,0,0
16485,SUNSILK SHAMPOO NOURISHING SOFT & SMOOTH 5NATURAL OILS 340ML,165,0,0,0,0,0,0,0,0,0,0,0,0,0,0
16486,SAVLON HENDWASH MOISTURE SHIELD 900ML,99,0,0,0,0,0,0,0,0,0,0,0,0,0,0
16487,GUBB COTTON BALLS COLORED 100PCS,135,0,0,0,0,0,0,0,0,0,0,0,0,0,0
16488,GUBB COTTON BALLS COLORED 50PCS,75,0,0,0,0,0,0,0,0,0,0,0,0,0,0
16489,GUBB COTTON BUDS 200PCS,119,0,0,0,0,0,0,0,0,0,0,0,0,0,0
16490,ORGANIC NATION MAKKI FLOUR 1KG,80,0,0,0,0,0,0,0,0,0,0,0,0,0,0
16491,ORGANIC NATION WHEAT FLOUR 1KG,65,0,0,0,0,0,0,0,0,0,0,0,0,0,0
16492,CORNITOS CHUNKY SALSA TOMATO ONION JALAPENO MILD 330GM,165,0,0,0,0,0,0,0,0,0,0,0,0,0,0
16493,HE DEO BODY PERFUME PASSION 122ML,195,0,0,0,0,0,0,0,0,0,0,0,0,0,0
16494,HE DEO BODY PERFUME HYPNOTIC 122ML,199,0,0,0,0,0,0,0,0,0,0,0,0,0,0
16495,KRAVOUR WAFER VANILLA FLAVOURED BISCUITS 150GM,50,0,0,0,0,0,0,0,0,0,0,0,0,0,0
16496,KRAVOUR WAFER CHOCO FLAVOURED BISCUITS 150GM,50,2,0,0,0,0,0,0,0,0,0,0,0,0,2
16497,AMUL PREMIUM SPICED BUTTERMILK 250ML,20,0,0,0,0,0,0,0,0,0,0,0,0,0,0
16498,AMUL CHEESE BLOCK 500GM,227,0,0,0,0,0,0,0,0,0,0,0,0,0,0
16499,LUBE MAK GOLD 500ML,128,0,0,0,0,0,0,0,0,0,0,0,0,0,0
16500,LUBE MAK GOLD 3LTR,710,12,0,0,0,0,0,0,0,0,0,0,0,0,12
16501,HEAD & SHOULDER SHAMPOO COOL MENTHOL 340ML+180ML,310,0,0,0,0,0,0,0,0,0,0,0,0,0,0
16502,FOGG DEO ROLL ON FOR MEN ABSOLUTE 50ML,190,0,0,0,0,0,0,0,0,0,0,0,0,0,0
16503,FOGG DEO ROLL ON FOR MEN STATUS 50ML,190,0,0,0,0,0,0,0,0,0,0,0,0,0,0
16504,FOGG DEO ROLL ON FOR MEN ULTIMATE 50ML,190,0,0,0,0,0,0,0,0,0,0,0,0,0,0
16505,FOGG DEO ROLL ON FOR WOMEN BOLD 50ML,190,0,0,0,0,0,0,0,0,0,0,0,0,0,0
16506,FOGG DEO ROLL ON FOR WOMEN ELEGANCE 50ML,190,0,0,0,0,0,0,0,0,0,0,0,0,0,0
16507,FOGG DEO ROLL ON FOR WOMEN SPLENDID 50ML,190,0,0,0,0,0,0,0,0,0,0,0,0,0,0
16508,KWALITY WALLS ICE CREAM VANILLA CUP 55ML,10,0,0,0,0,0,0,0,0,0,0,0,0,0,0
16509,HOME MADE COFFE WALNUT CAKE 250GM,70,0,0,0,0,0,0,0,0,0,0,0,0,0,0
16510,NIVEA MEN DARK SPOT REDUCTION MOISTURISER SPF30 15ML,99,0,0,0,0,0,0,0,0,0,0,0,0,0,0
16511,NIVEA SHOWER GEL FRESH PURE 250ML,195,0,0,0,0,0,0,0,0,0,0,0,0,0,0
16512,NIVEA BODY LOTION WHITENING COOL SENSATION SPF15 ALL SKIN TYPES 400ML,399,0,0,0,0,0,0,0,0,0,0,0,0,0,0
16513,NESCAFE CHOCO MOCHA 5X20GM,125,3,0,0,0,0,0,0,0,0,0,0,0,0,3
16514,MONGINIS MAWA CAKE 65GM,15,0,0,0,0,0,0,0,0,0,0,0,0,0,0
16515,HALDIRAMS PALAK MATHRI 200GM,45,0,0,0,0,0,0,0,0,0,0,0,0,0,0
16516,GATSBY SET & KEEP SPRAY ULTRA HARD 200ML,250,0,0,0,0,0,0,0,0,0,0,0,0,0,0
16517,GILLETTE PRESTO 5PCS,88,2,0,0,0,0,0,0,0,0,0,0,0,0,2
16518,TETLEY SUPER GREEN TEA CITRUS & HONEY 30BAGS,170,0,0,0,0,0,0,0,0,0,0,0,0,0,0
16519,VANISH OXI ACTION 400ML,90,2,0,0,0,0,0,0,0,0,0,0,0,0,2
16520,JABSONS BANANA CHIPS ACHARI LEMON 150GM,55,0,0,0,0,0,0,0,0,0,0,0,0,0,0
16521,JABSONS COCKTAIL NUTS 120GM,70,0,0,0,0,0,0,0,0,0,0,0,0,0,0
16522,PALMOLIVE SHAVE CREAM CLASSIC 65GM,65,0,0,0,0,0,0,0,0,0,0,0,0,0,0
16523,PALMOLIVE SHAVE CREAM COOL 65GM,65,0,0,0,0,0,0,0,0,0,0,0,0,0,0
16524,SUNDROP PEANUT BUTTER REGULAR CRUNCHY 924GM,285,-1,0,0,0,0,0,0,0,0,0,0,0,0,-1
16525,VEEBA MAYONNAISE EGGLESS 275GM,84,2,0,0,0,0,0,0,0,0,0,0,0,0,2
16526,HOME MADE CHOCO & WALNUT CAKE 280GM,80,0,0,0,0,0,0,0,0,0,0,0,0,0,0
16527,HOME MADE CHOCO & WALNUT CAKE 150GM,60,0,0,0,0,0,0,0,0,0,0,0,0,0,0
16528,HIMALAYA HAND SANITIZER LITCHI 50ML,60,0,0,0,0,0,0,0,0,0,0,0,0,0,0
16529,HIMALAYA HAND SANITIZER STRAWBERRY 50ML,60,0,0,0,0,0,0,0,0,0,0,0,0,0,0
16530,HIMALAYA HAND SANITIZER ORANGE 50ML,60,0,0,0,0,0,0,0,0,0,0,0,0,0,0
16531,HIMALAYA HAND SANITIZER GREEN APPLE 50ML,60,0,0,0,0,0,0,0,0,0,0,0,0,0,0
16532,HIMALAYA PAIN BALM STRONG MINT 10GM,35,0,0,0,0,0,0,0,0,0,0,0,0,0,0
16533,HIMALAYA HAND SANITIZER 50ML,60,2,0,0,0,0,0,0,0,0,0,0,0,0,2
16534,NESTLE CEREGROW MULTIGRAIN CEREAL WITH MILK & FRUITS 2-5 YEARS 300GM,260,0,0,0,0,0,0,0,0,0,0,0,0,0,0
16535,DOVE BEAUTY MOISTURE FOR SOFT & SMOOTH NOURISHED SKIN 50GM,90,0,0,0,0,0,0,0,0,0,0,0,0,0,0
16536,FAIR & LOVELY ANTI MARKS TREATMENT BLUE LINS 40GM,115,0,0,0,0,0,0,0,0,0,0,0,0,0,0
16537,LAKME FACEWASH BLUSH & GLOW STRAWBERRY 25GM,35,0,0,0,0,0,0,0,0,0,0,0,0,0,0
16538,LAKME ABSOLUTE PERFECT RADIANCE 50GM,130,0,0,0,0,0,0,0,0,0,0,0,0,0,0
16539,TRESEMME SHAMPOO NURUSH & REPLENISH 190ML,160,0,0,0,0,0,0,0,0,0,0,0,0,0,0
16540,TRESEMME SHAMPOO NURUSH & REPLENISH 80ML,70,0,0,0,0,0,0,0,0,0,0,0,0,0,0
16541,TRESEMME SHAMPOO NURUSH & REPLENISH 580ML,455,0,0,0,0,0,0,0,0,0,0,0,0,0,0
16542,TRESEMME CONDITIONER NURUSH & REPLENISH 190ML,220,1,0,0,0,0,0,0,0,0,0,0,0,0,1
16543,TRESEMME CONDITIONER NURUSH & REPLENISH 85ML,105,0,0,0,0,0,0,0,0,0,0,0,0,0,0
16544,CLINIC PLUS SHAMPOO AYURVEDA CARE  80ML,46,0,0,0,0,0,0,0,0,0,0,0,0,0,0
16545,PUFF RICE 200GM,20,0,0,0,0,0,0,0,0,0,0,0,0,0,0
16546,7UP BOTTLE 330ML,20,0,0,0,0,0,0,0,0,0,0,0,0,0,0
16547,MIRINDA ORANGE FLAVOUR 330ML,20,0,0,0,0,0,0,0,0,0,0,0,0,0,0
16548,KESH KING SHAMPOO ANTI-HAIRFALL ALOE VERA 120ML,100,0,0,0,0,0,0,0,0,0,0,0,0,0,0
16549,ORAL-B TOOTH BRUSH ULTRATHIN SENSITIVE GREEN EXTRA SOFT 1NOS,70,4,0,0,0,1,0,0,0,0,0,0,0,0,3
16550,ORAL-B TOOTH BRUSH BLACK ULTRATHIN SENSITIVE EXTRA SOFT BUT2GET1FREE,140,1,0,3,0,0,0,0,0,0,0,0,0,0,4
16551,GILLETTE VENUS BREEZE 3BLADES CONVENIENT SHAVE GEL BARS FREESIA SCENT ,249,1,0,0,0,0,0,0,0,0,0,0,0,0,1
16552,GILLETTE VENUS BREEZE 3BLADES CONVENIENT SHAVE GEL BARS,325,2,0,1,0,0,0,0,0,0,0,0,0,0,3
16553,PASEO ELEGANT HYGIENIC SOFT AND NATURAL NAPKIN 23X23 50SHEETS,48,-12,0,0,0,0,0,0,0,0,0,0,0,0,-12
16554,KESH KING SHAMPOO ANTI-HAIRFALL ALOE VERA 300ML,180,1,0,0,0,0,0,0,0,0,0,0,0,0,1
16555,DINDAYAL AUSHADHI APPLE VINEGAR 500ML,195,1,0,0,0,1,0,0,0,0,0,0,0,0,0
16556,NOBLE FOODS GOJI BERRIES 150GM,630,0,0,0,0,0,0,0,0,0,0,0,0,0,0
16557,GODREJ TYSON CHICKEN BIRYANI 500GM,200,0,0,0,0,0,0,0,0,0,0,0,0,0,0
16558,HEAD & SHOULDER SHAMPOO ANTI HAIR FALL 340ML+180ML,310,0,0,0,0,0,0,0,0,0,0,0,0,0,0
16559,TIDE NATURALS LEMON & CHANDAN 800GM,53,4,0,0,0,0,0,0,0,0,0,0,0,0,4
16560,VANISH OXI ACTION 400GM,199,2,0,0,0,0,0,0,0,0,0,0,0,0,2
16561,HENKO STAIN CHAMPION OXYGEN POWER5KG,675,0,0,0,0,0,0,0,0,0,0,0,0,0,0
16562,RAW HONEY 150GM,70,122,0,0,0,3,0,0,0,0,0,0,0,0,119
16563,LEONARDO QUEEN OLIVE GREEN PITTED 450GM,240,0,0,0,0,0,0,0,0,0,0,0,0,0,0
16564,LEONARDO QUEEN OLIVE PIMIENTO STUFFED 450GM,299,0,0,0,0,0,0,0,0,0,0,0,0,0,0
16565,RAMDEV DRY GINGER POWDER 100GM,80,0,0,0,0,0,0,0,0,0,0,0,0,0,0
16566,PALMOLIVE MEN SHAVE FOAM CLASSIC WITH ALOE VERA 300ML,190,0,0,0,0,0,0,0,0,0,0,0,0,0,0
16567,PALMOLIVE MEN SHAVE FOAM COOL WITH MENTHOL 300ML,190,0,0,0,0,0,0,0,0,0,0,0,0,0,0
16568,PALMOLIVE MEN SHOWER GEL 24HOUR ENERGISING  250ML,190,0,0,0,0,0,0,0,0,0,0,0,0,0,0
16569,PALMOLIVE MEN SHOWER GEL 24HOUR REFRESHING 250ML,190,0,0,0,0,0,0,0,0,0,0,0,0,0,0
16570,PALMOLIVE MEN SHOWER GEL 24HOUR SENSITIVE 250ML,190,0,0,0,0,0,0,0,0,0,0,0,0,0,0
16571,MCVITIES DOUBLEE CHOCO CHOCO CREAMS 100GM,20,0,0,0,0,0,0,0,0,0,0,0,0,0,0
16572,MCVITIES DOUBLEE CREAMS ORANGE CREAM 100GM,20,0,0,0,0,0,0,0,0,0,0,0,0,0,0
16573,MCVITIES DOUBLEE ORANGE ORANGE CREAMS 100GM,20,0,0,0,0,0,0,0,0,0,0,0,0,0,0
16574,AMUL BLACK FOREST CAKE 1LTR,350,0,0,0,0,0,0,0,0,0,0,0,0,0,0
16575,ORGANIC HONEY HOME MADE 300GM,126,2,0,0,0,0,0,0,0,0,0,0,0,0,2
16576,SCOTCH BRITE HOUSEHOLD SCRUBBER 3M,350,0,0,0,0,0,0,0,0,0,0,0,0,0,0
16577,TOPS LIME GINGER CHILLI PICKLE 400GM,80,0,0,0,0,0,0,0,0,0,0,0,0,0,0
16578,TOPS NAVRATAN PICKLE 400GM,80,0,0,0,0,0,0,0,0,0,0,0,0,0,0
16579,ORGANIC INDIA VIRGIN COCONUT OIL 500ML,725,5,0,0,0,0,0,0,0,0,0,0,0,0,5
16580,AMUL CHOCOMINIS 250GM,110,0,0,0,0,0,0,0,0,0,0,0,0,0,0
16581,DUKES WAFFY STRAWBERRY FLAVOURED 15GM,5,0,0,0,0,0,0,0,0,0,0,0,0,0,0
16582,DUKES WAFFY CHOCO FLAVOURED 15GM,5,0,0,0,0,0,0,0,0,0,0,0,0,0,0
16583,DUKES NIBBLES SALTED BAKED SNACK 200GM,50,0,0,0,0,0,0,0,0,0,0,0,0,0,0
16584,DUKES MASALA NIBBLES CHATPAT CHURMUR NAMKEENS 200GM,50,0,0,0,0,0,0,0,0,0,0,0,0,0,0
16585,DUKES NIBBLES RANCH BAKED SHACK 200GM,50,0,0,0,0,0,0,0,0,0,0,0,0,0,0
16586,DUKES NIBBLES CHEESY BAKED SNACK 200GM,50,0,0,0,0,0,0,0,0,0,0,0,0,0,0
16587,HIMALAYA FACE WASH ACTIVE SPORT 50ML,83,0,0,0,0,0,0,0,0,0,0,0,0,0,0
16588,HIMALAYA PURE HANDS HAND SANITIZER 500ML,300,0,0,0,0,0,0,0,0,0,0,0,0,0,0
16589,SUGAR FREE GREEN 40PELLETS,45,3,0,0,0,0,0,0,0,0,0,0,0,0,3
16590,SUGAR FREE GREEN 100PELLETS,95,3,0,0,0,0,0,0,0,0,0,0,0,0,3
16591,SUGAR FREE GREEN 100GM,195,1,0,0,0,0,0,0,0,0,0,0,0,0,1
16592,KWALITY WALLS ICE CREAM ROSE KULFI 52GM,30,0,0,0,0,0,0,0,0,0,0,0,0,0,0
16593,SAVLON HANDWASH HERBAL SENSITIVE 900ML,99,0,0,0,0,0,0,0,0,0,0,0,0,0,0
16594,GOWARDHAN MILKRICH INSTANT DAIRY WHITENER 200GM,75,0,0,0,0,0,0,0,0,0,0,0,0,0,0
16595,GOWARDHAN MILKRICH INSTANT DAIRY WHITENER JAR 500GM,165,0,0,0,0,0,0,0,0,0,0,0,0,0,0
16596,DEL MONTE PEACH FRUIT DRINK 240ML,35,0,0,0,0,0,0,0,0,0,0,0,0,0,0
16597,DEL MONTE PASTA WHOLEWHEAT SPIRALI 500GM,210,0,0,0,0,0,0,0,0,0,0,0,0,0,0
16598,CREMICA OLIVE OIL MAYO 300GM,87,0,0,0,0,0,0,0,0,0,0,0,0,0,0
16599,SURF EXCEL MATIC LIQUID TOP LOAD 20ML,65,0,0,0,0,0,0,0,0,0,0,0,0,0,0
16600,BRITANNIA MILK RUSK TASTY CRUNCHY 200GM,30,0,0,0,0,0,0,0,0,0,0,0,0,0,0
16601,ORAL-B TOOTH BRUSH ULTRATHIN SENSITIVE GREEN EXTRA SOFT BUY2GET1FREE,140,4,0,0,0,0,0,0,0,0,0,0,0,0,4
16602,SANTOOR HAND WASH NATURAL GERM PROTECTION 900ML,190,0,0,0,0,0,0,0,0,0,0,0,0,0,0
16603,SANTOOR HAND WASH EXTRA GENTLE MOISTURISING GERM PROTECTION 900ML,199,0,0,0,0,0,0,0,0,0,0,0,0,0,0
16604,SANTOOR HAND WASH SOFT & SENSITIVE GERM PROTECTION 900ML,199,0,0,0,0,0,0,0,0,0,0,0,0,0,0
16605,CHIA SEEDS BETTER TASTING FOODS 250GM,105,0,0,0,0,0,0,0,0,0,0,0,0,0,0
16606,WILD STONE PARFUM FOREST SPICE EAU DE 50ML,299,0,0,0,0,0,0,0,0,0,0,0,0,0,0
16607,WILD STONE PARFUM NIGHT RIDER EAU DE 50ML,299,0,0,0,0,0,0,0,0,0,0,0,0,0,0
16608,WILD STONE PARFUM ULTRA SENSUAL EAU DE 50ML,299,0,0,0,0,0,0,0,0,0,0,0,0,0,0
16609,WILD STONE PARFUM HYDRA ENERGY EAU DE 50ML,299,0,0,0,0,0,0,0,0,0,0,0,0,0,0
16610,WILD STONE PARFUM HYDRA ENERGY EAU DE 100ML,499,0,0,0,0,0,0,0,0,0,0,0,0,0,0
16611,WILD STONE PARFUM ULTRA SENSUAL EAU DE 100ML,499,0,0,0,0,0,0,0,0,0,0,0,0,0,0
16612,WILD STONE PARFUM FOREST SPICE EAU DE 100ML,499,0,0,0,0,0,0,0,0,0,0,0,0,0,0
16613,WILD STONE PARFUM NIGHT RIDER EAU DE 100ML,499,0,0,0,0,0,0,0,0,0,0,0,0,0,0
16614,PARLE HIDE&SEEK CHOCO ROLLS 3X75GM,60,0,0,0,0,0,0,0,0,0,0,0,0,0,0
16615,UNIBIC SCOTCH FINGER COOKIES 100GM,40,0,0,0,0,0,0,0,0,0,0,0,0,0,0
16617,NIVEA DEO MEN PROTECT & CARE 150ML,199,1,0,0,0,1,0,0,0,0,0,0,0,0,0
16618,CADBURY PERK XTRA CHOCOLATY 13GM,5,92,0,0,0,0,0,0,0,0,0,0,0,0,92
16619,MOTHER DAIRY ICE CREAM FRUITY FUSION TUB 1LTR,280,0,0,0,0,0,0,0,0,0,0,0,0,0,0
16620,HYP LEAN PROTEIN BAR COCONUT ALMOND ZERO SUGAR 40GM,50,1,0,0,0,0,0,0,0,0,0,0,0,0,1
16621,HYP LEAN PROTEIN BAR BERRY BURST 40GM,50,0,0,0,0,0,0,0,0,0,0,0,0,0,0
16622,LONDON DAIRY ICE CREAM VANILLA LITE NO ADDED SUGAR 125ML,125,11,0,0,0,0,0,0,0,0,0,0,0,0,11
16624,DETTOL SOAP COOL 4X125GM,165,2,0,0,0,0,0,0,0,0,0,0,0,0,2
16625,DETTOL SOAP ORIGINAL 4X45GM,40,0,0,0,0,0,0,0,0,0,0,0,0,0,0
16626,NESTLE CERELAC WHEAT RICE MIXED VEG IRON FORTIFIED 300GM,225,2,0,0,0,0,0,0,0,0,0,0,0,0,2
16627,CLINIC PLUS CONDITIONER TANGLE FREE MILK PROTEIN & ALMOND 80ML,65,0,0,0,0,0,0,0,0,0,0,0,0,0,0
16628,CLINIC PLUS SHAMPOO AYURVEDA CARE 175ML,95,1,0,0,0,0,0,0,0,0,0,0,0,0,1
16629,MASTER CHEF DIVINITY FUDGE 100GM,40,0,0,0,0,0,0,0,0,0,0,0,0,0,0
16630,HIMALAYA FACE WASH ACTIVE SPORT 100ML,155,0,0,0,0,0,0,0,0,0,0,0,0,0,0
16631,FAIR & LOVELY ADVANCED MULTI VITAMIN CREAM 15GM,25,0,0,0,0,0,0,0,0,0,0,0,0,0,0
16632,PAPER BOAT ALPHONSO AAM 180ML,20,0,0,0,0,0,0,0,0,0,0,0,0,0,0
16633,VEEBA CARROT & CUCUMBER SANDWICH SPREAD 280GM,89,1,0,0,0,0,0,0,0,0,0,0,0,0,1
16634,CAMBAY TIGER ATLANTIC SALMON CHUNKS 220GM,650,0,0,0,0,0,0,0,0,0,0,0,0,0,0
16635,THE PEOPLES MAHARAJA KHUSHWANT SINGH,699,0,0,0,0,0,0,0,0,0,0,0,0,0,0
16636,DR BATRAS SHAMPOO ENRICHED WITH HENNA 200ML,190,0,0,0,0,0,0,0,0,0,0,0,0,0,0
16637,DR BATRAS SHAMPOO ENRICHED WITH THUJA 200ML,190,0,0,0,0,0,0,0,0,0,0,0,0,0,0
16638,GUBB COTTON BUDS 50PEC,49,0,0,0,0,0,0,0,0,0,0,0,0,0,0
16639,NIVEA MEN DEO FRESH ACTIVE ROLL ON 25ML,99,0,0,0,0,0,0,0,0,0,0,0,0,0,0
16640,NESTLE MUNCH TRIO 18GM,10,-3,0,0,0,0,0,0,0,0,0,0,0,0,-3
16641,NESTEA ICED TEA ROSE FLAVOUR 12.5GM,10,0,0,0,0,0,0,0,0,0,0,0,0,0,0
16642,NESTEA ICED TEA WATERMELON COCONUT FLAVOUR 12.5GM,10,-3,0,0,0,0,0,0,0,0,0,0,0,0,-3
16643,NESTLE MILKYBAR CHOO MIXED FRUIT 10GM,5,50,0,0,0,2,0,0,0,0,0,0,0,0,48
16644,TROPICANA JUICE ESSENTIALS FRUIT & VEGGIES APPLE/BEETROOT/CARROT 200ML,30,8,0,0,0,0,0,0,0,0,0,0,0,0,8
16645,PARLE NIMKIN SALTED CRACKERS 200GM,25,0,0,0,0,0,0,0,0,0,0,0,0,0,0
16646,HALDIRAMS MATHRI 120GM,30,0,0,0,0,0,0,0,0,0,0,0,0,0,0
16647,HALDIRAMS SAMOSA 120GM,30,0,0,0,0,0,0,0,0,0,0,0,0,0,0
16648,MONGINIS TEA TIME CAKE 65GM,15,0,0,0,0,0,0,0,0,0,0,0,0,0,0
16649,MONGINIS MUFFINS FRUIT CAKE 75GM,20,0,0,0,0,0,0,0,0,0,0,0,0,0,0
16650,MONGINIS MUFFINS CHOCOLATE CAKE 75GM,20,0,0,0,0,0,0,0,0,0,0,0,0,0,0
16651,LOTTE CHOCOTINA COOKIE THINS 150GM,60,0,0,0,0,0,0,0,0,0,0,0,0,0,0
16652,KURKURE COMBO PACK 6X45GM,50,0,0,0,0,0,0,0,0,0,0,0,0,0,0
16653,HEINZ SPICY TIKKA MASALA MAYONNAISE 400GM,350,0,0,0,0,0,0,0,0,0,0,0,0,0,0
16654,HEINZ FIERY CHILI MAYONNISE 400GM,350,0,0,0,0,0,0,0,0,0,0,0,0,0,0
16655,HEINZ REAL GARLIC  MAYONNISE 400GM,350,0,0,0,0,0,0,0,0,0,0,0,0,0,0
16656,HEINZ INCREDICLY LIGHT MAYONNISE 400GM,350,0,0,0,0,0,0,0,0,0,0,0,0,0,0
16657,HEINZ CREAMY CLASSIC MAYONNISE 400GM,300,0,0,0,0,0,0,0,0,0,0,0,0,0,0
16658,NESTLE MILO COCOA MALT MILK BEVERAGE 180ML,30,1,0,0,0,0,0,0,0,0,0,0,0,0,1
16659,FIZZ FROOTI 250ML,20,-1,0,0,0,0,0,0,0,0,0,0,0,0,-1
16660,DUKES FAFFY STRAWBERRY ROLL 250GM,150,0,0,0,0,0,0,0,0,0,0,0,0,0,0
16661,DUKES FAFFY STRAWBERRY ROLL 300GM,250,0,0,0,0,0,0,0,0,0,0,0,0,0,0
16662,DUKES FAFFY CHOCO ROLL 250GM,150,0,0,0,0,0,0,0,0,0,0,0,0,0,0
16663,DUKES FAFFY CHOCO ROLL 300GM,250,0,0,0,0,0,0,0,0,0,0,0,0,0,0
16664,COLGATE  TOOTH BRUSH SLIM SOFT ULTRA SOFT 1NOS,115,1,0,0,0,0,0,0,0,0,0,0,0,0,1
16665,AKARSHIT CHEESE BALL 70GM,45,0,0,0,0,0,0,0,0,0,0,0,0,0,0
16666,WRIGLEYS DOUBLEMINT MINTS PEPPERMINT 5 STICKS,10,27,0,0,0,2,0,0,0,0,0,0,0,0,25
16667,MCVITIES BUTTER COOKIES FAMILYPACK 200GM,30,0,0,0,0,0,0,0,0,0,0,0,0,0,0
16668,PAPER BOAT AAMRAS 180ML,20,0,0,0,0,0,0,0,0,0,0,0,0,0,0
16669,HE DEO BODY PERFUME POWER 100GM,199,-1,0,0,0,0,0,0,0,0,0,0,0,0,-1
16670,HE FACE WASH ON THE GO WATERLESS 50GM,85,1,0,0,0,0,0,0,0,0,0,0,0,0,1
16671,HIMALAYA SOAP NEEM & TURMERIC SOAP 4X75GM,109,0,0,0,0,0,0,0,0,0,0,0,0,0,0
16672,KWALITY WALLS ICE CREAM MANGO 700ML,125,0,0,0,0,0,0,0,0,0,0,0,0,0,0
16673,FEM GOLD ULTRA BLEACH CREME 30GM,80,0,0,0,0,0,0,0,0,0,0,0,0,0,0
16674,HAJMOLA AMRUD 120N,30,0,0,0,0,0,0,0,0,0,0,0,0,0,0
16675,ODOMOS MOSQUITO REPELLENT WRISTBAND 1PIECE,199,0,0,0,0,0,0,0,0,0,0,0,0,0,0
16676,OCEAN ACTIVE WATER PEACH FLAVOUR 500ML,50,0,0,0,0,0,0,0,0,0,0,0,0,0,0
16677,OCEAN ACTIVE WATER ORANGE &LIME FLAVOUR 500ML,50,0,0,0,0,0,0,0,0,0,0,0,0,0,0
16678,JOHNSONS BEDTIME BABY LOTION 200ML,220,0,0,0,0,0,0,0,0,0,0,0,0,0,0
16679,JOHNSONS BEDTIME BABY LOTION 500ML,500,0,0,0,0,0,0,0,0,0,0,0,0,0,0
16680,AMBI PUR ULTRA CONTROL VANILLA BOUQUET 7.5ML,299,0,0,0,0,0,0,0,0,0,0,0,0,0,0
16681,CAMBAY TIGER RAW POMFRET WHOLE 500GM,675,0,0,0,0,0,0,0,0,0,0,0,0,0,0
16682,KURKURE MASALA TRANGLES 90GM,20,2,0,0,0,0,0,0,0,0,0,0,0,0,2
16683,KURKURE BUTTER TRANGLES 90GM,20,0,0,0,0,0,0,0,0,0,0,0,0,0,0
16684,WEIKFIELD GREEN CHILLI SAUCE 200GM,45,0,0,0,0,0,0,0,0,0,0,0,0,0,0
16685,WEIKFIELD GARLIC CHILLI SAUCE200GM,45,0,0,0,0,0,0,0,0,0,0,0,0,0,0
16686,SANTOOR HAND WASH SOFT & SENSITIVE GERM PROTECTION 180ML,47,-3,0,0,0,0,0,0,0,0,0,0,0,0,-3
16687,VEETA DAY MILK TOAST 3X200GM,70,5,0,0,0,0,0,0,0,0,0,0,0,0,5
16688,METHI DANA 1KG,210,0,0,0,0,0,0,0,0,0,0,0,0,0,0
16689,MOTHER DAIRY ICE CREAM NUTTY CARNIVAL 125ML,25,0,0,0,0,0,0,0,0,0,0,0,0,0,0
16690,TROPICANA JUICE ESSENTIALS FRUIT & VEGGIES 500ML,75,0,0,0,0,0,0,0,0,0,0,0,0,0,0
16691,CADBURY PERK XTRA CHOCOLATY 28GM,10,50,0,0,0,0,0,0,0,0,0,0,0,0,50
16692,LONDON DAIRY ICE CREAM CHOCOLATE LITE 125ML,125,13,0,0,0,1,0,0,0,0,0,0,0,0,12
16693,AIR WICK LIFE SCENTS FIRST DAY OF SPRING 250ML,299,0,0,0,0,0,0,0,0,0,0,0,0,0,0
16694,CAMBAY TIGER RAW SURMAI MEDIUM 500GM,555,0,0,0,0,0,0,0,0,0,0,0,0,0,0
16695,CAMBAY TIGER MEDIUM PRAWNS 300GM,315,0,0,0,0,0,0,0,0,0,0,0,0,0,0
16696,CAMBAY TIGER SUPER JUMBO PRAWNS 200GM,445,0,0,0,0,0,0,0,0,0,0,0,0,0,0
16697,CAMBAY TIGER LARGE PRAWNS 300GM,390,0,0,0,0,0,0,0,0,0,0,0,0,0,0
16698,CAMBAY TIGER JUMBO PRAWNS 300GM,475,0,0,0,0,0,0,0,0,0,0,0,0,0,0
16699,CAMBAY TIGER SMALL PRAWNS 300GM,270,0,0,0,0,0,0,0,0,0,0,0,0,0,0
16700,CAMBAY TIGER JUMBO PRAWNS BLACK TIGER 200GM,360,0,0,0,0,0,0,0,0,0,0,0,0,0,0
16701,NESTLE GREEK YOGHURT BLUEBERRY 100GM,35,5,0,0,0,0,0,0,0,0,0,0,0,0,5
16702,PARLE MONACO CHEESLINGS CLASSIC 150GM,50,0,0,0,0,0,0,0,0,0,0,0,0,0,0
16703,VERKA PIO BANANA SUGAR FREE 200ML,30,0,0,0,0,0,0,0,0,0,0,0,0,0,0
16704,AMUL FRESH CREAM 250ML,57,58,0,0,0,2,0,0,0,0,0,0,0,0,56
16705,AXE DEO SIGNATURE BODY PERFUME SPORT 122ML,190,0,0,0,0,0,0,0,0,0,0,0,0,0,0
16706,AXE DEO SIGNATURE BODY PERFUME CORPORATE 122ML,190,0,0,0,0,0,0,0,0,0,0,0,0,0,0
16707,SUNSILK SHAMPOO NOURISHING SOFT & SMOOTH 5NATURAL OILS 180ML,85,0,0,0,0,0,0,0,0,0,0,0,0,0,0
16708,REAL JUICE WELLNEZZ AMLA PLUS 1LTR,99,0,0,0,0,0,0,0,0,0,0,0,0,0,0
16709,PREMIUM EAU DE COLOGNE 200ML,165,0,0,0,0,0,0,0,0,0,0,0,0,0,0
16710,PARK AVENUE BEER SHAMPOO ANTI DANDRUFF 350ML,250,2,0,0,0,0,0,0,0,0,0,0,0,0,2
16711,PARK AVENUE BEER SHAMPOO DAILY SHINE 350ML,250,0,0,0,0,0,0,0,0,0,0,0,0,0,0
16712,KWALITY WALLS ICE CREAM CORNETTO MINIDISC CHOCOLATE+VANILLA 6X45ML,150,2,0,0,0,0,0,0,0,0,0,0,0,0,2
16713,KWALITY WALLS ICE CREAM RASPBERRY ZIP 57GM,25,1,0,0,0,0,0,0,0,0,0,0,0,0,1
16714,KWALITY WALLS ICE CREAM PATAKA 54GM,20,20,0,0,0,0,0,0,0,0,0,0,0,0,20
16715,HOME MADE BADAM DRINKS 750ML,210,0,0,0,0,0,0,0,0,0,0,0,0,0,0
16716,GOWARDHAN CHEESE PROCESSED 200GM,115,0,0,0,0,0,0,0,0,0,0,0,0,0,0
16717,UNIBIC HONEY & OATMEAL COOKIES FAMILY PACK 150GM,40,0,0,0,0,0,0,0,0,0,0,0,0,0,0
16718,HIMALAYA HAND SANITIZER STRAWBERRY 100ML,90,0,0,0,0,0,0,0,0,0,0,0,0,0,0
16719,HIMALAYA PURE HANDS HANDSANITIZER 100ML,90,0,0,0,0,0,0,0,0,0,0,0,0,0,0
16720,HIMALAYA HAND SANITIZER GREEN APPLE 100ML,90,0,0,0,0,0,0,0,0,0,0,0,0,0,0
16721,HIMALAYA HAND SANITIZER LITCHI 100ML,90,0,0,0,0,0,0,0,0,0,0,0,0,0,0
16722,HIMALAYA HAND SANITIZER ORANGE 100ML,90,0,0,0,0,0,0,0,0,0,0,0,0,0,0
16723,LUX SOAP FRESH SPLASH 4X54GM,40,0,0,0,0,0,0,0,0,0,0,0,0,0,0
16724,PEARS SOAP SOFT &  FRESH 50GM,22,6,0,0,0,0,0,0,0,0,0,0,0,0,6
16725,MOTHER DAIRY ICE CREAM SHAHI KULFI 40ML,10,0,0,0,0,0,0,0,0,0,0,0,0,0,0
16726,HIT GEL STICK KILLS COCKROACHES 20ML,30,6,0,0,0,0,0,0,0,0,0,0,0,0,6
16727,HIT LIME FRAGRANCE FOR MOSQUITOES AND FILES KILLS DENGUE & MALARIA 200ML,94,0,0,0,0,0,0,0,0,0,0,0,0,0,0
16728,NESTEA ICED TEA PASSION FRUIT MANGO PINEAPPLE 12.5GM,10,3,0,0,0,0,0,0,0,0,0,0,0,0,3
16729,MOTHER DAIRY ICE CREAM LIVE LITE CHOCOLATE 115ML,30,0,0,0,0,0,0,0,0,0,0,0,0,0,0
16730,VANISH OXI ACTION 200GM,99,5,0,0,0,0,0,0,0,0,0,0,0,0,5
16731,VANISH OXI ACTION 800ML,165,2,0,0,0,0,0,0,0,0,0,0,0,0,2
16732,MTR VEGETABLE UPMA 230GM,80,0,0,0,0,0,0,0,0,0,0,0,0,0,0
16733,CREMICA KALONJI CRACKER BISCUIT 90GM,10,0,0,0,0,0,0,0,0,0,0,0,0,0,0
16734,MR WHITE 2X ACTIVE POWER 5KG,440,0,0,0,0,0,0,0,0,0,0,0,0,0,0
16735,SAFFOLA AURA EXTRA VIRGIN OLIVE & FLAXSEED OIL 250ML,350,0,0,0,0,0,0,0,0,0,0,0,0,0,0
16736,SAFFOLA AURA REFINED OIL & FLAXSEED OIL 500ML,580,0,0,0,0,0,0,0,0,0,0,0,0,0,0
16737,SAFFOLA AURA REFINED OIL & FLAXSEED OIL 1LTR,1150,0,0,0,0,0,0,0,0,0,0,0,0,0,0
16738,GARNIER MEN FACE WASH GEL OILCLEAR SKIN PURIFYING 100GM,195,1,0,0,0,0,0,0,0,0,0,0,0,0,1
16739,GARNIER MEN FACE WASH GEL OILCLEAR SKIN PURIFYING 50GM,99,0,0,0,0,0,0,0,0,0,0,0,0,0,0
16740,ENO COOLLEMON FLAVOUR 5GM,8,0,0,0,0,0,0,0,0,0,0,0,0,0,0
16741,KWALITY WALLS ICE CREAM LEMON BLAST 52GM,10,-1,0,0,0,0,0,0,0,0,0,0,0,0,-1
16742,KWALITY WALLS ICE CREAM CHOCO BAR MINI 30GM,10,0,0,0,0,0,0,0,0,0,0,0,0,0,0
16743,KWALITY WALLS ICE CREAM KESAR KULFI 52GM,30,0,0,0,0,0,0,0,0,0,0,0,0,0,0
16744,KWALITY WALLS ICE CREAM MANGO ZIP 57GM,25,-74,0,0,0,0,0,0,0,0,0,0,0,0,-74
16745,KWALITY WALLS ICE CREAM CORNETTO CHOCOLATE MINI 45ML,20,0,0,0,0,0,0,0,0,0,0,0,0,0,0
16746,KWALITY WALLS ICE CREAM CORNETTO BUTTERSCOTCH MINI 45ML,20,0,0,0,0,0,0,0,0,0,0,0,0,0,0
16747,NESTLE CHOCO CARAMEL ECLAIRS 340GM,100,0,0,0,0,0,0,0,0,0,0,0,0,0,0
16748,SURF EXCEL MATIC LIQUID TOP LOAD 1.02LTR,199,1,0,0,0,1,0,0,0,0,0,0,0,0,0
16749,VIM BAR TUB 250GM,27,6,0,0,0,0,0,0,0,0,0,0,0,0,6
16750,NESTLE MUNCH CELEBRATES 23GM,10,0,0,0,0,0,0,0,0,0,0,0,0,0,0
16751,GOODWYN CHAMOMILE TEA 20BAGS,180,2,0,0,0,0,0,0,0,0,0,0,0,0,2
16752,KRAVOUR WAFER ORANGE FLAVOURED BISCUITS 75GM,25,4,0,0,0,0,0,0,0,0,0,0,0,0,4
16753,GOOD KNIGHT COOL GEL NATURAL ALOE VERA CHILD SAFE 50GM,75,0,0,0,0,0,0,0,0,0,0,0,0,0,0
16754,GOOD KNIGHT SILVER POWER 30N,54,0,0,0,0,0,0,0,0,0,0,0,0,0,0
16755,GODREJ ARE POCKET FRESH 10GM,55,2,0,0,0,0,0,0,0,0,0,0,0,0,2
16756,GODREJ ARE POCKET PETAL 10GM,55,5,0,0,0,0,0,0,0,0,0,0,0,0,5
16757,ARIEL BRILLIANT CLEANING IN 1 WASH 1KG+TOP LOAD 200GM FREE,215,0,0,0,0,0,0,0,0,0,0,0,0,0,0
16758,ORAL-B TOOTH BRUSH ULTRATHIN SENSITIVE EXTRA SOFT 1NOS,60,2,0,7,0,0,0,0,0,0,0,0,0,0,9
16759,DINDAYAL AUSHADHI JAMUN PLUS VINEGAR 500ML,170,5,0,0,0,0,0,0,0,0,0,0,0,0,5
16760,DIET FOODS SOYA KATORI ITALIAN FLAVOUR 120GM,60,0,0,0,0,0,0,0,0,0,0,0,0,0,0
16761,GARDEN SABUDANA CHIVDA 140GM,45,0,0,0,0,0,0,0,0,0,0,0,0,0,0
16762,GARDEN DIET CHIVDA 150GM,45,0,0,0,0,0,0,0,0,0,0,0,0,0,0
16763,GARDEN BHAVNAGRI GATHIA 160GM,42,0,0,0,0,0,0,0,0,0,0,0,0,0,0
16764,GARDEN CRISPY MURUKKU 160GM,45,0,0,0,0,0,0,0,0,0,0,0,0,0,0
16765,GARDEN MINI BHAKARWADI 160GM,43,0,0,0,0,0,0,0,0,0,0,0,0,0,0
16766,PARLEY HAPPY HAPPY FUSION COOKIES 150GM,40,0,0,0,0,0,0,0,0,0,0,0,0,0,0
16767,PARLE MILANO DELICIOUSLY RICH CHOCOLATE CHIP COOKIES 120GM,50,0,0,0,0,0,0,0,0,0,0,0,0,0,0
16768,NESCAFE CLASSIC 50GM FREE SHAKER BOOKLET,140,4,0,0,0,1,0,0,0,0,0,0,0,0,3
16769,NESTLE CHOCO CARAMEL ECLEAR 3.4GM,1,0,0,0,0,0,0,0,0,0,0,0,0,0,0
16770,MOTHER DAIRY ICE CREAM RED VELVETCHEESECAKE 473GM,400,0,0,0,0,0,0,0,0,0,0,0,0,0,0
16771,MOTHER DAIRY ICE CREAM EKDUM GUAVA 75ML,20,0,0,0,0,0,0,0,0,0,0,0,0,0,0
16772,MOTHER DAIRY ICE CREAM BELGIAM CHILLZ CHOCOLATE 75ML,40,1,0,0,0,0,0,0,0,0,0,0,0,0,1
16773,MOTHER DAIRY ICE CREAM BELGIAN CHILLZ ALMOND 75ML,40,-9,0,0,0,0,0,0,0,0,0,0,0,0,-9
16774,MCCAIN CRAZY FRIES HERB AND GARLIC 400GM,115,2,0,0,0,0,0,0,0,0,0,0,0,0,2
16775,KISSAN MIXED FRUIT JAM 32GM,10,0,0,0,0,0,0,0,0,0,0,0,0,0,0
16776,WINTEX FAB 4PLAY TISSUE PAPER 33X33 PACK OF50,120,0,0,0,0,0,0,0,0,0,0,0,0,0,0
16777,JABSONS ROASTED PEANUTS THAI SWEET CHILLI 140GM,70,0,0,0,0,0,0,0,0,0,0,0,0,0,0
16778,JABSONS ROASTED PEANUTS TANDOORI 140GM,70,3,0,0,0,0,0,0,0,0,0,0,0,0,3
16779,JABSONS ROASTED PEANUTS DIGESTIVE 140GM,70,0,0,0,0,0,0,0,0,0,0,0,0,0,0
16780,JABSONS ROASTED PEANUTS BAR-B-QUE 140GM,70,1,0,0,0,1,0,0,0,0,0,0,0,0,0
16781,RASNA MIXED FRUIT 500GM,120,0,0,0,0,0,0,0,0,0,0,0,0,0,0
16782,COLGATE TOOTH BRUSH ZIG ZAG BLACK SOFT 4NOS,90,0,0,0,0,0,0,0,0,0,0,0,0,0,0
16783,HE FACE WASH ON THE GO WATERLESS 20GM,35,0,0,0,0,0,0,0,0,0,0,0,0,0,0
16784,NAVRATNA TALC I-COOL 400GM,175,0,0,0,0,0,0,0,0,0,0,0,0,0,0
16785,PARACHUTE MEN HAIR CREAM ANT-HAIRFALLWITH ALMOND 100GM,95,0,0,0,0,0,0,0,0,0,0,0,0,0,0
16786,PARACHUTE MEN HAIR CREAM CLASSIC 100GM,85,0,0,0,0,0,0,0,0,0,0,0,0,0,0
16787,AMUL ICE CREAM SUNDAE BLACK CURRANT 100ML,20,0,0,0,0,0,0,0,0,0,0,0,0,0,0
16788,MTR OATS HOMESTYLE MASALA 230GM,85,0,0,0,0,0,0,0,0,0,0,0,0,0,0
16789,MTR MAGIC MASALA UPMA CUP 80GM,45,0,0,0,0,0,0,0,0,0,0,0,0,0,0
16790,MTR KESARI HALWA 80GM,50,0,0,0,0,0,0,0,0,0,0,0,0,0,0
16791,DABUR ODOMOS NATURALS LOTION 120ML,90,0,0,0,0,0,0,0,0,0,0,0,0,0,0
16792,DABUR ODOMOS NATURALS LOTION 60ML,50,0,0,0,0,0,0,0,0,0,0,0,0,0,0
16793,DABUR ANMOL GOLD PURE COCONUT OIL YELLOW 500ML,133,0,0,0,0,0,0,0,0,0,0,0,0,0,0
16794,KURKURE TRANGLES MANGO ACHAARI 90GM,20,17,0,0,0,0,0,0,0,0,0,0,0,0,17
16795,HALDIRAMS CHIPS PUDINA TREAT 200GM,60,0,0,0,0,0,0,0,0,0,0,0,0,0,0
16796,VEEBA THOUSAND ISLAND SANDWICH SPREAD 280GM,89,1,0,0,0,0,0,0,0,0,0,0,0,0,1
16797,VEEBA CHEESE &CHILLISANDWICH SPREAD 275GM,89,0,0,0,0,0,0,0,0,0,0,0,0,0,0
16798,GARNIER WHITE COMPLETE SPF 19 MULTI ACTION FAIRBESS CREAM 40ML,160,0,0,0,0,0,0,0,0,0,0,0,0,0,0
16799,JOHNSONS SHAMPOO ACTIVE KIDS SOFT & SMOOTH 200ML,175,0,0,0,0,0,0,0,0,0,0,0,0,0,0
16800,JOHNSONS SHAMPOO ACTIVE KIDS CLEAN & FRESH 200ML,175,1,0,0,0,0,0,0,0,0,0,0,0,0,1
16801,JOHNSONS SHAMPOO ACTIVE KIDS SOFT & SMOOTH 100ML,95,1,0,0,0,1,0,0,0,0,0,0,0,0,0
16802,JOHNSONS SHAMPOO ACTIVE KIDS CLEAN & FRESH 100ML,95,1,0,0,0,0,0,0,0,0,0,0,0,0,1
16803,ALLOUT ALL NIGHT MOSQUITO AND FLY SPRAY 30ML,199,3,0,0,0,0,0,0,0,0,0,0,0,0,3
16804,HIMALAYA FACE WASH TAN REMOVAL ORANGE 50ML,70,1,0,0,0,0,0,0,0,0,0,0,0,0,1
16805,HIMALAYA FACE WASH TAN REMOVAL ORANGE 100ML,127,1,0,0,0,0,0,0,0,0,0,0,0,0,1
16806,HIMALAYA FACE SCRUB TAN REMOVAL ORANGE 50GM,70,0,0,0,0,0,0,0,0,0,0,0,0,0,0
16807,HIMALAYA FACE SCRUB TAN REMOVAL ORANGE 100GM,135,0,0,0,0,0,0,0,0,0,0,0,0,0,0
16808,NESTLE ICED TEA GREEN TEA PASSION FRUIT MANGO PINEAPPLE FLAVOUR 100GM,60,0,0,0,0,0,0,0,0,0,0,0,0,0,0
16809,NESTLE ICED TEA ROSE FLAVOUR 100GM,60,0,0,0,0,0,0,0,0,0,0,0,0,0,0
16810,AXE TALC SIGNATURE PULSE 100GM,65,0,0,0,0,0,0,0,0,0,0,0,0,0,0
16811,LAKME SUN EXPERT FAIRNESS+UV LOTION SPF50 50ML,280,0,0,0,0,0,0,0,0,0,0,0,0,0,0
16812,SUNSILK CONDITIONER STUNNING BLACK SHINE AMLA PEARL COMPLEX 80ML,69,2,0,0,0,0,0,0,0,0,0,0,0,0,2
16813,BLUE FLAME CHICKEN SAUSAGES SMOKY 200GM,160,0,0,0,0,0,0,0,0,0,0,0,0,0,0
16814,BLUE FLAME CHICKEN SPRING ROLLS 280GM,195,0,0,0,0,0,0,0,0,0,0,0,0,0,0
16815,BLUE FLAME CHICKEN SAMOSAS 240GM,175,0,0,0,0,0,0,0,0,0,0,0,0,0,0
16816,V WASH SEA BUCKTHORN OIL & TEA TREE OIL 200ML,275,3,0,0,0,0,0,0,0,0,0,0,0,0,3
16817,V WASH SEA BUCKTHORN OIL & TEA TREE OIL 100ML,165,3,0,0,0,0,0,0,0,0,0,0,0,0,3
16818,V WASH HYGIENE WIPES 100WIPES,90,1,0,0,0,0,0,0,0,0,0,0,0,0,1
16819,V WASH HYGIENE TRAVEL PACK 20ML+5WIPES,95,0,0,0,0,0,0,0,0,0,0,0,0,0,0
16820,FOGG SCENT DISCOVER EAU DE PARFUM 50ML,349,0,0,0,0,0,0,0,0,0,0,0,0,0,0
16821,FOGG SCENT EXPLORE EAU DE PARFUM 50ML,349,0,0,0,0,0,0,0,0,0,0,0,0,0,0
16822,FOGG SCENT THUMP EAU DE PARFUM 50ML,349,0,0,0,0,0,0,0,0,0,0,0,0,0,0
16823,FOGG SCENT TUXEDO EAU DE PARFUM 50ML,349,0,0,0,0,0,0,0,0,0,0,0,0,0,0
16824,GOWARDHAN CHEESE SLICE SCHEZWAN 200GM,140,3,0,0,0,0,0,0,0,0,0,0,0,0,3
16825,MULTAIN KUKA COUGH LOZENGES TULSI LEMON 3GM,1,0,0,0,0,0,0,0,0,0,0,0,0,0,0
16826,WHISPER CHOICE 2X8PADS,60,0,0,0,0,0,0,0,0,0,0,0,0,0,0
16827,PRIL LIQUID DISHWASH KRAFT GEL 500ML,110,0,0,0,0,0,0,0,0,0,0,0,0,0,0
16828,KURKURE PUFFCORN SPICY PUDINA FLAVOUR 54GM,20,0,0,0,0,0,0,0,0,0,0,0,0,0,0
16829,ALLOUT ULTRA REFFIL 2X45ML,134,4,0,0,0,1,0,0,0,0,0,0,0,0,3
16830,MCVITIES STRAWBERRY CREAMS 70GM,10,2,0,0,0,0,0,0,0,0,0,0,0,0,2
16831,MCVITIES VANILLA CREAMS 70GM,10,10,0,0,0,0,0,0,0,0,0,0,0,0,10
16832,CORNITOS CHUNKY SALSA TOMATO ONION PINEAPPLE MILD 330GM,210,0,0,0,0,0,0,0,0,0,0,0,0,0,0
16833,MINUTE MAID LITCHI 150ML,10,0,0,0,0,0,0,0,0,0,0,0,0,0,0
16834,DUKES NIBBLES SOUR CREAM & ONION 200GM,50,0,0,0,0,0,0,0,0,0,0,0,0,0,0
16835,VERKA NAMKEEN LASSI ZORO PRESERVATIES 200ML,20,27,0,0,0,7,0,0,0,0,0,0,0,0,20
16836,NAVRATAN TALC I-COOL BLAST 50GM,40,0,0,0,0,0,0,0,0,0,0,0,0,0,0
16837,MTR VEGETABLE UPMA CUP 80GM,50,0,0,0,0,0,0,0,0,0,0,0,0,0,0
16838,MOTHER DAIRY LASSI GUAVA BTL 200ML,20,0,0,0,0,0,0,0,0,0,0,0,0,0,0
16839,DAAWAT ROZANA GOLD PLUS 20% BROWN RICE 1KG,82,-1,0,0,0,0,0,0,0,0,0,0,0,0,-1
16840,UNIBIC DOOSRA CHILLI BUTTER COOKIES 150GM,30,0,0,0,0,0,0,0,0,0,0,0,0,0,0
16841,KOHINOOR ORGANIC WHITE RICE 1KG,210,0,0,0,0,0,0,0,0,0,0,0,0,0,0
16842,KOHINOOR ORGANIC BROWN 1KG,220,0,0,0,0,0,0,0,0,0,0,0,0,0,0
16843,KOHINOOR TROPHY ROYALE 5KG,590,0,0,0,0,0,0,0,0,0,0,0,0,0,0
16844,KARACHI BAKERY FRUIT RUSK 250GM,50,0,0,0,0,0,0,0,0,0,0,0,0,0,0
16845,KARACHI BAKERY MILK RUSK 250GM,50,0,0,0,0,0,0,0,0,0,0,0,0,0,0
16846,KARACHI BAKERY SOFT&CRISPY RUSK 250GM,50,0,0,0,0,0,0,0,0,0,0,0,0,0,0
16847,KARACHI BAKERY SUJI RUSK 250GM,50,0,0,0,0,0,0,0,0,0,0,0,0,0,0
16848,PICNIC GREEN CURRY INSTANT NOODLES 70GM,95,0,0,0,0,0,0,0,0,0,0,0,0,0,0
16849,PICNIC VEGETARAIN TOMYUM INSTANT NOODLES 70GM,95,0,0,0,0,0,0,0,0,0,0,0,0,0,0
16850,PICNIC TOMYUM INSTANT NOODLES 70GM,95,0,0,0,0,0,0,0,0,0,0,0,0,0,0
16851,PICNIC SEAFOOD INSTANT NOODLES 70GM,89,0,0,0,0,0,0,0,0,0,0,0,0,0,0
16852,PICNIC CURRY INSTANT NOODLES 70GM,89,0,0,0,0,0,0,0,0,0,0,0,0,0,0
16853,PICNIC CHICKEN INSTANT NOODLES 70GM,95,0,0,0,0,0,0,0,0,0,0,0,0,0,0
16854,BALI KITCHEN CHOW MEIN NOODLES 200GM,140,0,0,0,0,0,0,0,0,0,0,0,0,0,0
16855,VFOODS TOMYUM CORN SNACKS 48GM,60,0,0,0,0,0,0,0,0,0,0,0,0,0,0
16856,VFOODS HONEY BUTTER CORN SNACKS 48GM,60,0,0,0,0,0,0,0,0,0,0,0,0,0,0
16857,VFOODS BARBEQUE CORN SNACKS 48GM,60,0,0,0,0,0,0,0,0,0,0,0,0,0,0
16858,VFOODS MIX BISCUIT STICKS 75GM,60,0,0,0,0,0,0,0,0,0,0,0,0,0,0
16859,VFOODS MIX CHICKY STICK 75GM,60,0,0,0,0,0,0,0,0,0,0,0,0,0,0
16860,VFOODS MIX HOT CHILLI BISCUIT STICKS 75GM,60,0,0,0,0,0,0,0,0,0,0,0,0,0,0
16861,BLUE RIVA LEMON MINT BASIL SEED DRINK 290ML,89,0,0,0,0,0,0,0,0,0,0,0,0,0,0
16862,BLUE RIVA COCKTAIL BASIL SEED DRINK 290ML,89,0,0,0,0,0,0,0,0,0,0,0,0,0,0
16863,BLUE RIVA APPLE BASIL SEED DRINK 290ML,89,0,0,0,0,0,0,0,0,0,0,0,0,0,0
16864,BLUE RIVA PEACH BASIL SEED DRINK 290ML,89,0,0,0,0,0,0,0,0,0,0,0,0,0,0
16865,PICNIC TOMYUM INSTANT NOODLES CUP 60GM,85,0,0,0,0,0,0,0,0,0,0,0,0,0,0
16866,PICNIC VEGGIE INSTANT NOODLES CUP 60GM,85,0,0,0,0,0,0,0,0,0,0,0,0,0,0
16867,PICNIC GREEN CURRY INSTANT NOODLES CUP 60GM,85,0,0,0,0,0,0,0,0,0,0,0,0,0,0
16868,PICNIC CHICKEN INSTANT NOODLES CUP 60GM,85,0,0,0,0,0,0,0,0,0,0,0,0,0,0
16869,PICNIC SEAFOOD INSTANT NOODLES CUP 60GM,79,0,0,0,0,0,0,0,0,0,0,0,0,0,0
16870,PICNIC VEGETARAIN TOMYUM INSTANT NOODLES CUP 60GM,79,0,0,0,0,0,0,0,0,0,0,0,0,0,0
16871,PICNIC CURRY INSTANT NOODLES CP 60GM,85,0,0,0,0,0,0,0,0,0,0,0,0,0,0
16872,BALI KITCHEN VEGETABLE NOODLES 200GM,140,0,0,0,0,0,0,0,0,0,0,0,0,0,0
16873,MAGGI PAZZTA CHEESY TOMATO TWIST 41GM,15,0,0,0,0,0,0,0,0,0,0,0,0,0,0
16874,MAGGI HOT HEADS CHILLI CHICKEN NOODLES 284GM,85,0,0,0,0,0,0,0,0,0,0,0,0,0,0
16875,GILLETTE VECTOR3 GAT A FAST SHAVE 4CARTRIDEGS,230,1,0,0,0,0,0,0,0,0,0,0,0,0,1
16876,FAIR & LOVELY ADVANCED MULTI VITAMIN BLUE LENS 80GM,134,0,0,0,0,0,0,0,0,0,0,0,0,0,0
16877,CLINIC PLUS CONDITIONER TANGLE FREE WITH MILK PROTEIN & ALMOND 160ML,140,0,0,0,0,0,0,0,0,0,0,0,0,0,0
16878,TETLEY SUPER GREEN TEA IMMUNE LIME & MINT 30BAGS,170,0,0,0,0,0,0,0,0,0,0,0,0,0,0
16879,VEET HAIR REMOVAL CREAM SILK & FRESH SUPREM ESSENC 50GM,120,2,0,0,0,0,0,0,0,0,0,0,0,0,2
16880,VEET SENSITIVE TOUCH ELECTRIC TRIMMER,1850,0,0,0,0,0,0,0,0,0,0,0,0,0,0
16881,KELLOGGS CORN FLAKES REAL ALMOND AND HONEY 650GM,335,2,0,0,0,0,0,0,0,0,0,0,0,0,2
16882,RORITO JOTTEK FEATBERSOFT,25,0,0,0,0,0,0,0,0,0,0,0,0,0,0
16883,YARDELEY TALC GENTLEMAN CLASSIC 150GM,130,0,0,0,0,0,0,0,0,0,0,0,0,0,0
16884,YARDLEY TALC LANDAN MIST 150GM,120,0,0,0,0,0,0,0,0,0,0,0,0,0,0
16885,MTR KHATTA MEETHA POHA BOX 230GM,80,0,0,0,0,0,0,0,0,0,0,0,0,0,0
16886,MTR POHA BOX 230GM,80,0,0,0,0,0,0,0,0,0,0,0,0,0,0
16887,MTR OATS HOMESTYLE MAALA 80GM,50,0,0,0,0,0,0,0,0,0,0,0,0,0,0
16888,SOLAR BREAKFAST SUGAR 500GM,84,0,0,0,0,0,0,0,0,0,0,0,0,0,0
16889,PARACHUTE MEN HAIR CREAM ANTI-HAIRFALL WITH ALMOND 50GM,50,0,0,0,0,0,0,0,0,0,0,0,0,0,0
16890,LOTTE COCONUT PUNCH COFFEE 25GM,5,0,0,0,0,0,0,0,0,0,0,0,0,0,0
16891,VEEBA PASTA & PIZZA SAUCE 310GM,89,1,0,0,0,0,0,0,0,0,0,0,0,0,1
16892,PARK AVENUE DEO TRANCE PERFUME SPRAY 135ML,210,0,0,0,0,0,0,0,0,0,0,0,0,0,0
16893,PARK AVENUE DEO FIESTA PERFUME SPRAY 135ML,195,0,0,0,0,0,0,0,0,0,0,0,0,0,0
16894,PARK AVENUE DEO ZOUK PERFUME SPRAY 135ML,195,0,0,0,0,0,0,0,0,0,0,0,0,0,0
16895,ZANDU SPRAY RAPID ACTION PAIN RELIFE 35GM,100,0,0,0,0,0,0,0,0,0,0,0,0,0,0
16896,AMULICE CREAM CHOCOBAR CRACKLERS 60ML,20,0,0,0,0,0,0,0,0,0,0,0,0,0,0
16897,GARNIER SHAMPOO ULTRA BLENDS MYTHIC OLIVE 90ML,60,0,0,0,0,0,0,0,0,0,0,0,0,0,0
16898,ORGANIC NATION HIMALAYAN PINK ROCK SALT 500GM,60,1,0,0,0,0,0,0,0,0,0,0,0,0,1
16899,ORGANIC NATION ROCK SALT 200GM,50,0,0,0,0,0,0,0,0,0,0,0,0,0,0
16900,MAGGI PAZZTA MASALA PENNE 39GM,15,0,0,0,0,0,0,0,0,0,0,0,0,0,0
16901,PRINGLES PERI PERI FLAVOUR 110GM,99,5,0,0,0,0,0,0,0,0,0,0,0,0,5
16902,DOVE SOAP PINK/ROSE 50GM,24,1,0,0,0,0,0,0,0,0,0,0,0,0,1
16905,BRITANNIA GOOD DAY CHOCOCHIP COOKIES 44GM,10,22,0,0,0,0,0,0,0,0,0,0,0,0,22
16906,HALDIRAMS MANGO PICKLE 1KG,130,0,0,0,0,0,0,0,0,0,0,0,0,0,0
16907,HALDIRAMS MIXED PICKLE 1KG,130,0,0,0,0,0,0,0,0,0,0,0,0,0,0
16908,PANTENE SHAMPOO HAIR FALL CONTROL 675ML+CONDITIONER 175ML FREE,400,0,0,0,0,0,0,0,0,0,0,0,0,0,0
16909,COLGATE TOOTH PASTE VISIBLE WHITE 3X100GM,190,0,0,0,0,0,0,0,0,0,0,0,0,0,0
16910,WILD STONE TALC COOL MENTHOL ACTIVE SILVER 100GM,65,0,0,0,0,0,0,0,0,0,0,0,0,0,0
16911,WILD STONE TALCUM COOL MENTHOL SEA MINERALS 300GM,150,0,0,0,0,0,0,0,0,0,0,0,0,0,0
16912,WILD STONE TALC COOL MENTHOL ACTIVE SILVER 300GM,150,0,0,0,0,0,0,0,0,0,0,0,0,0,0
16913,SECRET TEMPTATION PERFUME BODY SPRAY AQUA 120ML,199,0,0,0,0,0,0,0,0,0,0,0,0,0,0
16914,SECRET TEMPTATION PERFUME BODY SPRAY BREEZE 120ML,199,0,0,0,0,0,0,0,0,0,0,0,0,0,0
16915,SECRET TEMPTATION PERFUME BODY SPRAY PEARL 120ML,199,0,0,0,0,0,0,0,0,0,0,0,0,0,0
16916,QUINOA GRAIN SUPER FOODS 250GM,250,4,0,0,0,0,0,0,0,0,0,0,0,0,4
16917,QUINOA GRAIN SUPER FOODS 910GM,850,1,0,0,0,0,0,0,0,0,0,0,0,0,1
16918,QUINOA CHIPS CREAM & ONION 60GM,95,1,0,0,0,0,0,0,0,0,0,0,0,0,1
16919,QUAKER OATS HEALTHY BREAKFAST 40GM,10,0,0,0,0,0,0,0,0,0,0,0,0,0,0
16920,BLUE RIVA WATERMELON BASIL SEED DRINK 290ML,89,0,0,0,0,0,0,0,0,0,0,0,0,0,0
16921,GLUCON-D REGULAR 1KG,158,0,0,0,0,0,0,0,0,0,0,0,0,0,0
16922,GLUCON-D REGULAR JAR 1KG,175,0,0,0,0,0,0,0,0,0,0,0,0,0,0
16923,GLUCON-D TANGY ORANGE 1KG,250,0,0,0,0,0,0,0,0,0,0,0,0,0,0
16924,GLUCON-D NIMBU PANI 1KG,250,0,0,0,0,0,0,0,0,0,0,0,0,0,0
16925,NYCIL COOL CLASSIC 150GM,99,1,0,0,0,0,0,0,0,0,0,0,0,0,1
16926,JOLLY RANCHER LOLLIPOPS 6X54GM,30,4,0,0,0,0,0,0,0,0,0,0,0,0,4
16927,YARDLEY TALC ENGLISH LAVENDER 150GM,130,0,0,0,0,0,0,0,0,0,0,0,0,0,0
16928,GLUCOVITA TANGY LEMON 400GM,135,0,0,0,0,0,0,0,0,0,0,0,0,0,0
16929,CREMICA MAYO VEGETARIAN 275GM,79,0,0,0,0,0,0,0,0,0,0,0,0,0,0
16930,JABSONS ROASTED PEANUTS WASABI 140GM,70,4,0,0,0,0,0,0,0,0,0,0,0,0,4
16931,SCOTCH BRITE BATHROOM NET SPONGE,40,0,0,0,0,0,0,0,0,0,0,0,0,0,0
16932,CORNITOS NACHO CRISPS SOUR CREAM AND ONION 150GM,85,7,0,0,0,1,0,0,0,0,0,0,0,0,6
16933,CORNITOS NACHO CRISPS SOUR CREAM AND ONION 60GM,35,9,0,0,0,0,0,0,0,0,0,0,0,0,9
16935,LAKME FACEWASH BLUSH & GLOW CREAM WITH STRAWBERRY EXTRACTS 50GM,99,0,0,0,0,0,0,0,0,0,0,0,0,0,0
16936,DOVE BEAUTY MOISTURE NUTRIUM MOISTURE BEAUTY SERUM 50GM,120,0,0,0,0,0,0,0,0,0,0,0,0,0,0
16937,PAPER BOAT LYCHEE RAS 180ML,20,6,0,0,0,2,0,0,0,0,0,0,0,0,4
16938,PAPER BOAT SANTRA 180ML,20,5,0,0,0,2,0,0,0,0,0,0,0,0,3
16939,UNIBIC PISTA BADAM COOKIES FAMILY PACK 150GM,45,0,0,0,0,0,0,0,0,0,0,0,0,0,0
16940,BAGRRYS STEEL CUT OATS 500GM,245,0,0,0,0,0,0,0,0,0,0,0,0,0,0
16941,RIGHT MOO ORGANIC COLD FILTER COFFEE LOW FAT 240ML,90,0,0,0,0,0,0,0,0,0,0,0,0,0,0
16942,RIGHT MOO ORGANIC MOCHA CAFE LOW FAT 250ML,95,0,0,0,0,0,0,0,0,0,0,0,0,0,0
16943,RIGHT MOO ORGANIC ALPHONSO MILK AAMRAS 250ML,69,0,0,0,0,0,0,0,0,0,0,0,0,0,0
16944,RIGHT MOO ORGANIC BLUEBERRY FRUIT MILK SHAKE 250ML,95,0,0,0,0,0,0,0,0,0,0,0,0,0,0
16945,PUR VODA MINERAL WATER 200ML,15,0,0,0,0,0,0,0,0,0,0,0,0,0,0
16946,PUR VODA MINERAL WATER 1LTR,60,0,0,0,0,0,0,0,0,0,0,0,0,0,0
16947,AMUL ICE CREAM GOLDEN PEARL 2LTR,260,0,0,0,0,0,0,0,0,0,0,0,0,0,0
16948,AMUL ICE CREAM CHEESE N STRAWBERRY MAGIC TUB 1LTR,150,0,0,0,0,0,0,0,0,0,0,0,0,0,0
16949,ZANDU GEL RAPID ACTION RELIFE FROM BODY PAIN 30ML,98,0,0,0,0,0,0,0,0,0,0,0,0,0,0
16950,PARK AVENUE SOAP STORM 4X125GM,135,1,0,0,0,0,0,0,0,0,0,0,0,0,1
16951,PARK AVENUE SOAP LUXURY 4X125GM,135,2,0,0,0,0,0,0,0,0,0,0,0,0,2
16952,KINLEY SODA CAN 300ML,20,16,0,0,0,0,0,0,0,0,0,0,0,0,16
16953,JOHN WEST IN SUNFLOWER OIL TUNA CHUNKS 160GM,305,0,0,0,0,0,0,0,0,0,0,0,0,0,0
16954,JOHN WEST WILD PACIFIC PINK SALMON 418GM,525,1,0,0,0,0,0,0,0,0,0,0,0,0,1
16955,PRINCES HOT DOGS 400GM,380,1,0,0,0,0,0,0,0,0,0,0,0,0,1
16956,PRINCES HAM 454GM,725,0,0,0,0,0,0,0,0,0,0,0,0,0,0
16957,ROYALTY NON ALCOHOLIC COCKTAIL SAPPHIRE 750ML,240,0,0,0,0,0,0,0,0,0,0,0,0,0,0
16958,ROYALTY NON ALCOHOLIC COCKTAIL RUBY 750ML,240,0,0,0,0,0,0,0,0,0,0,0,0,0,0
16959,ROYALTY NON ALCOHOLIC COCKTAIL EMERALD 750ML,240,0,0,0,0,0,0,0,0,0,0,0,0,0,0
16960,DIET FOODS SOYA CHIPS JALAPENO FLAVOUR 150GM,60,0,0,0,0,0,0,0,0,0,0,0,0,0,0
16961,BLUE RIVA STRAWBERRY BASIL SEED DRINK 290ML,89,0,0,0,0,0,0,0,0,0,0,0,0,0,0
16962,MAGGI SUPER CHENNAI MASALA NOODLES 73GM,20,0,0,0,0,0,0,0,0,0,0,0,0,0,0
16963,MAGGI AMRITSARI ACHARI MASALA NOODLES 73GM,20,0,0,0,0,0,0,0,0,0,0,0,0,0,0
16964,KWALITY WALLS ICE CREAM VANILLA SUPREME 85ML,15,1,0,0,0,0,0,0,0,0,0,0,0,0,1
16965,PARLE G MILK SHAKTI MILKY SANDWICH 120GM,20,0,0,0,0,0,0,0,0,0,0,0,0,0,0
16966,ROCK LIGHT MOSQUITO BAT,200,0,0,0,0,0,0,0,0,0,0,0,0,0,0
16968,NIVEA BODY DEODORIZER GAS FREE FRESHCITRUS & CARE 120ML,230,1,0,0,0,0,0,0,0,0,0,0,0,0,1
16969,NIVEA BODY DEODORIZER GAS FREE FRESHPETAL & CARE 120ML,230,1,0,0,0,0,0,0,0,0,0,0,0,0,1
16970,NIVEA BODY DEODORIZER GAS FREE FRESHROSE & CARE 120ML,230,0,0,0,0,0,0,0,0,0,0,0,0,0,0
16971,DETTOL HANDWASH SKINCARE 750ML,169,0,0,0,0,0,0,0,0,0,0,0,0,0,0
16972,VANISH OXI ACTION 100GM,55,3,0,0,0,0,0,0,0,0,0,0,0,0,3
16973,PASEO ELEGANT HYGIENIC SOFT AND NATURAL BATHROOM TISSUE PRINTED 1ROLL,49,0,0,0,0,0,0,0,0,0,0,0,0,0,0
16974,PASEO ALOE VERA VELVET TISSUE BOX 100SHEETS,145,0,0,0,0,0,0,0,0,0,0,0,0,0,0
16975,KELLOGGS OATS MANGO STRAWBERRY 39GM,10,0,0,0,0,0,0,0,0,0,0,0,0,0,0
16976,KELLOGGS OATS SHAHI KHEER 39GM,15,12,0,0,0,0,0,0,0,0,0,0,0,0,12
16977,CITRA FACE WASH PIMPLE CLEAR JAPANESE GREEN TEA 100GM,140,1,0,0,0,0,0,0,0,0,0,0,0,0,1
16978,CITRA GEL FACE WASH PEARL FAIR KOREAN PINK PEARL 100GM,160,1,0,0,0,0,0,0,0,0,0,0,0,0,1
16979,CITRA FACE WASH PIMPLE CLEAR JAPANESE GREEN TEA 50GM,75,3,0,0,0,0,0,0,0,0,0,0,0,0,3
16980,CITRA FACE CREAM PEARL FAIR KOREAN PINK PEARL 30GM,99,1,0,0,0,0,0,0,0,0,0,0,0,0,1
16981,CITRA FACE CREAM PEARL FAIR KOREAN PINK PEARL 50GM,199,1,0,0,0,0,0,0,0,0,0,0,0,0,1
16982,CITRA FACE CREAM SPOT LESS FAIR JAPANESE GREEN TEA 50GM,199,2,0,0,0,0,0,0,0,0,0,0,0,0,2
16983,CITRA FACE CREAM SPOT LESS FAIR JAPANESE GREEN TEA 30GM,99,0,0,0,0,0,0,0,0,0,0,0,0,0,0
16984,CITRA GEL FACE WASH PEARL FAIR KOREAN PINK PEARL 50GM,85,1,0,0,0,0,0,0,0,0,0,0,0,0,1
16985,AXE SIGNATURE AFTERSHAVE LOTION DENIM 50ML,120,1,0,0,0,0,0,0,0,0,0,0,0,0,1
16986,TOPS KESAR PISTA KULFI 2X100GM,120,0,0,0,0,0,0,0,0,0,0,0,0,0,0
16987,GARNIER MEN FACEWASH POWERWHITE DOUBLE ACTION 100GM+FREE RAZOR,190,0,0,0,0,0,0,0,0,0,0,0,0,0,0
16988,GARNIER SHAMPOO ULTRA BLENDS ROYAL JELLY &  LAVENDER 640ML,430,0,0,0,0,0,0,0,0,0,0,0,0,0,0
16989,GARNIER MEN FACEWASH OIL CLEAR 100GM+FREE RAZOR,185,0,0,0,0,0,0,0,0,0,0,0,0,0,0
16990,MAGGI BENGALI JHAAL MASALA NOODLES 73GM,20,0,0,0,0,0,0,0,0,0,0,0,0,0,0
16991,COLGATE TOOTH BRUSH ZIG ZAG BLACK SOFT 5N,99,0,0,0,0,0,0,0,0,0,0,0,0,0,0
16992,FIAMA MEN SHOWER GEL COOL BURST 250ML,199,2,0,0,0,0,0,0,0,0,0,0,0,0,2
16993,GOWARDHAN PROCESSED CHEESE 400GM,200,0,0,0,0,0,0,0,0,0,0,0,0,0,0
16994,HOME MADE MANGO JUICE NO PRESERVATIVE 750ML,170,0,0,0,0,0,0,0,0,0,0,0,0,0,0
16995,HOME MADE AAM PANNA JUICE NO PRESERVATIVE 750ML,160,0,0,0,0,0,0,0,0,0,0,0,0,0,0
16996,HOME MADE LYCHEE JUICE NO PRESERVATIVE 750ML,240,0,0,0,0,0,0,0,0,0,0,0,0,0,0
16997,NIVEA SOAP CREME SOFT 4X75GM,132,0,0,0,0,0,0,0,0,0,0,0,0,0,0
16998,PARLE G MILK SHAKTI MILKY SANDWIH 60GM,10,0,0,0,0,0,0,0,0,0,0,0,0,0,0
16999,ROOH AFZA FUSION PINEAPPLE & ORANGE 200ML,20,0,0,0,0,0,0,0,0,0,0,0,0,0,0
17000,ROOH AFZA FUSION LEMON 200ML,20,0,0,0,0,0,0,0,0,0,0,0,0,0,0
17001,ROOH AFZA FUSION ORANGE 200ML,20,0,0,0,0,0,0,0,0,0,0,0,0,0,0
17002,ROOH AFZA FUSION MANGO 200ML,20,0,0,0,0,0,0,0,0,0,0,0,0,0,0
17003,SNICKERS HOME PACK 4X25GM,75,0,0,0,0,0,0,0,0,0,0,0,0,0,0
17004,PAMPERS BABY DRY PANTS LARGE 48PANTS,674,0,0,0,0,0,0,0,0,0,0,0,0,0,0
17005,PEPSI BLACK CAN 250ML,25,48,0,24,0,0,0,0,0,0,0,0,0,0,72
17006,DETTOL HAND WASH RE ENERGIZE LIQUID REFILL 750ML,185,0,0,0,0,0,0,0,0,0,0,0,0,0,0
17007,DETTOL SOAP DEEP CLEANSE 3X125GM,147,6,0,0,0,0,0,0,0,0,0,0,0,0,6
17008,DETTOL SOAP DEEP CLEANSE 4X75GM,93,1,0,0,0,0,0,0,0,0,0,0,0,0,1
17009,VANISH OXI ACTION 180ML,55,6,0,0,0,0,0,0,0,0,0,0,0,0,6
17010,BAGRRYS CORN FLAKES ORIGINAL & HEALTHIER 880GM,290,1,0,0,0,1,0,0,0,0,0,0,0,0,0
17011,GALA NO DUST BROOM 3X LONGER LASTING,180,0,0,0,0,0,0,0,0,0,0,0,0,0,0
17012,GUBB PEDICURE FILE FOOT CARE,99,0,0,0,0,0,0,0,0,0,0,0,0,0,0
17013,GUBB COTTON PADS EMBOSSED 100PEC,199,0,0,0,0,0,0,0,0,0,0,0,0,0,0
17014,GUBB COTTON PAD EXFOLIATING 80PADS,159,0,0,0,0,0,0,0,0,0,0,0,0,0,0
17015,GUBB GROOMING SCISSOR FACE CARE,249,0,0,0,0,0,0,0,0,0,0,0,0,0,0
17016,GUBB TWEEZER FLAT TIP FACE CARE,79,0,0,0,0,0,0,0,0,0,0,0,0,0,0
17017,GUBB 4AWY PEDICURE SET FOOT CARE,209,0,0,0,0,0,0,0,0,0,0,0,0,0,0
17018,GUBB HAIR COLORING BRUSH,49,0,0,0,0,0,0,0,0,0,0,0,0,0,0
17019,GUBB CERAMIC STONE PEDICURE SET,189,0,0,0,0,0,0,0,0,0,0,0,0,0,0
17020,GUBB PUMICE STONE,109,0,0,0,0,0,0,0,0,0,0,0,0,0,0
17021,GUBB HAIR TANGLE ERASER,399,0,0,0,0,0,0,0,0,0,0,0,0,0,0
17022,GUBB TWEEZER SLANT TIP FACE CARE,169,0,0,0,0,0,0,0,0,0,0,0,0,0,0
17023,SETWET HAIR GEL ULTIMATE HOLD 50ML,50,4,0,0,0,0,0,0,0,0,0,0,0,0,4
17024,SETWET HAIR GEL ULTIMATE HOLD 100ML,100,0,0,0,0,0,0,0,0,0,0,0,0,0,0
17025,SETWET BEARD GEL PERFECT HOLD JAR 200ML,199,0,0,0,0,0,0,0,0,0,0,0,0,0,0
17026,SETWET BEARD GEL PERFECT HOLD 100ML,110,0,0,0,0,0,0,0,0,0,0,0,0,0,0
17027,KWALITY WALLS ICE CREAM CREAMY DELIGHT LITCHI 750ML,250,0,0,0,0,0,0,0,0,0,0,0,0,0,0
17028,LIFEBUOY SOAP TOTAL 4X125GM,94,7,0,0,0,0,0,0,0,0,0,0,0,0,7
17029,FIAMA SHOWER GEL BLACKCURRANT & BEARBERRY 500ML,399,0,0,0,0,0,0,0,0,0,0,0,0,0,0
17030,MAGGI MUMBAIYA CHATAK MASALA NOODLES 73GM,20,0,0,0,0,0,0,0,0,0,0,0,0,0,0
17031,EVERYUTH LEMON FACEWASH OIL CLEAR 150GM,125,0,0,0,0,0,0,0,0,0,0,0,0,0,0
17032,EVERYUTH FACE WASH FRUIT MOISTURIZING 150GM,130,0,0,0,0,0,0,0,0,0,0,0,0,0,0
17033,EVERYUTH SCRUB PURIFYING & EXFOLIATING NEEM PAPAYA 50GM,70,0,0,0,0,0,0,0,0,0,0,0,0,0,0
17034,EVERYUTH SCRUB PURIFYING & EXFOLIATING NEEM PAPAYA 100GM,130,0,0,0,0,0,0,0,0,0,0,0,0,0,0
17035,SUNFEAST YIPPEE NOODLES MAGIC MASALA 420GM,67,0,0,0,0,0,0,0,0,0,0,0,0,0,0
17036,RIGHT MOO ORGANIC BADAM DRINK 250ML,95,0,0,0,0,0,0,0,0,0,0,0,0,0,0
17037,UNIBIC FRUIT & NUT COOKIES FAMILY 150GM,50,0,0,0,0,0,0,0,0,0,0,0,0,0,0
17038,UNIBIC CHOCO NUT COOKIES DISPLAY 150GM,45,0,0,0,0,0,0,0,0,0,0,0,0,0,0
17039,NAVNEET GRAPH BOOK 80PAGES,40,4,0,0,0,0,0,0,0,0,0,0,0,0,4
17040,NAVNEET GRAPH BOOK 32PAGES,20,15,0,0,0,0,0,0,0,0,0,0,0,0,15
17041,NIVEA SOAP CREAM SOFT 50GM,30,0,0,0,0,0,0,0,0,0,0,0,0,0,0
17042,PANTENE SHAMPOO HAIR FALL CONTROL 340ML+SHAMPOO 180ML FREE,230,0,0,0,0,0,0,0,0,0,0,0,0,0,0
17043,PAMPERS BABY-DRY PANTS LARGE 20PANTS,340,2,0,0,0,0,0,0,0,0,0,0,0,0,2
17044,GILLETTE 7 O CLOCK SUPER PLATINUM 5N,50,1,0,0,0,0,0,0,0,0,0,0,0,0,1
17045,DETTOL HAND WASH GOLD LIQUID CLASSIC CLEAN 3X175ML,118,0,0,0,0,0,0,0,0,0,0,0,0,0,0
17046,DETTOL HAND WASH SENSITIVE 750ML,99,0,0,0,0,0,0,0,0,0,0,0,0,0,0
17047,DETTOL HAND WASH ORIGINAL LIQUID REFILL 750ML,99,0,0,0,0,0,0,0,0,0,0,0,0,0,0
17048,DETTOL SOAP DEEP CLEANSE 125GM,51,1,0,0,0,0,0,0,0,0,0,0,0,0,1
17049,DETTOL SOAP DEEP CLEANSE 75GM,28,0,0,0,0,0,0,0,0,0,0,0,0,0,0
17050,DETTOL SOAP SKIN CARE 4X75GM,93,2,0,0,0,0,0,0,0,0,0,0,0,0,2
17051,SIRONA DISPOSAL BAG 15N,99,0,0,0,0,0,0,0,0,0,0,0,0,0,0
17052,PEE-BUDDY FREEDOM TO STAND AND PEE PACK OF 5,120,0,0,0,0,0,0,0,0,0,0,0,0,0,0
17053,PEE-BUDDY FREEDOM TO STAND AND PEE PACK OF 10,200,0,0,0,0,0,0,0,0,0,0,0,0,0,0
17054,BODYGUARD NATURAL ANTI-MOSQUITO PATCH 24PATCHES,240,0,0,0,0,0,0,0,0,0,0,0,0,0,0
17055,BODYGUARD NATURAL MOSQUITO REPELLANT BAND 2BANDS,390,0,0,0,0,0,0,0,0,0,0,0,0,0,0
17056,CHUPA CHUPS RAW MANGO FLAVOUR 10.5GM,5,18,0,0,0,0,0,0,0,0,0,0,0,0,18
17057,DUKED LOLLIPOP WITH BUBBLE GUM CENTER 15X12GM,199,0,0,0,0,0,0,0,0,0,0,0,0,0,0
17058,LOTTE CHEWITS MANGO FLAVOURED CHEWS 200GM,50,0,0,0,0,0,0,0,0,0,0,0,0,0,0
17059,AMUL LASSI MANGO CALCIUM & PROTEIN 200ML,20,0,0,0,0,0,0,0,0,0,0,0,0,0,0
17060,GARNIER CONDITIONER ULTRA BLENDS MYTHIC OLIVE 75ML,80,0,0,0,0,0,0,0,0,0,0,0,0,0,0
17061,KOHINOOR TROPHY ROYALE 1KG,125,0,0,0,0,0,0,0,0,0,0,0,0,0,0
17062,TOPS CUSTARD POWDER VANILLA 200GM,65,0,0,0,0,0,0,0,0,0,0,0,0,0,0
17063,DURACELL 10TIMES LONGER LASTING POWER AA 4N,145,0,0,0,0,0,0,0,0,0,0,0,0,0,0
17064,STAYFREE ADVANCED ALL NIGHT ULTRA COMFORT XL 7PADS BUY3GET1FREE,270,3,0,0,0,0,0,0,0,0,0,0,0,0,3
17065,JOHNSONS BABY BATH MILK+RICE 500ML,500,0,0,0,0,0,0,0,0,0,0,0,0,0,0
17066,RIGHT MOO ORGANIC SWISS CHOCOLATE MILK 250ML,95,0,0,0,0,0,0,0,0,0,0,0,0,0,0
17068,NESTLE GREEK STYLE CURD 100GM,35,0,0,0,0,0,0,0,0,0,0,0,0,0,0
17069,NESTLE GREEK STYLE CURD 300GM,65,0,0,0,0,0,0,0,0,0,0,0,0,0,0
17070,REPUBLIC OF CHICKEN CHICKEN COCKTAIL SAUSAGES 500GM,280,1,0,0,0,0,0,0,0,0,0,0,0,0,1
17071,REPUBLIC OF CHICKEN CHICKEN SHAMMI KEBABS 500GM,280,2,0,0,0,0,0,0,0,0,0,0,0,0,2
17072,KWALITY WALLS ICE CREAM MANGO TUB 750ML,210,0,0,0,0,0,0,0,0,0,0,0,0,0,0
17073,REPUBLIC OF CHICKEN CHICKEN CHILLI CHEESE SAUSAGE 300GM,175,3,0,0,0,0,0,0,0,0,0,0,0,0,3
17076,EVA PERFUMED TALC FLOWER SHOWER 400GM,150,2,0,0,0,0,0,0,0,0,0,0,0,0,2
17077,EVA PERFUMED TALC EXOTIC ROSE 400GM,150,0,0,0,0,0,0,0,0,0,0,0,0,0,0
17078,EVA PERFUMED TALC FLOWER DREAM 400GM,150,1,0,0,0,0,0,0,0,0,0,0,0,0,1
17079,EVA PERFUMED TALC DIVINE SANDAL 100GM,60,0,0,0,0,0,0,0,0,0,0,0,0,0,0
17080,SUNFEAST YIPPEE NOODLES MOOD MASALA 70GM,15,0,0,0,0,0,0,0,0,0,0,0,0,0,0
17081,ORGANIC NATION HIMALAYAN ROCK SALT 200GM,50,0,0,0,0,0,0,0,0,0,0,0,0,0,0
17082,ORGANIC NATION GARLIC POWDER 100GM,70,0,0,0,0,0,0,0,0,0,0,0,0,0,0
17083,CINTHOL SOAP COOL 3X75GM,72,0,0,0,0,0,0,0,0,0,0,0,0,0,0
17084,NIVEA MEN DARK SPOT REDUCTION,15,0,0,0,0,0,0,0,0,0,0,0,0,0,0
17085,NIVEA MEN SHAVING FOAM SENSITIVE 250ML,229,0,0,0,0,0,0,0,0,0,0,0,0,0,0
17086,ROYAL NAPKIND 100PCSX1PLY,45,0,0,0,0,0,0,0,0,0,0,0,0,0,0
17087,NESTLE MILKYBAR CHOO 15X10GM,70,0,0,0,0,0,0,0,0,0,0,0,0,0,0
17088,HARPIC POWER PLUS 10X ORIGINAL 500ML,199,7,0,0,0,0,0,0,0,0,0,0,0,0,7
17089,DETTOL SOAP ORIGINAL 4X100GM,141,0,0,0,0,0,0,0,0,0,0,0,0,0,0
17090,ROOH AFZA FUSION LUSCIOUS LITCHI 200ML,20,0,0,0,0,0,0,0,0,0,0,0,0,0,0
17091,CAVENDISH & HARVEY BERRY FLAVOURED CANDIES 966GM,675,0,0,0,0,0,0,0,0,0,0,0,0,0,0
17092,CAVENDISH & HARVEY BERRY FLAVOURED CANDIES 300GM,375,0,0,0,0,0,0,0,0,0,0,0,0,0,0
17093,CAVENDISH & HARVEY FRUIT FLAVOURED CANDIES 300GM,375,0,0,0,0,0,0,0,0,0,0,0,0,0,0
17094,CAVENDISH & HARVEY FRUIT FLAVOURED CANDIES 966GM,675,0,0,0,0,0,0,0,0,0,0,0,0,0,0
17095,MCVITIES DIGESTIVE WHOLE WHEAT 100GM BUY4GET1FREE,80,0,0,0,0,0,0,0,0,0,0,0,0,0,0
17096,YARDLEY ROLL-ON ENGLISH ROSE 50ML,175,0,0,0,0,0,0,0,0,0,0,0,0,0,0
17097,YARDLEY ROLL-ON LONDON ROSE 50ML,175,0,0,0,0,0,0,0,0,0,0,0,0,0,0
17098,YARDLEY ROLL-ON ROYAL BOUQUET 50ML,175,0,0,0,0,0,0,0,0,0,0,0,0,0,0
17099,YARDLEY ROLL-ON ENGLISH BLOSSOM 50ML,175,0,0,0,0,0,0,0,0,0,0,0,0,0,0
17100,SWISS NATUREN OVEN ROASTED CHICKEN WINGS SMOKY BBQ 500GM,300,5,0,0,0,0,0,0,0,0,0,0,0,0,5
17101,SETWET BEARD CREAM PERFECT SOFTENING 50ML,60,0,0,0,0,0,0,0,0,0,0,0,0,0,0
17102,ODONIL NATURE ZIPPER JASMINE 10GM,45,0,0,0,0,0,0,0,0,0,0,0,0,0,0
17103,ODONIL NATURE ZIPPER LAVENDER 10GM,45,0,0,0,0,0,0,0,0,0,0,0,0,0,0
17104,ODONIL NATURE ZIPPER CITRUS 10GM,45,0,0,0,0,0,0,0,0,0,0,0,0,0,0
17105,DABUR TOOTH PASTE RED GEL AYURVEDIC GEL 80GM,49,1,0,0,0,0,0,0,0,0,0,0,0,0,1
17106,DABUR TOOTH PASTE RED GEL AYURVEDIC GEL 150GM,90,0,0,0,0,0,0,0,0,0,0,0,0,0,0
17107,QUA NATURAL MINERAL WATER 500ML,40,0,0,0,0,0,0,0,0,0,0,0,0,0,0
17108,LUX SOAP LEGENDS CHARMING MAGNOLIA 75GM,32,0,0,0,0,0,0,0,0,0,0,0,0,0,0
17109,VIM BAR EXTRA ANTI SMELL WITH PUDINA 130GM,10,12,0,0,0,1,0,0,0,0,0,0,0,0,11
17110,VIM BAR EXTRA ANTI AMELL WITH PUDINA 250GM,20,11,0,0,0,0,0,0,0,0,0,0,0,0,11
17111,NAVRATAN TALC I-COOL BLAST 100GM,75,0,0,0,0,0,0,0,0,0,0,0,0,0,0
17112,7UP NIMBOOZ MASALA SODA 2LTR,80,0,0,0,0,0,0,0,0,0,0,0,0,0,0
17113,ORAL-B TOOTH BRUSH PRO-HEALTH IMPROVES GUM HEALTH SOFT 2N,120,3,0,0,0,0,0,0,0,0,0,0,0,0,3
17114,ORAL-B TOOTH BRUSH PRO-HEALTH IMPROVES GUM HEALTH MEDIUM 2,144,0,0,0,0,0,0,0,0,0,0,0,0,0,0
17115,BRITANNIA GOOD DAY NUTS COOKIE PISTA CASHEW ALMOND 100GM,20,0,0,0,0,0,0,0,0,0,0,0,0,0,0
17116,MASTER CHEF VANILLA SPANGLE CAKE SLICES 40GM,25,1,0,0,0,0,0,0,0,0,0,0,0,0,1
17117,JABSONS ROASTED PEANUTS DABELI 140GM,50,0,0,0,0,0,0,0,0,0,0,0,0,0,0
17118,VEGA WET WIPES LEMON & MINT 10WIPES,50,0,0,0,0,0,0,0,0,0,0,0,0,0,0
17119,VEGA WET WIPES GREEN TEA & WHITE LILY 10WIPES,50,0,0,0,0,0,0,0,0,0,0,0,0,0,0
17120,VEGA WET WIPES ALOE VERA CUCUMBER & MINT OIL 10WIPES,75,0,0,0,0,0,0,0,0,0,0,0,0,0,0
17121,VEGA WET WIPES BASIL & CHAMOMILE 10WIPES,50,0,0,0,0,0,0,0,0,0,0,0,0,0,0
17122,VEETA DAY MILK TOAST 400GM,55,5,0,0,0,0,0,0,0,0,0,0,0,0,5
17123,TANG MANGO 100GM,30,-1,0,0,0,0,0,0,0,0,0,0,0,0,-1
17124,TANG APPLE 125GM,35,0,0,0,0,0,0,0,0,0,0,0,0,0,0
17125,GOWARDHAN PANEER MADE FROM COWS MILK 500GM,210,0,0,0,0,0,0,0,0,0,0,0,0,0,0
17126,TROPICANA JUICE ESSENTIALS FRUIT & VEGGIES 1LTR,149,0,0,0,0,0,0,0,0,0,0,0,0,0,0
17127,PARLE HAPPY HAPPY JAM-IN 150GM,30,0,0,0,0,0,0,0,0,0,0,0,0,0,0
17128,LAKME SUN EXPERT FAIRNESS+UV LOTION SPF50 LIGHT FEEL FORMULA DERMATOLOGIST TESTED ALL SKIN TYPES 100GM,500,0,0,0,0,0,0,0,0,0,0,0,0,0,0
17129,HARPIC DISINFECTANT BATHROOM CLEANER FLORAL 2X500+200ML,152,0,0,0,0,0,0,0,0,0,0,0,0,0,0
17130,COMPLAN KESAR BADAM DRINK 500GM,290,-1,0,0,0,0,0,0,0,0,0,0,0,0,-1
17131,GARNIER SHAMPOO ULTRA BLENDS 5 PRECIOUS HERBS 175ML+75ML,130,0,0,0,0,0,0,0,0,0,0,0,0,0,0
17132,SENSODYNE DEEP CLEAN 3X75GM,345,0,0,0,0,0,0,0,0,0,0,0,0,0,0
17133,KELLOGGS OATS 2X500GM,190,2,0,0,0,0,0,0,0,0,0,0,0,0,2
17134,RED BULL GREEN EDITION KIWI-APPLE ENERGY DRINK 250ML,110,0,0,0,0,0,0,0,0,0,0,0,0,0,0
17135,TOPS MANGO LONGI PICKLE 400GM,80,0,0,0,0,0,0,0,0,0,0,0,0,0,0
17136,FEM DE-TAN CREAM BLEACH ORANGE PEEL 30GM,80,1,0,0,0,0,0,0,0,0,0,0,0,0,1
17137,BAGRRYS MUESLI STRAWBERRY ALMOND & RAISINGS 500GM,290,1,0,0,0,0,0,0,0,0,0,0,0,0,1
17138,SUNSILK CONDITIONER STUNNING BLACK SHINE AMLA PEARL COMPLEX 180ML,146,0,0,0,0,0,0,0,0,0,0,0,0,0,0
17139,COLGATE TOOTH PASTE TOTAL ADVANCED HEALTH 120GM,85,2,0,0,0,0,0,0,0,0,0,0,0,0,2
17140,AXE SIGNATURE SHAVING CREAM DENIM 60GM,65,1,0,0,0,0,0,0,0,0,0,0,0,0,1
17141,AXE SIGNATURE SHAVING CREAM DENIM 30GM,40,1,0,0,0,0,0,0,0,0,0,0,0,0,1
17142,AXE SIGNATURE AFTERSHAVE LOTION TEMPTATION 100ML,200,0,0,0,0,0,0,0,0,0,0,0,0,0,0
17143,AXE SIGNATURE AFTERSHAVE  LOTION TEMPTATION 50ML,120,0,0,0,0,0,0,0,0,0,0,0,0,0,0
17144,JOHNSONS ACTIVE CLEAN BABY LAUNDRY DETERGENT 500ML,295,2,0,0,0,0,0,0,0,0,0,0,0,0,2
17145,JOHNSONS ACTIVE CLEAN BABY LAUNDRY DETERGENT 1LTR,495,0,0,0,0,0,0,0,0,0,0,0,0,0,0
17146,JOHNSONS ULTRA GENTLE CLEAN BABY LAUNDRY DETERGENT 500ML,295,2,0,0,0,0,0,0,0,0,0,0,0,0,2
17147,JOHNSONS ULTRA GENTLE CLEAN BABY LAUNDRY DETERGENT 1LTR,495,0,0,0,0,0,0,0,0,0,0,0,0,0,0
17148,PONDS WHITE BEAUTY ANTI-SPOT FAIRNESS SPF15 FAIRNESS CREAM 35GM,145,0,0,0,0,0,0,0,0,0,0,0,0,0,0
17149,PONDS WHITE BEAUTY ANTI-SPOT FAIRNESS SPF15 FAIRNESS CREAM 25G,78,0,0,0,0,0,0,0,0,0,0,0,0,0,0
17150,LAKME SUN EXPERT FAIRNESS+UV LOTION SPF30 ALL SKIN TYPER 100ML,375,0,0,0,0,0,0,0,0,0,0,0,0,0,0
17151,SMITH & JONES PASTA MASALA 10GM,5,1,0,0,0,0,0,0,0,0,0,0,0,0,1
17152,SUNFEAST YIPPEE NOODLES MOOD MASALA 280GM,55,2,0,0,0,0,0,0,0,0,0,0,0,0,2
17153,HAIR & CARE FRUIT OILS WITH ORANGE ANAAR & STRAWBERRY 100ML,60,2,0,0,0,0,0,0,0,0,0,0,0,0,2
17154,HAIR & CARE FRUIT OILS WITH ORANGE ANAAR & STRAWBERRY 200ML,115,1,0,0,0,0,0,0,0,0,0,0,0,0,1
17155,HIMALAYA HAND SANITIZER LEMON 250ML,175,2,0,0,0,0,0,0,0,0,0,0,0,0,2
17156,VIM BAR POWER OF 100 LEMONS 125GM,10,0,0,0,0,0,0,0,0,0,0,0,0,0,0
17157,WHEEL ACTIVE 2IN1 CLEAN & FRESH 1KG,50,10,0,0,0,0,0,0,0,0,0,0,0,0,10
17158,AMUL GREEK FROZEN YOGHURT VERY BERRY 125ML,35,0,0,0,0,0,0,0,0,0,0,0,0,0,0
17159,CREMICA SANDWICH SPREAD CLASSIC 275GM,87,1,0,0,0,0,0,0,0,0,0,0,0,0,1
17160,CREMICA MAYO EGG 275GM,79,0,0,0,0,0,0,0,0,0,0,0,0,0,0
17161,PALMOLIVE SHOWER GEL FELL GLAMOROUS 250ML,190,0,0,0,0,0,0,0,0,0,0,0,0,0,0
17162,PALMOLIVE SHOWER GEL FEEL GOOD 250ML,190,0,0,0,0,0,0,0,0,0,0,0,0,0,0
17163,CATCH JIRA DIGESTIVE 200ML,10,0,0,0,0,0,0,0,0,0,0,0,0,0,0
17164,CATCH TONIC WATER 200ML,35,44,0,0,0,0,0,0,0,0,0,0,0,0,44
17165,WHISPER CHOICE ULTRA XL 6PADS 3PICES,120,0,0,0,0,0,0,0,0,0,0,0,0,0,0
17166,BISLERI WATER 250ML,6,1,0,0,0,0,0,0,0,0,0,0,0,0,1
17167,BETA STANDARD BALL PEN,100,0,0,0,0,0,0,0,0,0,0,0,0,0,0
17168,BETA STANDARD ROLLER BALL PEN,150,0,0,0,0,0,0,0,0,0,0,0,0,0,0
17169,BETA PREMIUM FOUNTAIN PEN,190,0,0,0,0,0,0,0,0,0,0,0,0,0,0
17170,BETA PREMIUM ROLLER BALL PEN,175,0,0,0,0,0,0,0,0,0,0,0,0,0,0
17171,BETA PREMIUM BALL PEN,140,0,0,0,0,0,0,0,0,0,0,0,0,0,0
17172,NAVNEET DOUGH 12 SHADES,150,0,0,0,0,0,0,0,0,0,0,0,0,0,0
17173,NAVNEET THE ORIGONAL LONG BOOK 172PAGES,45,0,0,0,0,0,0,0,0,0,0,0,0,0,0
17174,NAVNEET THE ORIGINAL NOTEBOOK 24PAGES,10,0,0,0,0,0,0,0,0,0,0,0,0,0,0
17175,NAVNEET THE OROGONAL SKETCH BOOK 36PAGES,70,0,0,0,0,0,0,0,0,0,0,0,0,0,0
17176,NAVNEET 5SUBJECT FLEXI NOTE BOOK B5 SIZE 300PAGES,200,0,0,0,0,0,0,0,0,0,0,0,0,0,0
17177,NAVNEET 5SUBJECT FLEXI NOTE BOOK BLACK A4 SIZE 300PAGES,270,0,0,0,0,0,0,0,0,0,0,0,0,0,0
17178,NAVNEET 5SUBJECT FLEXI NOTE BOOK A5 SIZE 300PAGES,160,0,0,0,0,0,0,0,0,0,0,0,0,0,0
17179,NAVNEET 1SUBJECT FLEXI NOTE BOOK A5 SIZA 160PAGES,110,0,0,0,0,0,0,0,0,0,0,0,0,0,0
17180,NAVNEET 5SUBJECT FLEXI NOTE BOOK BLACK B5 SIZE 300PAGES,200,0,0,0,0,0,0,0,0,0,0,0,0,0,0
17181,NAVNEET 1SUBJECT FLEXI NOTE BOOK B5 SIZE 160PAGES,140,1,0,0,0,0,0,0,0,0,0,0,0,0,1
17182,NAVNEET 1SUBJECT FLEXI NOTE BOOK BLACK B5 SIZE 160PAGES,140,0,0,0,0,0,0,0,0,0,0,0,0,0,0
17183,NAVNEET 1SUBJECT FLEXI NOTE BOOK BLACK A4 SIZE 160PAGES,170,0,0,0,0,0,0,0,0,0,0,0,0,0,0
17184,NAVNEET 5SUBJECT FLEXI NOTE BOOK BLACK A5 SIZE 300PAGES,160,1,0,0,0,0,0,0,0,0,0,0,0,0,1
17185,NAVNEET 1SUBJECT FLEXI NOTE BOOK BLACK A5 SIZE 160PAGES,110,0,0,0,0,0,0,0,0,0,0,0,0,0,0
17186,ZAGO BREAKFAST SHAKE WITH OATS ALMOND FLAVOUR 250ML,50,0,0,0,0,0,0,0,0,0,0,0,0,0,0
17187,ZAGO BREAKFAST SHAKE WITH OATS PROTEINS VITAMINS 250ML,50,0,0,0,0,0,0,0,0,0,0,0,0,0,0
17188,ZAGO BREAKFAST SHAKE WITH OATS CHOCOLATE FLAVOUR 250ML,50,0,0,0,0,0,0,0,0,0,0,0,0,0,0
17189,MINUTE MAID PULPY ORANGE CAN 240ML,20,43,0,0,0,1,0,0,0,0,0,0,0,0,42
17190,CADBURY DAIRY MILK LICKABLES 20GM,35,43,0,0,0,0,0,0,0,0,0,0,0,0,43
17191,MASTER VANILLA CAKE  SLICE 45GM,25,0,0,0,0,0,0,0,0,0,0,0,0,0,0
17192,DETTOL HAND WASH ORIGINAL LIQUID 3X175ML,100,1,0,0,0,0,0,0,0,0,0,0,0,0,1
17193,PRIL LIQYUD DISH WASH POUCH 130ML,20,0,0,0,0,0,0,0,0,0,0,0,0,0,0
17194,KAI TSUMEKIRI NAIL CLIPPER WITH NAIL FILE PINK 1N,170,0,0,0,0,0,0,0,0,0,0,0,0,0,0
17195,KAI TSUMEKIRI NAIL CLIPPER WITH NAIL FILE ORANGE 1N,170,0,0,0,0,0,0,0,0,0,0,0,0,0,0
17196,KAI TSUMEKIRI NAIL CLIPPER WITH NAIL FILE GREEN 1N,170,0,0,0,0,0,0,0,0,0,0,0,0,0,0
17197,KAI TSUMEKIRI NAIL CLIPPER WITH NAIL FILE YELLOW 1N,170,0,0,0,0,0,0,0,0,0,0,0,0,0,0
17198,KAI TSUMEKIRI NAIL CLIPPER WITH NAIL FILE BLUE 1N,170,0,0,0,0,0,0,0,0,0,0,0,0,0,0
17199,KAI HOCHO KITCHEN KNIFE (PINK) 1N,210,0,0,0,0,0,0,0,0,0,0,0,0,0,0
17200,KAI HOCHO KITCHEN KNIFE (YELLOW) 1N,210,0,0,0,0,0,0,0,0,0,0,0,0,0,0
17201,KAI HOCHO KITCHEN KNIFE (ORANGE) 1N,210,0,0,0,0,0,0,0,0,0,0,0,0,0,0
17202,KAI HOCHO KITCHEN KNIFE (GREEN) 1N,130,0,0,0,0,0,0,0,0,0,0,0,0,0,0
17203,KAI HOCHO KITCHEN KNIFE (BLUE) 1N,210,0,0,0,0,0,0,0,0,0,0,0,0,0,0
17204,KAI HOCHO VEGETABLE KNIFE (ORANGE) 1N,220,0,0,0,0,0,0,0,0,0,0,0,0,0,0
17205,KAI HOCHO VEGETABLE KNIFE (BLUE) 1N,220,0,0,0,0,0,0,0,0,0,0,0,0,0,0
17206,KAI HOCHO VEGETABLE KNIFE (GREEN) 1N,220,0,0,0,0,0,0,0,0,0,0,0,0,0,0
17207,KAI HOCHO VEGETABLE KNIFE (YELLOW) 1N,220,1,0,0,0,0,0,0,0,0,0,0,0,0,1
17208,KAI HOCHO VEGETABLE KNIFE (PINK) 1N,220,0,0,0,0,0,0,0,0,0,0,0,0,0,0
17209,ORBIT ORANGE CARDAMOM FLAVOURED 66GM,150,0,0,0,0,0,0,0,0,0,0,0,0,0,0
17210,BAGRRYS CRUNCHY MUESLI FRUIT & NUT CRANBERRIES JAR 750GM,545,0,0,0,0,0,0,0,0,0,0,0,0,0,0
17211,KINDER COUNTRY CREAMY & CRISPY 21.5GM,30,0,0,0,0,0,0,0,0,0,0,0,0,0,0
17212,TIC TAC BANANA BANANA DAVE 9.7GM,10,0,0,0,0,0,0,0,0,0,0,0,0,0,0
17213,MOTHER DAIRY ICE CREAM PASTRY 60GM,50,0,0,0,0,0,0,0,0,0,0,0,0,0,0
17214,TOPS DAHI BHALLA 2X200GM,120,3,0,0,0,0,0,0,0,0,0,0,0,0,3
17215,CREMICA MAYO OLIVE OIL 275GM,77,0,0,0,0,0,0,0,0,0,0,0,0,0,0
17216,CREMICA SANSWICH SPREAD CHEESE 275GM,87,1,0,0,0,0,0,0,0,0,0,0,0,0,1
17217,DEL MONTE DRIED BLUEBERRIE 130GM,430,0,0,0,0,0,0,0,0,0,0,0,0,0,0
17218,GARNIER SHAMPOO ULTRA BLENDS SOY MILK & ALMONDS 175ML+75ML,130,0,0,0,0,0,0,0,0,0,0,0,0,0,0
17219,GARNIER SHAMPOO ULTRA BLENDS HENNA & BLACKBERRY 180ML+90ML,130,0,0,0,0,0,0,0,0,0,0,0,0,0,0
17220,MINUTE MAID NIMBU FRESH 250ML,20,14,0,0,0,0,0,0,0,0,0,0,0,0,14
17221,MINUTE MAID PULPY MOSAMBI 250ML,20,24,0,0,0,1,0,0,0,0,0,0,0,0,23
17222,ALO FRUT MIXED FRUIT ALOEVERA+FRUITS 200ML,30,0,0,0,0,0,0,0,0,0,0,0,0,0,0
17223,ALO FRUT ORANGE ALOEVERA+ORANGE 200ML,30,0,0,0,0,0,0,0,0,0,0,0,0,0,0
17224,ALO FRUT GUAVA ALOEVERA+GUAVA 200ML,30,0,0,0,0,0,0,0,0,0,0,0,0,0,0
17225,ALO FRUT LITCHI ALOEVERA+LITCHI 200ML,30,0,0,0,0,0,0,0,0,0,0,0,0,0,0
17226,ALO FRUT LIME ALOEVERA+LEMON 200ML,25,0,0,0,0,0,0,0,0,0,0,0,0,0,0
17227,ALO FRUT KIWI ALOEVERA+KIWI FRUIT 200ML,30,0,0,0,0,0,0,0,0,0,0,0,0,0,0
17228,DOVE SOAP CREAM BEAUTY BATHING BAR 3X75GM,125,0,0,0,0,0,0,0,0,0,0,0,0,0,0
17229,SETWET DEO SPUNKY AVATAR PERFUME SPRAY NO GAS 120ML,250,0,0,0,0,0,0,0,0,0,0,0,0,0,0
17230,SETWET DEO FUNKY AVATAR PERFUME SPRAY NO GAS 120ML,250,0,0,0,0,0,0,0,0,0,0,0,0,0,0
17231,DORITOS SWEET CHILLI FLAVOUR 75GM,50,6,0,0,0,0,0,0,0,0,0,0,0,0,6
17232,DORITOS NACHO CHEESE FLAVOUR 75GM,50,5,0,0,0,1,0,0,0,0,0,0,0,0,4
17233,AMBI PUR AFTER TOBACCO ULTRA CONTROL 7.5ML,315,1,0,1,0,0,0,0,0,0,0,0,0,0,2
17234,ORGANIC HONEY HOME MADE JAMUN 250GM,105,1,0,0,0,0,0,0,0,0,0,0,0,0,1
17235,REPUBLIC OF CHICKEN MUTTON SEEKH KEBAB 500GM,363,2,0,0,0,0,0,0,0,0,0,0,0,0,2
17236,VEGA SHOWER CAP 02,125,4,0,0,0,0,0,0,0,0,0,0,0,0,4
17237,VEGA HAIR BRUSH RS120,120,1,0,0,0,0,0,0,0,0,0,0,0,0,1
17238,COMPLAN COMPLETE KULFI FLAVOUR 500GM,265,0,0,0,0,0,0,0,0,0,0,0,0,0,0
17239,RAW 100% NATURAL JUICE POMEGRANATE 250ML,150,0,0,0,0,0,0,0,0,0,0,0,0,0,0
17240,RAW 100% NATURAL COCONUT WATER 250ML,80,0,0,0,0,0,0,0,0,0,0,0,0,0,0
17241,RAW 100% NATURAL SUGARCANE 250ML,80,0,0,0,0,0,0,0,0,0,0,0,0,0,0
17242,RAW 100% NATURAL JUICE APPLE 250ML,80,0,0,0,0,0,0,0,0,0,0,0,0,0,0
17243,RAW 100% NATURAL JUICE MANGO 250ML,80,0,0,0,0,0,0,0,0,0,0,0,0,0,0
17244,BALI KITCHEN WONTON NOODLES 200GM,160,0,0,0,0,0,0,0,0,0,0,0,0,0,0
17245,BALI KITCHEN TOMATO & CARROY NOODLES 200GM,140,0,0,0,0,0,0,0,0,0,0,0,0,0,0
17246,BALI KITCHEN CHILLI NOODLES 200GM,140,0,0,0,0,0,0,0,0,0,0,0,0,0,0
17247,BALI KITCHEN LONGGIFT EGG NOODLES 200GM,130,0,0,0,0,0,0,0,0,0,0,0,0,0,0
17248,BALI FINE RICE VERMICELLI NOODLES 250GM,160,0,0,0,0,0,0,0,0,0,0,0,0,0,0
17249,LIZOL DISINFECTANT SURFACE CLEANER SANDAL 200ML,32,0,0,0,0,0,0,0,0,0,0,0,0,0,0
17250,LIZOL DISINFECTANT SURFACE CLEANER LAVENDER 200ML,32,0,0,0,0,0,0,0,0,0,0,0,0,0,0
17251,LIZOL DISINFECTANT SURFACE CLEANER LASMINE 200ML,32,0,0,0,0,0,0,0,0,0,0,0,0,0,0
17252,LIZOL DISINFECTANT SURFACE CLEANER CITRUS 200ML,32,0,0,0,0,0,0,0,0,0,0,0,0,0,0
17253,LIZOL DISINFECTANT SURFACE CLEANER PINE 200ML,30,0,0,0,0,0,0,0,0,0,0,0,0,0,0
17254,LIZOL DISINFECTANT SURFACE CLEANER FLORAL 200ML,32,0,0,0,0,0,0,0,0,0,0,0,0,0,0
17255,LIZOL DISINFECTANT SURFACE CLEANER NEEM 200ML,30,0,0,0,0,0,0,0,0,0,0,0,0,0,0
17256,DETTOL HAND WASH COOL LIQUID REFILL 3X175ML,114,0,0,0,0,0,0,0,0,0,0,0,0,0,0
17257,DETTOL HAND WASH SENSITIVE REFILL 3X175ML,100,0,0,0,0,0,0,0,0,0,0,0,0,0,0
17258,DETTOL HAND WASH SKINCARE LIQUID REFILL 3X175ML,100,1,0,0,0,0,0,0,0,0,0,0,0,0,1
17259,DETTOL HAND WASH SKINCARE LIQUID REFILL 750ML,99,0,0,0,0,0,0,0,0,0,0,0,0,0,0
17260,HALDIRAMS RATLAMI MIXTURE 200GM,46,0,0,0,0,0,0,0,0,0,0,0,0,0,0
17261,MINUTE MAID APPLE 150ML,10,2,0,0,0,0,0,0,0,0,0,0,0,0,2
17262,MINUTE MAID ORANGE 150ML,10,0,0,0,0,0,0,0,0,0,0,0,0,0,0
17263,SOFTY VANILLA CONE,30,1561,0,50,0,3,0,0,0,0,0,0,0,0,1608
17264,SOFTY STRAWBERRY CONE,30,477,0,0,0,0,0,0,0,0,0,0,0,0,477
17265,SOFTY VANILLA & STRAWBERY CONE,30,-852,0,0,0,0,0,0,0,0,0,0,0,0,-852
17266,SOFTY CHOCOLATE & VANILLA CONE,35,-1733,0,0,0,9,0,0,0,0,0,0,0,0,-1742
17267,SOFTY CHOCOLATE CONE,35,1147,0,0,0,1,0,0,0,0,0,0,0,0,1146
17268,NIVEA SOAP CREAM SOFT 4X125GM,224,1,0,0,0,0,0,0,0,0,0,0,0,0,1
17269,AXE COLOGNE PULSE TALC 300GM,125,0,0,0,0,0,0,0,0,0,0,0,0,0,0
17270,MCVITIES BOURBON VANILLA 100GM,25,0,0,0,0,0,0,0,0,0,0,0,0,0,0
17271,KWALITY WALLS ICE CREAM FRUTTARE MANGO 60ML,30,1,0,0,0,0,0,0,0,0,0,0,0,0,1
17272,MCVITIES OAT COOKIES 75GM,25,6,0,0,0,0,0,0,0,0,0,0,0,0,6
17273,WHEEL ACTIVE 2IN1 CLEAN & FRESH GREEN 1KG,52,9,0,0,0,0,0,0,0,0,0,0,0,0,9
17274,VERKA ICE CREAM MALAI KULFI 60ML,25,0,0,0,0,0,0,0,0,0,0,0,0,0,0
17275,VERKA ICE CREAM VANILLA 1LTR,110,0,0,0,0,0,0,0,0,0,0,0,0,0,0
17276,TROPICANA JUICE ESSENTIALS IRON MIXED FRUIT 1LTR,149,2,0,0,0,0,0,0,0,0,0,0,0,0,2
17277,LIFEBUOY HANDWASH KITCHEN FRESH 3X185ML,92,0,0,0,0,0,0,0,0,0,0,0,0,0,0
17278,TRESEMME SHAMPOO BOTANIQUE BETOX & RESTORE 190ML,160,0,0,0,0,0,0,0,0,0,0,0,0,0,0
17279,TRESEMME CONDITIONER BOTANIQUE DETOX & RESTORE 190ML,220,0,0,0,0,0,0,0,0,0,0,0,0,0,0
17280,TRESEMME CONDITIONER BOTANIQUE DETOX & RESTORE 85ML,105,0,0,0,0,0,0,0,0,0,0,0,0,0,0
17281,DAAWAT ROZANA GOLD PLUS 20% BROWN RICE 5kg,410,-1,0,0,0,0,0,0,0,0,0,0,0,0,-1
17282,AMUL DODA BURFI 500GM,275,0,0,0,0,0,0,0,0,0,0,0,0,0,0
17283,NUTRALITE BUTTER PUDINA & CORIANDER 200GM,85,0,0,0,0,0,0,0,0,0,0,0,0,0,0
17284,NUTRALITE BUTTER PUDINA & CORIANDER 100GM,42,0,0,0,0,0,0,0,0,0,0,0,0,0,0
17285,MASTERCHEF DEVILS FOOD SPANGLES CHOCOLATE 45GM,25,0,0,0,0,0,0,0,0,0,0,0,0,0,0
17286,BAULI MOONFILS COCOA CREAM 45GM,15,0,0,0,0,0,0,0,0,0,0,0,0,0,0
17287,BAULI MOONFILS ORANGE CREAM 45GM,15,0,0,0,0,0,0,0,0,0,0,0,0,0,0
17288,MCVITIES MY EVERYDAY BISCUIT PACK 4X100GM,100,0,0,0,0,0,0,0,0,0,0,0,0,0,0
17289,BAGRRYS FRUIT N FIBER MUESLI APPLE WITH ALMONDS & RAISINS 500GM,290,1,0,0,0,0,0,0,0,0,0,0,0,0,1
17290,VERKA FRESH TONED MILK 500ML,28,0,0,0,0,0,0,0,0,0,0,0,0,0,0
17291,VERKA BUTTER 100GM,44,0,0,0,0,0,0,0,0,0,0,0,0,0,0
17292,VEET HAIR REMOVAL CREAM BRIGHTENING NORMAL TO DRY SKIN 25GM,59,0,0,0,0,0,0,0,0,0,0,0,0,0,0
17293,HALDIRAMS PEANUTS SALTED 42GM,10,0,0,0,0,0,0,0,0,0,0,0,0,0,0
17294,HALDIRAMS MOONG DAL 40GM,10,0,0,0,0,0,0,0,0,0,0,0,0,0,0
17295,HALDIRAMS PUNJABI TADKA 40GM,10,0,0,0,0,0,0,0,0,0,0,0,0,0,0
17296,HALDIRAMS NAVRATTAN 42GM,10,0,0,0,0,0,0,0,0,0,0,0,0,0,0
17297,HALDIRAMS ALOO SEV CRAZY MASALA 42GM,10,0,0,0,0,0,0,0,0,0,0,0,0,0,0
17298,HALDIRAMS BHUJIA MASALA 42GM,10,0,0,0,0,0,0,0,0,0,0,0,0,0,0
17299,HALDIRAMS NUT CRACKER 42GM,10,0,0,0,0,0,0,0,0,0,0,0,0,0,0
17300,HALDIRAMS KHATTA MEETHA 42GM,10,0,0,0,0,0,0,0,0,0,0,0,0,0,0
17301,HALDIRAMS ALOO BHUJIA 42GM,10,0,0,0,0,0,0,0,0,0,0,0,0,0,0
17302,HALDIRAMS CHANA FATAKA 40GM,10,0,0,0,0,0,0,0,0,0,0,0,0,0,0
17303,NUTRUS GREEN COFFEE HIBISCUS FLAVOUR 20SACHETS,270,0,0,0,0,0,0,0,0,0,0,0,0,0,0
17304,CREMICA GOLDEN BYTES RICH BUTTER COOKIES 66GM,10,0,0,0,0,0,0,0,0,0,0,0,0,0,0
17305,HALDIRAMS SNAC LITE FRIES 65GM,20,5,0,0,0,0,0,0,0,0,0,0,0,0,5
17306,LIFEBUOY HANDWASH COOL FRESH 3X180ML,92,0,0,0,0,0,0,0,0,0,0,0,0,0,0
17307,TRESEMME SHAMPOO BOTANIQUE DETOX & RESTORE 580ML,400,1,0,0,0,0,0,0,0,0,0,0,0,0,1
17308,TRESEMME SHAMPOO BOTANIQUE DETOX & RESTORE 80ML,70,0,0,0,0,0,0,0,0,0,0,0,0,0,0
17309,CREMICA SANDWICH SPREAS CHIPOLITE 275GM,87,0,0,0,0,0,0,0,0,0,0,0,0,0,0
17310,SUNFEAST DARK FANTASY CHOCO FILLS 20GM,10,0,0,0,0,0,0,0,0,0,0,0,0,0,0
17311,DOVE MOISTURE INNER GLOW FOR SMOOTH & GLOWING SKIN 50GM,125,1,0,0,0,0,0,0,0,0,0,0,0,0,1
17312,SURF EXCEL MATIC FRONT LOAD POUCH 2KG,480,0,0,0,0,0,0,0,0,0,0,0,0,0,0
17313,CREMICA THOUSAND ISLAND 275GM,87,0,0,0,0,0,0,0,0,0,0,0,0,0,0
17314,DOVE DEEP PURE OIL CONTROL FACIAL CLEANSER 100GM,225,1,0,0,0,0,0,0,0,0,0,0,0,0,1
17315,PONDS FACE WASH PURE WHITE ANTI POLLUTION PURITY 15GM,30,0,0,0,0,0,0,0,0,0,0,0,0,0,0
17316,CLEAN AND DRY INTIMATE WASH 184ML,289,0,0,0,0,0,0,0,0,0,0,0,0,0,0
17317,OREO BISCUIT STRAWBERRY CREME 120GM,30,0,0,0,0,0,0,0,0,0,0,0,0,0,0
17318,AMUL ICE CREAM ORANGE 50ML,5,11,0,0,0,1,0,0,0,0,0,0,0,0,10
17319,AMUL ICE CREAM VANILLA ROYAL CUP 65ML,10,18,0,0,0,0,0,0,0,0,0,0,0,0,18
17320,AMUL FROZEN YOGHURT MANGO 125ML,30,0,0,0,0,0,0,0,0,0,0,0,0,0,0
17321,ALO FRUT BERRIES ALOEVERA+BERRIES 200ML,30,0,0,0,0,0,0,0,0,0,0,0,0,0,0
17322,FORTUNE BIRYANI SPECIAL BASMATI RICE 1KG,130,0,0,0,0,0,0,0,0,0,0,0,0,0,0
17323,FORTUNE BIRYANI SPECIAL BASMATI RICE 5KG,620,0,0,0,0,0,0,0,0,0,0,0,0,0,0
17324,FORTUNE ROZANA BASMATI RICE 5KG,420,0,0,0,0,0,0,0,0,0,0,0,0,0,0
17325,BLUE RIVA LYCHEE BASIL SEED DRINK 290ML,89,0,0,0,0,0,0,0,0,0,0,0,0,0,0
17326,BLUE RIVA ORANGE BASIL SEED DRINK 290ML,89,0,0,0,0,0,0,0,0,0,0,0,0,0,0
17327,DETTOL HAND SANITIZER ORIGINAL WITH COVER 50ML,80,0,0,0,0,0,0,0,0,0,0,0,0,0,0
17328,PICNIC INSTANT NOODLES VEGGIE FLAVOUR 70GM,95,0,0,0,0,0,0,0,0,0,0,0,0,0,0
17329,HARPIC DISINFECTANT BATHROOM CLEANER LEMON 1LTR,156,6,0,0,0,0,0,0,0,0,0,0,0,0,6
17330,ITCH GUARD 15GM,41.33,0,0,0,0,0,0,0,0,0,0,0,0,0,0
17331,VEET HAIR REMOVAL CREAM SILK & FRESH DRY SKIN 25GM WITH PAYTM,58,0,0,0,0,0,0,0,0,0,0,0,0,0,0
17332,AMBI PUR AIR EFFECTS SANDALWOOD 275GM,265,1,0,0,0,0,0,0,0,0,0,0,0,0,1
17333,HALDIRAMS FATAFAT BHEL 45GM,10,0,0,0,0,0,0,0,0,0,0,0,0,0,0
17334,HALDIRAMS ROASTED CHANA CRACKER HEENG JEERA 40GM,10,0,0,0,0,0,0,0,0,0,0,0,0,0,0
17335,RAW JUICE GLOW 250ML,150,0,0,0,0,0,0,0,0,0,0,0,0,0,0
17336,RAW JUICE TRIM 250ML,150,0,0,0,0,0,0,0,0,0,0,0,0,0,0
17337,RAW 100% NATURAL JUICE VALENCIA ORANGE 250ML,100,0,0,0,0,0,0,0,0,0,0,0,0,0,0
17338,RAW JUICE DETOX 250ML,150,0,0,0,0,0,0,0,0,0,0,0,0,0,0
17339,RAW JUICE LIGHT 250ML,150,0,0,0,0,0,0,0,0,0,0,0,0,0,0
17340,RAW JUICE SHIELD 250ML,150,0,0,0,0,0,0,0,0,0,0,0,0,0,0
17341,RAW JUICE LIFR 250ML,150,0,0,0,0,0,0,0,0,0,0,0,0,0,0
17342,RAW JUICE LEAN 250ML,150,0,0,0,0,0,0,0,0,0,0,0,0,0,0
17343,RAW JUICE LOVE 250ML,150,0,0,0,0,0,0,0,0,0,0,0,0,0,0
17344,RAW 100% NATURAL JUICE GUAVA 250ML,80,0,0,0,0,0,0,0,0,0,0,0,0,0,0
17345,ALO FRUT ALOEVERA+ POMEGRANATE 200ML,30,0,0,0,0,0,0,0,0,0,0,0,0,0,0
17346,RAW JUICE FLUSH 250ML,150,0,0,0,0,0,0,0,0,0,0,0,0,0,0
17347,VEEBA SALSA 360GM,119,0,0,0,0,0,0,0,0,0,0,0,0,0,0
17348,VEEBA CHEESE & JALAPENO DIP 300GM,119,1,0,0,0,0,0,0,0,0,0,0,0,0,1
17349,GLADE TOUCH N FRESH LAUGH WILDLY SUGAR ORANGE 7.8GM,99,0,0,0,0,0,0,0,0,0,0,0,0,0,0
17350,GLADE TOUCH N FRESH LIVE FULLY MOUNTAIN FLOWERS 7.8GM,75,0,0,0,0,0,0,0,0,0,0,0,0,0,0
17351,LOTTE CHEWITS MANGO FLAVOURED 25GM,5,0,0,0,0,0,0,0,0,0,0,0,0,0,0
17352,LOTTE CARAMILK 25GM,5,0,0,0,0,0,0,0,0,0,0,0,0,0,0
17353,BRITANNIA NUTRI CHOICE OATS ALMOND AND MILK 150GM,40,0,0,0,0,0,0,0,0,0,0,0,0,0,0
17354,WHEEL ACTIVE 2IN1 CLEAN & FRESH 4KG,186,2,0,0,0,0,0,0,0,0,0,0,0,0,2
17355,PAMPERS PREMIUM CARE PANTS LARGE EXTRA ABSORB CHANNELS 20PANTS,399,0,0,0,0,0,0,0,0,0,0,0,0,0,0
17356,HE DEO BODY SPRAY PERFUMED INNOVATOR 150ML,199,1,0,0,0,0,0,0,0,0,0,0,0,0,1
17357,GOLDEN CROWN RED CHERRY 210GM,110,0,0,0,0,0,0,0,0,0,0,0,0,0,0
17358,GOLDEN CROWN PINEAPPLE SLICE 450GM,66,1,0,0,0,0,0,0,0,0,0,0,0,0,1
17359,FRUTINS SWEET CORN CREAM STYLE 440GM,60,0,0,0,0,0,0,0,0,0,0,0,0,0,0
17360,NESTLE NESQUIK COCOA BASED POWDER 500GM,425,0,0,0,0,0,0,0,0,0,0,0,0,0,0
17361,QUINOA BRAN 125GM,95,0,0,0,0,0,0,0,0,0,0,0,0,0,0
17362,QUINOA BLACK CIA SEEDS 250GM,300,0,0,0,0,0,0,0,0,0,0,0,0,0,0
17363,QUINOA CHIPS CHILLI TOMATO 60GM,95,0,0,0,0,0,0,0,0,0,0,0,0,0,0
17364,CAVENDISH & HARVEY SWEET HEARTS CRANBERRY & VANILLA FLAVOURED CANDIES 350GM,350,0,0,0,0,0,0,0,0,0,0,0,0,0,0
17365,PARLE MEXITOS CLASSIC SALTED NACHO CHIPS 150GM,90,0,0,0,0,0,0,0,0,0,0,0,0,0,0
17366,PARLE MEXITOS SALSA TOMATINO NACHO CHIPS 150GM,90,0,0,0,0,0,0,0,0,0,0,0,0,0,0
17367,PARLE MEXITOS CHEESE NACHO CHIPS 150GM,90,0,0,0,0,0,0,0,0,0,0,0,0,0,0
17368,ORAL-B TOOTH BRUSH CAVITY DEFENSE BLACK MEDIUM 4N,99,1,0,0,0,0,0,0,0,0,0,0,0,0,1
17369,ORAL-B TOOTH BRUSH CAVITY DEFENSE BLACL SOFT 4N,99,2,0,3,0,0,0,0,0,0,0,0,0,0,5
17370,COMPLAN CLASSIC CHOCOLATE FLAVOUR 1KG,464,0,0,0,0,0,0,0,0,0,0,0,0,0,0
17371,OMANI PREMIUM ARABIAN DATA SEEDLESS 500GM,270,0,0,0,0,0,0,0,0,0,0,0,0,0,0
17372,OMANI PREMIUM ARABIAN DATE 500GM,208,0,0,0,0,0,0,0,0,0,0,0,0,0,0
17373,WILD STONE SOAP COOL MENTHOL SEA MINERALS 125GM,45,0,0,0,0,0,0,0,0,0,0,0,0,0,0
17374,FARM VEDA MULTI MILLET DOSA 500GM,115,2,0,0,0,0,0,0,0,0,0,0,0,0,2
17375,FARM VEDA RAGI DOSA 500GM,90,0,0,0,0,0,0,0,0,0,0,0,0,0,0
17376,FARM VEDA ADAI DOSA 500GM,125,0,0,0,0,0,0,0,0,0,0,0,0,0,0
17377,FARM VEDA DOSA MIX 500GM,90,3,0,0,0,0,0,0,0,0,0,0,0,0,3
17378,FARM VEDA IDLI MIX 250GM,50,0,0,0,0,0,0,0,0,0,0,0,0,0,0
17379,FARM VEDA RAGI IDLI 500GM,55,0,0,0,0,0,0,0,0,0,0,0,0,0,0
17380,FARM VEDA LEMON POHA 250GM,65,0,0,0,0,0,0,0,0,0,0,0,0,0,0
17381,FARM VEDA UPMA INSTANT MIX 250GM,50,0,0,0,0,0,0,0,0,0,0,0,0,0,0
17382,FARM VEDA RAVA IDLI 250GM,55,0,0,0,0,0,0,0,0,0,0,0,0,0,0
17383,FARM VEDA LEMON RASAM 100GM,50,0,0,0,0,0,0,0,0,0,0,0,0,0,0
17384,FARM VEDA CHUTNEY PODI 100GM,45,0,0,0,0,0,0,0,0,0,0,0,0,0,0
17385,FARM VEDA ANDHRA GUNPOWDER 100GM,45,0,0,0,0,0,0,0,0,0,0,0,0,0,0
17386,FARM VEDA GROUND NUT CHUTNEY PODI 100GM,45,0,0,0,0,0,0,0,0,0,0,0,0,0,0
17387,WILD STONE SOAP COOL MENTHOL SEA MINERALS 75GM,27,0,0,0,0,0,0,0,0,0,0,0,0,0,0
17388,VEGA BABY BRUSH AND COMB SET,149,-1,0,0,0,0,0,0,0,0,0,0,0,0,-1
17389,NUTRUS GREEN COFFEE 100GM,550,0,0,0,0,0,0,0,0,0,0,0,0,0,0
17390,PRINGLES JALAPENO CHEESE FLAVOUR 110GM,99,5,0,0,0,0,0,0,0,0,0,0,0,0,5
17391,ALO FRUT MANGO ALOEVERA+MANGO 200ML,30,0,0,0,0,0,0,0,0,0,0,0,0,0,0
17392,JOHNSONS BABY SOAP 4X100GM,165,0,0,0,0,0,0,0,0,0,0,0,0,0,0
17393,AYUSH ANTI MARKS TURMERIC FACE CREAM 50GM,130,0,0,0,0,0,0,0,0,0,0,0,0,0,0
17394,VEEBA BURGER MAYONNAISE EGGLESS 280GM,84,2,0,0,0,0,0,0,0,0,0,0,0,0,2
17395,VEEBA DIET SMART MAYONNAISE EGGLESS 275GM,84,2,0,0,0,0,0,0,0,0,0,0,0,0,2
17396,AYUSH TOOTH PASTE ANTI CAVITY CLOVE OIL 150GM,75,0,0,0,0,0,0,0,0,0,0,0,0,0,0
17397,AYUSH TOOTH PASTE ANTI CAVITY CLOVE OIL 80GM,50,1,0,0,0,0,0,0,0,0,0,0,0,0,1
17398,AYUSH ANTI MARKS TURMERIC FACE CREAM 25GM,70,0,0,0,0,0,0,0,0,0,0,0,0,0,0
17399,AYUSH NATURAL FAIRNESS SAFFRON FACE CREAM 50GM,130,0,0,0,0,0,0,0,0,0,0,0,0,0,0
17400,AYUSH TOOTH PASTE WHITENING WITH ROCK SALT 150GM,75,1,0,0,0,0,0,0,0,0,0,0,0,0,1
17401,AYUSH TOOTH PASTE FRESHNESS GEL 150GM,75,2,0,0,0,0,0,0,0,0,0,0,0,0,2
17402,AYUSH FACE WASH NATURAL FAIRNESS SAFFRON 80GM,110,0,0,0,0,0,0,0,0,0,0,0,0,0,0
17403,AYUSH FACE WASH ANTI PIMPLE TURMERIC 40GM,50,0,0,0,0,0,0,0,0,0,0,0,0,0,0
17404,AYUSH FACE WASH ANTI PIMPLE TURMERIC 80GM,110,0,0,0,0,0,0,0,0,0,0,0,0,0,0
17405,FAIR & LOVELY FACE WASH MEN MAX FAIRNESS 50GM,65,0,0,0,0,0,0,0,0,0,0,0,0,0,0
17406,HALDIRAMS SADA PAPAD 200GM,55,0,0,0,0,0,0,0,0,0,0,0,0,0,0
17407,LOREAL PARIS BLACK INSTANT ROOT CONCEALER SPRAY 75ML,600,0,0,0,0,0,0,0,0,0,0,0,0,0,0
17408,LOREAL PARIS DARK BROWN INSTANT ROOT CONCEALER SPRAY 75ML,600,0,0,0,0,0,0,0,0,0,0,0,0,0,0
17409,NIHAR SANTI HAIR OIL 140ML,35,0,0,0,0,0,0,0,0,0,0,0,0,0,0
17410,KWALITY WALLS ICE CREAM MAGNUM MINI CLASSIC ALMOND BROWNIE 6X36GM,330,0,0,0,0,0,0,0,0,0,0,0,0,0,0
17411,NESTLE MILKYBAR MOULD 6.5GM,5,-14,0,0,0,0,0,0,0,0,0,0,0,0,-14
17412,DOVE CONDITIONER ENVIRNMENTAL DEFENCE 180GM,194,0,0,0,0,0,0,0,0,0,0,0,0,0,0
17413,DOVE SHAMPOO ENVIRNMENTAL DEFENCE 340ML,270,0,0,0,0,0,0,0,0,0,0,0,0,0,0
17414,DOVE SHAMPOO ENVIRNMENTAL DEFENCE 650ML,480,0,0,0,0,0,0,0,0,0,0,0,0,0,0
17415,DOVE SHAMPOO ENVIRNMENTAL DEFENCE 80ML,70,0,0,0,0,0,0,0,0,0,0,0,0,0,0
17416,DOVE CONDITIONER ENVIRNMENTAL DEFENCE 80ML,91,0,0,0,0,0,0,0,0,0,0,0,0,0,0
17417,LIFEBUOY HANDWASH NATURE 800ML,99,0,0,0,0,0,0,0,0,0,0,0,0,0,0
17418,ORAL-B TOOTH BRUSH ULTRATHIN SENSITIVE BLACK EXTRA SOFT 1NOS,70,1,0,0,0,0,0,0,0,0,0,0,0,0,1
17419,DAIRY CRAFT PIZZA CHEESE 400GM,240,0,0,0,0,0,0,0,0,0,0,0,0,0,0
17420,DAIRY CRAFT PIZZA CHEESE 200GM,125,0,0,0,0,0,0,0,0,0,0,0,0,0,0
17421,DAIRY CRAFT BUTTER UNSALTED 500GM,240,0,0,0,0,0,0,0,0,0,0,0,0,0,0
17422,DAIRY CRAFT BUTTER SALTED 500GM,240,0,0,0,0,0,0,0,0,0,0,0,0,0,0
17423,DAIRY CRAFT MASCARPONE CHEESE 500GM,475,0,0,0,0,0,0,0,0,0,0,0,0,0,0
17424,DAIRY CRAFT CHEESE SLICE HERBS & SPICES 200GM,195,0,0,0,0,0,0,0,0,0,0,0,0,0,0
17425,DAIRY CRAFT CREMELLA NATURAL CREAM CHEESE 200GM,225,0,0,0,0,0,0,0,0,0,0,0,0,0,0
17426,TROPICANA JUICE ESSENTIALS IRON APPLE/CARROT/MIXED FRUIT 200ML,30,11,0,0,0,0,0,0,0,0,0,0,0,0,11
17427,BROOKSIDE EXOTIC CHOCOLATE RASPBERRY & GOJI/BLUBERRY & ACAI/POMEGRANATE 3X33.3GM,200,0,0,0,0,0,0,0,0,0,0,0,0,0,0
17428,GARDEN MAHALAXMI CHIVDA 140GM,42,0,0,0,0,0,0,0,0,0,0,0,0,0,0
17429,GARDEN MIX FARSAN 160GM,38,0,0,0,0,0,0,0,0,0,0,0,0,0,0
17430,GARDEN BOMBAY PURI 155GM,42,0,0,0,0,0,0,0,0,0,0,0,0,0,0
17431,AMUL CHOCO BUTTERY SPREAD 200GM,85,1,0,0,0,0,0,0,0,0,0,0,0,0,1
17432,ORGANIC 24 MANTRA RAGI FLOUR 500GM,70,0,0,0,0,0,0,0,0,0,0,0,0,0,0
17433,ORGANIC 24 MANTRA SATTU FLOUR 500GM,120,1,0,0,0,0,0,0,0,0,0,0,0,0,1
17434,ORGANIC 24 MANTRA RICE FLOUR 500GM,60,0,0,0,0,0,0,0,0,0,0,0,0,0,0
17435,ORGANIC 24 MANTRA JOWAR FLOUR 500GM,60,0,0,0,0,0,0,0,0,0,0,0,0,0,0
17436,WHISPER ULTRA CLEAN XL+ 44PADS,399,1,0,0,0,0,0,0,0,0,0,0,0,0,1
17437,PAMPERS BABY DRY PANTS L 32PANTS,499,0,0,0,0,0,0,0,0,0,0,0,0,0,0
17438,GALA SHERGRIP SINK BRUSH,76,1,0,0,0,0,0,0,0,0,0,0,0,0,1
17439,MOUNT HAGEN ORGANIC FAIRTRADE COFFEE INSTANT DECAFFINATED 100GM,895,0,0,0,0,0,0,0,0,0,0,0,0,0,0
17440,MOUNT HAGEN ORGANIC FAIRTRADE COFFEE INSTANT 100GM,850,0,0,0,0,0,0,0,0,0,0,0,0,0,0
17441,PHYTOTECH GREEN COFFEE INSTANT 100GM,655,0,0,0,0,0,0,0,0,0,0,0,0,0,0
17442,VERKA ICE CREAM VANILLA 700ML,80,0,0,0,0,0,0,0,0,0,0,0,0,0,0
17443,PEDIASURE PREMIUM CHOCOLATE FLAVOUR 1KG,1180,0,0,0,0,0,0,0,0,0,0,0,0,0,0
17444,SCOTCH BRITE ANTIBACTERIAL SCRUB PAD 3M,40,7,0,0,0,0,0,0,0,0,0,0,0,0,7
17445,SCOTCH BRITE ANTIBACTERIAL SCRUB  3M 3PAD,55,0,0,0,0,0,0,0,0,0,0,0,0,0,0
17446,SCOTCH BRITE ANTIBACTERIAL SCRUB PAD SMALL 3M,20,6,0,0,0,0,0,0,0,0,0,0,0,0,6
17447,VEEBA GARLIC MAYONNAISE 280GM,84,2,0,0,0,0,0,0,0,0,0,0,0,0,2
17448,VEEBA CLASSIC MAYONNAISE 275GM,84,2,0,0,0,0,0,0,0,0,0,0,0,0,2
17449,VEEBA PIZZA TOPPING 310GM,89,1,0,0,0,0,0,0,0,0,0,0,0,0,1
17450,HALDIRAMS SNAC LITE FUN WHEELS 80GM,20,9,0,0,0,0,0,0,0,0,0,0,0,0,9
17451,HAIR & CARE FRUIT OILS ORANGE ANAR & STRAWBERRY 50ML,30,1,0,0,0,0,0,0,0,0,0,0,0,0,1
17452,ALO FRUT ALOEVERA AND JAMUN 200ML,35,0,0,0,0,0,0,0,0,0,0,0,0,0,0
17453,ENE BHUT JOLOKIA CHILLI SAUCE HOT 200GM,195,0,0,0,0,0,0,0,0,0,0,0,0,0,0
17454,ENE BHUT JOLOKIA CHILLI SAUCE SWEET 200GM,195,0,0,0,0,0,0,0,0,0,0,0,0,0,0
17455,ENE BHUT JOLOKIA CHILLI SAUCE EXTRA HOT 200GM,200,0,0,0,0,0,0,0,0,0,0,0,0,0,0
17456,LAKME FACE WASH ABSOLUTE PERFECT RADIANCE SKIN LIGHTENING 50GM,150,0,0,0,0,0,0,0,0,0,0,0,0,0,0
17457,DOVE SHAMPOO ENVIRNMENTAL DEFENCE 180ml,145,0,0,0,0,0,0,0,0,0,0,0,0,0,0
17458,VICTORY JEERA 100GM,37,0,0,0,0,0,0,0,0,0,0,0,0,0,0
17459,BIOTIQUE BIO HONEY WATER 120ML,175,0,0,0,0,0,0,0,0,0,0,0,0,0,0
17460,BIOTIQUE BIO CUCUMBER PORE TIGHTENING TONER 120ML,175,0,0,0,0,0,0,0,0,0,0,0,0,0,0
17461,DOVE BABY SOAP BATHING BAR RICH MOISTURE 75GM,48,5,0,0,0,0,0,0,0,0,0,0,0,0,5
17462,DOVE SOAP BATHING BAR RICH MOISTURE 50GM,30,5,0,0,0,0,0,0,0,0,0,0,0,0,5
17463,SAVLON HANDWASH HERBAL SENSITIVE 500ML,79,0,0,0,0,0,0,0,0,0,0,0,0,0,0
17464,SAVLON HANDWASH DOUBLE STRENGTH 500ML,79,0,0,0,0,0,0,0,0,0,0,0,0,0,0
17465,SUNFEAST DARK FANTASY YUMFILLS CAKE 138GM,60,2,0,0,0,0,0,0,0,0,0,0,0,0,2
17466,SUNFEAST CASHEW AND ALMOND COMBO PACK 500GM,80,0,0,0,0,0,0,0,0,0,0,0,0,0,0
17467,AMUL ICE CREAM HUM TUM PISTA MALAI KULFI ROLL CUT 80ML,30,0,0,0,0,0,0,0,0,0,0,0,0,0,0
17468,AMUL ICE CREAM HUM TUM KAJU MALAI KULFI ROLL CUT 80ML,25,0,0,0,0,0,0,0,0,0,0,0,0,0,0
17469,CREMICA SANDWICH SPREAD PIRI PIRI 275GM,87,0,0,0,0,0,0,0,0,0,0,0,0,0,0
17470,CADBURY CELEBRATION 63.03GM,50,0,0,0,0,0,0,0,0,0,0,0,0,0,0
17471,CADBURY MONSTAR GEMS 39.9GM,40,30,0,0,0,0,0,0,0,0,0,0,0,0,30
17472,DEL MONTE FOOD CRAFT BAKED BEANS IN SAUCE 450GM,90,0,0,0,0,0,0,0,0,0,0,0,0,0,0
17473,BRITANNIA GOOD DAY WONDERFULLS CHOCO ND NUTS COOKIES 75GM,25,0,0,0,0,0,0,0,0,0,0,0,0,0,0
17474,BRITANNIA GOOD DAY WONDERFULLS BUTTER ALMOND 75GM,25,0,0,0,0,0,0,0,0,0,0,0,0,0,0
17475,NAVNEET FUN PREMIUM 2 IN 1 COLOUR PENCILS 18PEC,150,0,0,0,0,0,0,0,0,0,0,0,0,0,0
17476,WHISPER CHOICE WINGS 20PADS,80,0,0,0,0,0,0,0,0,0,0,0,0,0,0
17477,CAVENDISH & HARVEY MIXED FRUIT DROPS SUGAR FREE 175GM,300,0,0,0,0,0,0,0,0,0,0,0,0,0,0
17478,CAVENDISH & HARVEY SOUR CHERRY DROPS SUGAR FREE 175GM,300,0,0,0,0,0,0,0,0,0,0,0,0,0,0
17479,CAVENDISH & HARVEY TROPICAL FRUIT DROPS,300,0,0,0,0,0,0,0,0,0,0,0,0,0,0
17480,CONTINENTAL SPECIAL GRANULES COFFEE 200GM,490,0,0,0,0,0,0,0,0,0,0,0,0,0,0
17481,CONTINENTAL SPECIAL GRANULES COFFEE 25GM,80,0,0,0,0,0,0,0,0,0,0,0,0,0,0
17482,CONTINENTAL SPECIAL GRANULES COFFEE 50GM,145,0,0,0,0,0,0,0,0,0,0,0,0,0,0
17483,AYUSH SOAP MOISTURISING COWS GHEE SOAP FOR SOFT SMOOTH SKIN 100GM,31,3,0,0,0,0,0,0,0,0,0,0,0,0,3
17484,AYUSH SOAP PURIFYING TURMERIC SOAP FOR CLEAR GLOWING SKIN 100GM,30,6,0,0,0,0,0,0,0,0,0,0,0,0,6
17485,AYUSH SOAP NATURAL FAIRNESS SAFFRON SOAP FOR FAIR GLOWING SKIN 100GM,30,1,0,0,0,0,0,0,0,0,0,0,0,0,1
17486,PARLE MILANO CHOCOLATE CHIP COOKIES COMBO PACK,70,0,0,0,0,0,0,0,0,0,0,0,0,0,0
17487,PARLE MILANO CENTER FILLED COOKIES COMBO PACK,80,0,0,0,0,0,0,0,0,0,0,0,0,0,0
17488,MONGINIS SWISS ROLL MANGO CAKE 100GM,30,0,0,0,0,0,0,0,0,0,0,0,0,0,0
17489,NESTLE FESTIVE GREETINGS 210GM,150,0,0,0,0,0,0,0,0,0,0,0,0,0,0
17490,WILD STONE DEO LEGEND 150ML,180,0,0,0,0,0,0,0,0,0,0,0,0,0,0
17491,STREPSILS HERBAL DROPS MENTHOL 2.5GM,1,0,0,0,0,0,0,0,0,0,0,0,0,0,0
17492,ORBIT SWEETMINT SUGAR FREE CHEWING GUM 22GM,50,1,0,0,0,0,0,0,0,0,0,0,0,0,1
17493,ORAL-B TOOTH BRUSH ULTRATHIN SENSITIVE 20X THINNER EXTRA SOFT BUY2GET1FREE,120,5,0,0,0,0,0,0,0,0,0,0,0,0,5
17494,ORAL-B TOOTH BRUSH ULTRATHIN SENSITIVE 20X THINNER EXTRA SOFT 2NOS,96,3,0,0,0,0,0,0,0,0,0,0,0,0,3
17495,PAMPERS BABY DRY PANTS XXL 22PANTS,499,1,0,0,0,0,0,0,0,0,0,0,0,0,1
17496,PAMPERS BABY DRY PANTS XL 28PANTS,449,0,0,0,0,0,0,0,0,0,0,0,0,0,0
17497,PANTENE SHAMPOO TOTAL DAMAGE CARE 180ML,115,0,0,0,0,0,0,0,0,0,0,0,0,0,0
17498,CREMICA GOLDEN BYTES MIXED NUT COOKIES 200GM,30,0,0,0,0,0,0,0,0,0,0,0,0,0,0
17499,KISSAN SWEET & SPICY SAUCE 100% TOMATO 500GM,103,2,0,0,0,0,0,0,0,0,0,0,0,0,2
17500,FUN FOODS PEANUT BUTTER CHOCOLATE 340GM,149,0,0,0,0,0,0,0,0,0,0,0,0,0,0
17501,VIVEL SOAP LOTUS OIL SOFT GLOWING SKIN 50GM,38,0,0,0,0,0,0,0,0,0,0,0,0,0,0
17502,ORGANIC NATION HIMALAYAN ROCK SALT GRANULES 500GM,70,2,0,0,0,0,0,0,0,0,0,0,0,0,2
17503,AMBI PUR AIR EFFECTS COMBO PACK 2X275GM,470,0,0,0,0,0,0,0,0,0,0,0,0,0,0
17504,LAKME FACEWASH BLUSH & GLOW GEL WITH PEACH EXTRACTS 100GM,195,2,0,0,0,0,0,0,0,0,0,0,0,0,2
17505,LAKME FACEWASH BLUSH & GLOW GEL WITH PEACH EXTRACTS 50GM,99,1,0,0,0,0,0,0,0,0,0,0,0,0,1
17506,CADBURY CHOCLAIRS GOLD 25X5.7GM,50,0,0,0,0,0,0,0,0,0,0,0,0,0,0
17507,KISSAN SWEET & SPICY SAUCE 100% TOMATO 200GM,59,2,0,0,0,0,0,0,0,0,0,0,0,0,2
17508,LAKME 9 TO 5 COMPLEXION CARE CREAM HONEY SPF30PA 30GM,315,0,0,1,0,0,0,0,0,0,0,0,0,0,1
17509,LAKME 9 TO 5 COMPLEXION CARE CREAM ALMONO SPF30PA 30GM,315,0,0,1,0,0,0,0,0,0,0,0,0,0,1
17510,LAKME KAJAL EYECONIC CLASSIC BROWN 0.35GM,275,2,0,0,0,0,0,0,0,0,0,0,0,0,2
17511,LAKME LIP CARE CHERRY SPF15 3.8GM,200,0,0,0,0,0,0,0,0,0,0,0,0,0,0
17512,LAKME LIP CARE STRAWBERRY SPF15 3.8GM,180,0,0,0,0,0,0,0,0,0,0,0,0,0,0
17513,COLIN GLASS & HOUSEHOLD CLEANER 125ML,32,0,0,0,0,0,0,0,0,0,0,0,0,0,0
17514,DETTOL HAND WASH RE ENERGIZE LIQUID PUMP 200ML,109,0,0,0,0,0,0,0,0,0,0,0,0,0,0
17515,DETTOL HAND WASH SKINCARE LIQUID 900ML,209,2,0,0,0,0,0,0,0,0,0,0,0,0,2
17516,HARPIC POWER PLUS 10X ORIGINAL 200ML,34,0,0,0,0,0,0,0,0,0,0,0,0,0,0
17517,HALDIRAMS SALTED PEANUTS 400GM,91,0,0,0,0,0,0,0,0,0,0,0,0,0,0
17518,HALDIRAMS MIRCH MASALA PAPAD 200GM,58,0,0,0,0,0,0,0,0,0,0,0,0,0,0
17519,GLADE TOUCH AND FRESH REFILL LAUGHT WILDLY SUGAR ORANGE 12ML,75,0,0,0,0,0,0,0,0,0,0,0,0,0,0
17520,VEEBA VINAIGRETTE SALAD SAUCE 320GM,109,0,0,0,0,0,0,0,0,0,0,0,0,0,0
17521,FAIR AND HANDSOME LASER 12 ADVANCED WHITENING MULTI BENEFIT CREAM 30GM,125,3,0,0,0,0,0,0,0,0,0,0,0,0,3
17522,FAIR AND HANDSOME LASER 12 ADVANCED WHITENING MULTI BENEFIT CREAM 15GM,55,1,0,0,0,0,0,0,0,0,0,0,0,0,1
17523,MAGGI CHICKEN CUPPA NOODLES 67GM,45,0,0,0,0,0,0,0,0,0,0,0,0,0,0
17524,AXE DEO SIGNATURE GOLD ICED VETIVER 80ML,450,1,0,0,0,0,0,0,0,0,0,0,0,0,1
17525,AXE DEO SIGNATURE GOLD DARK VANILLA 80ML,450,0,0,0,0,0,0,0,0,0,0,0,0,0,0
17526,DOVE CONDITIONER REJUVENATED VOLUME 240ML,260,0,0,0,0,0,0,0,0,0,0,0,0,0,0
17527,WHISPER CHOICE XL 7PADS,32,2,0,0,0,0,0,0,0,0,0,0,0,0,2
17528,CLOSEUP TOOTH PASTE EVER FRESH RED HOT 80GM,48,0,0,0,0,0,0,0,0,0,0,0,0,0,0
17529,CLOSEUP TOOTH PASTE EVER FRESH RED HOT 150+150=300GM,140,4,0,0,0,0,0,0,0,0,0,0,0,0,4
17530,ORAL-B TOOTH BRUSH CAVITY DEFENCE123 MEDIUM 2NOS,44,1,0,0,0,1,0,0,0,0,0,0,0,0,0
17531,KRAVOUR WAFER ORANGE FLAVOURED BISCUITS 150GM,50,0,0,0,0,0,0,0,0,0,0,0,0,0,0
17532,MAGGI ATTA MASALA NOODLES  75GM,19,24,0,0,0,0,0,0,0,0,0,0,0,0,24
17533,MINUTE MAID APPLE JUICE CAN 240ML,30,0,0,0,0,0,0,0,0,0,0,0,0,0,0
17534,VEEBA TARTARE DIP 300GM,109,2,0,0,0,0,0,0,0,0,0,0,0,0,2
17535,COLGATE TOOTH PASTE BUBBLE FRUIT MINIONS 80GM,79,3,0,0,0,0,0,0,0,0,0,0,0,0,3
17536,COLGATE TOOTH PASTE TOTAL CHARCOAL DEEP CLEAN 120GM,85,0,0,0,0,0,0,0,0,0,0,0,0,0,0
17537,COLGATE TOOTH PASTE BUBBLE FRUIT 40GM,35,0,0,0,0,0,0,0,0,0,0,0,0,0,0
17538,COLGATE TOOTH BRUSH SENSITIVE ULTRA SOFT 4N,99,0,0,0,0,0,0,0,0,0,0,0,0,0,0
17539,RAW TOMATO SOUP 250ML,100,0,0,0,0,0,0,0,0,0,0,0,0,0,0
17540,VEET HAIR REMOVAL CREAM SILK & FRESH SENSITIVE SKIN 25GM,58,3,0,0,0,0,0,0,0,0,0,0,0,0,3
17541,ROBIN POWDER BLUE DAZZLING WHITENESS 900GM,199,1,0,0,0,0,0,0,0,0,0,0,0,0,1
17542,TONG GARDEN SALTED PEANUT 400GM,300,0,0,0,0,0,0,0,0,0,0,0,0,0,0
17543,MAGGI ATTA MEXICANA NOODLES 75GM,19,1,0,0,0,0,0,0,0,0,0,0,0,0,1
17544,MAGGI OATS MASALA NOODLES 300GM,95,6,0,0,0,0,0,0,0,0,0,0,0,0,6
17545,VIVEL SOAP LOTUS OIL SOFT GLOWING SKIN 5X100GM,100,1,0,0,0,0,0,0,0,0,0,0,0,0,1
17546,MAGGI TTA MSALA NOODLES 300GM,75,9,0,0,0,0,0,0,0,0,0,0,0,0,9
17547,MAGGI OATS HERBS & SPICES NOODLES 75GM,24,1,0,0,0,0,0,0,0,0,0,0,0,0,1
17548,MAGGI OATS MASALA NOODLES 75GM,24,1,0,0,0,0,0,0,0,0,0,0,0,0,1
17549,WHISPER CHOICE ULTRA XL 20PADS,123,2,0,0,0,1,0,0,0,0,0,0,0,0,1
17550,OLAY WHITE RADIANCE BRIGHTENING INTENSIVE CREAM SPF24 MOISTURISER 20GM,399,0,0,0,0,0,0,0,0,0,0,0,0,0,0
17551,GODREJ NO.1 SOAP KESAR MILK CREAM 150GM,23,0,0,0,0,0,0,0,0,0,0,0,0,0,0
17552,GODREJ NO.1 SOAP LIME ALOE VERA 150GM,23,0,0,0,0,0,0,0,0,0,0,0,0,0,0
17553,GODREJ NO.1 SOAP SANDAL TURMERIC 150GM,23,0,0,0,0,0,0,0,0,0,0,0,0,0,0
17554,GARDEN PEPPER BANNA CHIPS 100GM,45,2,0,0,0,0,0,0,0,0,0,0,0,0,2
17555,PAMPERS BABY DRY PANTS EXTRA ABSORB CHANNELS MEDIUM 8PANS,115,2,0,0,0,0,0,0,0,0,0,0,0,0,2
17556,ALL OUT ULTRA BEDTIME PROTECTION POWER REFILL 45ML,72,0,0,0,0,0,0,0,0,0,0,0,0,0,0
17557,HALDIRAMS PANCHRATTAN 25GM,10,0,0,0,0,0,0,0,0,0,0,0,0,0,0
17558,HALDIRAMS DIET MIXTURE 60GM,10,0,0,0,0,0,0,0,0,0,0,0,0,0,0
17559,CREMICA GOLDEN BYTES RICH BUTTER COOKIES 250GM,30,0,0,0,0,0,0,0,0,0,0,0,0,0,0
17560,WHEANIL CAKE RUSK GLUTEN FREE 200GM,130,0,0,0,0,0,0,0,0,0,0,0,0,0,0
17561,WHEANIL AJWAIN COOKIES GLUTEN FREE 200GM,110,0,0,0,0,0,0,0,0,0,0,0,0,0,0
17562,WHEANIL CHOCOLATE COOKIES GLUTEN FREE 200GM,130,0,0,0,0,0,0,0,0,0,0,0,0,0,0
17563,WHEANIL COCONUT COOKIES GLUTEN FREE 200GM,120,0,0,0,0,0,0,0,0,0,0,0,0,0,0
17564,WHEANIL PLAIN COOKIES GLUTEN FREE 200GM,110,0,0,0,0,0,0,0,0,0,0,0,0,0,0
17565,WHEANIL ZEERA COOKIES GLUTEN FREE 200GM,110,0,0,0,0,0,0,0,0,0,0,0,0,0,0
17566,WHEANIL CHOCOCHIP COOKIES GLUTEN FREE 200GM,130,0,0,0,0,0,0,0,0,0,0,0,0,0,0
17567,WHEANIL VANILLA CHOCOCHIP COOKIES GLUTEN FREE 200GM,130,0,0,0,0,0,0,0,0,0,0,0,0,0,0
17568,CAVENDISH & HARVEY SWEET HEARTS VANILLA & POMEGRANATE FLAVOURED CANDIES 350GM,350,0,0,0,0,0,0,0,0,0,0,0,0,0,0
17569,DETTOL BODY WASH CLASSIC CLEAN 250ML,185,0,0,0,0,0,0,0,0,0,0,0,0,0,0
17570,DETTOL BODY WASH DILY CLEAN 250ML,185,0,0,0,0,0,0,0,0,0,0,0,0,0,0
17571,STAYFREE ADVANCED ULTRA COMFORT XL SOFT TOUCH WINGS 14PADS,165,6,0,0,0,0,0,0,0,0,0,0,0,0,6
17572,VEEBA ENGLISH MUSTARD 300GM,74,1,0,0,0,0,0,0,0,0,0,0,0,0,1
17573,UNIBIC MUESLI BREAKFAST COOKIES 60GM,20,0,0,0,0,0,0,0,0,0,0,0,0,0,0
17574,AASHIRVAAD LODISED SALT 1KG,18,0,0,0,0,0,0,0,0,0,0,0,0,0,0
17575,COMFORT FABRIC CONDITIONER FRAGRANCE PEARLS AFTER WASH PINK 200ML,55,3,0,0,0,0,0,0,0,0,0,0,0,0,3
17576,HIMALAYA TOOTH PASTE SPARKLING WHITE 2X150GM+80GM FREE,170,0,0,0,0,0,0,0,0,0,0,0,0,0,0
17577,HIMALAYA CONDITIONER ANTI-HAIR FALL 100ML,90,0,0,0,0,0,0,0,0,0,0,0,0,0,0
17578,HIMALAYA MEN FACE & BEARD WASH COCONUT WATER+ALOE VERA 40ML,78,0,0,0,0,0,0,0,0,0,0,0,0,0,0
17579,HIMALAYA MEN FACE & BEARD WASH COCONUT WATER+ALOE VERA 80ML,146,0,0,0,0,0,0,0,0,0,0,0,0,0,0
17580,B NATURAL MIXED FRUIT JUICE 200ML,20,0,0,0,0,0,0,0,0,0,0,0,0,0,0
17581,B NATURAL PHALSE JUICE 200ML,20,0,0,0,0,0,0,0,0,0,0,0,0,0,0
17582,B NATURAL POMEGRANATE JUICE 200ML,25,0,0,0,0,0,0,0,0,0,0,0,0,0,0
17583,B NATURAL GUAVA JUICE 200ML,20,0,0,0,0,0,0,0,0,0,0,0,0,0,0
17584,AXE TALC SIGNATURE TEMPTATION COLOGNE 100GM,65,1,0,0,0,0,0,0,0,0,0,0,0,0,1
17585,AYUSH TOOTH PASTE FRESHNESS GEL 80GM,32,0,0,0,0,0,0,0,0,0,0,0,0,0,0
17586,PONDS MOISTURISING COLD CREAM MOISTURISE+NOURISH+PROTECT 100ML,139,0,0,0,0,0,0,0,0,0,0,0,0,0,0
17587,KNORR CUP A SOUP INTERNATIONAL ITALIAN MUSHROOM 10GM,15,5,0,0,0,0,0,0,0,0,0,0,0,0,5
17588,KNORR CUP A SOUP INTERNATIONAL MAXICAN TOMATO CORN 13GM,15,1,0,0,0,0,0,0,0,0,0,0,0,0,1
17589,ORAL-B TOOTH BRUSH PRO HEALTH PLAQUE REMOVAL MEDIUM 2NOS,99,7,0,0,0,0,0,0,0,0,0,0,0,0,7
17590,ORAL-B TOOTH BRUSH PLAQUE REMOVAL MEDIUM BUY2GET1FREE,130,1,0,6,0,0,0,0,0,0,0,0,0,0,7
17591,GUBB FACE CARE SAFETY SCISSOR 1PC,139,0,0,0,0,0,0,0,0,0,0,0,0,0,0
17592,GUBB DENTAL FLOSS PICK,89,0,0,0,0,0,0,0,0,0,0,0,0,0,0
17593,GUBB SILICONE EAR PLUGS,69,0,0,0,0,0,0,0,0,0,0,0,0,0,0
17594,GUBB SOOTHING EYE GEL MASK,149,0,0,0,0,0,0,0,0,0,0,0,0,0,0
17595,NAVNEET LONG BOOK DOUBLE LINE 172PAGES,45,9,0,0,0,0,0,0,0,0,0,0,0,0,9
17596,NAVNEET LONG BOOK SOFT BOUND A4 SIZE 172PAGES,60,0,0,0,0,0,0,0,0,0,0,0,0,0,0
17597,NATURES FIRST ALPHONSO MANGO 300GM,85,0,0,0,0,0,0,0,0,0,0,0,0,0,0
17598,NESTLE MILKY BAR ECLAIRS MILKY TASTE 320GM,100,3,0,0,0,0,0,0,0,0,0,0,0,0,3
17599,NESTLE GREEK YOGHURT LITCHI 100GM,35,2,0,0,0,0,0,0,0,0,0,0,0,0,2
17600,KISSAN SWEET & SPICY SAUCE 100% TOMATO 1KG,152,2,0,0,0,0,0,0,0,0,0,0,0,0,2
17601,KISSAN CHILLI TOMATO SAUCE 100% TOMATO 500GM,103,1,0,0,0,0,0,0,0,0,0,0,0,0,1
17602,KRAFT CHEESE SLISE 40GM,40,0,0,0,0,0,0,0,0,0,0,0,0,0,0
17603,MORTEIN DENGUE MOSQUITOES 2X35ML,99,5,0,0,0,0,0,0,0,0,0,0,0,0,5
17604,MCVITIES MARIE BISCUITE 300GM,30,0,0,0,0,0,0,0,0,0,0,0,0,0,0
17605,QUICKBURY APPLE CINNAMON COOKIES 150GM,195,0,0,0,0,0,0,0,0,0,0,0,0,0,0
17606,BIOTIQUE BIO BERBERRY HYDRATING CLEANSER FOR ALL SKIN 120ML,170,1,0,0,0,0,0,0,0,0,0,0,0,0,1
17607,QUICKBURY HAZELNUT COOKIES 150GM,195,0,0,0,0,0,0,0,0,0,0,0,0,0,0
17608,BIOTIQUE BIO PAPAYA REVITALIZING TANG REMOVAL SCRUB 75GM,199,1,0,0,0,0,0,0,0,0,0,0,0,0,1
17609,PROTEQT DARK CHOCOLATE WITH GUAVARIN 36GM,280,0,0,0,0,0,0,0,0,0,0,0,0,0,0
17610,BIOTIQUE BIO WALNUT PURIFYING & POLISHING SCRUB 50GM,199,1,0,0,0,0,0,0,0,0,0,0,0,0,1
17611,GRANDOS CAFE GOLD 10 N,70,0,0,0,0,0,0,0,0,0,0,0,0,0,0
17612,GRANDOS CAFFE ESPRESSO 10 N,75,1,0,0,0,0,0,0,0,0,0,0,0,0,1
17613,PHYTOTECH EXTRACTS INSTANT GREEN COFFEE STICKS 1.5GM 12 SACHETS,98,0,0,0,0,0,0,0,0,0,0,0,0,0,0
17614,HIBISCUS TEA 25GM,185,0,0,0,0,0,0,0,0,0,0,0,0,0,0
17615,MORINGA MINTEA 25GM,185,0,0,0,0,0,0,0,0,0,0,0,0,0,0
17616,MULTEA REFRESHING TEA 25GM,185,0,0,0,0,0,0,0,0,0,0,0,0,0,0
17617,BROOKSIDE BLUEBERRY & ACAI CENTER CHOCOLATE 33.3GM,45,5,0,0,0,0,0,0,0,0,0,0,0,0,5
17619,RED BULL ENERGY DRINK 475ML,165,0,0,0,0,0,0,0,0,0,0,0,0,0,0
17620,LOREAL CONDITIONER EXTRAORDINARY CLAY OILY SCALP & DRY ENDS 175ML,185,1,0,0,0,0,0,0,0,0,0,0,0,0,1
17621,LOREAL SHAMPOO EXTRAORDINARY CLAY OILY SCALP & DRY ENDS 175ML,150,1,0,0,0,0,0,0,0,0,0,0,0,0,1
17622,YARDELEY DEO SILK SKIN SENSITIVE ALCOHOL FREE 150ML,259,0,0,0,0,0,0,0,0,0,0,0,0,0,0
17623,SENSODYNE DEEP CLEAN 70GM,110,5,0,0,0,0,0,0,0,0,0,0,0,0,5
17624,ALO FRUT JAMUN ALOVERA+JAMUN JUICE 500ML,75,0,0,0,0,0,0,0,0,0,0,0,0,0,0
17625,BROOKSIDE DARK BLUEBERRY & ACAI CENTER CHOCOLATE 100GM,125,-1,0,0,0,0,0,0,0,0,0,0,0,0,-1
17626,BROOKSIDE RASPBERRY & GOJI CENTER CHOCOLATE 100GM,125,4,0,0,0,0,0,0,0,0,0,0,0,0,4
17627,BROOKSIDE DARK POMEGRANATE CENTER CHOCOLATE 100GM,125,4,0,0,0,0,0,0,0,0,0,0,0,0,4
17628,BROOKSIDE POMEGRANATE CENTER CHOCOLATE 33.3GM,45,2,0,0,0,0,0,0,0,0,0,0,0,0,2
17629,AYUSH SHAMPOO THIK & LONG GROWTH SHIKAKAI 175ML,99,0,0,0,0,0,0,0,0,0,0,0,0,0,0
17630,MAAZA CHUNKY 200ML,30,0,0,0,0,0,0,0,0,0,0,0,0,0,0
17631,MARGO SOAP ORIGINAL NEEM 4X100GM+100GM FREE,112,0,0,0,0,0,0,0,0,0,0,0,0,0,0
17632,CHANDAN CHIA CINNAMON MIX 140GM,190,0,0,0,0,0,0,0,0,0,0,0,0,0,0
17633,CHANDAN RAJBHOG MUKHWAS 140GM,110,0,0,0,0,0,0,0,0,0,0,0,0,0,0
17634,CHANDAN ZESTFUL BERRY 200GM,190,0,0,0,0,0,0,0,0,0,0,0,0,0,0
17635,CHANDAN VITA NUTRI AWLA 170GM,190,0,0,0,0,0,0,0,0,0,0,0,0,0,0
17636,CHANDAN MANGO KHATTA MITHA 160GM,110,0,0,0,0,0,0,0,0,0,0,0,0,0,0
17637,PARK AVENUE DEO EPIC FOR MEN WITH CLASS 120ML,199,0,0,0,0,0,0,0,0,0,0,0,0,0,0
17638,CREMICA SANDWICH SPREAD CARROT+CUCUMBER 275GM,87,0,0,0,0,0,0,0,0,0,0,0,0,0,0
17639,CREMICA BURGER MAYO EGGLESS 300GM,77,0,0,0,0,0,0,0,0,0,0,0,0,0,0
17640,ARIEL MATIC CONCENTRATED LIQUID DETERGENT 750ML,260,0,0,0,0,0,0,0,0,0,0,0,0,0,0
17641,BHUIRA BITTER ORANGE MRMALADE 475GM,240,1,0,0,0,0,0,0,0,0,0,0,0,0,1
17642,BRITANNIA TIGER CREEMZ STRAWBERRY 50GM,5,0,0,0,0,0,0,0,0,0,0,0,0,0,0
17643,JOHNSONS SHAMPOO ACTIVE KIDS SHINY DROPS 200ML,165,0,0,0,0,0,0,0,0,0,0,0,0,0,0
17644,JOHNSONS SHAMPOO ACTIVE KIDS SHINY DROPS 100ML,95,1,0,0,0,0,0,0,0,0,0,0,0,0,1
17645,STAYFREE DRY MAX ULTRA DRY WITH WINGS16PADS,165,2,0,0,0,0,0,0,0,0,0,0,0,0,2
17646,LUBE MAK HYDROL 68. 26LTR,2750,2,0,0,0,0,0,0,0,0,0,0,0,0,2
17647,BRITANNIA TREAT OSOM ORANGE 64GM,10,2,0,0,0,0,0,0,0,0,0,0,0,0,2
17648,GARDEN GOLDEN MIXTURE 160GM,45,0,0,0,0,0,0,0,0,0,0,0,0,0,0
17649,GARDEN MANGLORI MIXTURE 160GM,43,0,0,0,0,0,0,0,0,0,0,0,0,0,0
17650,ALPENLIEBE 2CHOCO ECLAIRS 175GM,50,0,0,0,0,0,0,0,0,0,0,0,0,0,0
17651,HEAD & SHOULDER SHAMPOO COOL MENTHOL 360ML,275,1,0,0,0,0,0,0,0,0,0,0,0,0,1
17652,OLD SPICE LATHER SHAVING CREAM ORIGINAL 30GM,35,0,0,0,0,0,0,0,0,0,0,0,0,0,0
17653,COLGATE TOOTH BRUSH SLIM SOFT CHARCOAL DEEP CLEANING YET GENTLE SOFT 1NOS,70,0,0,0,0,0,0,0,0,0,0,0,0,0,0
17654,DETTOL DISINFECTANT LIQUID MENTHOL COOL 200ML,75,0,0,0,0,0,0,0,0,0,0,0,0,0,0
17655,KOHINOOR ROYALE FOR BIRYANI BASMATI RICE 1KG,150,0,0,0,0,0,0,0,0,0,0,0,0,0,0
17656,KOHINOOR ROYALE FOR BIRYANI BASMATI RICE 5KG,750,0,0,0,0,0,0,0,0,0,0,0,0,0,0
17657,KINDER JOY WITH SURPRISE 20GM,45,6,0,0,0,0,0,0,0,0,0,0,0,0,6
17658,ACT II POPCORN CLASSIC SALTED 3X60GM,47,0,0,0,0,0,0,0,0,0,0,0,0,0,0
17659,DOVE BABY NOURISHING BABY LOTION RICH MOISTURE 200ML,180,2,0,0,0,0,0,0,0,0,0,0,0,0,2
17660,DOVE BABY SHAMPOO RICH MOISTURE 200ML,195,1,0,0,0,0,0,0,0,0,0,0,0,0,1
17661,DOVE BABY HAIR TO TOE BABY WASH RICH MOISTURE 200ML,195,0,0,0,0,0,0,0,0,0,0,0,0,0,0
17662,CLOSEUP TOOTH PASTE EVER FRESH RED HOT 150GM,80,0,0,0,0,0,0,0,0,0,0,0,0,0,0
17663,KESH KING SHAMPOO ANTI-DANDRUFF+HAIRFALL 60ML,55,0,0,0,0,0,0,0,0,0,0,0,0,0,0
17664,COMFORT FABRIC CONDITIONER FRAGRANCE PEARLS AFTER WASH BLUE 220ML,55,3,0,0,0,0,0,0,0,0,0,0,0,0,3
17665,COMFORT FABRIC CONDITIONER FRAGRANCE PEARLS AFTER WASH GREEN 860ML,205,1,0,0,0,0,0,0,0,0,0,0,0,0,1
17666,BAGRRYS MAKHANA PERI PERI FLAVOURED 100GM,150,0,0,0,0,0,0,0,0,0,0,0,0,0,0
17667,BAGRRYS MAKHANA CHEESE&HERB FLAVOURED 100GM,150,0,0,0,0,0,0,0,0,0,0,0,0,0,0
17668,BAGRRYS MAKHANA MINT FLAVOURED 100GM,150,0,0,0,0,0,0,0,0,0,0,0,0,0,0
17669,BAGRRYS PROTEIN MUESLI WITH WHEY PROTEIN ALMOND&OATS 500GM,399,1,0,0,0,0,0,0,0,0,0,0,0,0,1
17670,CARDELIGHT HAND MADE SHAGUN ENVELOPES PINK,50,0,0,0,0,0,0,0,0,0,0,0,0,0,0
17671,CARDELIGHT HAND MADE SHAGUN ENVELOPES RED,50,0,0,0,0,0,0,0,0,0,0,0,0,0,0
17672,CARDELIGHT HAND MADE SHAGUN ENVELOPES CREAM,50,0,0,0,0,0,0,0,0,0,0,0,0,0,0
17673,CARDELIGHT HAND MADE SHAGUN ENVELOPES GOLDEN,50,0,0,0,0,0,0,0,0,0,0,0,0,0,0
17674,ORAL-B TOOTH BRUSH CAVITY DEFENSE 123 CLEANS TEETH & GUMLINE SOFT 2NOS,44,6,0,0,0,0,0,0,0,0,0,0,0,0,6
17675,ORAL-B TOOTH BRUSH PRO-HEALTH IMPROVES GUM HEALTH IN 4 WEEKS SOFT BUY2GET1 FREE,150,0,0,0,0,0,0,0,0,0,0,0,0,0,0
17676,SOAP CASE BOX RS.140-/,140,0,0,0,0,0,0,0,0,0,0,0,0,0,0
17677,CLOTH CLIPS RS.40-/,40,-1,0,0,0,0,0,0,0,0,0,0,0,0,-1
17678,CORNITOS NACHO CRISPS TRI COLOR VEGGIES 250GM,150,0,0,0,0,0,0,0,0,0,0,0,0,0,0
17679,CORNITOS CHEESY DIP JALAPENO 100GM,80,0,0,0,0,0,0,0,0,0,0,0,0,0,0
17680,HIMALAYA HAND SANITIZER GREEN APPLE 250ML,175,0,0,0,0,0,0,0,0,0,0,0,0,0,0
17681,DIXON CRICKET TENNIS BALL,65,-1,0,0,0,0,0,0,0,0,0,0,0,0,-1
17682,PLAYING CARDS RED & GOLD 555,31,12,0,0,0,0,0,0,0,0,0,0,0,0,12
17683,PLAYING CARD DIESEI,45,28,0,0,0,0,0,0,0,0,0,0,0,0,28
17684,MCVITIES GINGER COOKIES 75GM,25,0,0,0,0,0,0,0,0,0,0,0,0,0,0
17685,SANTOOR HAND WASH SOFT & SENSITIVE GERM PROTECTION BUY2GET1FREE 3X180ML,98,2,0,0,0,0,0,0,0,0,0,0,0,0,2
17686,SANTOOR HAND WASH EXTRA GENTLE MOISTURISING GERM PROTECTION BUY2GET1FREE 3X180ML,98,1,0,0,0,0,0,0,0,0,0,0,0,0,1
17687,GLADE GEL JASMINE 70GM,75,0,0,0,0,0,0,0,0,0,0,0,0,0,0
17688,GLADE GEL LIVE FULLY 70GM,75,0,0,0,0,0,0,0,0,0,0,0,0,0,0
17689,GLADE GEL LAVENDER 70GM,75,2,0,0,0,0,0,0,0,0,0,0,0,0,2
17690,GRANDOS CAFFE CLASSICAL INSTANT COFFEE 100GM,400,1,0,0,0,0,0,0,0,0,0,0,0,0,1
17691,GRANDOS CAFFE CLASSICAL INSTANT COFFEE 50GM,250,0,0,0,0,0,0,0,0,0,0,0,0,0,0
17692,GRANDOS CAFFE GOLD INSTANT COFFEE 100GM,470,0,0,0,0,0,0,0,0,0,0,0,0,0,0
17693,GRANDOS CAFFE ESPRESSO INSTANT COFFEE 100GM,490,0,0,0,0,0,0,0,0,0,0,0,0,0,0
17694,PMI FRUIT YUGHURT SRAWBERRY WITH FRUIT 125GM,65,0,0,0,0,0,0,0,0,0,0,0,0,0,0
17695,PMI FRUIT YOGHURT BLUEBERRY WITH FRUIT 125GM,65,0,0,0,0,0,0,0,0,0,0,0,0,0,0
17696,PMI FRUIT YOGHURT FRUIT SALAD WITH FRUIT 125GM,65,0,0,0,0,0,0,0,0,0,0,0,0,0,0
17697,DETTOL HAND WASH ORIGINAL LIQUID 450ML,99,0,0,0,0,0,0,0,0,0,0,0,0,0,0
17698,PARLE FAB BOURBON CHOCOLATE 20GM,5,42,0,0,0,0,0,0,0,0,0,0,0,0,42
17699,STAYFREE SECURE DRY XL 6PADS,38,0,0,0,0,0,0,0,0,0,0,0,0,0,0
17700,EMAMI DIAMOND SHINE LUXURY CREAM HAIR COLOUR WITH DIAMOND SERUM 1.0 NATURAL BLACK 20ML,30,0,0,0,0,0,0,0,0,0,0,0,0,0,0
17701,EMAMI DIAMOND SHINE LUXURY CREAM HAIR COLOUR WITH DIAMOND SERUM 3.0 DARK BROWN 20ML,30,0,0,0,0,0,0,0,0,0,0,0,0,0,0
17702,LUBE MAK 2T OIL BULK,252,-527,0,0,0,4,0,0,0,0,0,0,0,0,-531
17703,SUNFEAST MOMS MAGIC RICH BUTTER 25GM,5,4,0,0,0,0,0,0,0,0,0,0,0,0,4
17704,B NATURAL APPLE JUICE 200ML,20,0,0,0,0,0,0,0,0,0,0,0,0,0,0
17705,VASELINE INTENSIVE CARE DEEP RESTORE DRY SKIN PUMP 400ML,233,2,0,0,0,0,0,0,0,0,0,0,0,0,2
17706,LIFEBUOY HANDWASH COOL FRESH 750ML,175,0,0,0,0,0,0,0,0,0,0,0,0,0,0
17707,LIFEBUOY HANDWASH NATURE 750ML,175,0,0,0,0,0,0,0,0,0,0,0,0,0,0
17709,LPG REFILL CYLINDER 5KG,374.5,-2,0,0,0,0,0,0,0,0,0,0,0,0,-2
17710,LPG PRESSURE REGULATOR,250,-1,0,0,0,0,0,0,0,0,0,0,0,0,-1
17711,LPG HOSE PIPE 1.5 MTR,190,0,0,0,0,0,0,0,0,0,0,0,0,0,0
17712,MINUTE MAID MIXED FRUIT CAN 240ML,20,39,0,0,0,1,0,0,0,0,0,0,0,0,38
17713,GARDEN NAVRATAN MIXTURE 135GM,45,0,0,0,0,0,0,0,0,0,0,0,0,0,0
17714,SAFAL FROZEN JACKFRUIT 300GM,40,1,0,0,0,0,0,0,0,0,0,0,0,0,1
17715,PREMIUM ROOM FRESHNER LEMON 125GM,125,2,0,0,0,0,0,0,0,0,0,0,0,0,2
17716,HEAD & SHOULDER SHAMPOO ANTI HAIR FALL 360ML,285,1,0,0,0,0,0,0,0,0,0,0,0,0,1
17717,KISSAN CHILLI TOMATO SAUCE 100% TOMATO 200GM,59,1,0,0,0,0,0,0,0,0,0,0,0,0,1
17718,KINDER SCHOKO BONS CRISPY 5.8GM,10,0,0,0,0,0,0,0,0,0,0,0,0,0,0
17719,MOTHERS RECIPE GINGER GARLIC PASTE 300GM,61,0,0,0,0,0,0,0,0,0,0,0,0,0,0
17720,MOTHERS RECIPE SHREDDED SWEET MANGO PICKLE CHOONDO 500GM,118,1,0,0,0,0,0,0,0,0,0,0,0,0,1
17721,APPY FIZZ 600ML,30,18,0,0,0,0,0,0,0,0,0,0,0,0,18
17722,CHINGS INSTANT SOUP SCHEZCHOW 20GM,10,0,0,0,0,0,0,0,0,0,0,0,0,0,0
17723,ORAL-B TOOTH BRUSH PRO-HEALTH ANTI-PLAQUE MEDIUM 1NOS,50,0,0,0,0,0,0,0,0,0,0,0,0,0,0
17724,CAVENDISH & HARVEY MANGO DROPS FRUIT DROPS,300,0,0,0,0,0,0,0,0,0,0,0,0,0,0
17725,LUBE 2T OIL BULK,252,60,0,0,0,0,0,0,0,0,0,0,0,0,60
17726,LUBE MAK POUCH 40ML,12,0,0,0,0,0,0,0,0,0,0,0,0,0,0
17727,LUBE MAK POUCH 20ML,7,2395,0,0,0,166,0,0,0,0,0,0,0,0,2229
17728,PONDS FLAWLESS WHITE DEEP WHITENING FACIAL FOAM 100GM,219,1,0,0,0,0,0,0,0,0,0,0,0,0,1
17729,COMPLAN MAGIC CHOCOLATE 500GM,245,0,0,0,0,0,0,0,0,0,0,0,0,0,0
17730,COMPLAN MAGIC COOKIE 500GM,235,1,0,0,0,0,0,0,0,0,0,0,0,0,1
17731,LUBE MAK POUCH 60ML,16,-1,0,0,0,0,0,0,0,0,0,0,0,0,-1
17732,SUGAR FREE GOLD 50PELLETS,25,0,0,0,0,0,0,0,0,0,0,0,0,0,0
17733,COLGATE TOOTH PASTE SENSITIVE ORIGINAL 80GM+TOOTHBRUSH FREE,110,0,0,0,0,0,0,0,0,0,0,0,0,0,0
17734,GODREJ CINTHOL DEO STICK CHARGE 40GM,60,0,0,0,0,0,0,0,0,0,0,0,0,0,0
17735,GOOD KNIGHT FABRIC ROLL ON 100% NATURAL 8ML,75,2,0,0,0,1,0,0,0,0,0,0,0,0,1
17736,LOREAL SHAMPOO EXTRAORDINARY CLAY OILY SCALP & DRY ENDS 360ML,282,1,0,0,0,0,0,0,0,0,0,0,0,0,1
17737,SENSODYNE TOOTH BRUSH DAILY CARE SOFT 1NOS,30,0,0,0,0,0,0,0,0,0,0,0,0,0,0
17738,MCVITIES GINGER COOKIES 120GM,40,10,0,0,0,1,0,0,0,0,0,0,0,0,9
17739,PONDS WHITE BEAUTY DAILY SPOT-LESS FAIRNESS FACE WASH 15GM,25,1,0,0,0,0,0,0,0,0,0,0,0,0,1
17740,VASELINE LIGHT HYDRATING JELLY ALOE FRESH 50ML,72,0,0,0,0,0,0,0,0,0,0,0,0,0,0
17741,TRESEMME SHAMPOO KERATIN SMOOTH FOR STRAIGHTER SHINY HAIR 190ML,125,0,0,0,0,0,0,0,0,0,0,0,0,0,0
17742,CHANDAM MIX MOUTH FRESHENERS 5IN1 230GM,240,0,0,0,0,0,0,0,0,0,0,0,0,0,0
17743,SUNFEAST MOMS MAGIC FRUIT & MILK 200GM,40,0,0,0,0,0,0,0,0,0,0,0,0,0,0
17744,BIOTIQUE BIO COCONUT WHITENING & BRIGHTENING CREAM FOR ALL SKIN 50GM,199,1,0,0,0,0,0,0,0,0,0,0,0,0,1
17745,BIOTIQUE BIO MILK PROTEIN WHITENING & REJUVENATING FACE PACK 50GM,199,1,0,0,0,0,0,0,0,0,0,0,0,0,1
17746,BIOTIQUE BIO FRUIT WHITENING & DEPIGMENTATION FACE PACK 75GM,199,1,0,0,0,0,0,0,0,0,0,0,0,0,1
17747,BIOTIQUE BIO WHEAT GERM YOUTHFUL NOURISHING NIGHT CREAM 50GM,230,1,0,0,0,0,0,0,0,0,0,0,0,0,1
17748,PANTENE PRO-V OIL REPLACEMENT 180ML,150,0,0,0,0,0,0,0,0,0,0,0,0,0,0
17749,PANTENE PRO-V OIL REPLACEMENT 80ML,85,0,0,0,0,0,0,0,0,0,0,0,0,0,0
17750,SWISS NATUREN CHICKEN SAUSAGE 400GM,280,4,0,0,0,0,0,0,0,0,0,0,0,0,4
17751,PARLE MILANO CENTRE FILLED MIXED BERRIES 2X75GM,50,0,0,0,0,0,0,0,0,0,0,0,0,0,0
17752,PARLE HIDE&SEEK AMERICANA BUTTER COOKIES 3X200GM,50,0,0,0,0,0,0,0,0,0,0,0,0,0,0
17753,PARLE FAB CHOCOLATE & MILK 60GM,10,0,0,0,0,0,0,0,0,0,0,0,0,0,0
17754,UNIBIC KESAR CASHEW BADAM COOKIES 100GM,20,0,0,0,0,0,0,0,0,0,0,0,0,0,0
17755,COMPLAN ROYALE CHOCOLATE FLAVOUR 200GM,110,0,0,0,0,0,0,0,0,0,0,0,0,0,0
17756,COLGATE TOOTH PASTE DENTAL CREAM 200GM,84,0,0,0,0,0,0,0,0,0,0,0,0,0,0
17757,COLGATE TOOTH BRUSH ZIG ZAG SOFT 6N,99,0,0,0,0,0,0,0,0,0,0,0,0,0,0
17758,MCVITIES CHOCOLATEY BISCUITS 75GM,10,3,0,0,0,0,0,0,0,0,0,0,0,0,3
17759,MOOV KNEE & JOINT PAIN RELIFE ORTHO 15GM,60,1,0,0,0,0,0,0,0,0,0,0,0,0,1
17760,DETTOL DISINFECTANT LIQUID MENTHOL COOL 500ML,165,0,0,0,0,0,0,0,0,0,0,0,0,0,0
17761,SANI FRESH ULTRA SHINE TOILET CLEANER 3X500ML,128,0,0,0,0,0,0,0,0,0,0,0,0,0,0
17762,LOREAL SHAMPOO EXTRAORDINARY CLAY OILY SCALP & DRY ENDS 75ML,66,1,0,0,0,0,0,0,0,0,0,0,0,0,1
17763,LOREAL CONDITIONER EXTRAORDINARY CLAY OILY SCALP & DRY ENDS 65ML,85,1,0,0,0,0,0,0,0,0,0,0,0,0,1
17764,MAGGI FESTIVE FLAVOURS 438GM,100,0,0,0,0,0,0,0,0,0,0,0,0,0,0
17765,CATCH SNIKANJI MASALA 200ML,10,3,0,0,0,0,0,0,0,0,0,0,0,0,3
17766,DOVE SOAP CREAM BEAUTY BATHING BAR 25GM,10,0,0,0,0,0,0,0,0,0,0,0,0,0,0
17767,LAKME CLEANSING MILK DEEP CLEANSER GENTLE CARE 120ML,230,2,0,0,0,0,0,0,0,0,0,0,0,0,2
17768,KEYA SOUP CHATKA TOMATO 64GM,40,0,0,0,0,0,0,0,0,0,0,0,0,0,0
17769,KELLOGGS OATS CHATPATA TOMATO 500GM,175,1,0,0,1,0,0,0,0,0,0,0,0,0,0
17770,TRESEMME SHAMPOO KERATIN SMOOTH FOR STRAIGHTER SHINY HAIR 580ML,400,1,0,0,0,0,0,0,0,0,0,0,0,0,1
17771,GODREJ CINTHOL DEO STICK ZEST 40GM,69,0,0,0,0,0,0,0,0,0,0,0,0,0,0
17772,EVA DEO SPORTZ RUSH 125ML,150,0,0,0,0,0,0,0,0,0,0,0,0,0,0
17773,EVA DEO SPORTZ SPEED 125ML,150,1,0,0,0,0,0,0,0,0,0,0,0,0,1
17774,EVA DEO SPORTZ SKIP 125ML,150,0,0,0,0,0,0,0,0,0,0,0,0,0,0
17775,EVA DEO SPORTZ BOUNCE 125ML,150,1,0,0,0,0,0,0,0,0,0,0,0,0,1
17776,EVA DEO SPORTZ SMASH 125ML,150,0,0,0,0,0,0,0,0,0,0,0,0,0,0
17777,CAVENDISH & HARVEY ORANGE DROPS 200GM,200,0,0,0,0,0,0,0,0,0,0,0,0,0,0
17778,MOHUNS MUESLI FRUIT & NUT 425GM,225,0,0,0,0,0,0,0,0,0,0,0,0,0,0
17779,MOHUNS OATS 400GM,70,1,0,0,0,0,0,0,0,0,0,0,0,0,1
17780,"HALDIRAMS CELEBRATIONS WHITE RASBHARI,GULAB JAMUN,RASGULLA 1.5KG",360,0,0,0,0,0,0,0,0,0,0,0,0,0,0
17781,"HALDIRAMS CELEBRATIONS KHATTA MEETHA,BHUJIA,CORNFLAKES MIXTURE,PANCHRATTAN 800GM",270,0,0,0,0,0,0,0,0,0,0,0,0,0,0
17782,"HALDIRAMS CELEBRATIONS SOAN PAPDI,COCONUT COOKIES,DIET CHIWDA,SNAC LITE FUN WHEEL,TAKATAK 640GM",220,0,0,0,0,0,0,0,0,0,0,0,0,0,0
17783,"HALDIRAMS CELEBRATIONS SOAN PAPDI,PUNJABI TADKA,SOYA KATORI,SNAC LITE FRIES 480GM",170,0,0,0,0,0,0,0,0,0,0,0,0,0,0
17784,"HALDIRAMS GIFT PACK KAJU PISTA,JEERA,BADAM,COCONUT,MULTIGRAIN AND ATTA 600GM",335,0,0,0,0,0,0,0,0,0,0,0,0,0,0
17785,"HALDIRAMS CELEBRATIONS KHATTA MEETHA,SOAN PAPDI,KAJU MIXTURE 900GM",340,0,0,0,0,0,0,0,0,0,0,0,0,0,0
17786,"HALDIRAMS CELEBRATIONS PISTA,KAJU MIXTURE,BHUJIA 800GM",350,0,0,0,0,0,0,0,0,0,0,0,0,0,0
17787,WILD STONE BODY PERFUME STEEL 120ML,230,0,0,0,0,0,0,0,0,0,0,0,0,0,0
17788,WILD STONE BODY PERFUME COPPER 120ML,230,0,0,0,0,0,0,0,0,0,0,0,0,0,0
17789,NIVEA ALOE BODY CREAM REFRESHING MOISTURISER 50ML,90,0,0,0,0,0,0,0,0,0,0,0,0,0,0
17790,PARLE CAFECHINO REAL COFFEE TOFFEE 247GM,50,0,0,0,0,0,0,0,0,0,0,0,0,0,0
17791,PARLE MAZELO FRUIT JELLY 159GM,50,0,0,0,0,0,0,0,0,0,0,0,0,0,0
17792,SAFFOLA MASALA OATS TANGY CHAAT 39GM,15,0,0,0,0,0,0,0,0,0,0,0,0,0,0
17793,SAFFOLA MASALA OATS TANDOORI MAGIC 39GM,15,0,0,0,0,0,0,0,0,0,0,0,0,0,0
17794,CORNITOS ROASTED CASHEWS 30GM,50,-11,0,0,0,0,0,0,0,0,0,0,0,0,-11
17795,CORNITOS ROASTED ALMONDS 30GM,50,12,0,0,0,0,0,0,0,0,0,0,0,0,12
17796,NESTLE LACTOGEN 1 INFANT FORMULA POWDER JAR 400GM,317,0,0,0,0,0,0,0,0,0,0,0,0,0,0
17797,NESTLE ALPINO 4X23GM,200,0,0,0,0,0,0,0,0,0,0,0,0,0,0
17798,GARNIER LIGHT COMPLETE WHITE SPEED SERUM CREAM SPF19 PA 40GM,160,0,0,0,0,0,0,0,0,0,0,0,0,0,0
17799,LOREAL SHAMPOO EXTRAORDINARY CLAY OILY SCALP & DRY ENDS 640ML,350,1,0,0,0,0,0,0,0,0,0,0,0,0,1
17800,MAYBELLINE BABY LIPS COLOR BALM CHERRY KISS 9ML,190,0,0,0,0,0,0,0,0,0,0,0,0,0,0
17801,MCVITIES MARIE FINGER BISCUITS 200GM,90,0,0,0,0,0,0,0,0,0,0,0,0,0,0
17802,MCVITIES BOURBON CREAMS 200GM,117,0,0,0,0,0,0,0,0,0,0,0,0,0,0
17803,BIOTIQUE BIO MUD YOUTHFUL FIRMING & REVITALIZING FACE PACK 75GM,199,1,0,0,0,0,0,0,0,0,0,0,0,0,1
17804,BIOTIQUE BIO CARROT SEED ANTI AGING AFTER BATH BODY OIL 120ML,135,1,0,0,0,0,0,0,0,0,0,0,0,0,1
17805,BIOTIQUE BIO MARGOSA ANTI-DANDRUFF SHAMPOO 190ML,159,1,0,0,0,0,0,0,0,0,0,0,0,0,1
17806,BIOTIQUE BIO KELP FRESH GROWTH PROTEIN SHAMPOO 190ML,159,1,0,0,0,0,0,0,0,0,0,0,0,0,1
17807,PONDS TALCUM DREAMFLOWER FRAGRANT PINK LILY 25GM,10,1,0,0,0,0,0,0,0,0,0,0,0,0,1
17808,VIM POWER OF 100 LEMONS 65ML,10,0,0,0,0,0,0,0,0,0,0,0,0,0,0
17809,SUNFEAST MOMS MAGIC FRUIT & MILK 58GM,10,1,0,0,0,0,0,0,0,0,0,0,0,0,1
17810,CHARMIS MOISTURISING COLD CREAM 100ML,99,0,0,0,0,0,0,0,0,0,0,0,0,0,0
17811,CHARMIS MOISTURISING COLD CREAM 58ML,60,0,0,0,0,0,0,0,0,0,0,0,0,0,0
17812,BRITANNIA TIGER KRUNCH CHOCOCHIP 36GM,5,0,0,0,0,0,0,0,0,0,0,0,0,0,0
17813,SOFTY VANILLA CUP,30,-19,0,0,0,0,0,0,0,0,0,0,0,0,-19
17814,SOFTY STRAWBERRY CUP,30,-8,0,0,0,0,0,0,0,0,0,0,0,0,-8
17815,SOFTY CHOCOLATE CUP,35,-30,0,0,0,0,0,0,0,0,0,0,0,0,-30
17816,SOFTY VANILLA & STRAWBERRY CUP,30,-23,0,0,0,0,0,0,0,0,0,0,0,0,-23
17817,SOFTY CHOCOLATE & VANILLA CUP,35,-46,0,0,0,0,0,0,0,0,0,0,0,0,-46
17818,NESTLE MILKY BAR FRUIT ECLAIRS MIXED FRUIT 320GM,100,1,0,0,0,0,0,0,0,0,0,0,0,0,1
17819,YUMMIEZ CHICKEN LASOONI TIKKA 300GM,210,3,0,0,0,0,0,0,0,0,0,0,0,0,3
17820,BORO PLUS FACE WASH ZERO OIL ZERO PIMPLE DUO 50ML,55,2,0,0,0,0,0,0,0,0,0,0,0,0,2
17821,MDH ASSORTED SPICES BOX 8X100GM,550,1,0,0,0,0,0,0,0,0,0,0,0,0,1
17822,VEGA ALUMINIUM COMB AC-01,175,0,0,0,0,0,0,0,0,0,0,0,0,0,0
17823,VEGA ALUMINIUM COMB AC-02,99,0,0,0,0,0,0,0,0,0,0,0,0,0,0
17824,VEGA ALUMINIUM COMB AC-03,150,0,0,0,0,0,0,0,0,0,0,0,0,0,0
17825,VEGA ALUMINIUM COMB AC-04,140,0,0,0,0,0,0,0,0,0,0,0,0,0,0
17826,VEGA ALUMINIUM COMB AC-05,160,0,0,0,0,0,0,0,0,0,0,0,0,0,0
17827,VEGA ALUMINIUM COMB AC-06,150,0,0,0,0,0,0,0,0,0,0,0,0,0,0
17828,VEGA ALUMINIUM COMB AC-07,140,0,0,0,0,0,0,0,0,0,0,0,0,0,0
17829,KEYA BLACK SALT GRINDER 100GM,79,0,0,0,0,0,0,0,0,0,0,0,0,0,0
17830,KEYA ROCK SALT GRINDER 100GM,79,0,0,0,0,0,0,0,0,0,0,0,0,0,0
17831,KEYA CLACK PEPPER GRINDER 50GM,159,0,0,0,0,0,0,0,0,0,0,0,0,0,0
17832,KEYA ITALIAN SEASONING GRINDER 50GM,119,0,0,0,0,0,0,0,0,0,0,0,0,0,0
17833,KEYA SCHEZWAN INSTANT MULTI-PURPOSE SPICE MIX 80GM,80,1,0,0,0,0,0,0,0,0,0,0,0,0,1
17834,KEYA SRIRACHA INSTANT MULTI-PURPOSE SPICE MIX 80GM,80,0,0,0,0,0,0,0,0,0,0,0,0,0,0
17835,KEYA MEXICAN INSTANT MULTI-PURPOSE SPICE MIX 80GM,80,0,0,0,0,0,0,0,0,0,0,0,0,0,0
17836,DETTIL HAND WASH ORIGINAL 1500ML,199,0,0,0,0,0,0,0,0,0,0,0,0,0,0
17837,DABUR ODOMOS MOSQUITO REPELLENT SPRAY 100ML,85,0,0,0,0,0,0,0,0,0,0,0,0,0,0
17838,HALDIRAMS WHITE RASBHARI 200GM,100,0,0,0,0,0,0,0,0,0,0,0,0,0,0
17839,HALDIRAMS GULAB JAMUN 190GM,115,0,0,0,0,0,0,0,0,0,0,0,0,0,0
17840,HALDIRAMS PUNJABI TADKA 85GM,20,0,0,0,0,0,0,0,0,0,0,0,0,0,0
17841,HALDIRAMS SOYA KATORI 80GM,20,0,0,0,0,0,0,0,0,0,0,0,0,0,0
17842,HALDIRAMS TAKATAK CHATPAPA MASALA 55GM,10,0,0,0,0,0,0,0,0,0,0,0,0,0,0
17843,HALDIRAMS COOKIE HEAVEN COCONUT 100GM,50,0,0,0,0,0,0,0,0,0,0,0,0,0,0
17844,HALDIRAMS COOKIE HEAVEN JEERA 100GM,45,0,0,0,0,0,0,0,0,0,0,0,0,0,0
17845,HALDIRAMS COOKIE HEAVEN BADAM 100GM,53,0,0,0,0,0,0,0,0,0,0,0,0,0,0
17846,HALDIRAMS COOKIE HEAVEN KAJU PISTA 100GM,55,0,0,0,0,0,0,0,0,0,0,0,0,0,0
17847,HALDIRAMS COOKIE HEAVEN MULTIGRAIN 100GM,53,0,0,0,0,0,0,0,0,0,0,0,0,0,0
17848,HALDIRAMS COOKIE HEAVEN ATTA 100GM,48,0,0,0,0,0,0,0,0,0,0,0,0,0,0
17849,CONTINENTAL SPECIAL GRANULES COFFEE 2X50GM + MUG FREE,332,0,0,0,0,0,0,0,0,0,0,0,0,0,0
17850,CONTINENTAL SPECIAL GRANULES COFFEE 8GM,1,0,0,0,0,0,0,0,0,0,0,0,0,0,0
17851,CONTINENTAL SPECIAL GRANULES COFFEE 4.5GM,5,0,0,0,0,0,0,0,0,0,0,0,0,0,0
17852,AMUL ICE CREAM BADSHAHI KOOLFI 60ML,20,0,0,0,0,0,0,0,0,0,0,0,0,0,0
17853,CHARMIS MOISTURISING COLD CREAM 175ml,150,0,0,0,0,0,0,0,0,0,0,0,0,0,0
17854,HIMALAYA TOOTH PASTE COMPLETE CARE (2X150GM)+80GM FREE,160,0,0,0,0,0,0,0,0,0,0,0,0,0,0
17855,PAMPERS BABY DRY PANTS SMALL 20PANTS,229,2,0,0,0,0,0,0,0,0,0,0,0,0,2
17856,PAMPERS NEW BABY UPTO 5KG 20PANTS,160,2,0,0,0,0,0,0,0,0,0,0,0,0,2
17857,DURGA MUSTARD OIL 5LTR,575,0,0,0,0,0,0,0,0,0,0,0,0,0,0
17858,QUINOA PASTA PENNE 250GM,225,1,0,0,0,0,0,0,0,0,0,0,0,0,1
17859,QUINOA PASTA FUSILLI 250GM,225,3,0,0,0,0,0,0,0,0,0,0,0,0,3
17860,FORTUNE KACHI GHANI PURE MUSTARD OIL 5LTR,635,0,0,0,0,0,0,0,0,0,0,0,0,0,0
17861,COMPLAN ROYALE CHOCOLATE FLAVOUR 500GM,255,1,0,0,0,0,0,0,0,0,0,0,0,0,1
17862,PARLE MILK SHAKTI 200GM,20,19,0,0,0,0,0,0,0,0,0,0,0,0,19
17863,NESTLE MUNCH NUTS 15X16GM,150,1,0,0,0,0,0,0,0,0,0,0,0,0,1
17864,BORO PLUS PERFECT TOUCH SOFT ANTISEPTIC CREAM 8ML,10,0,0,0,0,0,0,0,0,0,0,0,0,0,0
17865,EMAMI DIAMOND SHINE LUXURY CREAM HAIR COLOUR WITH DIAMOND SERUM 1.16 BURGUNDY 20ML,30,0,0,0,0,0,0,0,0,0,0,0,0,0,0
17866,EMAMI DIAMOND SHINE LUXURY CREAM HAIR COLOUR WITH DIAMOND SERUM 4.0 NATURAL BROWN 20ML,30,0,0,0,0,0,0,0,0,0,0,0,0,0,0
17867,NUTRUS BERRY BLAST A FEEL OF BERRIES 20BAGS,300,0,0,0,0,0,0,0,0,0,0,0,0,0,0
17868,NUTRUS VIRGIN APPLE PUNCH WITH CINNAMON 20BAGS,300,0,0,0,0,0,0,0,0,0,0,0,0,0,0
17869,NUTRUS PROBIOTIC GREEN TEA 20BAGS,185,0,0,0,0,0,0,0,0,0,0,0,0,0,0
17870,CREMICA MAYO LITE 275GM,79,1,0,0,0,0,0,0,0,0,0,0,0,0,1
17871,ALO FRUT MIXED FRUIT ALOEVERA+FRUITS 1LTR,100,0,0,0,0,0,0,0,0,0,0,0,0,0,0
17872,ALO FRUT KIWI ALOEVERA+KIWI FRUIT 1LTR,100,0,0,0,0,0,0,0,0,0,0,0,0,0,0
17873,ALO FRUT LITCHI ALOEVERA+LITCHI 1LTR,100,0,0,0,0,0,0,0,0,0,0,0,0,0,0
17874,EVEREADY 9V 1216,25,11,0,0,0,0,0,0,0,0,0,0,0,0,11
17875,M&M CHOCOLATE 45GM,80,7,0,0,0,0,0,0,0,0,0,0,0,0,7
17876,M&M PEANUT 45GM,80,15,0,0,0,0,0,0,0,0,0,0,0,0,15
17877,HALDIRAMS DIET MASALA MOORI 150GM,30,0,0,0,0,0,0,0,0,0,0,0,0,0,0
17878,BRITANNIA TIGER KREEMZ CHOCO VANILLA 100GM,10,0,0,0,0,0,0,0,0,0,0,0,0,0,0
17879,BRITANNIA TREAT FUNKY CHOCO 60GM,10,1,0,0,0,0,0,0,0,0,0,0,0,0,1
17880,SOLAR BROWN SUGAR 500GM,90,0,0,0,0,0,0,0,0,0,0,0,0,0,0
17881,CLING FILM EXTRA WRAP 30MTR,75,-5,0,0,0,0,0,0,0,0,0,0,0,0,-5
17882,CLING FILM EXTRA WRAP 100MTR,120,1,0,0,0,0,0,0,0,0,0,0,0,0,1
17883,GODREJ NO.1 SOAP COCONUT NEEN 150GM,23,0,0,0,0,0,0,0,0,0,0,0,0,0,0
17884,JABSONS CHIKKI 480GM,175,0,0,0,0,0,0,0,0,0,0,0,0,0,0
17885,PATANJALI CHYAWANPRASH WITH SAFFRON 1KG,250,0,0,0,0,0,0,0,0,0,0,0,0,0,0
17886,PATANJALI AMLA JUICE 1LTR,100,0,0,0,0,0,0,0,0,0,0,0,0,0,0
17887,PATANJALI BEL MURABBA 1KG,110,0,0,0,0,0,0,0,0,0,0,0,0,0,0
17888,PATANJALI ALOE VERA JUICE WITH FIBER 1LTR,200,0,0,0,0,0,0,0,0,0,0,0,0,0,0
17889,PATANJALI AMLA MURABBA 1KG,120,0,0,0,0,0,0,0,0,0,0,0,0,0,0
17890,DIVYA GULAB JAL 120ML,30,0,0,0,0,0,0,0,0,0,0,0,0,0,0
17891,DIVYA BADAM ROGAN 150ML,365,0,0,0,0,0,0,0,0,0,0,0,0,0,0
17892,DIVYA PEEDANTAK TAILA 100ML,60,0,0,0,0,0,0,0,0,0,0,0,0,0,0
17893,PATANJALI SWET MUSHLI CHURNA 100GM,325,0,0,0,0,0,0,0,0,0,0,0,0,0,0
17894,PATANJALI SHATAVAR CHURNA 100GM,160,0,0,0,0,0,0,0,0,0,0,0,0,0,0
17895,PATANJALI WHEAT GRASS POWDER 100GM,350,0,0,0,0,0,0,0,0,0,0,0,0,0,0
17896,PATANJALI LIVD 38TABLET,70,0,0,0,0,0,0,0,0,0,0,0,0,0,0
17897,PATANJALI MOOSLI PAK 200GM,350,0,0,0,0,0,0,0,0,0,0,0,0,0,0
17898,PATANJALI GILOY GHANVATI 40GM,90,0,0,0,0,0,0,0,0,0,0,0,0,0,0
17899,PATANJALI PRADARSUDHA SYRUP LEUCORRHEA 200ML,75,0,0,0,0,0,0,0,0,0,0,0,0,0,0
17900,GARDEN TASTY NUTS 150GM,35,0,0,0,0,0,0,0,0,0,0,0,0,0,0
17901,GARDEN FARALI CHIVDA 90GM,30,0,0,0,0,0,0,0,0,0,0,0,0,0,0
17902,TATA TEA ELAICHI CHAI 250GM,65,20,0,0,0,1,0,0,0,0,0,0,0,0,19
17903,VICKS BABY RUB COMFORT FOR BABIES 50ML,149,5,0,0,0,0,0,0,0,0,0,0,0,0,5
17904,VICKS BABY RUB COMFORT FOR BABIES 25ML,89,5,0,0,0,0,0,0,0,0,0,0,0,0,5
17905,GOODWYA ENGLISH BREAKFAST TEA 20BAGS,150,0,0,0,0,0,0,0,0,0,0,0,0,0,0
17906,SEAT SEFF TOILET SEAT SANITIZER 50ML,129,0,0,0,0,0,0,0,0,0,0,0,0,0,0
17907,WASHING MACHINE CLEANER 250GM,209,0,0,0,0,0,0,0,0,0,0,0,0,0,0
17908,DABUR BRAHMI AMLA HAIR OIL 80ML,19,0,0,0,0,0,0,0,0,0,0,0,0,0,0
17909,LUBE MAK PETROL ZENITH 3.5LTR,1050,6,0,0,0,0,0,0,0,0,0,0,0,0,6
17910,YARDLEY BODY LOTION MOISTURISING IMPERIAL SANDALWOOD 350ML,290,0,0,0,0,0,0,0,0,0,0,0,0,0,0
17911,YARDLEY BODY LOTION MOISTURISING ENGLISH LAVENDER 350ML,290,0,0,0,0,0,0,0,0,0,0,0,0,0,0
17912,YARDLEY BODY LOTION MOISTURISING ENGLISH ROSE 350ML,290,0,0,0,0,0,0,0,0,0,0,0,0,0,0
17913,LIFEBUOY HANDWASH LEMON FRESH PUMP 190ML,69,0,0,0,0,0,0,0,0,0,0,0,0,0,0
17914,LIFEBUOY HANDWASH LEMON FRESH 185ML,46,4,0,0,0,0,0,0,0,0,0,0,0,0,4
17915,CLOSEUP TOOTH PASTE EVER FRESH RED HOT 50GM,19,0,0,0,0,0,0,0,0,0,0,0,0,0,0
17916,PONDS LIGHT MOISTURISER SOFT FRESH SKIN ALL SEASON CREAM 100ML,160,0,0,0,0,0,0,0,0,0,0,0,0,0,0
17917,PONDS WHITE BEAUTY SUN DULLNESS REMOVAL SPOT LESS FAIRNESS 50GM,120,0,0,0,0,0,0,0,0,0,0,0,0,0,0
17918,SAVLON HANDWASH MOISTURE SHIELD 3X185ML,98,0,0,0,0,0,0,0,0,0,0,0,0,0,0
17919,SAVLON HANDWASH HERBAL SENSITIVE 3X185ML,98,0,0,0,0,0,0,0,0,0,0,0,0,0,0
17920,FIAMA GEL+ CRÈME BODY WASH BRAHMI KAMALAM & ALMOND CREAM 200ML,99,0,0,0,0,0,0,0,0,0,0,0,0,0,0
17921,FIAMA GEL+ CRÈME BODY WASH ASHWAGANDHA & ALMOND CREAM 200ML,99,0,0,0,0,0,0,0,0,0,0,0,0,0,0
17922,NILONS SEWAIYAN THIN & ROASTED 200GM,27,11,0,0,0,0,0,0,0,0,0,0,0,0,11
17923,ORGANIC BRINJAL,75,0,0,0,0,0,0,0,0,0,0,0,0,0,0
17924,ORGANIC TORI,100,0,0,0,0,0,0,0,0,0,0,0,0,0,0
17925,GANTH GOBI,50,0.612,0,0,0,0,0,0,0,0,0,0,0,0,0.612
17926,ORGANIC SEM KI PHALI,100,0,0,0,0,0,0,0,0,0,0,0,0,0,0
17927,ORGANIC CHIKOO,120,0,0,0,0,0,0,0,0,0,0,0,0,0,0
17928,ORGANIC METHI GUCHI,35,0,0,0,0,0,0,0,0,0,0,0,0,0,0
17929,ORGANIC RADISH,40,0,0,0,0,0,0,0,0,0,0,0,0,0,0
17931,ORGANIC CAULIFLOWER,95,0,0,0,0,0,0,0,0,0,0,0,0,0,0
17932,AQUAFINA VITAMIN SPLASH RASPBERRY FLAVOUR 300ML,30,0,0,0,0,0,0,0,0,0,0,0,0,0,0
17933,AQUAFINA VITAMIN SPLASH KIWI LIME FLAVOUR 300ML,30,0,0,0,0,0,0,0,0,0,0,0,0,0,0
17934,DETTOL ANTI BACTERIAL SURFACE CLEANSER 500 ML,479,0,0,0,0,0,0,0,0,0,0,0,0,0,0
17935,DETTOL POWER & FRESH ADVANCE MULTI PURPOSE GREEN APPLE 500ML,549,0,0,0,0,0,0,0,0,0,0,0,0,0,0
17936,DETTOL POWER & FRESH ADVANCE MULTI PURPOSE LEMON 750ML,499,0,0,0,0,0,0,0,0,0,0,0,0,0,0
17937,DETTOL POWER& FRESH ADVANCE MULTI PURPOSE WIPES GREEN APPLE 32PC,399,0,0,0,0,0,0,0,0,0,0,0,0,0,0
17938,DETTOL POWER &FRESH MULTI PURPOSE CLEANER LEMON & LIME BURST 1LTR,529,0,0,0,0,0,0,0,0,0,0,0,0,0,0
17939,DETTOL POWER & PURE ADVANCE BATHROOM WIPES 32PC,399,0,0,0,0,0,0,0,0,0,0,0,0,0,0
17940,DETTOL POWER & FRESH ADVANCE KITCHEN WIPES 32UNIT,399,0,0,0,0,0,0,0,0,0,0,0,0,0,0
17941,DETTOL CLEANSING SURFACE WIPES 36UNIT,399,0,0,0,0,0,0,0,0,0,0,0,0,0,0
17942,DUZZIT BATHROOM WIPES 50UNITS,229,0,0,0,0,0,0,0,0,0,0,0,0,0,0
17943,DUZZIT FLOOR WIPES 24UNITS,229,2,0,0,0,0,0,0,0,0,0,0,0,0,2
17944,DUZZIT FRIDGE &  MICROWAVE WIPES 50UNITS,239,0,0,0,0,0,0,0,0,0,0,0,0,0,0
17945,DUZZIT TOILET RIM BLOCK LAVENDER FRAGRANCE 2PC,209,0,0,0,0,0,0,0,0,0,0,0,0,0,0
17946,DUZZIT TOILET RIM BLOCK LEMON FRAGRANCE 2PC,209,0,0,0,0,0,0,0,0,0,0,0,0,0,0
17947,DUZZIT TOILET RIM BLOCK OCEAN FRESH FRAGRANCE 2PC,209,0,0,0,0,0,0,0,0,0,0,0,0,0,0
17948,DUZZIT WOOD FLOOR WIPES 24UNIT,229,1,0,0,0,0,0,0,0,0,0,0,0,0,1
17949,GARNIER SKIN NATURALS WATERPROOF MAKE UP REMOVER WIPES 25UNITS,349,0,0,0,0,0,0,0,0,0,0,0,0,0,0
17950,I CARE EYE MAKE UP REMOVER PADS 30UNIT,149,0,0,0,0,0,0,0,0,0,0,0,0,0,0
17951,I CARE TOUCH SCREEN WIPESS 20WIPES,249,0,0,0,0,0,0,0,0,0,0,0,0,0,0
17952,I CARE OPTICAL LENS WIPES 20WIPES,239,1,0,0,0,0,0,0,0,0,0,0,0,0,1
17953,HANGING SCENTED WARDROBE DEHUMIDIFIER LAVENDER 210GM,239,0,0,0,0,0,0,0,0,0,0,0,0,0,0
17954,HANGING SCENTED WARDROBE DEHUMIDIFIER ROSE 210GM,239,0,0,0,0,0,0,0,0,0,0,0,0,0,0
17955,HANGING SCENTED WARDROBE DEHUMIDIFIER 210GM,239,0,0,0,0,0,0,0,0,0,0,0,0,0,0
17956,GOOD MAID BIO CONCENTRATED VEGE WASH 500ML,245,0,0,0,0,0,0,0,0,0,0,0,0,0,0
17957,WIZZ OXI POWDER FABRIC STAIN REMOVER 625GM,239,0,0,0,0,0,0,0,0,0,0,0,0,0,0
17958,STAR DROPS 4 IN 1 PINE DISINFECTANT SPRAY 750ML,239,0,0,0,0,0,0,0,0,0,0,0,0,0,0
17959,STARDROPS BATHROOM SPRAY WITH BLEACH 750ML,239,0,0,0,0,0,0,0,0,0,0,0,0,0,0
17960,STARDROPS CARPET SHAMPOO 750ML,239,0,0,0,0,0,0,0,0,0,0,0,0,0,0
17961,STARDROPS LAMINATE WOOD FLOOR CLEANER 1LTR,275,0,0,0,0,0,0,0,0,0,0,0,0,0,0
17962,STARDROPS LEATHER CLEAN&FEED 750ML,249,0,0,0,0,0,0,0,0,0,0,0,0,0,0
17963,ARIEL COLOUR & STYLE STAIN REMOVAL IN 1WASH 1.2LTR,1499,0,0,0,0,0,0,0,0,0,0,0,0,0,0
17964,ARIEL ORIGINAL STAIN REMOVAL IN 1WASH1.2LTR,1099,0,0,0,0,0,0,0,0,0,0,0,0,0,0
17965,ASTONISH WHITES BOOSTER DETERGENT ADDITIVE 5TABS,269,0,0,0,0,0,0,0,0,0,0,0,0,0,0
17966,GOOD MAID TOILET BLUE 50GM &2PCS,109,0,0,0,0,0,0,0,0,0,0,0,0,0,0
17967,WIZZ OXI FABRIC STAIN REMOVER 500ML,239,0,0,0,0,0,0,0,0,0,0,0,0,0,0
17968,GOOD MAID DISHWASHING PASTE LIME 400GM,150,0,0,0,0,0,0,0,0,0,0,0,0,0,0
17969,GOOD MAID DISHWASHING PASTE LEMON 400GM,150,0,0,0,0,0,0,0,0,0,0,0,0,0,0
17970,ORGANIC SPINACH,35,0,0,0,0,0,0,0,0,0,0,0,0,0,0
17971,PARLE FAB STRAWBERRY & MILK 60GM,15,0,0,0,0,0,0,0,0,0,0,0,0,0,0
17972,PARLE HIDE&SEEK CHOCO CHIP CREME SANDWICHES STRAWBERRY 100GM,25,18,0,0,0,0,0,0,0,0,0,0,0,0,18
17973,ORGANIC PUMPKIN,30,0,0,0,0,0,0,0,0,0,0,0,0,0,0
17974,ORGANIC LADY FINGER,115,0,0,0,0,0,0,0,0,0,0,0,0,0,0
17975,LIA CHANDANAM SANSALWOOD AGARBATHIES 130GM,50,1,0,0,0,0,0,0,0,0,0,0,0,0,1
17976,RITE BITE MAX PROTEIN GREEN COFFEE BEANS 70GM,125,4,0,0,0,0,0,0,0,0,0,0,0,0,4
17977,RITE BITE MAX PROTEIN GREEN TEA ORANGE 70GM,125,0,0,0,0,0,0,0,0,0,0,0,0,0,0
17978,DETTOL SOAP SKIN CARE 45GM,10,0,0,0,0,0,0,0,0,0,0,0,0,0,0
17979,ACT II NACHOZ CHEESE CRISPY N CRUNCHY 60G,30,0,0,0,0,0,0,0,0,0,0,0,0,0,0
17980,ACT II NACHOZ TOMATO CRISPY N CRUNCHY 60G,30,0,0,0,0,0,0,0,0,0,0,0,0,0,0
17981,CREMICA JEERA LITE BISCUITS 45GM,5,0,0,0,0,0,0,0,0,0,0,0,0,0,0
17982,AMUL BUTTER DELICIOUS FAT SPRED 100GM,13.5,0,0,0,0,0,0,0,0,0,0,0,0,0,0
17983,MAYBELLINE BABY LIPS COLOR ORANGE JUJUBE 4GM,190,0,0,0,0,0,0,0,0,0,0,0,0,0,0
17984,MAYBELLINE BABY LIPS COLOR COTTON CANDY 4GM,190,0,0,0,0,0,0,0,0,0,0,0,0,0,0
17985,MAYBELLINE BABY LIPS COLOR WATERMELON POP 4GM,190,0,0,0,0,0,0,0,0,0,0,0,0,0,0
17986,MAYBELLINE BABY LIPS COLOR GUMMY GRAPE 4GM,190,0,0,0,0,0,0,0,0,0,0,0,0,0,0
17987,DETTOL HAND WASH SENSITIVE LIQUID PUMP 215ml,82,0,0,0,0,0,0,0,0,0,0,0,0,0,0
17988,VANISH OXI ACTION CRYSTAL WHITE 180ML,55,0,0,0,0,0,0,0,0,0,0,0,0,0,0
17989,VANISH OXI ACTION CRYSTAL WHITE 400ML,99,3,0,0,0,0,0,0,0,0,0,0,0,0,3
17990,AMUL ICE CREAM LACTOSE FREE VANILLA ROYALE 125ML,30,0,0,0,0,0,0,0,0,0,0,0,0,0,0
17991,AYUSH SOAP PURIFYING TURMERIC FOR CLEAR GLOWING SKIN 4X100GM,110,1,0,0,0,0,0,0,0,0,0,0,0,0,1
17992,BRITANNIA NUTRI CHOICE DIGESTIVES HI FIBRE 75GM,18,0,0,0,0,0,0,0,0,0,0,0,0,0,0
17993,AYUSH SHAMPOO ANTI DANDRUFF NEEM FOR HEALTHY SCALP AND HAIR 175ML,135,1,0,0,0,1,0,0,0,0,0,0,0,0,0
17994,LAKME MAXIMUM MOISTURISER WINTER INTENSE 60ML,115,0,0,0,0,0,0,0,0,0,0,0,0,0,0
17995,PONDS LIGHT MOISTURISER SOFT FRESH SKIN ALL SEASON CREAM 30ML,60,0,0,0,0,0,0,0,0,0,0,0,0,0,0
17996,GODREJ CINTHOL DEO STICK WOMEN INSPIRE 40GM,69,0,0,0,0,0,0,0,0,0,0,0,0,0,0
17997,BADAM GIRI ROASTED 250GM,298,10,0,0,0,0,0,0,0,0,0,0,0,0,10
17998,BAULI MOONFILS VANILLA 45GM,15,0,0,0,0,0,0,0,0,0,0,0,0,0,0
17999,BAULI MOONFILS STRAWBERRY 45GM,15,0,0,0,0,0,0,0,0,0,0,0,0,0,0
18000,PARLE HIDE&SEEK CHOCO ROLLS 12.5GM,5,-1,0,0,0,0,0,0,0,0,0,0,0,0,-1
18001,ORGANIC RAW MANGO,50,0,0,0,0,0,0,0,0,0,0,0,0,0,0
18002,ORGANIC PEACH,110,0,0,0,0,0,0,0,0,0,0,0,0,0,0
18003,WINTEX FAB TOILET ROLL 3PLY,70,0,0,0,0,0,0,0,0,0,0,0,0,0,0
18004,NESTLE KITKAT DESSERT DELIGHT CHOCO PUDDING 50GM,50,15,0,0,0,0,0,0,0,0,0,0,0,0,15
18005,NESTLE KITKAT DESSERT DELIGHT TRUFFLE 50GM,50,24,0,0,0,1,0,0,0,0,0,0,0,0,23
18006,CELLO KLEENO DUSTPAN WITH BRUSH,274,0,0,0,0,0,0,0,0,0,0,0,0,0,0
18007,CLOTH HANGER 1094,250,0,0,0,0,0,0,0,0,0,0,0,0,0,0
18008,OPULENT BREW HONEY & GINGER GREEN TEA 25BAGS,220,0,0,0,0,0,0,0,0,0,0,0,0,0,0
18009,OPULENT BREW LEMON GREEN TEA 25BAGS,220,0,0,0,0,0,0,0,0,0,0,0,0,0,0
18010,OPULENT BREW BLACK CURRANT GREEN TEA 25BAGS,220,0,0,0,0,0,0,0,0,0,0,0,0,0,0
18011,OPULENT BREW REGULAR CTC TEA 25BAGS,150,0,0,0,0,0,0,0,0,0,0,0,0,0,0
18012,OPULENT BREW SINGLE ORIGIN ASSAM CTC TEA 250GM,150,0,0,0,0,0,0,0,0,0,0,0,0,0,0
18013,OPULENT BREW ASSORTED TEA BOX 25BAGS,200,0,0,0,0,0,0,0,0,0,0,0,0,0,0
18014,OPULENT BREW LEMON GREEN TEA 6CUPS,150,0,0,0,0,0,0,0,0,0,0,0,0,0,0
18015,OPULENT BREW LEMON GREEN TEA 10CUPS,225,0,0,0,0,0,0,0,0,0,0,0,0,0,0
18016,PARACHUTE COCONUT OIL BOTTLE 25ML,10,0,0,0,0,0,0,0,0,0,0,0,0,0,0
18017,SETWET HAIR GEL MATTE MAGIC RESTYLABLE WAX 25GM,75,0,0,0,0,0,0,0,0,0,0,0,0,0,0
18018,HALDIRAMS DIET MURMURA MUNCH 150GM,30,0,0,0,0,0,0,0,0,0,0,0,0,0,0
18019,FIAMA GEL+ CRÈME BODY WASH BRAHMA KAMALAM & ALMOND CREAM CREME DELIGHT100ML,55,0,0,0,0,0,0,0,0,0,0,0,0,0,0
18020,FIAMA GEL+ CRÈME BODY WASH ASHWAGANHA & ALMOND CREAM MOISTURISING CARE 100ML,55,0,0,0,0,0,0,0,0,0,0,0,0,0,0
18021,SURF EXCEL MATIC TOP LOAD 2KG,435,0,0,0,0,0,0,0,0,0,0,0,0,0,0
18022,PAMPERS PREMIUM CARE PANTS 5STAR SMALL 24PANTS,375,0,0,0,0,0,0,0,0,0,0,0,0,0,0
18023,TRESEMME SHAMPOO KERATIN SMOOTH FOR STRAIGHTER SHINY HAIR 80ML,75,0,0,0,0,0,0,0,0,0,0,0,0,0,0
18024,KAI HOCHO PEELING KNIFE (ORANGE) 1N,130,2,0,0,0,0,0,0,0,0,0,0,0,0,2
18025,KAI HOCHO VEGETABLE KNIFE SHORT (BLUE) 1N,130,0,0,0,0,0,0,0,0,0,0,0,0,0,0
18026,KAI HOCHO VEGETABLE KNIFE SHORT (ORANGE) 1N,130,0,0,0,0,0,0,0,0,0,0,0,0,0,0
18027,KISSAN FRESH TOMATO KETCHUP 450GM,70,0,0,0,0,0,0,0,0,0,0,0,0,0,0
18028,MIN MULTI SURFACE CREAM 100GM,54,6,0,0,0,0,0,0,0,0,0,0,0,0,6
18029,STAYFREE SECURE REGULAR 7PADS,28,11,0,0,0,0,0,0,0,0,0,0,0,0,11
18030,HERSHEYS SYRUP STRAWBERRY 200GM,90,4,0,0,0,0,0,0,0,0,0,0,0,0,4
18031,NESCAFE CLASSIC JAR 200GM,470,2,0,0,0,0,0,0,0,0,0,0,0,0,2
18032,KIWI KUNCHI 100GM,28,0,0,0,0,0,0,0,0,0,0,0,0,0,0
18033,AYUSH INTENSE MOISTURISING COWS GHEE BODY LOTION FOR SOFT SMOOTH SKIN 100ML,99,0,0,0,0,0,0,0,0,0,0,0,0,0,0
18034,INDULEKHA BRINGHA OIL 50ML,234,0,0,0,0,0,0,0,0,0,0,0,0,0,0
18035,BRITANNIA NUTRI CHOICE DIGESTIVE ZERO 100GM,25,11,0,0,0,6,0,0,0,0,0,0,0,0,5
18036,HALDIRAMS MAGIC MAKHANA MAST MASALA 40GM,40,0,0,0,0,0,0,0,0,0,0,0,0,0,0
18037,CLING FILM KEEP FOOD FRESH & CLEAN 600MTR,410,0,0,0,0,0,0,0,0,0,0,0,0,0,0
18038,UTTAM SULPHURLESS ICIING SUGAR 1KG,85,4,0,0,0,0,0,0,0,0,0,0,0,0,4
18039,UTTAM SULPHURLESS SUPERFINE SUGAR 1KG,75,1,0,0,0,0,0,0,0,0,0,0,0,0,1
18040,UTTAM BROWN SUGAR CUBES 450GM,70,0,0,0,0,0,0,0,0,0,0,0,0,0,0
18041,UTTAM BURA SUGAR 500GM,42,4,0,0,0,0,0,0,0,0,0,0,0,0,4
18042,UTTAM NATURAL BROWN SUGAR 1KG,90,4,0,0,0,0,0,0,0,0,0,0,0,0,4
18043,UTTAM MISHRI CANDY SUGAR 125GM,15,1,0,0,0,0,0,0,0,0,0,0,0,0,1
18044,PARLE HIDE&SEEK CHOCO CHIP CREME SANDWICHES CHOCOLATE 100GM,25,17,0,0,0,0,0,0,0,0,0,0,0,0,17
18045,LION DATES 2X500GM,135,0,0,0,0,0,0,0,0,0,0,0,0,0,0
18046,ORGANIC INDIA VIRGIN COCONUT OIL 250ML,385,0,0,0,0,0,0,0,0,0,0,0,0,0,0
18047,OLAY AGE PROTECT ANTI AGEING CREAM LIGHTEN DARK SPOT 40GM,349,0,0,0,0,0,0,0,0,0,0,0,0,0,0
18048,OLAY AGE PROTECT ANTI AGEING CREAM LIGHTEN DARK SPOT 18GM,199,0,0,0,0,0,0,0,0,0,0,0,0,0,0
18049,HARPIC POWER PLUS 10X ROSE 500ML,78,0,0,0,0,0,0,0,0,0,0,0,0,0,0
18050,AIR WICK AIR FRESHENER SPRAY AROMAS OF KASHMIR ROSE & SAFFRON 200GM,150,0,0,0,0,0,0,0,0,0,0,0,0,0,0
18051,AIR WICK AIR FRESHENER SPRAY MADURAI INCENSE CHANDAN & MARGO 200GM,150,0,0,0,0,0,0,0,0,0,0,0,0,0,0
18052,AIR WICK AIR FRESHENER SPRAY HILL OF MUNNAR LAVENDER & LOTUS 200GM,150,0,0,0,0,0,0,0,0,0,0,0,0,0,0
18053,JABSONS CHIKKI TIL-PISTA-ELAICHI 55GM,25,0,0,0,0,0,0,0,0,0,0,0,0,0,0
18054,KEYA CHATK TOMATO SOUP 16GM,10,0,0,0,0,0,0,0,0,0,0,0,0,0,0
18055,TRESEMME CONDITIONER KERATIN SMOOTH FOR STRAIGHTER SHINY HAIR 190ML,220,1,0,0,0,0,0,0,0,0,0,0,0,0,1
18056,LAKME PEACH MILK MOISTURISER ALL SKIN TYPES 200ML,310,2,0,0,0,0,0,0,0,0,0,0,0,0,2
18057,CORNITOS POP N CRUNCH PUMPKIN SEEDS ROASTED SALTED 30GM,40,5,0,0,0,0,0,0,0,0,0,0,0,0,5
18058,NUTRALITE OMEGA3 GARLICE & OREGANO 100GM+PREMIUM BUTTER FREE 100GM,80,0,0,0,0,0,0,0,0,0,0,0,0,0,0
18059,AUTHENTIC GRGANIC BLACK CHIA SEEDS 150GM,275,4,0,0,0,0,0,0,0,0,0,0,0,0,4
18060,AUTHENTIC GRGANIC WHITE CHIA SEEDS 150GM,315,0,0,0,0,0,0,0,0,0,0,0,0,0,0
18061,ORGANIC RED QUINOA 500GM,495,0,0,0,0,0,0,0,0,0,0,0,0,0,0
18062,ORGANIC BLACK QUINOA 500GM,495,0,0,0,0,0,0,0,0,0,0,0,0,0,0
18063,ORGANIC TRICOLOUR QUINOA 500GM,495,0,0,0,0,0,0,0,0,0,0,0,0,0,0
18064,ORGANIC WHITE QUINOA 500GM,395,0,0,0,0,0,0,0,0,0,0,0,0,0,0
18065,ORGANIC PREMIUM WHITE QUINOA 500GM,495,0,0,0,0,0,0,0,0,0,0,0,0,0,0
18066,ORGANIC QUINOA + BROWN RICE MIX 500GM,185,0,0,0,0,0,0,0,0,0,0,0,0,0,0
18067,FIAMA SOAP GEL+CREME MOISTURISING BAR FRANGIPANI+ALMOND CREAM 4X125GM,186,1,0,0,0,0,0,0,0,0,0,0,0,0,1
18068,HEAD & SHOULDER ANTI-DANDRUFF SHAMPOO + CONDITIONER 2IN1 COOM MENTHOL 360ML,310,1,0,0,0,0,0,0,0,0,0,0,0,0,1
18069,HEAD & SHOULDER ANTI-DANDRUFF SHAMPOO + CONDITIONER 2IN1 COOM MENTHOL 180ML,165,1,0,0,0,0,0,0,0,0,0,0,0,0,1
18070,HEAD & SHOULDER ANTI-DANDRUFF SHAMPOO + CONDITIONER 2IN1 SMOOTH & SILKY 180ML,165,2,0,0,0,0,0,0,0,0,0,0,0,0,2
18071,CRYSTAL KITCHEN KNIFE MULTI PURPOSE KNIFE LASER EDGE,50,3,0,0,0,0,0,0,0,0,0,0,0,0,3
18072,HIMALAYA TOOTH PASTE STAIN REMOVAL GUM EXPERT 80GM,67,4,0,0,0,0,0,0,0,0,0,0,0,0,4
18073,AMUL DARK CHOCOLATE SUGAR FREE 150GM,125,8,0,0,0,0,0,0,0,0,0,0,0,0,8
18074,AMUL GREEN -T CHOCOLATE 150GM,115,3,0,0,0,0,0,0,0,0,0,0,0,0,3
18075,WEIKFIELD PASTA SPORTY ENERGY 500GM,175,0,0,0,0,0,0,0,0,0,0,0,0,0,0
18076,WEIKFIELD PASTA SPORTY ENERGY FUSILLI 500GM,175,0,0,0,0,0,0,0,0,0,0,0,0,0,0
18077,WEIKFIELD PASTA SPORTY ENERGY ELBOW 500GM,175,0,0,0,0,0,0,0,0,0,0,0,0,0,0
18078,OSSUM PERFUMED BODY MIST WITH AQUA BLOSSOM 115ML,249,0,0,0,0,0,0,0,0,0,0,0,0,0,0
18079,OSSUM PERFUMED BODY MIST WITH AQUA DELIGHT 115ML,249,0,0,0,0,0,0,0,0,0,0,0,0,0,0
18080,OSSUM PERFUMED BODY MIST WITH AQUA ROMANCE 115ml,249,0,0,0,0,0,0,0,0,0,0,0,0,0,0
18081,OSSUM PERFUMED BODY MIST WITH AQUA PLEASURE 115ml,249,0,0,0,0,0,0,0,0,0,0,0,0,0,0
18082,MAGGI MASALA-E-MAGIC 12X6GM,50,0,0,0,0,0,0,0,0,0,0,0,0,0,0
18083,UNIBIC OATS COOKIES 75GM,30,8,0,0,0,0,0,0,0,0,0,0,0,0,8
18084,UNIBIC RAGI COOKIES 75GM,40,4,0,0,0,2,0,0,0,0,0,0,0,0,2
18085,GILLETTE MACH3 EXTRA COMFORT SHAVE GEL 70GM,115,0,0,0,0,0,0,0,0,0,0,0,0,0,0
18086,FAIR AND HANDSOME LASER 12 ADVANCED WHITENING MULTI BENEFIT CREAM 60gm,225,1,0,0,0,0,0,0,0,0,0,0,0,0,1
18087,COLGATE TOOTH PASTE SWARNA VEDSHAKTI 200GM,89,2,0,0,0,0,0,0,0,0,0,0,0,0,2
18088,COLGATE TOOTH BRUSH ZIG ZAG BLACK SOFT 1NOS,30,0,0,0,0,0,0,0,0,0,0,0,0,0,0
18089,LABINA STRETCHY MANGO FRUIT FLAVOUR CHEWS 26GM,10,0,0,0,0,0,0,0,0,0,0,0,0,0,0
18090,DABUR VATIKA SHAMPOO HEALTH 7 SATT POSHAN 340ML,145,0,0,0,0,0,0,0,0,0,0,0,0,0,0
18091,HALDIRAMS KASHMIRI MIXTURE 25GM,10,0,0,0,0,0,0,0,0,0,0,0,0,0,0
18092,VEGA KAJAL EYE GLAM MADE IN GERMANY 0.35GM,199,1,0,0,0,0,0,0,0,0,0,0,0,0,1
18093,KALA CHANNA ATTA 1KG,83,0,0,0,0,0,0,0,0,0,0,0,0,0,0
18094,DOVE BODY LOTION GO FRESH NOURISHMENT DEEP CARE COMPLEX NORMAL SKIN 250ML,270,0,0,0,0,0,0,0,0,0,0,0,0,0,0
18095,AXE SIGNATURE AFTERSHAVE LOTION DENIM 100ML,200,1,0,0,0,0,0,0,0,0,0,0,0,0,1
18096,TRESEMME CONDITIONER KERATIN SMOOTH FOR STRAIGHTER SHINY HAIR 80ML,107,0,0,0,0,0,0,0,0,0,0,0,0,0,0
18097,AIR WICK AIR FRESHENER SPRAY LEMON & ORANGE BLOSSOM NAGPUR NARANGI 245ML,150,0,0,0,0,0,0,0,0,0,0,0,0,0,0
18098,DETTOL HAND WASH GOLD LIQUID CLASSIC CLEAN 250ML,86,0,0,0,0,0,0,0,0,0,0,0,0,0,0
18099,THUMS UP CHARGED 300ML,21.01,0,0,0,0,0,0,0,0,0,0,0,0,0,0
18100,LUX SOAP ROSE BLOOM 51GM,10,6,0,0,0,0,0,0,0,0,0,0,0,0,6
18101,SANTOOR HAND WASH CLASSIC SANDALWOOD & TULSI 215ML,89,0,0,0,0,0,0,0,0,0,0,0,0,0,0
18102,SANTOOR HAND WASH FRESH SWEET LIME PEEL & TULSI 215ML,81,0,0,0,0,0,0,0,0,0,0,0,0,0,0
18103,WRIGLEYS DOUBLEMINT PEPPERMINT FLAVOUR 23.8GM,100,0,0,0,0,0,0,0,0,0,0,0,0,0,0
18104,JO&K DATE WITH GINGER PICKLE 400GM,150,0,0,0,0,0,0,0,0,0,0,0,0,0,0
18105,JO&K BAMBOO SHOOTS PICKLE 350GM,130,0,0,0,0,0,0,0,0,0,0,0,0,0,0
18106,JO&K GARLIC PICKLE 350GM,160,0,0,0,0,0,0,0,0,0,0,0,0,0,0
18107,JO&K HEENG LIME PICKLE 350GM,130,0,0,0,0,0,0,0,0,0,0,0,0,0,0
18108,JO&K KHATTA MEETHA AAM PICKLE 360GM,99,0,0,0,0,0,0,0,0,0,0,0,0,0,0
18109,JO&K HOT HIMALAYAN RELISH (CHUKH) 300GM,130,0,0,0,0,0,0,0,0,0,0,0,0,0,0
18110,JO&K AMLA CHUTNEY 350GM,130,0,0,0,0,0,0,0,0,0,0,0,0,0,0
18111,JO&K SWEET LIME PICKLE 400GM,130,0,0,0,0,0,0,0,0,0,0,0,0,0,0
18112,JO&K CASSIA SEEDS (AELU) CHUTNEY 350GM,130,0,0,0,0,0,0,0,0,0,0,0,0,0,0
18113,HEAD & SHOULDER ANTI-DANDRUFF SHAMPOO + CONDITIONER 2IN1 SMOOTH & SILKY 360ML,310,0,0,0,0,0,0,0,0,0,0,0,0,0,0
18115,PHUL MAKHANA 250GM,225,7,0,0,0,0,0,0,0,0,0,0,0,0,7
18116,PARLE HIDE&SEEK CHOCOLATE+STRAWBERRY+ORANGE 3X100GM,60,0,0,0,0,0,0,0,0,0,0,0,0,0,0
18117,ZANDU CHYAVANPRASHAD NO ADDED SUGAR 450GM,190,0,0,0,0,0,0,0,0,0,0,0,0,0,0
18118,ZANDU CHYAVANPRASHAD NO ADDED SUGAR 900GM,325,0,0,0,0,0,0,0,0,0,0,0,0,0,0
18119,TATA TEA ELAICHI CHAI 75GM,20,0,0,0,0,0,0,0,0,0,0,0,0,0,0
18120,ZANDU GEL RAPID ACTION RELIEF FROM BODY PAIN 15ML,50,0,0,0,0,0,0,0,0,0,0,0,0,0,0
18121,YARDLEY DEO AUTUMN BLOOM REFRESHING BODY SPRAY 150ML,190,0,0,0,0,0,0,0,0,0,0,0,0,0,0
18122,YARDLEY DEO COUNTRY REFRESHING BODY SPRAY 150ML,190,0,0,0,0,0,0,0,0,0,0,0,0,0,0
18123,YARDLEY DEO ENGLISH BLUEBELL REFRESHINH BODY SPRAY 150ML,190,0,0,0,0,0,0,0,0,0,0,0,0,0,0
18124,COLGATE TOOTH BRUSH ZIGZAG BLACK MEDIUM 5N,99,0,0,0,0,0,0,0,0,0,0,0,0,0,0
18125,HARPIC POWER PLUS 1LTR+LIZOL 975MLCOLING 500ML COMBO PACK,287,0,0,0,0,0,0,0,0,0,0,0,0,0,0
18126,BREAD CRUMBS 200GM,22,1,0,0,0,0,0,0,0,0,0,0,0,0,1
18127,BIOTIQUE ALMOND OIL SOOTHING FACE&EYE MAKEUP CLEANSER 120ML,175,0,0,0,0,0,0,0,0,0,0,0,0,0,0
18128,NESTLE CHOCO LICKO ECLAIRS 3.2GM,1,0,0,0,0,0,0,0,0,0,0,0,0,0,0
18129,AMUL ICE CREAM PROBIOTIC CHOCOBAR 40ML,10,0,0,0,0,0,0,0,0,0,0,0,0,0,0
18130,BRITANNIA TREAT KOOL VANILLA 60GM,10,0,0,0,0,0,0,0,0,0,0,0,0,0,0
18131,BRITANNIA TIGER COCONUT KRUNCH BISCUITS 103GM,10,16,0,0,0,1,0,0,0,0,0,0,0,0,15
18132,FEVI KWIK NEW 2GM,20,83,0,0,0,0,0,0,0,0,0,0,0,0,83
18133,GUBB NAIL CARE 2IN1 NAIL FILE & CUTICLE TRIMMER,99,0,0,0,0,0,0,0,0,0,0,0,0,0,0
18134,NIVEA SHOWER GEL CARE SHOWER WATERLILY & OIL 250ML,195,0,0,0,0,0,0,0,0,0,0,0,0,0,0
18135,PARLE 20-20 NICE SUGAR SPRINKLED COCONUT BISCUITS 75GM,10,28,0,0,0,7,0,0,0,0,0,0,0,0,21
18136,AMUL FROZEN MASTI DAHI TIKKI 260GM,125,0,0,0,0,0,0,0,0,0,0,0,0,0,0
18137,AMUL FROZEN CHEESE ONION POCKET 260GM,110,0,0,0,0,0,0,0,0,0,0,0,0,0,0
18138,AMUL FROZEN MASALA PANEER NUGGETS 260GM,135,0,0,0,0,0,0,0,0,0,0,0,0,0,0
18139,AMUL FROZEN CHEESE POPPONS 260GM,145,0,0,0,0,0,0,0,0,0,0,0,0,0,0
18140,VEGA MEN T- PERFECT USB CHARGING BEARD TRIMMER VHTH-01N,1499,0,0,0,0,0,0,0,0,0,0,0,0,0,0
18141,OLAY TOTAL EFFECTS 7 IN 1 ANTI-AGEING CREAM DAY SPF15 DAY/NORMAL 20GM,399,0,0,0,0,0,0,0,0,0,0,0,0,0,0
18142,PARK AVENUE AFTER SHAVE LOTION GOOD MORNING 100ML,199,0,0,0,0,0,0,0,0,0,0,0,0,0,0
18143,STING ENERGY 250ML,30,17,0,0,0,1,0,0,0,0,0,0,0,0,16
18144,BORO PLUS TOTAL RESULTS MOISTURE LOTION GRAPES & LOIVE OIL 100ML,75,0,0,0,0,0,0,0,0,0,0,0,0,0,0
18145,CAVENDISH & HARVEY MIXED FRUIT DROPS 200GM,200,0,0,0,0,0,0,0,0,0,0,0,0,0,0
18146,MTR BREAKFAST KHATTA MEETHA POHA 60GM,20,0,0,0,0,0,0,0,0,0,0,0,0,0,0
18147,HALDIRAMS NIMBU MASALA 42GM,10,0,0,0,0,0,0,0,0,0,0,0,0,0,0
18148,LAKME CLEANSING MILK DEEP CLEANSER GENTLE CARE 60ml,120,2,0,0,0,0,0,0,0,0,0,0,0,0,2
18149,COLONEL & CO HOT CHEESE NACHOS & SALSA DIP 75GM,60,0,0,0,0,0,0,0,0,0,0,0,0,0,0
18150,COLONEL & CO PERI PERI NACHOS & SALSA 75GM,60,0,0,0,0,0,0,0,0,0,0,0,0,0,0
18151,NESTLE CHOCO LICK ECLAIRS 320GM,100,4,0,0,0,0,0,0,0,0,0,0,0,0,4
18152,NAINA EXTRA SOFT QUALITY TISSUE 10IN1,210,0,0,0,0,0,0,0,0,0,0,0,0,0,0
18153,BRITANNIA TREAT JIM JAM 62GM,10,1,0,0,0,0,0,0,0,0,0,0,0,0,1
18154,MOTHERS RECIPE MIXED PICKLE 1KG,178,0,0,0,0,0,0,0,0,0,0,0,0,0,0
18155,CONTINENTAL SPECIAL 100% PURE INSTANT COFFEE 7GM,10,0,0,0,0,0,0,0,0,0,0,0,0,0,0
18156,NAVNEET GANESHA DAIRY 192PAGES,75,5,0,0,0,0,0,0,0,0,0,0,0,0,5
18157,NAVNEET GANESHA DAIRY A6 192PAGES,120,5,0,0,0,0,0,0,0,0,0,0,0,0,5
18158,PAPER NAPKINS 33X33CM,180,1,0,0,0,0,0,0,0,0,0,0,0,0,1
18159,MONGINIS DREAM CAKE 100% VEG 35GM,10,0,0,0,0,0,0,0,0,0,0,0,0,0,0
18160,LEAU PURE OXYGENATED DRINKING WATER 1LTR,30,0,0,0,0,0,0,0,0,0,0,0,0,0,0
18161,LEAU PURE OXYGENATED DRINKING WATER 250ML,10,0,0,0,0,0,0,0,0,0,0,0,0,0,0
18162,LEAU PURE CLUB SODA 600ML,20,0,0,0,0,0,0,0,0,0,0,0,0,0,0
18163,SUN KEWRA CULINARY ESSENCE 25ML,30,0,0,0,0,0,0,0,0,0,0,0,0,0,0
18164,YARDLEY DEO ELEGANGE + ARTHUR BUY 2 GET 1 GREE,398,0,0,0,0,0,0,0,0,0,0,0,0,0,0
18165,WIPRO LED BLUB GARNET 9W,240,3,0,0,0,0,0,0,0,0,0,0,0,0,3
18166,CYCLE POPULAR AGARBATHI FLAVARZ 122GM,50,0,0,0,0,0,0,0,0,0,0,0,0,0,0
18167,CYCLE POPULAR AGARBATHI COSMATIQ 122GM,50,0,0,0,0,0,0,0,0,0,0,0,0,0,0
18168,CYCLE POPULAR AGARBATHI PARFUM 122GM,50,0,0,0,0,0,0,0,0,0,0,0,0,0,0
18169,HALDIRAMS CHANA DAL NIMBULA 40GM,10,0,0,0,0,0,0,0,0,0,0,0,0,0,0
18170,CORNITOS POP N CRUNCH CRACK PEPPER PREMIUN ROASTED CASHEWS 30GM,300,2,0,0,0,0,0,0,0,0,0,0,0,0,2
18171,NESTLE KITKAT DUA 10X13.2GM,90,0,0,0,0,0,0,0,0,0,0,0,0,0,0
18172,PONDS AGE MIRACLE WRINKLE CORRECTOR SPF 18PA DAR CREAM 10GM,99,1,0,0,0,0,0,0,0,0,0,0,0,0,1
18173,SWISS NATUREN CHICKEN NUGGETS 400GM,170,0,0,0,0,0,0,0,0,0,0,0,0,0,0
18174,NEE ACTIVE TOOTHPASTE TOTAL CARE NATURALLY 200GM+TOOTH BRUSH FREE,75,0,0,0,0,0,0,0,0,0,0,0,0,0,0
18175,HIMALAYA TOOTH PASTE SPARKLING WHITE 40GM,25,0,0,0,0,0,0,0,0,0,0,0,0,0,0
18176,GRANDMAS AUTHENTIC ALL NATURAL 500GM,750,0,0,0,0,0,0,0,0,0,0,0,0,0,0
18177,LUX SOAP JASMINE BLOOM 51GM,10,6,0,0,0,0,0,0,0,0,0,0,0,0,6
18178,AMUL FROZEN CHEESE ONION PARATHA 500GM,180,1,0,0,0,0,0,0,0,0,0,0,0,0,1
18179,WHOLE WHEAT BREAD 400GM,45,0,0,0,0,0,0,0,0,0,0,0,0,0,0
18181,CHILLY GARLIC STRAW,70,0,0,0,0,0,0,0,0,0,0,0,0,0,0
18182,ITALIAN FOCCASSIA,77,0,0,0,0,0,0,0,0,0,0,0,0,0,0
18183,ALMOND CAKE,165,0,0,0,0,0,0,0,0,0,0,0,0,0,0
18184,5 STAR 3D CHOCOLATE 45GM,30,23,0,0,0,1,0,0,0,0,0,0,0,0,22
18185,BINGO TEDHE MEDHE MASALA TADKA 54GM,10,0,0,0,0,0,0,0,0,0,0,0,0,0,0
18186,SWEET MAKHANA 250GM,30,0,0,0,0,0,0,0,0,0,0,0,0,0,0
18187,STAR KITCHEN TOWEL MULTI PURPOSE 80WARPS,165,0,0,0,0,0,0,0,0,0,0,0,0,0,0
18188,GILLETTE SIMPLY VENUS BASIC 3BLADES,60,18,0,0,0,0,0,0,0,0,0,0,0,0,18
18189,TETLEY GREEN TEA LEMON & HONEY 25BAGS,140,3,0,0,0,0,0,0,0,0,0,0,0,0,3
18190,TETLEY GREEN TEA PURE ORIGINAL 25BAGS,140,2,0,0,0,1,0,0,0,0,0,0,0,0,1
18191,UNIBIC MILK COOKIES FAMILY 200GM,30,0,0,0,0,0,0,0,0,0,0,0,0,0,0
18192,HALDIRAMS CHATPATA DAL 40GM,10,0,0,0,0,0,0,0,0,0,0,0,0,0,0
18193,NIHAR NATURALS SARSO OIL 300ML,78,2,0,0,0,0,0,0,0,0,0,0,0,0,2
18194,SOFIT SOYA MILK CHFFEE MOCHA 200ML,40,4,0,0,0,0,0,0,0,0,0,0,0,0,4
18195,DOVE BABY MASSAGE OIL RICH MOISTURE 100ML,109,0,0,0,0,0,0,0,0,0,0,0,0,0,0
18196,DOVE BABY MASSAGE OIL RICH MOISTURE 200ML,199,3,0,0,0,0,0,0,0,0,0,0,0,0,3
18197,PUR VODA MINERAL WATER 500ML,35,0,0,0,0,0,0,0,0,0,0,0,0,0,0
18198,AXE DEO SIGNATURE GOLD ITALIAN BERGAMOT & AMBER WOOD EAU DE TOILETTE 80ML,450,0,0,0,0,0,0,0,0,0,0,0,0,0,0
18199,BIOTIQUE BIO GREEN APPLE FRESH DAILY PURIFYING SHAMPOO & CONDITIONER 200ML,155,0,0,0,0,0,0,0,0,0,0,0,0,0,0
18200,BIOTIQUE BIO MORNING EBONY VITALIZING SERUM 120ML,185,0,0,0,0,0,0,0,0,0,0,0,0,0,0
18201,BIOTIQUE BIO PINEAPPLE OIL CCONTROL FOAMING FACE CLEANSER 120ML,149,1,0,0,0,0,0,0,0,0,0,0,0,0,1
18202,BIOTIQUE BIO HONEY GEL REFRESHING FOAMING FACE CLEANSER FOR ALL SKIN 120ML,149,0,0,0,0,0,0,0,0,0,0,0,0,0,0
18203,BIOTIQUE BIO HONEY GEL REFRESHING FOAMING FACE WASH FOR ALL SKIN 150ML,179,1,0,0,0,0,0,0,0,0,0,0,0,0,1
18204,BIOTIQUE BIO PAPAYA VISIBLY AGELESS SCRUB WASH 150ML,150,1,0,0,0,0,0,0,0,0,0,0,0,0,1
18205,BIOTIQUE BIO AVOCADO STRESS RELIFE BODY MASSAGE OIL 200ML,135,1,0,0,0,0,0,0,0,0,0,0,0,0,1
18206,CLASSIC TOOTH BRUSH PREMIUM MEDIUM 1NOS,25,0,0,0,0,0,0,0,0,0,0,0,0,0,0
18207,KWALITY WALLS ICE CREAM CRUNCHY BUTTER SCOTCH COMBO 2X700ML,250,0,0,0,0,0,0,0,0,0,0,0,0,0,0
18208,NIVEA LIP BALM ORIGINAL CARE BUY 1 GET 1 FREE 2X4.8GM,130,0,0,0,0,0,0,0,0,0,0,0,0,0,0
18209,NESTLE KITKAT STRAWBERRY DUA 12.8GM,10,0,0,0,0,0,0,0,0,0,0,0,0,0,0
18210,NESTLE MILKYBAR YUMMY TREAT 11GM,10,-3,0,0,0,0,0,0,0,0,0,0,0,0,-3
18211,SPRITE BOTTLE 750ML,35,0,0,0,0,0,0,0,0,0,0,0,0,0,0
18212,GILLETTE SHAVING GEL SENSITIVE SKIN WITH ALOE 60GM,85,1,0,0,0,0,0,0,0,0,0,0,0,0,1
18213,SUNDROP PEANUT BUTTER CRUNCHY HONEY ROAST 200GM,100,0,0,0,0,0,0,0,0,0,0,0,0,0,0
18214,AYUSH TOOTH PASTE WHITENING WITH ROCK SALT 80GM,32,0,0,0,0,0,0,0,0,0,0,0,0,0,0
18215,NESTLE MILKYBAR MORE CREAMY MORE YUMMY 25GM,20,2,0,0,0,0,0,0,0,0,0,0,0,0,2
18216,LUX SOAP JASMINE BLOOM 4x54GM,40,2,0,0,0,0,0,0,0,0,0,0,0,0,2
18217,LUX SOAP ROSE BLOOM 4X51GM,40,2,0,0,0,0,0,0,0,0,0,0,0,0,2
18218,RIN POWDER SMART FOAM 1KG,72,3,0,0,0,0,0,0,0,0,0,0,0,0,3
18219,ORGANIC 24 MANTRA WHOLE WHEAT ATTA 1KG,52,0,0,0,0,0,0,0,0,0,0,0,0,0,0
18220,ORGANIC 24 MANTRA 7GRAIN METHI ATTA 1KG,90,0,0,0,0,0,0,0,0,0,0,0,0,0,0
18221,OIL FILTER MRP 250,250,0,0,0,0,0,0,0,0,0,0,0,0,0,0
18222,OIL FILTER MRP 100,100,0,0,0,0,0,0,0,0,0,0,0,0,0,0
18223,BABY BRAND SAFFRON 1GM,295,3,0,0,0,0,0,0,0,0,0,0,0,0,3
18224,VICCO TURMERIC MOISTURISING EFFECT 100GM,80,0,0,0,0,0,0,0,0,0,0,0,0,0,0
18225,VICCO TURMERIC MOISTURISING EFFECT 50GM,40,0,0,0,0,0,0,0,0,0,0,0,0,0,0
18226,VICCO TURMERIC MOISTURISING EFFECT 300GM,215,0,0,0,0,0,0,0,0,0,0,0,0,0,0
18227,WIPRO LED BLUB TEJAS 7W,160,1,0,0,0,0,0,0,0,0,0,0,0,0,1
18228,SNICKERS CARAMEL INTENSE 47GM,50,0,0,0,0,0,0,0,0,0,0,0,0,0,0
18229,"BAGRRYS SWISS STYLE MUESLI ALMONDS,RAISINS & DATES 500GM",290,1,0,0,0,0,0,0,0,0,0,0,0,0,1
18230,HALDIRAMS MAGIC MAKHANA SALTED 40GM,40,0,0,0,0,0,0,0,0,0,0,0,0,0,0
18231,DEL MONTE BAKED BEANS IN SAUCE 450GM,110,0,0,0,0,0,0,0,0,0,0,0,0,0,0
18232,DEL MONTE TOMATO KETCHUP 8GM,1,0,0,0,0,0,0,0,0,0,0,0,0,0,0
18233,DEL MONTE OLIVE BLACK SLICE 230GM,220,1,0,0,0,0,0,0,0,0,0,0,0,0,1
18234,DEL MONTE OLIVE GREEN SLICE 230GM,220,1,0,0,0,0,0,0,0,0,0,0,0,0,1
18235,DEL MONTE OLIVE GREEN PITTED 227GM,225,1,0,0,0,0,0,0,0,0,0,0,0,0,1
18236,AMUL LACTOSE FREE MILK 250ML,25,0,0,0,0,0,0,0,0,0,0,0,0,0,0
18237,MOUNTAIN DEW BOTTLE 750ML,35,0,0,0,0,0,0,0,0,0,0,0,0,0,0
18238,SPRAYMINTT MOUTH FRESHENER COLA BLAST 15GM,99,0,0,0,0,0,0,0,0,0,0,0,0,0,0
18239,MAYBELLINE BABY LIPS BALM CHERRY KISS + PINK LOLITA 4GM+4GM=8GM,190,0,0,0,0,0,0,0,0,0,0,0,0,0,0
18240,MAYBELLINE BABY LIPS BALM BERRY CRUSH + PINK LOLITA 4GM+4GM=8GM,190,0,0,0,0,0,0,0,0,0,0,0,0,0,0
18241,PREMIER CELLO TAPE RS.5,5,8,0,0,0,0,0,0,0,0,0,0,0,0,8
18242,PREMIER CELLO TAPE 18MM,20,-1,0,0,0,0,0,0,0,0,0,0,0,0,-1
18243,AMUL MADAGASCAR NORI DE CACAO DARK CHOCOLATE 125GM,140,1,0,0,0,0,0,0,0,0,0,0,0,0,1
18244,AMUL COLOMBIA CLASSIQUE BLACK DARK CHOCOLATE 125GM,140,5,0,0,0,0,0,0,0,0,0,0,0,0,5
18245,AMUL ECUADOR TROPICAL DUSK DARK CHOCOLATE 125GM,140,5,0,0,0,0,0,0,0,0,0,0,0,0,5
18246,AMUL IVORY COAST GRANED NUIT DARK CHOCOLATE 125GM,140,5,0,0,0,0,0,0,0,0,0,0,0,0,5
18247,CADBURY DAIRY MILK SILK CARAMELLO MOCHA 136GM,160,20,0,0,0,0,0,0,0,0,0,0,0,0,20
18248,CADBURY DAIRY MILK SILK CARAMELLO MOCHA 60GM,75,33,0,0,0,0,0,0,0,0,0,0,0,0,33
18249,UNIBIC GLUTEN FREE RICE & CORN COOKIES 75GM,30,0,0,0,0,0,0,0,0,0,0,0,0,0,0
18250,NIVEA DEO PROTECT & CARE 150ML,190,2,0,0,0,0,0,0,0,0,0,0,0,0,2
18251,DUKES WAFFY CRISPY & CRUNCHU MANGO 75GM,45,0,0,0,0,0,0,0,0,0,0,0,0,0,0
18252,DUKES DARK WAFFY VANILLA FLAVOURED CHOCO WAFERS 150GM,60,0,0,0,0,0,0,0,0,0,0,0,0,0,0
18253,COLGATE TOOTH PASTE CIBACA VEDSHAKTI 80GM,35,0,0,0,0,0,0,0,0,0,0,0,0,0,0
18254,MORDE MILK COMPOUND 400GM,110,0,0,0,0,0,0,0,0,0,0,0,0,0,0
18255,THUMS UP CHARGED 500ML,30,59,0,0,0,0,0,0,0,0,0,0,0,0,59
18257,LIMCA BOTTLE 750ML,35,0,0,0,0,0,0,0,0,0,0,0,0,0,0
18258,YAKULT MILK LIGHT 65ML,16,-5,0,0,0,0,0,0,0,0,0,0,0,0,-5
18259,GALA FRIDGE JAR CLEANER 1N,80,0,0,0,0,0,0,0,0,0,0,0,0,0,0
18260,CADBURY DAIRY MILK SILK SPECIAL EDITION 250GM,275,0,0,0,0,0,0,0,0,0,0,0,0,0,0
18261,PARLE 20-20 NICE SUGAR SPRINKLED COCONUT BISCUITS 150GM,20,21,0,0,0,1,0,0,0,0,0,0,0,0,20
18262,NIVEA MEN DEO COOL POWDER DEODORANT 150ML,199,1,0,0,0,0,0,0,0,0,0,0,0,0,1
18263,NESTLE A+ MILK NOURISH VITAMIN A & D FORTIFIED 1LTR,75,70,0,0,0,6,0,0,0,0,0,0,0,0,64
18264,REPUBLIC OF CHICKEN CHICKEN COCKTAIL SAUSAGES 250GM,145,0,0,0,0,0,0,0,0,0,0,0,0,0,0
18265,FORTUNE EVERYDAY BASMATI RICE 1KG,130,0,0,0,0,0,0,0,0,0,0,0,0,0,0
18266,COLGATE TOOTH PASTE SWARNA VEDSHAKTI 100GM,46,2,0,0,0,0,0,0,0,0,0,0,0,0,2
18267,WIPRO LED BLUB GARNET 5W,200,2,0,0,0,0,0,0,0,0,0,0,0,0,2
18268,BORO PLUS HEALTHY WHITE 7-IN-ONE FAIRNESS CREAM 25GM,50,3,0,0,0,0,0,0,0,0,0,0,0,0,3
18269,KWALITY WALLS ICE CREAM CORNETTO DISC OREO 120ML,60,4,0,0,0,0,0,0,0,0,0,0,0,0,4
18270,SUNDROP PEANUT BUTTER CREAMY HONEY ROAST 200GM,100,0,0,0,0,0,0,0,0,0,0,0,0,0,0
18271,VERKA PIO MANGO SHAKE 200ML,30,0,0,0,0,0,0,0,0,0,0,0,0,0,0
18276,OLAY TOTAL EFFECTS 7 IN 1 ANTI AGEING DAY/NORMAL CREAM  7 SKIN BENEFITS IN ONE 20GM,399,0,0,0,0,0,0,0,0,0,0,0,0,0,0
18277,OLD SPICE AFTER SHAVE LOTION MUSK 100ML,190,0,0,0,0,0,0,0,0,0,0,0,0,0,0
18278,GILLETTE SHAVING GEL SERIES 3X SENSITIVE 70GM,100,0,0,0,0,0,0,0,0,0,0,0,0,0,0
18279,FORTUNE EVERYDAY BASMATI RICE 5KG,575,0,0,0,0,0,0,0,0,0,0,0,0,0,0
18280,KELLOGGS OATS CHATPATA TOMATO 39GM,15,0,0,0,0,0,0,0,0,0,0,0,0,0,0
18281,NIVEA BODY LOTION ALOE HYDRATION NORMAL SKIN 75ML,80,2,0,0,0,0,0,0,0,0,0,0,0,0,2
18282,NIVEA BODY LOTION ALOE HYDRATION DEEP MOISTURE SERUM NORMAL SKIN 200ML,210,1,0,0,0,0,0,0,0,0,0,0,0,0,1
18283,NIVEA BODY LOTION ALOE HYDRATION DEEP MOISTURE SERUM NORMAL SKIN 400ML,365,0,0,0,0,0,0,0,0,0,0,0,0,0,0
18284,QUA NATURAL MINERAL WATER 750ML,65,8,0,0,0,0,0,0,0,0,0,0,0,0,8
18285,DEL MONTE  PITTED BLACK OLIVES 450GM,220,1,0,0,0,0,0,0,0,0,0,0,0,0,1
18286,SUGAR FREE GREEN 300 PELLETS 30GM,249,2,0,0,0,0,0,0,0,0,0,0,0,0,2
18287,UTTAM WHITE SUGAR CUBES 500GM,60,14,0,0,0,0,0,0,0,0,0,0,0,0,14
18288,LAKME SUN EXPERT SPF 50 ULTRA MATTE LOTION LIGHT & NON STICKY 50ML,270,0,0,0,0,0,0,0,0,0,0,0,0,0,0
18289,PEPSODENT GUMCARE EXPERT PROTECTION 140GM,98,3,0,0,0,0,0,0,0,0,0,0,0,0,3
18290,NISSIN CUP NOODLES RICH SEAFOOD CURRY 70GM,50,0,0,0,0,0,0,0,0,0,0,0,0,0,0
18291,LUX SOAP ROSE BLOOM 4X100GM,94,4,0,0,0,0,0,0,0,0,0,0,0,0,4
18292,ODDY UNIWRAPS GOOD WRAPPING PAPER 20MTR,199,3,0,0,0,0,0,0,0,0,0,0,0,0,3
18293,NESTLE CERELAC SHISHU AAHAAR STAGE2 300GM,205,1,0,0,0,0,0,0,0,0,0,0,0,0,1
18294,PARLE HIDE&SEEK AMERICANA  STYLE COOKIES BUTTER 100GM,15,0,0,0,0,0,0,0,0,0,0,0,0,0,0
18295,PARLE HIDE&SEEK AMERICANA CASHEW BUTTER COOKIES 100GM,20,0,0,0,0,0,0,0,0,0,0,0,0,0,0
18296,AMUL TANZANIA CHOCOLATE NORI DARK CHOCOLATE 125GM,140,0,0,0,0,0,0,0,0,0,0,0,0,0,0
18297,AMUL VENEZUELA EBONY TWIST DARK CHOCOLATE 125GM,140,2,0,0,0,0,0,0,0,0,0,0,0,0,2
18298,AMUL PERU DARK AMAZON DARK CHOCOLATE 125GM,140,4,0,0,0,0,0,0,0,0,0,0,0,0,4
18299,KEYA OREGANO 9GM+PIRI PIRI 40GM,119,0,0,0,0,0,0,0,0,0,0,0,0,0,0
18300,NIVEA DEODORANT FRESH NATURAL 150ML,190,1,0,0,0,0,0,0,0,0,0,0,0,0,1
18301,NIVEA SHOWER CREME SOFT WITH ALMOND OIL 100ML,85,0,0,0,0,0,0,0,0,0,0,0,0,0,0
18302,AKARSHIT GUJIA 400GM,125,0,0,0,0,0,0,0,0,0,0,0,0,0,0
18303,DEL MONTE PENNE TRICOLOR PASTA 500GM,200,3,0,0,0,0,0,0,0,0,0,0,0,0,3
18304,CREMICA CORNFLAKES DIGESTIVE BISCUITS 100GM,20,1,0,0,0,1,0,0,0,0,0,0,0,0,0
18305,CREMICA OATMEAL DIESTIVE BISCUITS 120GM,20,0,0,0,0,0,0,0,0,0,0,0,0,0,0
18306,DETTOL HAND WASH COOL PUMP 250ml,86,0,0,0,0,0,0,0,0,0,0,0,0,0,0
18307,MAYBELLINE BABY LIPS BALM PINK LOLITA SPF20 4GM,180,0,0,0,0,0,0,0,0,0,0,0,0,0,0
18308,MOTHER DAIRY CHEESE BLOCK 200GM,105,0,0,0,0,0,0,0,0,0,0,0,0,0,0
18309,DOUBLEMINT ORANGE FLAVOURED 4.8GM,10,2,0,0,0,0,0,0,0,0,0,0,0,0,2
18310,VIVEL SOAP ALOE VERA 4x57GM,38,0,0,0,0,0,0,0,0,0,0,0,0,0,0
18311,DOVE BABY CARE WIPES RICH MOISTURE 50WIPES,210,-1,0,0,0,0,0,0,0,0,0,0,0,0,-1
18312,LIFEBUOY HANDWASH NATURE PUMP190ML,69,1,0,0,0,0,0,0,0,0,0,0,0,0,1
18313,BRITANNIA VITA MARIE GOLD 75GM,10,0,0,0,0,0,0,0,0,0,0,0,0,0,0
18314,BRITANNIA VITA MARIE GOLD 150GM,20,0,0,0,0,0,0,0,0,0,0,0,0,0,0
18315,ALPENLIEBE POP 8GM,5,0,0,0,0,0,0,0,0,0,0,0,0,0,0
18316,KWALITY WALLS ICE CREAM CLOUD BITE 55ML,20,7,0,0,0,0,0,0,0,0,0,0,0,0,7
18317,KWALITY WALLS ICE CREAM SANDWICH CHOCOLATE & VANILLA 90ML,30,19,0,0,0,0,0,0,0,0,0,0,0,0,19
18318,PARLE FAB BOURBON 60GM,10,16,0,0,0,1,0,0,0,0,0,0,0,0,15
18319,CAKE TREE BLUE BERRY PIE,80,0,0,0,0,0,0,0,0,0,0,0,0,0,0
18320,KEYA ALL PURPOSE SEASONING 60GM+ SRIRACHA 40GM COMBO,119,1,0,0,0,0,0,0,0,0,0,0,0,0,1
18321,KEYA PIZZA SEASONING 45GM+SCHEZWAN 15GM COMBO,119,0,0,0,0,0,0,0,0,0,0,0,0,0,0
18322,BORO PLUS FACE WASH ZERO OIL ZERO PIMPLE DUO 80ML,85,1,0,0,0,0,0,0,0,0,0,0,0,0,1
18323,FAIR AND HANDSOME FACE WASH OIL CLEAR INSTANT FAIRNESS 100GM,130,0,0,0,0,0,0,0,0,0,0,0,0,0,0
18324,DEL MONTE WHOLE GREEN OLIVES 450GM,220,1,0,0,0,0,0,0,0,0,0,0,0,0,1
18325,APPY APPLE JUICE BOTTLE 160ML,10,0,0,0,0,0,0,0,0,0,0,0,0,0,0
18326,KWALITY WALLS ICE CREAM BUTTERSCOTCH 700ML,125,1,0,0,0,0,0,0,0,0,0,0,0,0,1
18327,KWALITY WALLS ICE CREAM KESAR PISTA 700ML,150,2,0,0,0,0,0,0,0,0,0,0,0,0,2
18328,KWALITY WALLS ICE CREAM STRAWBERRY 700ML,95,1,0,0,0,0,0,0,0,0,0,0,0,0,1
18329,PURE DERM ANTI-DANDRUFF SHAMPOO MINT COOL 180ML,135,1,0,0,0,0,0,0,0,0,0,0,0,0,1
18330,PURE DERM ANTI-DANDRUFF SHAMPOO ANTI HAIR FALL 180ML,135,0,0,0,0,0,0,0,0,0,0,0,0,0,0
18331,PURE DERM ANTI-DANDRUFF SHAMPOO DANDRUFF PROTECT 180ML,135,1,0,0,0,0,0,0,0,0,0,0,0,0,1
18332,PURE DERM ANTI-DANDRUFF SHAMPOO DANDRUFF PROTECT 80ML,65,1,0,0,0,0,0,0,0,0,0,0,0,0,1
18333,PURE DERM ANTI-DANDRUFF SHAMPOO ANTI HAIR FALL 80ML,65,0,0,0,0,0,0,0,0,0,0,0,0,0,0
18334,PURE DERM ANTI-DANDRUFF SHAMPOO MINT COOL 80ML,65,2,0,0,0,0,0,0,0,0,0,0,0,0,2
18335,MAGGI RICH TOMATO KETCHUP PICHKOO 90GM,15,11,0,0,0,0,0,0,0,0,0,0,0,0,11
18336,TIDE LEMON & MINT 1KG,94,0,0,0,0,0,0,0,0,0,0,0,0,0,0
18337,JAI PUJARI JEERA 100GM,30,0,0,0,0,0,0,0,0,0,0,0,0,0,0
18338,AMUL BUTTER 10 UNITS 100GM,55,2,0,0,0,0,0,0,0,0,0,0,0,0,2
18339,PONDS WHITE BEAUTY SPOT-LESS FAIRNESS DAY CREAM SUN PROTECTION SPF15PA 35GM,145,2,0,0,0,0,0,0,0,0,0,0,0,0,2
18340,KWALITY WALLS ICE CREAM CHOCOLATE 700ML,125,0,0,0,0,0,0,0,0,0,0,0,0,0,0
18341,KWALITY WALLS ICE CREAM VANILLA 700ML,95,1,0,0,0,0,0,0,0,0,0,0,0,0,1
18342,HALDIRAMS PEANUT-GUP SHUP 42GM,10,0,0,0,0,0,0,0,0,0,0,0,0,0,0
18343,DEL MONTE STUFFED GREEN OLIVES 280GM,225,1,0,0,0,0,0,0,0,0,0,0,0,0,1
18344,KURKURE TRANGLES LIME PICKLE FLAVOUR 90GM,20,20,0,0,0,1,0,0,0,0,0,0,0,0,19
18345,CORNITOS PREMIUM PEANUTS SALTED 150GM,110,-2,0,0,0,0,0,0,0,0,0,0,0,0,-2
18346,ALL OUT ULTRA BEDTIME PROTECTION REFILL 45ML,72,0,0,0,0,0,0,0,0,0,0,0,0,0,0
18347,HIMALAYA TOOTH PASTE COMPLETE CARE (2X80GM),100,0,0,0,0,0,0,0,0,0,0,0,0,0,0
18348,SUNFEAST FARMLITE PROTEIN POWER 100GM,25,4,0,0,0,0,0,0,0,0,0,0,0,0,4
18349,SUNFEAST FARMLITE PORTEIN POWER 150GM,50,3,0,0,0,0,0,0,0,0,0,0,0,0,3
18350,CHUPA CHUPS LOLLIPP STRAWBERRY FLAVOUR 12GM,5,1,0,0,0,0,0,0,0,0,0,0,0,0,1
18351,CHUPA CHUPS LOLLIPOP COLA FLAVOUR 12GM,5,4,0,0,0,0,0,0,0,0,0,0,0,0,4
18352,AMUL CHOCOZOO CHOCOLATE 500GM,120,0,0,0,0,0,0,0,0,0,0,0,0,0,0
18353,HEAVENS GARDEN LUXURY TALC 2X300GM,140,0,0,0,0,0,0,0,0,0,0,0,0,0,0
18354,ORAL-B TOOTH BRUSH FRESH CLEAN MEDIUM 1NOS,20,4,0,0,0,1,0,0,0,0,0,0,0,0,3
18355,VICKS COUGH DROPS MENTHOL 20DROPS,20,0,0,0,0,0,0,0,0,0,0,0,0,0,0
18356,VICKS COUGH DROPS GINGER 20DROPS,20,0,0,0,0,0,0,0,0,0,0,0,0,0,0
18357,WHISPER DAILY LINERS CLEAN & FRESH NORMAL 20N,95,3,0,0,0,0,0,0,0,0,0,0,0,0,3
18358,WHISPER DAILY LINERS CLEAN & FRESH NORMAL 40N,180,6,0,0,0,0,0,0,0,0,0,0,0,0,6
18359,LION DATES SYRUP 250GM,107,0,0,0,0,0,0,0,0,0,0,0,0,0,0
18360,LION MUSCARD DATES 500GM,220,0,0,0,0,0,0,0,0,0,0,0,0,0,0
18361,PEDIASURE COOKIES & CREAM FLAVOUR 200GM,290,0,0,0,0,0,0,0,0,0,0,0,0,0,0
18362,PEDIASURE COOKIES & CREAM FLAVOUR 400GM,510,0,0,0,0,0,0,0,0,0,0,0,0,0,0
18363,KURKURE MULTIGRAIN CUYYY & HERBS FLAVOUR 85GM,20,0,0,0,0,0,0,0,0,0,0,0,0,0,0
18364,AMUL ICE CREAM KASHMIRI KULFI KESAR 60ML,20,0,0,0,0,0,0,0,0,0,0,0,0,0,0
18365,AMUL ICE CREAM RAJASTHANI KULFI KEWDA 60ML,20,0,0,0,0,0,0,0,0,0,0,0,0,0,0
18366,AMUL ICE CREAM PAN NAWABI TUB 1LTR,170,0,0,0,0,0,0,0,0,0,0,0,0,0,0
18367,AMUL ICE CREAM SHAHISTA PISTA KULFI TUB 1LTR,250,0,0,0,0,0,0,0,0,0,0,0,0,0,0
18368,KWALITY WALLS ICE CREAM TUTTI FRUTTI 700ML,125,0,0,0,0,0,0,0,0,0,0,0,0,0,0
18369,SANTOOR HAND WASH CLASSIC SANDALWOOD & TULSI 3X180ML,96,0,0,0,0,0,0,0,0,0,0,0,0,0,0
18370,DABUR GLUCOSE-D 250GM,52,0,0,0,0,0,0,0,0,0,0,0,0,0,0
18371,DABUR GLUCOSE-D LEMON FLAVOUR 125GM,34,0,0,0,0,0,0,0,0,0,0,0,0,0,0
18372,KEYA RED CHILLI FLAKES 40GM + PIRI PIRI 40GM,99,0,0,0,0,0,0,0,0,0,0,0,0,0,0
18373,JOHNSONS BABY SOAP BLOSSOMS WITH DELICATE FLORAL FRAGRANCE 75GM,45,0,0,0,0,0,0,0,0,0,0,0,0,0,0
18374,BRITANNIA NUTRI CHOICE OATS ALMOND AND MILK 75GM,20,0,0,0,0,0,0,0,0,0,0,0,0,0,0
18375,GALA ANGLE WIPER,89,0,0,0,0,0,0,0,0,0,0,0,0,0,0
18376,TIDE LEMON & MINT 2KG,196,5,0,0,0,0,0,0,0,0,0,0,0,0,5
18377,TIDE LEMON & MINT 6KG,574,0,0,0,0,0,0,0,0,0,0,0,0,0,0
18378,PAMPERS NEW BABY D STAR 72DIAPERS,999,1,0,0,0,0,0,0,0,0,0,0,0,0,1
18379,GOOD KNIGHT POWER CHIP SYSTEM POWER OF 100 COILS,30,12,0,0,0,0,0,0,0,0,0,0,0,0,12
18380,LUBE MAK GREASE 3KG,920,1,0,0,0,0,0,0,0,0,0,0,0,0,1
18381,HALDIRAMS MAGIC MAKHANA SALT N PEPPER 40GM,40,0,0,0,0,0,0,0,0,0,0,0,0,0,0
18382,SWISS NATUREN CHICKEN FRIES 400GM,230,0,0,0,0,0,0,0,0,0,0,0,0,0,0
18383,SWISS NATUREN CHICKEN BREAST NUGGETS 400GM,230,4,0,0,0,0,0,0,0,0,0,0,0,0,4
18384,MOTHER DAIRY ICE CREAM BERRI BERRI 60ML,10,0,0,0,0,0,0,0,0,0,0,0,0,0,0
18385,NESTLE MUNCH CRUNCH O NUTS 32GM,20,0,0,0,0,0,0,0,0,0,0,0,0,0,0
18386,MOTHER DAIRY ICE CREAM RAJWADI KULFI 50GM,25,1,0,0,0,0,0,0,0,0,0,0,0,0,1
18387,ORAL-B TOOTH BRUSH 1.2.3 NEEM EXTRACT SOFT BUY2GET1 FREE,70,3,0,0,0,0,0,0,0,0,0,0,0,0,3
18388,MOTHER DAIRY ICE CREAM CHOCO CRUNCH BAR 65ML,25,0,0,0,0,0,0,0,0,0,0,0,0,0,0
18389,ALO FRUT APPLE ALOEVERA+APPLE 200ML,30,0,0,0,0,0,0,0,0,0,0,0,0,0,0
18390,ALO FRUT MOSAMBI ALOEVERA+MOSAMBI 200ML,30,0,0,0,0,0,0,0,0,0,0,0,0,0,0
18391,FROOTI MANGO DRINK 160ML,10,65,0,0,0,0,0,0,0,0,0,0,0,0,65
18392,SANTOOR HAND WASH CLASSIC SANDALWOOD & TULSI 2X215ML,89,0,0,0,0,0,0,0,0,0,0,0,0,0,0
18393,SANTOOR HAND WASH MILD LOTUS & TULSI 2X215ML,89,0,0,0,0,0,0,0,0,0,0,0,0,0,0
18394,DOVE SHAMPOO DRYNESS CARE 340ML+CONDITIONER 190MLFREE,400,0,0,0,0,0,0,0,0,0,0,0,0,0,0
18395,SUNSILK SHAMPOO HAIR FALL SOLUTION SOYA VITAMIN COMPLEX 340ML,165,1,0,0,0,0,0,0,0,0,0,0,0,0,1
18396,BROOKE BOND TAJ MAHAL TEA MRP OFF 100GM,35,2,0,0,0,0,0,0,0,0,0,0,0,0,2
18397,MOTHER DAIRY MISTHI DOI LITE 400GM,70,0,0,0,0,0,0,0,0,0,0,0,0,0,0
18398,CAKE TREE WALNUT BROWNIE,40,19,0,0,0,0,0,0,0,0,0,0,0,0,19
18399,SMART WATER 750ML,50,0,0,0,0,0,0,0,0,0,0,0,0,0,0
18400,NESTLE MILKYBAR MOOSHA 40GM,19,33,0,0,0,0,0,0,0,0,0,0,0,0,33
18401,BROOKSIDE RASPBERRY & GOJI CENTER CHOCOLATE 33.3GM,45,6,0,0,0,0,0,0,0,0,0,0,0,0,6
18402,SOFIT SOYA MILK CHFFEE MOCHA 1LTR,150,4,0,0,0,0,0,0,0,0,0,0,0,0,4
18403,MOTHER DAIRY ICE CREAM SANDWICH 100ML,25,0,0,0,0,0,0,0,0,0,0,0,0,0,0
18404,GOOD KNIGHT  PATCHES PERSONAL REPELLENT 14 PATCHES,75,0,0,0,0,0,0,0,0,0,0,0,0,0,0
18405,AMUL CHEESE SPREAD TIKKA DIP 200GM,80,2,0,0,0,0,0,0,0,0,0,0,0,0,2
18406,AMUL KOOL CAFE MILK N COFFEE BOTTLE 200ML,22,0,0,0,0,0,0,0,0,0,0,0,0,0,0
18407,AMUL KADHAI DOODH ALL NATURAL 200ML,30,9,0,0,0,0,0,0,0,0,0,0,0,0,9
18408,PARLE KISMI ASSORTED TOFFEES 491GM,100,0,0,0,0,0,0,0,0,0,0,0,0,0,0
18409,PARLE GRAND LONDONDERRY 396GM,100,1,0,0,0,0,0,0,0,0,0,0,0,0,1
18410,KWALITY WALLS ICE CREAM BLACK CURRANT & RAISINS 700ML,150,0,0,0,0,0,0,0,0,0,0,0,0,0,0
18411,KWALITY WALLS PISTA KULFI 55ML,30,-44,0,0,0,3,0,0,0,0,0,0,0,0,-47
18412,KWALITY FROLICKING FRUIT &NUT 700ML,160,-1,0,0,0,0,0,0,0,0,0,0,0,0,-1
18413,NIVEA MEN FRESH ACTIVE ORIGINAL 150ML,190,0,0,0,0,0,0,0,0,0,0,0,0,0,0
18414,REXONA ROLL ON SHOWER FRESH UNDERARM ODOUR PROTECTION SAFE ON SKIN 25ML,65,0,0,0,0,0,0,0,0,0,0,0,0,0,0
18415,REXONA ROLL ON ALOE VERA UNDERARM ODOUR PROTECTION SAFE ON SKIN 50ML,99,0,0,0,0,0,0,0,0,0,0,0,0,0,0
18416,REXONA ROLL ON ALOE VERA UNDERARM ODOUR PROTECTION SAFE ON SKIN 25ML,64,0,0,0,0,0,0,0,0,0,0,0,0,0,0
18417,REXONA ROLL ON POWDER DRY UNDERARM ODOUR PROTECTION SAFE ON SKIN 25ML,64,0,0,0,0,0,0,0,0,0,0,0,0,0,0
18418,REXONA ROLL ON POWDER DRY UNDERARM ODOUR PROTECTION SAFE ON SKIN 50ML,99,0,0,0,0,0,0,0,0,0,0,0,0,0,0
18419,REXONA ROLL ON MEN SPORT DEFENCE UNDERARM ODOUR PROTECTION SAFE ON SKIN 25ML,99,1,0,0,0,0,0,0,0,0,0,0,0,0,1
18420,INDULEKHA SHAMPOO BRINGHA HAIR CLEANSER HAIE FALL 100ML,135,0,0,0,0,0,0,0,0,0,0,0,0,0,0
18421,INDULEKHA SHAMPOO BRINGHA HAIR CLEANSER HAIE FALL 200ML,234,0,0,0,0,0,0,0,0,0,0,0,0,0,0
18422,DOVE SHAMPOO INTENSE REPAIR 340ML+CONDITIONER 190ML+SCARF,400,0,0,0,0,0,0,0,0,0,0,0,0,0,0
18423,DOVE SHAMPOO INTENSE REPAIR 180ML+CONDITIONER 75ML+SCARF,195,1,0,0,0,0,0,0,0,0,0,0,0,0,1
18424,DOVE SHAMPOO DRYNESS CARE 180ML+CONDITIONER 80ML+SCARF,195,0,0,0,0,0,0,0,0,0,0,0,0,0,0
18425,DOVE SHAMPOO DAILY SHINE 340ML+CONDITIONER 190ML+SCARF,400,0,0,0,0,0,0,0,0,0,0,0,0,0,0
18426,DOVE SHAMPOO DAILY SHINE 180ML+CONDITIONER 80ML+SCARF,195,1,0,0,0,0,0,0,0,0,0,0,0,0,1
18427,RED BULL CRANBERRY ENERGY DRINK 250ML,99,0,0,0,0,0,0,0,0,0,0,0,0,0,0
18428,EXPRESS FOODS PROTEIN POWER GRANOLA 1KG,795,1,0,0,0,0,0,0,0,0,0,0,0,0,1
18429,COLGATE TOOTH PASTE WITH CAVITY PROTECTION 54GM,20,0,0,0,0,0,0,0,0,0,0,0,0,0,0
18430,DABUR ODOMOS FABRIC ROLL ON 8ML,75,0,0,0,0,0,0,0,0,0,0,0,0,0,0
18431,DABUR ODOMOS NATURALS MOSQUITO REPELLENT GEL 80GM,75,0,0,0,0,0,0,0,0,0,0,0,0,0,0
18432,THE GREEN SNACK 6 GRAIN STIX SMOKY BBQ 85GM,85,0,0,0,0,0,0,0,0,0,0,0,0,0,0
18433,THE GREEN SNACK 6 GRAIN STIX TANGY PICKLE 85GM,85,0,0,0,0,0,0,0,0,0,0,0,0,0,0
18434,THE GREEN SNACK 6 GRAIN CHEESY JALAPENO 85GM,85,0,0,0,0,0,0,0,0,0,0,0,0,0,0
18435,THE GREEN SNACK KALE CRISPS THAI SWEET CHILLI 30GM,200,0,0,0,0,0,0,0,0,0,0,0,0,0,0
18436,THE GREEN SNACK KALE  CRISPS SEA SALT & VINEGAR 30GM,200,0,0,0,0,0,0,0,0,0,0,0,0,0,0
18437,THE GREEN SNACK QUINOA PUFFS FIERY SPICE 50GM,80,0,0,0,0,0,0,0,0,0,0,0,0,0,0
18438,THE GREEN SNACK 6 GRAIN STIX TANGY PICKLE 25GM,35,0,0,0,0,0,0,0,0,0,0,0,0,0,0
18439,THE GREEN SNACK QUINOA PUFFS ZESTY KALE 50GM,80,0,0,0,0,0,0,0,0,0,0,0,0,0,0
18440,THE GREEN SNACK QUINOA PUFFS PEPPY CHEESE 50GM,80,0,0,0,0,0,0,0,0,0,0,0,0,0,0
18441,THE GREEN SNACK 6 GRAIN SMOKEY BBQ 25GM,35,0,0,0,0,0,0,0,0,0,0,0,0,0,0
18442,THE GREEN SNACK 6 GRAIN CHEESY JALAPENO 25GM,35,0,0,0,0,0,0,0,0,0,0,0,0,0,0
18443,GLUCON D MANGO PUNCH 250GM,68,0,0,0,0,0,0,0,0,0,0,0,0,0,0
18444,GLUCON D MANGO PUNCH 500GM,150,0,0,0,0,0,0,0,0,0,0,0,0,0,0
18445,PAPER BOAT CHILLI GUAVA 180ML,20,0,0,0,0,0,0,0,0,0,0,0,0,0,0
18446,EMAMI FAIR AND HANDSOME FAIRNESS CREAM AND HE DEO COMBO 60GM,125,2,0,0,0,0,0,0,0,0,0,0,0,0,2
18447,LOTTE CHOCO PIE RICH COCOA 6PACKS 168GM,90,0,0,0,0,0,0,0,0,0,0,0,0,0,0
18448,PREMIER TOILET ROLL 6 IN 1 VALUE PACK 3PLY THICK,285,1,0,0,0,0,0,0,0,0,0,0,0,0,1
18449,EVA FRESH LIPS ORANGE LIP BALM 9GM,30,6,0,0,0,0,0,0,0,0,0,0,0,0,6
18450,SAVLON SOAP FRESH AND PROTECT 300GM,93,2,0,0,0,0,0,0,0,0,0,0,0,0,2
18451,REPUBLIC OF CHICKEN VEGETABLE MINI KIEVS,135,4,0,0,0,0,0,0,0,0,0,0,0,0,4
18452,ARIEL COMPLETE 500GM,129,7,0,0,0,0,0,0,0,0,0,0,0,0,7
18453,ARIEL COLOUR 1.5KG,249,2,0,0,0,0,0,0,0,0,0,0,0,0,2
18454,PARK AVENUE GOOD MORNING ULTIMATE 150ML,230,0,0,0,0,0,0,0,0,0,0,0,0,0,0
18455,PARK AVENUE GOOD MORNING ELECTRIC 135ML,195,0,0,0,0,0,0,0,0,0,0,0,0,0,0
18456,PARK AVENUE GOD MORNING INTENSE 150ML,199,0,0,0,0,0,0,0,0,0,0,0,0,0,0
18457,PARK AVENUE SOAP GOOD MORNING 125GM=4NS,135,1,0,0,0,0,0,0,0,0,0,0,0,0,1
18458,PATANJALI NAMKEEN BISCUIT 80GM,10,0,0,0,0,0,0,0,0,0,0,0,0,0,0
18459,PATANJALI CREAMFEAST CHOCOLATE 84GM,10,0,0,0,0,0,0,0,0,0,0,0,0,0,0
18460,PATANJALI DOODH BISCUITS 100GM,10,0,0,0,0,0,0,0,0,0,0,0,0,0,0
18461,PATANJALI TWISTY TASTY MEETHA NAMKEEN BISCUITS 80GM,10,0,0,0,0,0,0,0,0,0,0,0,0,0,0
18462,PATANJALI NARIYAL BISCUITS 100GM,10,0,0,0,0,0,0,0,0,0,0,0,0,0,0
18463,PATANJALI AAROGYA MULTI GRAIN BISCUITS 100GM,10,0,0,0,0,0,0,0,0,0,0,0,0,0,0
18464,PATANJALI CREAMFEAST ELAICHI 84GM,10,0,0,0,0,0,0,0,0,0,0,0,0,0,0
18465,PATANJALI ATTA NOODLES YUMMY MASALA 60GM,10,0,0,0,0,0,0,0,0,0,0,0,0,0,0
18466,PATANJALI MARIE BISCUIT 100GM,10,0,0,0,0,0,0,0,0,0,0,0,0,0,0
18467,PATANJALI TOP LITE 84GM,10,0,0,0,0,0,0,0,0,0,0,0,0,0,0
18468,DIVYA GASHAR CHURNA 100GM,85,0,0,0,0,0,0,0,0,0,0,0,0,0,0
18469,PATANJALI DRISHIT EYE DROP 10ML,20,0,0,0,0,0,0,0,0,0,0,0,0,0,0
18470,PATANJALI ASHVAGANDHA CAPSULE 2X10,50,0,0,0,0,0,0,0,0,0,0,0,0,0,0
18471,PATANJALI ASHVASHILA CAPSULE 2X10,70,0,0,0,0,0,0,0,0,0,0,0,0,0,0
18472,PATANJALI SHILAJIT CAPSULE 2X10,85,0,0,0,0,0,0,0,0,0,0,0,0,0,0
18473,MORTEIN POWERGARD ALL INSECT KILLER 425ML,165,0,0,0,0,0,0,0,0,0,0,0,0,0,0
18474,DETTOL INSTANT HAND SANITIZER ORIGINAL,35,0,0,0,0,0,0,0,0,0,0,0,0,0,0
18475,DETTOL HAND WASH RE ENERGIZE 175ML= 3 REFILL PKTS,114,0,0,0,0,0,0,0,0,0,0,0,0,0,0
18476,VANISH OXI ACTION POWDER 400GM,180,2,0,0,0,0,0,0,0,0,0,0,0,0,2
18477,VANISH OXI ACTION POWDER FABRIC STAIN REMOVER 100GM,50,5,0,0,0,0,0,0,0,0,0,0,0,0,5
18478,LIZOL DISINFECTANT SURFACE CLEANER JASMINE 975ML,164,0,0,0,0,0,0,0,0,0,0,0,0,0,0
18479,LIZOL DISINFECTANT SURFACE CLEANER LAVENDER 975ML,164,0,0,0,0,0,0,0,0,0,0,0,0,0,0
18480,VEET NIKHAAR HAIR REMOVAL CREAM 50GM,110,0,0,0,0,0,0,0,0,0,0,0,0,0,0
18481,VEET NIKHAAR HAIR REMOVAL CREAM 25GM,58,0,0,0,0,0,0,0,0,0,0,0,0,0,0
18482,KEYA ONION POWDER 50GM,75,1,0,0,0,0,0,0,0,0,0,0,0,0,1
18483,BIOTIQUE BIO SUNSCREEN SANDALWOOD SPS50 120ML,350,1,0,0,0,0,0,0,0,0,0,0,0,0,1
18484,BIOTIQUE BIO SUNSCREEN SANDALWOOD SPF50 50GM,220,1,0,0,0,0,0,0,0,0,0,0,0,0,1
18485,BIOTIQUE BIO SUNSCREEN CARROT SPF40 50GM,220,1,0,0,0,0,0,0,0,0,0,0,0,0,1
18486,BIOTIQUE BIO SUNSCREEN SANDALWOOD SPF50 190ML,550,0,0,0,0,0,0,0,0,0,0,0,0,0,0
18487,BIOTIQUE KAAJAL SUPREME BLACK 3GM,109,0,0,0,0,0,0,0,0,0,0,0,0,0,0
18488,HALDIRAMS MAGIC MAKHANA SALT N PEPPER 70GM,100,0,0,0,0,0,0,0,0,0,0,0,0,0,0
18489,HALDIRAMS MAGIC MAKHANA CHUNKY CHATPATA 70GM,100,0,0,0,0,0,0,0,0,0,0,0,0,0,0
18490,HALDIRAMS MAGIC MAKHANA SPICY OREGANO 70GM,100,0,0,0,0,0,0,0,0,0,0,0,0,0,0
18491,ARIEL MATIC FRONT LOAD 3KG,645,0,0,0,0,0,0,0,0,0,0,0,0,0,0
18492,DETTOL POWER & FRESH MULTI PURPOSE WIPES LEMON &LIME BURST 32WIPES,399,0,0,0,0,0,0,0,0,0,0,0,0,0,0
18493,DUZZIT TOILET CLEANING WIPES 40WIPES,229,1,0,0,0,0,0,0,0,0,0,0,0,0,1
18494,DUZZIT GLASS WIPES 50WIPES,229,2,0,0,0,0,0,0,0,0,0,0,0,0,2
18495,I CARE INTIMATE FEMININE WIPES 30 WIPES,149,0,0,0,0,0,0,0,0,0,0,0,0,0,0
18496,NESTLE CERELAC WHEAT APPLE CARROT FROM 6MONTHS 300GM,195,1,0,0,0,0,0,0,0,0,0,0,0,0,1
18497,FAIR & LOVELY AYURVEDIC CARE GLOWING FAIRNESS SOLUTION 50GM,121,2,0,0,0,0,0,0,0,0,0,0,0,0,2
18498,FUN FOODS VEG MAYONNAISE BURGER 100GM,35,0,0,0,0,0,0,0,0,0,0,0,0,0,0
18499,FUN FOODS VEG MIRACLE WHIP ZERO FAT 100GM,35,0,0,0,0,0,0,0,0,0,0,0,0,0,0
18500,WINGREENS FARMS SWEET CHILLI GARLIC SAUCE 100GM,99,2,0,0,0,0,0,0,0,0,0,0,0,0,2
18501,WINGREENS FARMS GREEN DAREDEVIL CHILLI SAUCE 100GM,99,1,0,0,0,0,0,0,0,0,0,0,0,0,1
18502,WINGREENS FARMS ACHAARI SAUCE 100GM,99,2,0,0,0,0,0,0,0,0,0,0,0,0,2
18503,WINGREENS FARMS TANDOORI SAUCE 100GM,99,2,0,0,0,0,0,0,0,0,0,0,0,0,2
18504,WINGREENS FARMS PERI PERI KETCHUP 100GM,99,2,0,0,0,0,0,0,0,0,0,0,0,0,2
18505,WINGREENS FARMS BHUT SRIRACHA SAUCE 100GM,99,2,0,0,0,0,0,0,0,0,0,0,0,0,2
18506,WINGREENS FARMS CHINESE SECRET SAUCE 100GM,99,1,0,0,0,0,0,0,0,0,0,0,0,0,1
18507,WINGREENS FARMS SCHEZWAN CHILLI GARLIC SAUCE 100GM,99,1,0,0,0,0,0,0,0,0,0,0,0,0,1
18508,WINGREENS FARMS CHEESY CHIPOTLE SAUCE 100GM,99,2,0,0,0,0,0,0,0,0,0,0,0,0,2
18509,WINGREENS FARMS CHEESY KETCHUP 100GM,99,2,0,0,0,0,0,0,0,0,0,0,0,0,2
18510,WINGREENS FARMS CHEESY JALAPENO SAUCE 100GM,99,2,0,0,0,0,0,0,0,0,0,0,0,0,2
18511,WINGREENS FARMS CHEESY SAUCE 100GM,99,1,0,0,0,0,0,0,0,0,0,0,0,0,1
18512,WINGREENS FARMS PERI PERI SALSA 150GM,200,1,0,0,0,0,0,0,0,0,0,0,0,0,1
18513,WINGREENS FARMS TANDOORI HUMMUS 150GM,200,0,0,0,0,0,0,0,0,0,0,0,0,0,0
18514,WINGREENS FARMS GARLIC DIP 150GM,200,0,0,0,0,0,0,0,0,0,0,0,0,0,0
18515,WINGREENS FARMS CLASSIC HUMMUS 150GM,200,0,0,0,0,0,0,0,0,0,0,0,0,0,0
18516,WINGREENS FARMS PERI PERI HUMMUS 150GM,200,0,0,0,0,0,0,0,0,0,0,0,0,0,0
18517,WINGREENS FARMS ORIGINAL OLIVE HUMMUS 150GM,200,0,0,0,0,0,0,0,0,0,0,0,0,0,0
18518,WINGREENS FARMS JALAPENO CHEESE DIP 150GM,250,0,0,0,0,0,0,0,0,0,0,0,0,0,0
18519,WINGREENS FARMS CHIPOTLE 180GM,200,0,0,0,0,0,0,0,0,0,0,0,0,0,0
18520,WINGREENS FARMS PERI PERI GARLIC DIP 150GM,200,0,0,0,0,0,0,0,0,0,0,0,0,0,0
18521,WINGREENS FARMS CREAMY HERB 180GM,200,0,0,0,0,0,0,0,0,0,0,0,0,0,0
18522,CHIEF RED CLOUD SHIRLEY MAY 120ML,180,0,0,0,0,0,0,0,0,0,0,0,0,0,0
18523,CHIEF LONE WARRIOR SHIRLEY MAY 120ML,180,0,0,0,0,0,0,0,0,0,0,0,0,0,0
18524,CHIEF RISING STAR SHIRLEY MAY 120ML,180,0,0,0,0,0,0,0,0,0,0,0,0,0,0
18525,CHIEF SITTING BULL SHIRLEY MAY 120ML,180,0,0,0,0,0,0,0,0,0,0,0,0,0,0
18526,CHIEF CRAZY HORSE SHIRLEY MAY 120ML,180,0,0,0,0,0,0,0,0,0,0,0,0,0,0
18527,CHIEF SACRED HEART SHIRLEY MAY 120ML,180,0,0,0,0,0,0,0,0,0,0,0,0,0,0
18528,CHIEF BIG THUNDER SHIRLEY MAY 120ML,180,0,0,0,0,0,0,0,0,0,0,0,0,0,0
18529,CHIEF BLACK HAWK SHIRLEY MAY 120ML,180,0,0,0,0,0,0,0,0,0,0,0,0,0,0
18530,NESTLE MUNCH ORANGE SPINNER 16.5GM,10,0,0,0,0,0,0,0,0,0,0,0,0,0,0
18531,PARLE FAB JAM IN 66GM,10,30,0,0,0,0,0,0,0,0,0,0,0,0,30
18532,PARLE 20 20 BUTTER JEERA COOKIES 200GM,20,0,0,0,0,0,0,0,0,0,0,0,0,0,0
18533,POLO 6GM,2,19,0,0,0,0,0,0,0,0,0,0,0,0,19
18534,DEL MONTE PIZZA AND PASTA SAUCE 400GM,99,0,0,0,0,0,0,0,0,0,0,0,0,0,0
18535,KWALITY WALLS ICE CREAM ORANGE MAHA BAR 65ML,10,9,0,0,0,1,0,0,0,0,0,0,0,0,8
18536,PARK AVENUE AFTER SHAVE LOTION COOL BLUE 50ML,125,1,0,0,0,0,0,0,0,0,0,0,0,0,1
18537,REPUBLIC OF CHICKEN CHICKEN  SALAMI PLAIN 500GM,265,3,0,0,0,0,0,0,0,0,0,0,0,0,3
18538,NIVEA SHOWER CREAM CREAM SMOOTH WITH SHEA BUTTER,85,0,0,0,0,0,0,0,0,0,0,0,0,0,0
18539,NIVEA MEN DEO DEEP IMPACT,199,1,0,0,0,0,0,0,0,0,0,0,0,0,1
18540,MORTEIN POWER BOOSTER MOSQUITO REPELLENT 8HR,26,0,0,0,0,0,0,0,0,0,0,0,0,0,0
18541,LIZOL DISINFECTANT SURFACE CLEANER FLORAL 975ML21,328,0,0,0,0,0,0,0,0,0,0,0,0,0,0
18542,DETTOL SOAP ORIGINAL 125GX6,206,0,0,0,0,0,0,0,0,0,0,0,0,0,0
18543,DERMI COOL TALCUM SAN 150G,95,0,0,0,0,0,0,0,0,0,0,0,0,0,0
18544,DERMI COOL TALCUM ALOE 150G,99,0,0,0,0,0,0,0,0,0,0,0,0,0,0
18545,AIR WICK FRESHMATIC AND REFILL AROMAS OF KASHMIR ROSES AND SAFFRON,275,0,0,0,0,0,0,0,0,0,0,0,0,0,0
18546,HARPIC TOILET CLEANER POWER PLUS 1000ML,163,-2,0,0,0,0,0,0,0,0,0,0,0,0,-2
18547,FORTUNE REGULAR REGULAR ATTA 5KG,170,0,0,0,0,0,0,0,0,0,0,0,0,0,0
18548,FORTUNE REGULAR CHAKKI ATTA 10KG,330,2,0,0,0,0,0,0,0,0,0,0,0,0,2
18549,CANDID ACTIV POWDER,140,0,0,0,0,0,0,0,0,0,0,0,0,0,0
18550,CANDID RENEW POWDER 100G,85,0,0,0,0,0,0,0,0,0,0,0,0,0,0
18551,CANDID ACTIV POWDER 250G,300,0,0,0,0,0,0,0,0,0,0,0,0,0,0
18552,CANDID RENEW POWDER 250G,175,0,0,0,0,0,0,0,0,0,0,0,0,0,0
18553,OLD SPICE AFTER SAHVE LOTION FRESH LIME 50ML,120,1,0,0,0,0,0,0,0,0,0,0,0,0,1
18554,GILLETTE AFTER SHAVE SPLASH COOL WAVE 50ML,268,0,0,0,0,0,0,0,0,0,0,0,0,0,0
18555,ORAL B PRO HEALTH ANTI PLAQUE SOFT S,50,0,0,0,0,0,0,0,0,0,0,0,0,0,0
18556,ORAL B SENSITIVE WHITENING SOFT,45,0,0,0,0,0,0,0,0,0,0,0,0,0,0
18557,PARACHUTE COCONUT OIL BOX 500ML 100ML FREE,206,0,0,0,0,0,0,0,0,0,0,0,0,0,0
18558,TRESEMME SHAMPOO HAIR FALL CONTROL,62,0,0,0,0,0,0,0,0,0,0,0,0,0,0
18559,LIFEBUOY HANDWASH TOTAL 10 200ML,82,1,0,0,0,0,0,0,0,0,0,0,0,0,1
18560,DOVE SHAMPOO  NOURISHING OIL CARE 90ML,70,2,0,0,0,0,0,0,0,0,0,0,0,0,2
18561,FAIR & LOVELY MEN FACEWASH INSTANT FAIRNESS,130,4,0,0,0,0,0,0,0,0,0,0,0,0,4
18562,VASELINE HEALTHY WHITE LIGHTENING LOTION 400ML,270,2,0,0,0,0,0,0,0,0,0,0,0,0,2
18563,PEPSODENT TOOTH PASTE GERMI CHECK 2IN1,49,0,0,0,0,0,0,0,0,0,0,0,0,0,0
18564,CREMICA MARIE CLASSIC 89G,10,0,0,0,0,0,0,0,0,0,0,0,0,0,0
18566,HALDIRAM MAGIC MAKHANA CLASSIC PUDINA,40,0,0,0,0,0,0,0,0,0,0,0,0,0,0
18567,WIPRO LED BULB 18W,430,2,0,0,0,0,0,0,0,0,0,0,0,0,2
18568,HORLICKS PROTEIN CHOC FLAVOUR,495,1,0,0,0,0,0,0,0,0,0,0,0,0,1
18569,BIOTIQUE BIO SAFFRON YOUTH DEW MOISTURIZER,270,1,0,0,0,0,0,0,0,0,0,0,0,0,1
18570,VEGA HAIR DRYER VHDH 05,799,0,0,0,0,0,0,0,0,0,0,0,0,0,0
18571,VEGA TRIMMER VHTH 01,1499,1,0,0,0,0,0,0,0,0,0,0,0,0,1
18572,GARNIER BLACK NATURALS CREAM COLOUR BURGUNDY3.16 20G,37,8,0,0,0,0,0,0,0,0,0,0,0,0,8
18574,SURF EXCEL MATIC LIQUID FRONT LOAD 1.02L,225,0,0,0,0,0,0,0,0,0,0,0,0,0,0
18575,"HAMAM SOAP NEEM,TULSI & ALOE 100%",44,0,0,0,0,0,0,0,0,0,0,0,0,0,0
18576,KOHINOOR BASMATI RICE GOLD 1KG,210,0,0,0,0,0,0,0,0,0,0,0,0,0,0
18577,KOHINOOR BASMATI RICE ROYALE 1KG,150,0,0,0,0,0,0,0,0,0,0,0,0,0,0
18578,GOOD KNIGHT POWER CHIP SYSTEM POWER OF 100 COILS 45RS,45,14,0,0,0,0,0,0,0,0,0,0,0,0,14
18579,ORGANIC GREEN PEACH,90,0,0,0,0,0,0,0,0,0,0,0,0,0,0
18580,PARLE FAB JAMIN 150G,30,9,0,0,0,0,0,0,0,0,0,0,0,0,9
18581,DIET FOODS SOYA KATORI MASALA,60,0,0,0,0,0,0,0,0,0,0,0,0,0,0
18582,PARK AVENUE SHAVING CREAM LEMON STORM 30GM,65,3,0,0,0,0,0,0,0,0,0,0,0,0,3
18583,PARLE MEXITOS CLASSIC SALTED NACHO CHIPS 70GM,50,0,0,0,0,0,0,0,0,0,0,0,0,0,0
18584,PARLE MEXITOS NACHO CHIPS SMOKY JALAPENO 70GM,50,0,0,0,0,0,0,0,0,0,0,0,0,0,0
18585,PARLE MEXITOS NACHO CHIPS SALSA TOMATINO 70GM,50,-1,0,0,0,0,0,0,0,0,0,0,0,0,-1
18586,AMBI PURE ROSE AND BLOSSOM SPA 2X7ML,265,0,0,0,0,0,0,0,0,0,0,0,0,0,0
18587,PRIL BAR LIME+VINEGAR 3X400GM,99,2,0,0,0,0,0,0,0,0,0,0,0,0,2
18588,PASEO ELEGANT HYGENIC STRONG AND NATURAL 6 ROLL,425,3,0,0,0,0,0,0,0,0,0,0,0,0,3
18589,WRIGLEYS DOUBLEMINT ORANGE FLAVOUR,30,0,0,0,0,0,0,0,0,0,0,0,0,0,0
18590,SUNDROP PEANUT BUTTER CRUNCHY 924GM,300,0,0,0,0,0,0,0,0,0,0,0,0,0,0
18591,SENSODYNE DEEP CLEAN 40GM,60,3,0,0,0,0,0,0,0,0,0,0,0,0,3
18592,HORLICKS PROTEIN VANILLA FLAVOUR,495,0,0,0,0,0,0,0,0,0,0,0,0,0,0
18593,EVERYUTH FACE PACK PURE&LIGHT TAN REMOVALCHOLATE 50GM,99,0,0,0,0,0,0,0,0,0,0,0,0,0,0
18594,FAIR & LOVELY MEN FACEWASH INSTANT FAIRNESS 20g,32,1,0,0,0,0,0,0,0,0,0,0,0,0,1
18595,FAIR & LOVELY MEN FACEWASH INSTANT FAIRNESS 50G,83,2,0,0,0,0,0,0,0,0,0,0,0,0,2
18596,VASELINE HEALTHY WHITE SUN+POLLUTION PROTECTION PPF SPF24 400ML,360,2,0,0,0,0,0,0,0,0,0,0,0,0,2
18597,CORNITOS POP N CRUNCH ROASTED CASHEW LIGHT SALTED 200GM,300,1,0,0,0,0,0,0,0,0,0,0,0,0,1
18598,LIZOL DISINFECTANT SURFACE CLEANER CITRUS 2X975ML,300,0,0,0,0,0,0,0,0,0,0,0,0,0,0
18599,SAVLON SOAP FRESH AND PROTECT 45GX4,38,0,0,0,0,0,0,0,0,0,0,0,0,0,0
18600,VEET HAIR REMOVAL CREAM SILK & FRESH DRY SKIN 25GM,58,3,0,0,0,0,0,0,0,0,0,0,0,0,3
18601,BRITANNIA NUTRI CHOICE OATS ALMOND AND choclate 75GM,25,0,0,0,0,0,0,0,0,0,0,0,0,0,0
18602,RAJDARBAR WASHING SOAP 1KG,100,15,0,0,0,0,0,0,0,0,0,0,0,0,15
18603,THUMS UP CHARGE CAN 300ML,35,0,0,0,0,0,0,0,0,0,0,0,0,0,0
18604,PARLE NUTRICRUNCH HONEY & OATS 100GM,20,18,0,0,0,2,0,0,0,0,0,0,0,0,16
18605,AMBI PUR AIR EFFECTS VANILLA & SPICE 275GM,265,1,0,0,0,0,0,0,0,0,0,0,0,0,1
18606,GILLETTE SHAVING CREAM REGULAR 93GM,69,3,0,0,0,0,0,0,0,0,0,0,0,0,3
18607,GILLETTE SHAVING CREAM LIME 93GM,69,0,0,0,0,0,0,0,0,0,0,0,0,0,0
18608,NESCAFE GOLD BLEND 100GM,420,0,0,0,0,0,0,0,0,0,0,0,0,0,0
18609,NAVNEET LONGBOOK 228PAGES,80,0,0,0,0,0,0,0,0,0,0,0,0,0,0
18610,NAVNEET LONG BOOK DOUBLE LINE 180PAGES,50,9,0,0,0,0,0,0,0,0,0,0,0,0,9
18611,NAVNEET WHITE ADHWSIVE GLUE,10,6,0,0,0,1,0,0,0,0,0,0,0,0,5
18612,NAVNEET NOTEBOOK CHIRPS & TWEETS 172 PAGES,45,7,0,0,0,0,0,0,0,0,0,0,0,0,7
18613,DEL MONTE EXTRA VIRGIN OLIVE OIL 250ML,450,0,0,0,0,0,0,0,0,0,0,0,0,0,0
18614,DEL MONTE EXTRA VIRGIN OIL 500 ML,700,0,0,0,0,0,0,0,0,0,0,0,0,0,0
18615,DABUR GLUCOPLUS C ORANGE 125GM,34,1,0,0,0,0,0,0,0,0,0,0,0,0,1
18616,LAKME CC COMPLEXION CARE CREAM HONEY ALL IN 1 SPF 30 9GM,99,0,0,0,0,0,0,0,0,0,0,0,0,0,0
18617,FABER CASTELL DUST FREE ERASER MEDIUM,3,19,0,0,0,0,0,0,0,0,0,0,0,0,19
18618,FABER CASTELL DUST FREE ERASER LARGE,5,20,0,0,0,0,0,0,0,0,0,0,0,0,20
18619,FABER CASTELL RULERS 15CM,5,38,0,0,0,0,0,0,0,0,0,0,0,0,38
18620,FABER CASTELL HIGH LIGHTER GREEN,20,5,0,0,0,0,0,0,0,0,0,0,0,0,5
18621,UTTAM SUGAR LIQUID SUGAR,120,2,0,0,0,0,0,0,0,0,0,0,0,0,2
18622,CORNITOS NACHO CRISPS QUINOA,60,3,0,0,0,0,0,0,0,0,0,0,0,0,3
18623,DOVE SOAP REVIVER BEAUTY BAR 3X100 GM,172,0,0,0,0,0,0,0,0,0,0,0,0,0,0
18624,DOVE SOAP GO FRESH LIVE BAR 75GM,48,2,0,0,0,0,0,0,0,0,0,0,0,0,2
18625,AYUSH SOAP PURIFYING TURMERIC SOAP 42GM,10,0,0,0,0,0,0,0,0,0,0,0,0,0,0
18626,VIM BAR DISHWAH 4 X 125 GM,30,8,0,0,0,0,0,0,0,0,0,0,0,0,8
18627,MAAZA REFRESH TREAT 150ML,10,0,0,0,0,0,0,0,0,0,0,0,0,0,0
18628,GOWARDHAN PROCESSED CHEESE CUBES,110,1,0,0,0,0,0,0,0,0,0,0,0,0,1
18629,DOVE DEO MEN CARE BODY AND FACE WASH COOLING AGENT MICRO MOISTURE 250ML,199,1,0,0,0,0,0,0,0,0,0,0,0,0,1
18630,DOVE MEN CARE BODY AND FACE WASH CLEAN COMFORT CARING FORMULA 250ML,199,2,0,0,0,0,0,0,0,0,0,0,0,0,2
18631,POLO CINNA MINT 10GM,5,-42,0,0,0,0,0,0,0,0,0,0,0,0,-42
18632,HALDIRAM CLASSIC CHANA MASALA 200GM,46,0,0,0,0,0,0,0,0,0,0,0,0,0,0
18633,DIET FOODS SPIRAL CHIPS,40,0,0,0,0,0,0,0,0,0,0,0,0,0,0
18634,SUNDROP HEART 3LTR,444,0,0,0,0,0,0,0,0,0,0,0,0,0,0
18635,QUEENS QUINOA BLACK CHIA SEEDS 250GM,300,2,0,0,0,0,0,0,0,0,0,0,0,0,2
18636,FAIR & LOVELY MENS CREAM INSTANT FAIRNESS RAPID ACTION,72,3,0,0,0,0,0,0,0,0,0,0,0,0,3
18637,CAKE TREE BAGEL,50,0,0,0,0,0,0,0,0,0,0,0,0,0,0
18638,PARLE NUTRICRUNCH DIGESTIVE MARIE50GM,30,1,0,0,0,1,0,0,0,0,0,0,0,0,0
18639,PARLE BAKESMITH AROVITA THIN ARROWROOT BISCUITS 150GM,20,4,0,0,0,0,0,0,0,0,0,0,0,0,4
18640,PARLE NUTRICRUNCH DIGESTIVE MARIE 120gm,15,11,0,0,0,0,0,0,0,0,0,0,0,0,11
18641,NIVEA MEN SHOWER GEL DEEP IMPACT 250 ML,199,0,0,0,0,0,0,0,0,0,0,0,0,0,0
18642,NIVEA MEN FACEWASH DEEP IMPACT 100GM,199,0,0,0,0,0,0,0,0,0,0,0,0,0,0
18643,AMBI PUR CAR EXOTIC JASMINE SPA 7.5ML,299,1,0,0,0,0,0,0,0,0,0,0,0,0,1
18644,APPY APPLE JUICE DRINK 160ML,10,91,0,0,0,0,0,0,0,0,0,0,0,0,91
18645,WRIGLEYS DOUBLEMINT MINTS PEPPERMINT 9.6GM,30,1,0,0,0,0,0,0,0,0,0,0,0,0,1
18646,SUGAR FREE GREEN VEDA ELACHI 50ML,99,0,0,0,0,0,0,0,0,0,0,0,0,0,0
18647,REAL JUICE POMEGRANATE MASALA 1L,109,3,0,0,0,1,0,0,0,0,0,0,0,0,2
18648,DABUR GLUCOSE-D 125GM,25,0,0,0,0,0,0,0,0,0,0,0,0,0,0
18649,DABUR GLUCOPLUS C JALJEERA 125GM,32,1,0,0,0,0,0,0,0,0,0,0,0,0,1
18650,CREMICA CHOCLATE CREMES BISCUIT,25,0,0,0,0,0,0,0,0,0,0,0,0,0,0
18651,CREMICA STRAWBERRY CREMES 150GM,25,0,0,0,0,0,0,0,0,0,0,0,0,0,0
18652,CREMICA VANILLA CREMES 150GM,25,0,0,0,0,0,0,0,0,0,0,0,0,0,0
18653,AIR WICK FRESHMATIC GADGET & REFILL INSIDE 60 DAYS,550,1,0,0,0,0,0,0,0,0,0,0,0,0,1
18654,DETTOL LIQUID HANDWASH BUY2 GET1 FREE,174,0,0,0,0,0,0,0,0,0,0,0,0,0,0
18655,MORTEIN ALL INSECT KILLER INSTA KILLS MOSQUITO KILER 400ML,195,2,0,0,0,0,0,0,0,0,0,0,0,0,2
18656,REAL JUICE MASALA GUAVA 1 L,99,0,0,0,0,0,0,0,0,0,0,0,0,0,0
18657,VASELINE INTENSIVE CARE COCOA GLOW 400ML,285,1,0,0,0,0,0,0,0,0,0,0,0,0,1
18658,BIOTIQUE BIO CLOVE FACE PACK 75GM,199,0,0,0,0,0,0,0,0,0,0,0,0,0,0
18659,BIOTIQUE BIO WHITE ADAVANCED FAIRNESS FACE WASH 150ML,135,1,0,0,0,0,0,0,0,0,0,0,0,0,1
18660,BIOTIQUE QUINCE SEED MASSAGE CREAM 50GM,230,1,0,0,0,0,0,0,0,0,0,0,0,0,1
18661,BIOTIQUE BIO NEEM PURIFYING FACE WASH 150ML,135,1,0,0,0,0,0,0,0,0,0,0,0,0,1
18662,BIOTIQUE BIO PINEAPPLE OIL CONTROL FOAMING FACE WASH 150ML,179,1,0,0,0,0,0,0,0,0,0,0,0,0,1
18663,BIOTIQUE BIO CARROT FACE LOTION 120ML,320,1,0,0,0,0,0,0,0,0,0,0,0,0,1
18664,BIOTIQUE BIO ALOE VERA FACE LOTION 120ML,290,1,0,0,0,0,0,0,0,0,0,0,0,0,1
18665,BIOTIQUE BIO ALOE VERA FACE CREAM 50GM,220,1,0,0,0,0,0,0,0,0,0,0,0,0,1
18666,HIMALAYA FACE WASH BLUEBERRY 100ML,140,0,0,0,0,0,0,0,0,0,0,0,0,0,0
18667,HIMALAYA FACE WASH BLUEBERRY 50ML,75,0,0,0,0,0,0,0,0,0,0,0,0,0,0
18668,HIMALAYA FACE WSH FRESH START LEMON 100ML,140,0,0,0,0,0,0,0,0,0,0,0,0,0,0
18669,HIMALAYA FACE WASH FRESH START PEACH 100ML,140,0,0,0,0,0,0,0,0,0,0,0,0,0,0
18670,HIMALAYA FACE WASH FRESH START PEACH 50ML,75,0,0,0,0,0,0,0,0,0,0,0,0,0,0
18671,HIMALAYA FACE WASH FRESH START STRAWBERRY 100ML,140,0,0,0,0,0,0,0,0,0,0,0,0,0,0
18672,SOAP CASE NAYASA BUBBLES RS.45,45,0,0,0,0,0,0,0,0,0,0,0,0,0,0
18673,LOREAL SHAMPOO FALL RESIST ANTI HAIR FALL 175 ML,105,0,0,0,0,0,0,0,0,0,0,0,0,0,0
18674,SOAP CASE JEWELS RAINBOW RS 24,24,6,0,0,0,0,0,0,0,0,0,0,0,0,6
18675,SOAP CASE UNIPLAST 3X1,23,7,0,0,0,0,0,0,0,0,0,0,0,0,7
18676,SOAP CASE JEWELS CAMRI RS38,38,4,0,0,0,0,0,0,0,0,0,0,0,0,4
18677,ORGANIC 24 MANTRA MASOOR MALKA DAL 500GM,90,2,0,0,0,0,0,0,0,0,0,0,0,0,2
18678,ORGANIC 24 MANTRA PANCHARATAN DAL 500GM,120,0,0,0,0,0,0,0,0,0,0,0,0,0,0
18679,ORGANIC 24 MANTRA SAINDHAVA ROCK SALT 1KG,99,0,0,0,0,0,0,0,0,0,0,0,0,0,0
18680,RAJ SUPER WHITE LAUNDRY BAR,85,12,0,0,0,0,0,0,0,0,0,0,0,0,12
18681,CORNITOS CHEESY DIP CHIPOTLE 100GM,80,0,0,0,0,0,0,0,0,0,0,0,0,0,0
18682,CORNITOS CHEESY DIP RANCH CUCUMBER 100GM,80,1,0,0,0,0,0,0,0,0,0,0,0,0,1
18683,CORNITOS NACHO CRISPS MELANGE 70GM,50,3,0,0,0,0,0,0,0,0,0,0,0,0,3
18684,SUGAR FREE GREEN VEDA TULSI 50 ML,99,0,0,0,0,0,0,0,0,0,0,0,0,0,0
18685,SUGAR FREE GREEN VEDA LEMON 50 ML,99,0,0,0,0,0,0,0,0,0,0,0,0,0,0
18686,NIVEA BODY DEODORIZER FRESHLILY & SANDAL 120 ML,230,1,0,0,0,0,0,0,0,0,0,0,0,0,1
18687,NIVEA BODY DEODORIZER WHITEMUSK & CARE 120 ML,230,1,0,0,0,0,0,0,0,0,0,0,0,0,1
18688,NIVEA MEN DEEP IMPACT ROLL ON 50 ML,199,0,0,0,0,0,0,0,0,0,0,0,0,0,0
18689,MOTHER DAIRY ICE CREAM CHOCK STAR PEANUT 60ML,35,11,0,0,0,0,0,0,0,0,0,0,0,0,11
18690,ORGANIC TURMERIC POWDER 500GM,300,17,0,0,0,0,0,0,0,0,0,0,0,0,17
18691,LUBE MAK 4T SCOOTECH NXT 800 ML,310,26,0,0,0,2,0,0,0,0,0,0,0,0,24
18692,CHEETOS CHEEZ PUFFS 30 GM,10,0,0,0,0,0,0,0,0,0,0,0,0,0,0
18693,CHEETOS MASALA BALLS 30 GM,10,0,0,0,0,0,0,0,0,0,0,0,0,0,0
18694,LAYS CHILE LEMON 30GM,10,0,0,0,0,0,0,0,0,0,0,0,0,0,0
18695,COLIN GLASS CLEANER SHINE BOOSTERS TRIGER 500ML,150,0,0,0,0,0,0,0,0,0,0,0,0,0,0
18696,VEGA HAIR BRUSH H2 RS.490,490,1,0,0,0,0,0,0,0,0,0,0,0,0,1
18697,VEGA BATH ACC BA 3.10,110,0,0,0,0,0,0,0,0,0,0,0,0,0,0
18698,VEGA CLEANSING SPONG SMALL RS.99,99,0,0,0,0,0,0,0,0,0,0,0,0,0,0
18699,VEGA POWDER PUFF RS.110,110,1,0,0,0,0,0,0,0,0,0,0,0,0,1
18700,VEGA FOOT SCRUB RS.95,95,0,0,0,0,0,0,0,0,0,0,0,0,0,0
18701,VEGA FOOT SCRUB PD_17,140,0,0,0,0,0,0,0,0,0,0,0,0,0,0
18702,AMUL IRISH DRINK MOCKTAIL 200ML,40,0,0,0,0,0,0,0,0,0,0,0,0,0,0
18703,WHISPER ULTRA NIGHTS XXXL 10 PADS,250,3,0,0,0,0,0,0,0,0,0,0,0,0,3
18704,SATTU 200GM,37,5,0,0,0,0,0,0,0,0,0,0,0,0,5
18705,CAKE TREE CHOCLATE PUDDIND CUP,65,0,0,0,0,0,0,0,0,0,0,0,0,0,0
18706,CAKE TREE MANGO PUDDING CUP,85,0,0,0,0,0,0,0,0,0,0,0,0,0,0
18707,LAYS SPANISH TOMATO TANGO 30GM,10,28,0,0,0,2,0,0,0,0,0,0,0,0,26
18708,FUN FOODS ZERO FAT 1000 ISLAND 210GM,79,0,0,0,0,0,0,0,0,0,0,0,0,0,0
18709,FUN FOODS ZERO FAT STRAWBERRY 210 GM,79,2,0,0,0,0,0,0,0,0,0,0,0,0,2
18710,FUN FOODS ZERO FAT BALSAMICO 210GM,79,2,0,0,0,0,0,0,0,0,0,0,0,0,2
18711,FUN FOODS ZERO FAT SWEET ONION 210GM,79,0,0,0,0,0,0,0,0,0,0,0,0,0,0
18712,FUN FOODS ZERO FAT SMOKEY PINEAPPLE 210GM,79,2,0,0,0,0,0,0,0,0,0,0,0,0,2
18713,FUN FOODS ZERO FAT RANCH  210GM,79,2,0,0,0,0,0,0,0,0,0,0,0,0,2
18714,FUN FOODS ZERO FAT CAESAR 210GM,79,0,0,0,0,0,0,0,0,0,0,0,0,0,0
18715,FUN FOODS ZERO FAT SOUTH WEST 210GM,79,0,0,0,0,0,0,0,0,0,0,0,0,0,0
18716,FUN FOODS ZERO FAT ZESTY ORANGE 210GM,79,2,0,0,0,0,0,0,0,0,0,0,0,0,2
18717,FUN FOODS ZERO FAT HONEY MUSTARD 210GM,79,1,0,0,0,0,0,0,0,0,0,0,0,0,1
18718,PRINGLES POTATO CRIPS PIZZA FLAVOUR 110GM,99,2,0,0,0,1,0,0,0,0,0,0,0,0,1
18719,SANTOOR HAND WASH MILD LOTUS & TULSI 3X180ML,96,2,0,0,0,0,0,0,0,0,0,0,0,0,2
18720,TRUST DEMERARA COFFEE SUGAR 1KG,140,9,0,0,0,0,0,0,0,0,0,0,0,0,9
18721,LIA ROOM FRESHNER CHANDANAM 160GM,140,0,0,0,0,0,0,0,0,0,0,0,0,0,0
18722,LIA ROOM FRESHNER FRUITZ 160GM,140,0,0,0,0,0,0,0,0,0,0,0,0,0,0
18723,LIA ROOM FRESNER JASMINE 160GM,140,0,0,0,0,0,0,0,0,0,0,0,0,0,0
18724,LIA ROOM FRESHNER LAVENDER 160GM,140,0,0,0,0,0,0,0,0,0,0,0,0,0,0
18725,GOOD HOMES ROOM FRESHNER WHISPERS OF PASSION 160GM,140,0,0,0,0,0,0,0,0,0,0,0,0,0,0
18726,GOOD HOME ROOM FRESHNER SOUL BLOSSOM 160GM,140,0,0,0,0,0,0,0,0,0,0,0,0,0,0
18727,GOOD HOME ROOM FRESHNER DREAMS OF DEW 160GM,140,0,0,0,0,0,0,0,0,0,0,0,0,0,0
18728,GOOD HOME ROOM FRESHNER SERENE AURA 160GM,140,0,0,0,0,0,0,0,0,0,0,0,0,0,0
18729,GOOD HOME ODOUR REMOVER CITRUS UNWIND 160GM,170,0,0,0,0,0,0,0,0,0,0,0,0,0,0
18730,GOOD HOME ODOUR REMOVER AQUA FRESH 160GM,170,0,0,0,0,0,0,0,0,0,0,0,0,0,0
18731,GOOD HOME ODOUR REMOVER MEMORIE OF SPRING 160GM,170,0,0,0,0,0,0,0,0,0,0,0,0,0,0
18732,DABUR GLUCO PLUS C ORANGE 500GM,150,2,0,0,0,0,0,0,0,0,0,0,0,0,2
18733,MOTHER DAIRY ICE CREAM ROOH E GULKAND TUB 1L,280,0,0,0,0,0,0,0,0,0,0,0,0,0,0
18734,MAGGI HOTHEADS BARBEQUE PEPPER NOODLES 71GM,19,0,0,0,0,0,0,0,0,0,0,0,0,0,0
18735,SUNFEAST MOMS MAGIC CASHEW & ALMOND 34.8GM,5,0,0,0,0,0,0,0,0,0,0,0,0,0,0
18736,RAJDHANI DAL CHANNA KESARI 1KG,92,0,0,0,0,0,0,0,0,0,0,0,0,0,0
18737,DOVE FACEWASH NUTRIUM MOISTURE BEUTY SERUM 100GM,250,1,0,0,0,0,0,0,0,0,0,0,0,0,1
18738,HIMALAYA SHAMPOO ANTI DANDRUFF WITH CONDITIONER 700 ML,392,1,0,0,0,0,0,0,0,0,0,0,0,0,1
18739,ARIEL COMPLETE 2KG WITH 1KG = 3KG,498,1,0,0,0,0,0,0,0,0,0,0,0,0,1
18740,ARIEL COLOUR 2KG WITH 1KG FREE,498,1,0,0,0,0,0,0,0,0,0,0,0,0,1
18741,PAMPERS BABY DRY PANTS M 56 PANTS,674,0,0,0,0,0,0,0,0,0,0,0,0,0,0
18742,RAJDHANI CHANA KABULI 1KG,108,3,0,0,0,0,0,0,0,0,0,0,0,0,3
18743,RAJDHANI CHANA DAL 1KG,97,2,0,0,0,0,0,0,0,0,0,0,0,0,2
18744,RAJDHANI URAD CHILKA 500GM,68,4,0,0,0,0,0,0,0,0,0,0,0,0,4
18745,RAJDHANI URAD SABUT 500GM,65,5,0,0,0,0,0,0,0,0,0,0,0,0,5
18746,RAJDHANI MOONG SABUT 500GM,67,4,0,0,0,0,0,0,0,0,0,0,0,0,4
18747,RAJDHANI MOONG CHILKA 500GM,70,3,0,0,0,0,0,0,0,0,0,0,0,0,3
18748,RAJDHANI ARHAR DAL 500GM,62,0,0,0,0,0,0,0,0,0,0,0,0,0,0
18749,RAJDHANI MASARI DAL 500GM,51,6,0,0,0,0,0,0,0,0,0,0,0,0,6
18750,RAJDHANI RAJMA CHITRA 500GM,79,4,0,0,0,0,0,0,0,0,0,0,0,0,4
18751,RAJDHANI RAJMA LAL 500GM,74,5,0,0,0,0,0,0,0,0,0,0,0,0,5
18752,RAJDHANI LOBHIYA SAFED 500GM,51,4,0,0,0,0,0,0,0,0,0,0,0,0,4
18753,RAJDHANI URAD DHULI 500GM,70,5,0,0,0,0,0,0,0,0,0,0,0,0,5
18754,RAJDHANI RAJMA SRINAGAR 500GM,70,4,0,0,0,0,0,0,0,0,0,0,0,0,4
18755,RAJDHANI MASOOR MALKA 500GM,58,4,0,0,0,0,0,0,0,0,0,0,0,0,4
18756,RAJDHANI SEVIYAN LONG,20,0,0,0,0,0,0,0,0,0,0,0,0,0,0
18757,RAJDHANI BESAN 1KG,99,4,0,0,0,0,0,0,0,0,0,0,0,0,4
18758,EXPRESS FOODS SUPER SEEDS GRANOLA 1KG,595,1,0,0,0,1,0,0,0,0,0,0,0,0,0
18759,PARLE NUTRICRUNCH DIGESTIVE 100GM,20,8,0,0,0,0,0,0,0,0,0,0,0,0,8
18760,PONDS AGE MIRACLE CELL REGEN FACIAL FOAM 100GM,299,0,0,0,0,0,0,0,0,0,0,0,0,0,0
18761,PONDS AGE MIRACLE WRINKLE CORRECTOR DAY CREAM SPF 18 50GM,649,0,0,0,0,0,0,0,0,0,0,0,0,0,0
18762,PONDS AGE MIRACLE WRINKLE CORRECTOR NIGHT CREAM 50GM,649,0,0,0,0,0,0,0,0,0,0,0,0,0,0
18763,EXPRESS FOODS PEANUT BUTTER GRANOLA 1KG,595,1,0,0,0,1,0,0,0,0,0,0,0,0,0
18764,GLADE GEL MATCHA GARDEN 70GM,75,3,0,0,0,0,0,0,0,0,0,0,0,0,3
18765,FAIR & LOVELY MENS FACEWASH INSTANT FAIRNESS 100GM,150,0,0,0,0,0,0,0,0,0,0,0,0,0,0
18766,PONDS LIGHT MOISTURISER VITAMIN E GLYCERINE 25ML,35,0,0,0,0,0,0,0,0,0,0,0,0,0,0
18767,REAL JUICE ALPHONSO MANGO NECTAR 1L,109,0,0,0,0,0,0,0,0,0,0,0,0,0,0
18768,KELLOGGS CRUNCHY GRANOLA ALMONDS & CRANBERRIES 460GM,290,0,0,0,0,0,0,0,0,0,0,0,0,0,0
18769,TRESEMME SHAMPOO SMOOTH & SHINE 185ML,105,1,0,0,0,0,0,0,0,0,0,0,0,0,1
18770,TRESEMME CONDITIONER BOTANIQUE NOURISH & REPLENISH 220ML,220,1,0,0,0,0,0,0,0,0,0,0,0,0,1
18771,CORNITOS  POP N CRUNCH ROASTED CASHEWS 30GM,50,6,0,0,0,2,0,0,0,0,0,0,0,0,4
18772,PAMPERS BABY DRY PANTS XL 20PANTS,399,0,0,0,0,0,0,0,0,0,0,0,0,0,0
18773,PAMPERS BABY DRY PANTS M 20PANTS,275,1,0,0,0,0,0,0,0,0,0,0,0,0,1
18774,HARPIC POWER PLUS10X 1L BUY 2 GET 1 FREE,312,2,0,0,0,0,0,0,0,0,0,0,0,0,2
18775,NESTLE MILKYBAR CHOO CLASSIC 10GM,5,3,0,0,0,1,0,0,0,0,0,0,0,0,2
18776,SUPER SANDWICH BREAD 700GM,40,2,0,3,0,1,0,0,0,0,0,0,0,0,4
18777,SUPER BROWN BREAD 400GM,30,14,0,0,0,0,0,0,0,0,0,0,0,0,14
18778,SUPER SANDWICH BREAD 400GM,25,5,0,0,0,0,0,0,0,0,0,0,0,0,5
18779,SUPER SUPER BAKE 150GM,10,7,0,0,0,1,0,0,0,0,0,0,0,0,6
18780,SUPER FRUIT BUNS 100GM,10,1,0,8,0,1,0,0,0,0,0,0,0,0,8
18781,SUPER ATTA BREAD 400GM,30,0,0,5,0,1,0,0,0,0,0,0,0,0,4
18782,SUPER SUPER BAKE 300GM,20,0,0,3,0,0,0,0,0,0,0,0,0,0,3
18783,NIVEA MEN DEO DUO ACTIVE FRESH 100ML,250,0,0,0,0,0,0,0,0,0,0,0,0,0,0
18784,NIVEA MEN DEO DUO SUMMER FRESH 100ML,250,1,0,0,0,0,0,0,0,0,0,0,0,0,1
18785,SUPER MULTIGRAIN BREAD 400GM,40,0,0,0,0,0,0,0,0,0,0,0,0,0,0
18786,AMUL HALDI DOODH 200ML,30,0,0,0,0,0,0,0,0,0,0,0,0,0,0
18787,AMUL SUPER FRUIT DELICIOUS BERRYLICIOUS 150GM,140,8,0,0,0,2,0,0,0,0,0,0,0,0,6
18788,MOTHER DAIRY CLASSIC DAHI 85GM,10,11,0,0,0,2,0,0,0,0,0,0,0,0,9
18789,HALDIRAMS CORNFLAKES MIXTURE 400GM,129,0,0,0,0,0,0,0,0,0,0,0,0,0,0
18790,HALDIRAMS DAL BIJI 400GM,83,0,0,0,0,0,0,0,0,0,0,0,0,0,0
18791,SUPER MILK PAV 350GM,30,4,0,0,0,0,0,0,0,0,0,0,0,0,4
18792,SUPER BUGER BUNS 225GM,25,4,0,0,0,0,0,0,0,0,0,0,0,0,4
18793,SUPER PIZZA BASE 200GM,30,1,0,0,0,1,0,0,0,0,0,0,0,0,0
18794,SUPER KULCHA 200GM,25,1,0,0,0,0,0,0,0,0,0,0,0,0,1
18795,LAKME 9 TO 5 NATURALE CC CREAM HONEY SPF 30PA,350,1,0,0,0,0,0,0,0,0,0,0,0,0,1
18796,AMBI PUR CAR VANILLA BOUQUET 7.5ML,299,2,0,0,0,0,0,0,0,0,0,0,0,0,2
18797,AMBI PUR CAR AQUA 7.5ML,299,0,0,0,0,0,0,0,0,0,0,0,0,0,0
18798,GOLDEN NUT WALNU KERNELS 250GM,250,5,0,0,0,0,0,0,0,0,0,0,0,0,5
18799,DORITOS HEAT WAVE 70GM,50,0,0,0,0,0,0,0,0,0,0,0,0,0,0
18800,YARDLEY ROLL-ON ORIGINAL 50ML,180,0,0,0,0,0,0,0,0,0,0,0,0,0,0
18801,YARDLEY ROLL-ON GENTLEMAN CLASSIC 50ML,180,0,0,0,0,0,0,0,0,0,0,0,0,0,0
18802,YARDLEY ROLL-ON ENGLISH LAVENDER 50ML,175,1,0,0,0,0,0,0,0,0,0,0,0,0,1
18803,EMAMI FAIR AND HANDSOME FACEWASH INSTANT FAIRNESS 50GM,85,2,0,0,0,0,0,0,0,0,0,0,0,0,2
18804,EMAMI FAIR AND HANSOME FACEWASH OIL CLEAR 50GM,85,2,0,0,0,0,0,0,0,0,0,0,0,0,2
18805,EMAMI FAIR AND HANDSOME FACEWASH INSTANT FAIRNESS 100GM,140,0,0,0,0,0,0,0,0,0,0,0,0,0,0
18806,DEL MONTE DRIED CRANBERRIES 250GM,300,1,0,0,0,0,0,0,0,0,0,0,0,0,1
18807,TOPS PREMIUM BROWN VINEGAR 610ML,43,11,0,0,0,0,0,0,0,0,0,0,0,0,11
18808,CITRA FACE CREAM PEARL FAIR 18GM,59,1,0,0,0,0,0,0,0,0,0,0,0,0,1
18809,GOWARDHAN CHEESE CHOCOLATE 200GM,140,2,0,0,0,0,0,0,0,0,0,0,0,0,2
18810,TRUST BREAKFAST SUGAR 1KG,90,3,0,0,0,0,0,0,0,0,0,0,0,0,3
18811,VIM HAND DISHWASHING 5L,649,2,0,0,0,0,0,0,0,0,0,0,0,0,2
18812,BRITANNIA GOOD DAY CHUNKIES 120GM,50,0,0,0,0,0,0,0,0,0,0,0,0,0,0
18813,NAVNEET MY NOTES A5 SIZE,80,10,0,0,0,0,0,0,0,0,0,0,0,0,10
18814,CELLO BUTTER GEL RS 10,10,80,0,0,0,0,0,0,0,0,0,0,0,0,80
18815,SHAKTIBHOG POHA 500GM,60,3,0,0,0,0,0,0,0,0,0,0,0,0,3
18816,BHUIRA BICHHUA MANGO CHUTNEY 470GM,295,1,0,0,0,0,0,0,0,0,0,0,0,0,1
18817,LUBE SYSTEM D PLUS DIESEL 125ML,225,0,0,0,0,0,0,0,0,0,0,0,0,0,0
18818,AMUL ICE CREAM SUGAR FREE BELGIAN DARK CHOCOLATE 125ML,40,5,0,0,0,0,0,0,0,0,0,0,0,0,5
18819,LUBE SYSTEM G PLUS PETROL 125ML,225,0,0,0,0,0,0,0,0,0,0,0,0,0,0
18820,LUBE SYSTEM D PLUS DIESL 50ML,100,0,0,0,0,0,0,0,0,0,0,0,0,0,0
18821,LUBE SYSTEM G PLUS  PETROL 50ML,100,0,0,0,0,0,0,0,0,0,0,0,0,0,0
18822,GLADE HNG IT FLORAL FRESH 8GM,50,1,0,0,0,0,0,0,0,0,0,0,0,0,1
18823,GLADE HANG IT FRUITY FRESH 8GM,50,0,0,0,0,0,0,0,0,0,0,0,0,0,0
18824,HERSHEYS MILK SHAKE ALMOND FLAVOUR 200ML,35,4,0,0,0,0,0,0,0,0,0,0,0,0,4
18825,COLGATE SENSITIVE EVERYDAY PROTECTION 2X80GM,99,1,0,0,0,0,0,0,0,0,0,0,0,0,1
18826,BRUT DEO INSTINCT PARFUMS 200ML,275,0,0,0,0,0,0,0,0,0,0,0,0,0,0
18827,BRUT DEO ORIGINAL PARFUMS 200ML,275,0,0,0,0,0,0,0,0,0,0,0,0,0,0
18828,BRUT DEO SPORT STYLE PARFUMS 200ML,275,0,0,0,0,0,0,0,0,0,0,0,0,0,0
18829,BRUT DEO IDENTITY PARFUMS 200ML,275,0,0,0,0,0,0,0,0,0,0,0,0,0,0
18830,BRUT DEO ATTRACTION PARFUMS 200ML,275,1,0,0,0,0,0,0,0,0,0,0,0,0,1
18831,BRUT DEO OCEANS PARFUMS 200ML,275,1,0,0,0,0,0,0,0,0,0,0,0,0,1
18832,BRUT DEO MUSK PARFUMS 200ML,275,0,0,0,0,0,0,0,0,0,0,0,0,0,0
18833,BRUT AFTER SHAVE ORIGINAL PARFUMS 100ML,395,0,0,0,0,0,0,0,0,0,0,0,0,0,0
18834,BRUT AFTER SHAVE MUSK PARFUMS 100ML,395,1,0,0,0,0,0,0,0,0,0,0,0,0,1
18835,BRUT AFTER SHAVE OCEANS PARFUMS 100ML,395,1,0,0,0,0,0,0,0,0,0,0,0,0,1
18836,DOVE MEN CARE FORTIFYING SHAMPOO + CONDITIONER COMPLETE CARE 355ML,325,2,0,0,0,0,0,0,0,0,0,0,0,0,2
18837,BRUT OCEANS ROLL ON ANTI PERSPIRANT 50ML,195,2,0,0,0,0,0,0,0,0,0,0,0,0,2
18838,DOVE DEO MEN CARE TALC MINERAL SANDALWOOD DEO 150ML,225,1,0,0,0,0,0,0,0,0,0,0,0,0,1
18839,DOVE MEN CARE FORTIFYING SHAMPOO CONDITIONER ANTI DANDRUFF 2IN1 SHAMPOO 355ML,325,2,0,0,0,0,0,0,0,0,0,0,0,0,2
18840,FAIR & LOVELY SUN PROTECT MULTI VITAMIN SPF 15,108,2,0,0,0,0,0,0,0,0,0,0,0,0,2
18841,SWISS NATUREN CHICKEN SAUSAGE CHEESE & ONION 400GM,280,3,0,0,0,0,0,0,0,0,0,0,0,0,3
18842,BAGRRYS TOTAL BRAN WHEAT FLAKES NO ADDED SUGAR 500GM,195,2,0,0,0,0,0,0,0,0,0,0,0,0,2
18843,LIZOL ALL PURPOSE POWER CLEANER 450ML,129,2,0,0,0,0,0,0,0,0,0,0,0,0,2
18844,LIZOL KITCHEN POWER CLEANER 450ML,129,2,0,0,0,0,0,0,0,0,0,0,0,0,2
18845,LIZOL KITCHEN POWER CLEANER 250ML,79,2,0,0,0,0,0,0,0,0,0,0,0,0,2
18846,BRITANNIA TREAT KOOL VANILLA 100GM,25,1,0,0,0,0,0,0,0,0,0,0,0,0,1
18847,BRITANNIA TREAT FUNKY CHOCO 100GM,25,1,0,0,0,0,0,0,0,0,0,0,0,0,1
18848,STING ENERGY CAN 250ML,50,15,0,0,0,0,0,0,0,0,0,0,0,0,15
18849,BOURN VITA SHAKTI POUCH 1KG,340,0,0,0,0,0,0,0,0,0,0,0,0,0,0
18850,BOURN VITA SHAKTI JAR 200GM,105,1,0,0,0,0,0,0,0,0,0,0,0,0,1
18851,PARK AVENUE PERFUME GRAVITAS 150ML,230,0,0,0,0,0,0,0,0,0,0,0,0,0,0
18852,PARK AVENUE PERFUME MAESTRO 150ML,230,0,0,0,0,0,0,0,0,0,0,0,0,0,0
18853,MCCAIN CRAZY FRIES HOT AND TANGY 400GM,115,3,0,0,0,0,0,0,0,0,0,0,0,0,3
18854,PEPSODENT TOOTH PASTE LAVANG & SALT 200GM,92,3,0,0,0,0,0,0,0,0,0,0,0,0,3
18855,PONDS TALC STARLIGHT 100GM,99,1,0,0,0,0,0,0,0,0,0,0,0,0,1
18856,PONDS TALC STARLIGHT 300GM,225,3,0,0,0,0,0,0,0,0,0,0,0,0,3
18857,PARLE KRACKJACK BUTTER MASALA 120GM,25,14,0,0,0,0,0,0,0,0,0,0,0,0,14
18858,PARLE KRACKJACK BUTTER MASALA 50GM,10,0,0,0,0,0,0,0,0,0,0,0,0,0,0
18859,TIDE PLUS POWDER 6KG,515,0,0,0,0,0,0,0,0,0,0,0,0,0,0
18860,AMBI PUR AIR CITRUS POWER FRESH BOOST 275GM,299,2,0,0,0,0,0,0,0,0,0,0,0,0,2
18861,AMBI PUR AIR CITRUS TOILET FRESH 275GM,299,1,0,0,0,0,0,0,0,0,0,0,0,0,1
18862,REAL THAI TOM YUM SOUP 50GM,60,3,0,0,0,0,0,0,0,0,0,0,0,0,3
18863,TRESEMME SHAMPOO KERATIN SMOOTH 340ML,237,1,0,0,0,0,0,0,0,0,0,0,0,0,1
18864,TRESEMME SHAMPOO BOTANIQUE NOURISH & REPLENISH 340ML,237,1,0,0,0,0,0,0,0,0,0,0,0,0,1
18865,TRESEMME SHAMPOO SMOOTH & SHINE 340ML,216,1,0,0,0,0,0,0,0,0,0,0,0,0,1
18866,VEEBA PEANUT BUTTER CREAMY 340GM,154,2,0,0,0,0,0,0,0,0,0,0,0,0,2
18867,VEEBA PEANUT BUTTER CRUNCHY 340GM,154,1,0,0,0,0,0,0,0,0,0,0,0,0,1
18868,SCOTCH BRITE KITCHEN WIPER,150,2,0,0,0,0,0,0,0,0,0,0,0,0,2
18869,SCOTCH BRITE SINK BRUSH,119,2,0,0,0,0,0,0,0,0,0,0,0,0,2
18870,AUTHENTIC ORGANIC WATERMELON SEEDS 150GM,99,6,0,0,0,0,0,0,0,0,0,0,0,0,6
18871,AUTHENTIC ORGANIC SUNFLOWER SEEDS 150GM,99,6,0,0,0,0,0,0,0,0,0,0,0,0,6
18872,POTTERS FLAX SEEDS 250GM,148,1,0,0,0,0,0,0,0,0,0,0,0,0,1
18873,POTTERS FLAX POWDER 200GM,148,2,0,0,0,0,0,0,0,0,0,0,0,0,2
18874,POTTERS SUNFLOWER SEEDS 250GM,240,2,0,0,0,0,0,0,0,0,0,0,0,0,2
18875,POTTERS ROASTED & SALTED PUMPKIN SEEDS 225GM,340,0,0,0,0,0,0,0,0,0,0,0,0,0,0
18876,POTTERS AMERICAN CRANBERRIES 200GM,360,1,0,0,0,0,0,0,0,0,0,0,0,0,1
18877,PRIL LIQUID DISHWASH LIME 145ML,20,6,0,0,0,0,0,0,0,0,0,0,0,0,6
18878,NESTLE MILKYBAR FRUITY ECLAIRS POUCH,100,1,0,0,0,0,0,0,0,0,0,0,0,0,1
18879,NESTLE CHOCO LICKO ECLAIRS POUCH 320GM,100,1,0,0,0,0,0,0,0,0,0,0,0,0,1
18880,AMUL BELGIAN CHOCOLATE SMOOTH AND CREAMY 125GM,150,9,0,0,0,0,0,0,0,0,0,0,0,0,9
18881,BRASSO METAL POLISH 500ML,236,2,0,0,0,0,0,0,0,0,0,0,0,0,2
18882,VANISH OXI ACTION 400GM PLUS 200GM,180,4,0,0,0,0,0,0,0,0,0,0,0,0,4
18883,MEDIMIX SOAP 18 HERB WITH NATURAL OIL CLASSIC 125GMX3,105,3,0,0,0,0,0,0,0,0,0,0,0,0,3
18884,BIOTIQUE BIO CHLOROPHYLL ACNE GEL 50GM,199,1,0,0,0,0,0,0,0,0,0,0,0,0,1
18885,PAMPERS BABY DRY PANTS XL 40 PANTS,674,1,0,0,0,0,0,0,0,0,0,0,0,0,1
18886,SOAP CASE RS.17,17,6,0,0,0,0,0,0,0,0,0,0,0,0,6
18887,SOAP CASE JEWELS BODY RS.30,30,4,0,0,0,0,0,0,0,0,0,0,0,0,4
18888,WOODEN BRUSH SQUARE RS 40,40,5,0,0,0,0,0,0,0,0,0,0,0,0,5
18889,WOODEN BRUSH OVAL RS 40,40,2,0,0,0,0,0,0,0,0,0,0,0,0,2
18890,7UP NIMBOOZ MASALA SODA 330ML,20,23,0,0,0,2,0,0,0,0,0,0,0,0,21
18891,PEPSI BLACK BOTTLE 250ML,20,17,0,0,0,4,0,0,0,0,0,0,0,0,13
18892,COMB RS 24,24,12,0,0,0,0,0,0,0,0,0,0,0,0,12
18893,ORGANIC 24 MANTRA MASOOR DAL 500GM,85,6,0,0,0,0,0,0,0,0,0,0,0,0,6
18894,ORGANIC 24 MANTRA URAD WHITE SPLIT 500GM,100,6,0,0,0,0,0,0,0,0,0,0,0,0,6
18895,ORGANIC 24 MANTRA URAD WHITE WHOLE 500GM,100,6,0,0,0,0,0,0,0,0,0,0,0,0,6
18896,ORGANIC 24 MANTRA 7 GRAIN ATTA 1 KG,90,4,0,0,0,0,0,0,0,0,0,0,0,0,4
18897,PARLE MILANO CHOCO & HAZELNUT 60GM,35,2,0,0,0,0,0,0,0,0,0,0,0,0,2
18898,PARLE NUTRICRUNCH LITE CRACKERS 200GM,30,9,0,0,0,0,0,0,0,0,0,0,0,0,9
18899,SUPER SUPER BAKE 200GM,15,0,0,3,0,0,0,0,0,0,0,0,0,0,3
18900,MONGINIS CREAMY DELITE CHOCO 17GM,5,48,0,0,0,0,0,0,0,0,0,0,0,0,48
18901,MONGINIS CREAMY DELITE STRAWBERRY 17 GM,5,48,0,0,0,0,0,0,0,0,0,0,0,0,48
18902,GRANOLA JAGGERY 100GM,130,0,0,15,0,0,0,0,0,0,0,0,0,0,15
18903,GRANOLA CRANBERRY GINGER 100GM,130,0,0,15,0,0,0,0,0,0,0,0,0,0,15
18904,GRANOLA BANANA CHIA 100GM,130,0,0,15,0,0,0,0,0,0,0,0,0,0,15
18905,GRANOLA MASALA CURRY 100GM,130,0,0,15,0,0,0,0,0,0,0,0,0,0,15
18906,GRANOLA JAGGERY250GM,300,0,0,4,0,0,0,0,0,0,0,0,0,0,4
18907,GRANOLA CRANBERRY GINGER 250GM,300,0,0,4,0,0,0,0,0,0,0,0,0,0,4
18908,GRANOLA BANANA CHIA 250 GM,300,0,0,4,0,0,0,0,0,0,0,0,0,0,4
18909,GRANOLA MASAL CURRY 250GM,300,0,0,4,0,0,0,0,0,0,0,0,0,0,4
18910,CADBURY DAIRY MILK BUTTERSCOTCH CRUNCH 36GM,40,40,0,0,0,0,0,0,0,0,0,0,0,0,40
